gene_component_id	gene_count	record_count	pathogenic_count	benign_count	class_profile	gene_ids	gene_symbols
GC_2200	4	600	578	22	both_classes	2200|113939944|126862124|130057019	FBN1|LOC113939944|LOC126862124|LOC130057019
GC_3949	3	519	506	13	both_classes	3949|102465534|115271120	LDLR|LDLR-AS1|MIR6886
GC_429	3	427	425	2	both_classes	429|5053|126861615	ASCL1|LOC126861615|PAH
GC_7273	20	370	9	361	both_classes	7273|100506866|101927055|126806420|126806421|126806422|126806423|126806424|126806425|126806426|126806427|126806428|126806429|126806430|126806431|126806432|126806433|129935183|129935184|129935185	LOC101927055|LOC126806420|LOC126806421|LOC126806422|LOC126806423|LOC126806424|LOC126806425|LOC126806426|LOC126806427|LOC126806428|LOC126806429|LOC126806430|LOC126806431|LOC126806432|LOC126806433|LOC129935183|LOC129935184|LOC129935185|TTN|TTN-AS1
GC_672	2	368	166	202	both_classes	672|126862571	BRCA1|LOC126862571
GC_6323	4	323	280	43	both_classes	6323|6335|101929680|102724058	LOC102724058|SCN1A|SCN1A-AS1|SCN9A
GC_2645	1	316	306	10	both_classes	2645	GCK
GC_675	1	313	97	216	both_classes	675	BRCA2
GC_2123	7	308	282	26	both_classes	2123|2124|4763|4974|105371722|111811965|130060655	EVI2A|EVI2B|LOC111811965|LOC130060655|MIR4733HG|NF1|OMG
GC_5310	3	302	109	193	both_classes	5310|7249|105371049	PKD1|PKD1-AS1|TSC2
GC_24	3	300	287	13	both_classes	24|126805793|126805794	ABCA4|LOC126805793|LOC126805794
GC_7157	1	288	209	79	both_classes	7157	TP53
GC_8085	2	260	24	236	both_classes	8085|126861520	KMT2D|LOC126861520
GC_2717	3	254	251	3	both_classes	2717|3188|100529097	GLA|HNRNPH2|RPL36A-HNRNPH2
GC_1285	4	253	213	40	both_classes	1285|1286|654841|129935730	COL4A3|COL4A4|LOC129935730|MFF-DT
GC_1287	1	242	215	27	both_classes	1287	COL4A5
GC_7399	4	236	149	87	both_classes	7399|102723833|105372918|122152296	LOC122152296|USH2A|USH2A-AS1|USH2A-AS2
GC_249	1	213	206	7	both_classes	249	ALPL
GC_2548	2	210	165	45	both_classes	2548|55036	CCDC40|GAA
GC_5728	4	206	191	15	both_classes	5728|100144748|130004273|133834869	KLLN|LOC130004273|MLDHR|PTEN
GC_4625	4	201	189	12	both_classes	4625|104564225|126861897|126861898	LOC126861897|LOC126861898|MHRT|MYH7
GC_2588	5	197	65	132	both_classes	2588|29123|51693|126862447|130059762	ANKRD11|GALNS|LOC126862447|LOC130059762|TRAPPC2L
GC_4204	2	196	73	123	both_classes	4204|130068854	LOC130068854|MECP2
GC_1278	2	194	183	11	both_classes	1278|101927525	COL1A2|COL1A2-AS1
GC_6247	2	191	123	68	both_classes	6247|6792	CDKL5|RS1
GC_4436	1	185	127	58	both_classes	4436	MSH2
GC_1080	6	181	178	3	both_classes	1080|111082987|111674472|111674475|113664106|140577507	CFTR|CFTR-AS1|CFTR-AS2|LOC111674472|LOC111674475|LOC113664106
GC_4292	1	175	143	32	both_classes	4292	MLH1
GC_6261	2	157	109	48	both_classes	6261|126862902	LOC126862902|RYR1
GC_1294	1	157	121	36	both_classes	1294	COL7A1
GC_4854	2	156	111	45	both_classes	4854|102465476	MIR6795|NOTCH3
GC_6927	2	156	122	34	both_classes	6927|64897	C12orf43|HNF1A
GC_2312	4	154	0	154	benign_only	2312|339400|388697|388698	CCDST|FLG|FLG2|HRNR
GC_1281	2	153	140	13	both_classes	1281|126806446	COL3A1|LOC126806446
GC_1277	2	150	132	18	both_classes	1277|126862586	COL1A1|LOC126862586
GC_1756	1	144	9	135	both_classes	1756	DMD
GC_3785	1	143	129	14	both_classes	3785	KCNQ2
GC_3784	2	141	132	9	both_classes	3784|338653	KCNQ1|KCNQ1-AS1
GC_8701	4	138	8	130	both_classes	8701|55536|126859961|126859962	CDCA7L|DNAH11|LOC126859961|LOC126859962
GC_2157	3	134	114	20	both_classes	2157|8263|106146150	F8|F8A1|LOC106146150
GC_5172	3	131	117	14	both_classes	5172|286002|123956210	LOC123956210|SLC26A4|SLC26A4-AS1
GC_1280	1	130	117	13	both_classes	1280	COL2A1
GC_7994	1	129	1	128	both_classes	7994	KAT6A
GC_84033	2	128	0	128	benign_only	84033|574407	OBSCN|OBSCN-AS1
GC_540	1	127	116	11	both_classes	540	ATP7B
GC_6326	1	126	112	14	both_classes	6326	SCN2A
GC_3423	3	124	105	19	both_classes	3423|106050102|130068781	IDS|LOC106050102|LOC130068781
GC_64324	2	123	30	93	both_classes	64324|126807619	LOC126807619|NSD1
GC_58508	3	122	0	122	benign_only	58508|123956272|129999675	KMT2C|LOC123956272|LOC129999675
GC_777	1	120	6	114	both_classes	777	CACNA1E
GC_1589	4	118	24	94	both_classes	1589|7148|106780800|106780803	CYP21A2|LOC106780800|LOC106780803|TNXB
GC_2956	3	118	56	62	both_classes	2956|80204|100506235	FBXO11|LOC100506235|MSH6
GC_7450	1	117	88	29	both_classes	7450	VWF
GC_2639	4	114	110	4	both_classes	2639|256126|117125594|126862860	GCDH|LOC117125594|LOC126862860|SYCE2
GC_2495	2	114	106	8	both_classes	2495|7439	BEST1|FTH1
GC_5314	2	114	83	31	both_classes	5314|126859690	LOC126859690|PKHD1
GC_7428	2	114	106	8	both_classes	7428|107303340	LOC107303340|VHL
GC_10743	1	114	0	114	benign_only	10743	RAI1
GC_8291	2	113	86	27	both_classes	8291|122787137	DYSF|LOC122787137
GC_4864	1	112	101	11	both_classes	4864	NPC1
GC_23224	1	110	0	110	benign_only	23224	SYNE2
GC_84059	1	110	5	105	both_classes	84059	ADGRV1
GC_472	2	109	75	34	both_classes	472|160140	ATM|C11orf65
GC_6121	1	106	100	6	both_classes	6121	RPE65
GC_5781	1	105	98	7	both_classes	5781	PTPN11
GC_9757	1	105	6	99	both_classes	9757	KMT2B
GC_94	1	104	96	8	both_classes	94	ACVRL1
GC_3097	1	102	0	102	benign_only	3097	HIVEP2
GC_55636	2	101	17	84	both_classes	55636|126860403	CHD7|LOC126860403
GC_4647	1	101	87	14	both_classes	4647	MYO7A
GC_6559	2	100	92	8	both_classes	6559|126862361	LOC126862361|SLC12A3
GC_79813	2	100	8	92	both_classes	79813|130003148	EHMT1|LOC130003148
GC_57492	5	99	3	96	both_classes	57492|115308161|129997523|129997524|129997525	ARID1B|LOC115308161|LOC129997523|LOC129997524|LOC129997525
GC_215	2	98	77	21	both_classes	215|102723591	ABCD1|PLXNB3-AS1
GC_23405	1	98	19	79	both_classes	23405	DICER1
GC_94137	1	97	2	95	both_classes	94137	RP1L1
GC_84627	3	96	0	96	benign_only	84627|130059718|130059719	LOC130059718|LOC130059719|ZNF469
GC_2033	2	96	5	91	both_classes	2033|126863158	EP300|LOC126863158
GC_4703	2	96	8	88	both_classes	4703|55183	NEB|RIF1
GC_5727	3	95	15	80	both_classes	5727|100507346|130002133	LOC100507346|LOC130002133|PTCH1
GC_1778	2	95	36	59	both_classes	1778|130056502	DYNC1H1|LOC130056502
GC_2099	3	94	0	94	benign_only	2099|23345|126859837	ESR1|LOC126859837|SYNE1
GC_3425	2	94	71	23	both_classes	3425|10861	IDUA|SLC26A1
GC_338	3	93	4	89	both_classes	338|106560211|106632268	APOB|APOB3'MAR|LOC106560211
GC_773	2	93	62	31	both_classes	773|126862864	CACNA1A|LOC126862864
GC_3911	2	92	0	92	benign_only	3911|130066305	LAMA5|LOC130066305
GC_3757	1	92	77	15	both_classes	3757	KCNH2
GC_4000	3	91	84	7	both_classes	4000|126805877|129931597	LMNA|LOC126805877|LOC129931597
GC_5428	3	91	64	27	both_classes	5428|55215|125316803	FANCI|POLG|POLGARF
GC_322	2	91	75	16	both_classes	322|6609	APBB1|SMPD1
GC_999	1	91	15	76	both_classes	999	CDH1
GC_727897	2	90	0	90	benign_only	727897|112577518	MUC5B|MUC5B-AS1
GC_1387	1	90	29	61	both_classes	1387	CREBBP
GC_825	3	89	80	9	both_classes	825|126862115|130056921	CAPN3|LOC126862115|LOC130056921
GC_2022	2	89	45	44	both_classes	2022|102723566	ENG|LOC102723566
GC_410	1	89	85	4	both_classes	410	ARSA
GC_1767	4	87	16	71	both_classes	1767|107457585|126807318|139355228	DNAH5|DNAH5-AS1|LOC107457585|LOC126807318
GC_2271	1	87	84	3	both_classes	2271	FH
GC_2539	2	86	82	4	both_classes	2539|8517	G6PD|IKBKG
GC_23499	3	85	1	84	both_classes	23499|643314|114803468	KIAA0754|LOC114803468|MACF1
GC_2720	3	85	75	10	both_classes	2720|643853|129936434	GLB1|LOC129936434|TMPPE
GC_2316	2	85	9	76	both_classes	2316|107988032	FLNA|LOC107988032
GC_6334	1	85	75	10	both_classes	6334	SCN8A
GC_2175	5	84	38	46	both_classes	2175|92822|112486223|130059837|132090450	FANCA|LOC112486223|LOC130059837|LOC132090450|ZNF276
GC_2592	2	84	84	0	pathogenic_only	2592|130001683	GALT|LOC130001683
GC_2688	3	83	62	21	both_classes	2688|6329|106128904	GH-LCR|GH1|SCN4A
GC_6262	2	83	60	23	both_classes	6262|126806068	LOC126806068|RYR2
GC_26040	1	83	8	75	both_classes	26040	SETBP1
GC_2706	1	83	75	8	both_classes	2706	GJB2
GC_7299	1	83	83	0	pathogenic_only	7299	TYR
GC_3674	2	82	73	9	both_classes	3674|130060983	ITGA2B|LOC130060983
GC_2290	1	82	49	33	both_classes	2290	FOXG1
GC_23418	1	82	74	8	both_classes	23418	CRB1
GC_37	5	81	72	9	both_classes	37|1742|1856|126862479|130060113	ACADVL|DLG4|DVL2|LOC126862479|LOC130060113
GC_64072	5	81	35	46	both_classes	64072|64115|414152|102723377|130004038	C10orf105|CDH23|CDH23-AS1|LOC130004038|VSIR
GC_4594	1	81	77	4	both_classes	4594	MMUT
GC_6331	2	80	64	16	both_classes	6331|110121269	LOC110121269|SCN5A
GC_23389	1	80	9	71	both_classes	23389	MED13L
GC_7846	1	80	80	0	pathogenic_only	7846	TUBA1A
GC_861	2	78	44	34	both_classes	861|124905014	RUNX1|RUNX1-AS1
GC_673	1	78	71	7	both_classes	673	BRAF
GC_6103	2	77	25	52	both_classes	6103|130068098	LOC130068098|RPGR
GC_2903	1	77	42	35	both_classes	2903	GRIN2A
GC_2904	1	77	51	26	both_classes	2904	GRIN2B
GC_34	1	77	76	1	both_classes	34	ACADM
GC_4221	1	77	71	6	both_classes	4221	MEN1
GC_7276	1	77	75	2	both_classes	7276	TTR
GC_6448	5	75	43	32	both_classes	6448|79092|284129|126862662|130061900	CARD14|LOC126862662|LOC130061900|SGSH|SLC26A11
GC_9780	4	73	10	63	both_classes	9780|348180|100289580|130059751	CTU2|HSALR1|LOC130059751|PIEZO1
GC_5395	2	73	36	37	both_classes	5395|7965	AIMP2|PMS2
GC_1717	1	73	71	2	both_classes	1717	DHCR7
GC_6010	1	73	72	1	both_classes	6010	RHO
GC_8912	1	73	0	73	benign_only	8912	CACNA1H
GC_4297	2	72	10	62	both_classes	4297|101929089	KMT2A|TTC36-AS1
GC_2158	1	72	61	11	both_classes	2158	F9
GC_546	1	72	13	59	both_classes	546	ATRX
GC_57582	1	72	26	46	both_classes	57582	KCNT1
GC_3690	5	71	61	10	both_classes	3690|102724508|130061043|130061044|130061045	EFCAB13-DT|ITGB3|LOC130061043|LOC130061044|LOC130061045
GC_4653	1	71	46	25	both_classes	4653	MYOC
GC_57674	3	70	0	70	benign_only	57674|100294362|126862663	LOC126862663|RNF213|RNF213-AS1
GC_1180	2	70	63	7	both_classes	1180|123956257	CLCN1|LOC123956257
GC_6833	2	70	66	4	both_classes	6833|110121471	ABCC8|LOC110121471
GC_2705	1	70	68	2	both_classes	2705	GJB1
GC_58	1	70	70	0	pathogenic_only	58	ACTA1
GC_846	1	70	62	8	both_classes	846	CASR
GC_2629	2	69	67	2	both_classes	2629|106627981	GBA1|LOC106627981
GC_5116	2	69	0	69	benign_only	5116|128092249	LOC128092249|PCNT
GC_64423	1	69	13	56	both_classes	64423	INF2
GC_8289	3	67	7	60	both_classes	8289|126805670|129929837	ARID1A|LOC126805670|LOC129929837
GC_5339	2	67	1	66	both_classes	5339|130001338	LOC130001338|PLEC
GC_686	2	67	63	4	both_classes	686|23243	ANKRD28|BTD
GC_6683	1	67	58	9	both_classes	6683	SPAST
GC_2195	5	66	0	66	benign_only	2195|126807253|126807254|126807255|132090718	FAT1|LOC126807253|LOC126807254|LOC126807255|LOC132090718
GC_3339	3	66	2	64	both_classes	3339|401944|126805655	HSPG2|LDLRAD2|LOC126805655
GC_3172	1	66	57	9	both_classes	3172	HNF4A
GC_384	7	65	38	27	both_classes	384|5283|10243|23503|51109|64398|145226	ARG2|GPHN|PALS1|PIGH|RDH11|RDH12|ZFYVE26
GC_1282	2	65	48	17	both_classes	1282|126861856	COL4A1|LOC126861856
GC_83872	2	65	0	65	benign_only	83872|129388665	HMCN1|LOC129388665
GC_171023	1	65	0	65	benign_only	171023	ASXL1
GC_27245	1	64	0	64	benign_only	27245	AHDC1
GC_5979	1	64	52	12	both_classes	5979	RET
GC_80816	1	63	0	63	benign_only	80816	ASXL3
GC_4669	2	62	58	4	both_classes	4669|130060903	LOC130060903|NAGLU
GC_4851	2	62	2	60	both_classes	4851|130003020	LOC130003020|NOTCH1
GC_51168	2	62	35	27	both_classes	51168|130060418	LOC130060418|MYO15A
GC_5373	2	62	59	3	both_classes	5373|25880	PMM2|TMEM186
GC_2261	1	62	35	27	both_classes	2261	FGFR3
GC_284058	1	62	0	62	benign_only	284058	KANSL1
GC_4948	1	62	50	12	both_classes	4948	OCA2
GC_7051	1	62	54	8	both_classes	7051	TGM1
GC_538	3	61	9	52	both_classes	538|5230|441531	ATP7A|PGAM4|PGK1
GC_324	1	61	14	47	both_classes	324	APC
GC_368	1	61	34	27	both_classes	368	ABCC6
GC_11078	3	60	0	60	benign_only	11078|126863144|126863145	LOC126863144|LOC126863145|TRIOBP
GC_1595	3	60	0	60	benign_only	1595|10142|129998788	AKAP9|CYP51A1|LOC129998788
GC_6654	2	60	36	24	both_classes	6654|129933535	LOC129933535|SOS1
GC_2110	1	60	59	1	both_classes	2110	ETFDH
GC_3745	1	60	32	28	both_classes	3745	KCNB1
GC_5961	1	60	55	5	both_classes	5961	PRPH2
GC_875	1	60	58	2	both_classes	875	CBS
GC_6651	2	59	0	59	benign_only	6651|102465248	MIR6501|SON
GC_2263	1	59	53	6	both_classes	2263	FGFR2
GC_2731	1	59	50	9	both_classes	2731	GLDC
GC_6595	1	59	26	33	both_classes	6595	SMARCA2
GC_287	3	58	0	58	benign_only	287|126807136|126807137	ANK2|LOC126807136|LOC126807137
GC_8621	2	58	15	43	both_classes	8621|129998292	CDK13|LOC129998292
GC_189	1	58	48	10	both_classes	189	AGXT
GC_23522	1	58	0	58	benign_only	23522	KAT6B
GC_340990	1	58	1	57	both_classes	340990	OTOG
GC_6390	1	58	54	4	both_classes	6390	SDHB
GC_6584	1	58	53	5	both_classes	6584	SLC22A5
GC_8029	1	58	1	57	both_classes	8029	CUBN
GC_2201	2	57	11	46	both_classes	2201|126807501	FBN2|LOC126807501
GC_2475	2	57	19	38	both_classes	2475|100873935	MTOR|MTOR-AS1
GC_5925	2	57	22	35	both_classes	5925|10161	LPAR6|RB1
GC_1029	1	57	38	19	both_classes	1029	CDKN2A
GC_1293	1	57	10	47	both_classes	1293	COL6A3
GC_9927	1	57	53	4	both_classes	9927	MFN2
GC_435	1	56	55	1	both_classes	435	ASL
GC_5896	1	56	44	12	both_classes	5896	RAG1
GC_7248	1	56	7	49	both_classes	7248	TSC1
GC_2581	2	55	49	6	both_classes	2581|130056217	GALC|LOC130056217
GC_8647	2	55	46	9	both_classes	8647|126806400	ABCB11|LOC126806400
GC_445	1	55	52	3	both_classes	445	ASS1
GC_6942	1	55	0	55	benign_only	6942	TCF20
GC_79633	1	55	0	55	benign_only	79633	FAT4
GC_5251	5	54	45	9	both_classes	5251|158506|168400|100873065|100873942	CBLL2|DDX53|PHEX|PHEX-AS1|PTCHD1-AS
GC_6647	3	54	52	2	both_classes	6647|57466|102724449	SCAF4|SOD1|SOD1-DT
GC_3265	2	54	20	34	both_classes	3265|115399	HRAS|LRRC56
GC_667	2	54	0	54	benign_only	667|129389544	DST|LOC129389544
GC_4359	1	54	54	0	pathogenic_only	4359	MPZ
GC_84467	1	54	0	54	benign_only	84467	FBN3
GC_27445	2	53	0	53	benign_only	27445|129998728	LOC129998728|PCLO
GC_6336	2	53	0	53	benign_only	6336|110121288	LOC110121288|SCN10A
GC_7840	2	53	3	50	both_classes	7840|126806252	ALMS1|LOC126806252
GC_1292	1	53	28	25	both_classes	1292	COL6A2
GC_7466	1	53	34	19	both_classes	7466	WFS1
GC_5894	1	52	36	16	both_classes	5894	RAF1
GC_411	2	51	46	5	both_classes	411|129994126	ARSB|LOC129994126
GC_25981	1	51	1	50	both_classes	25981	DNAH1
GC_29072	1	51	2	49	both_classes	29072	SETD2
GC_4036	1	51	1	50	both_classes	4036	LRP2
GC_55777	1	51	0	51	benign_only	55777	MBD5
GC_471	7	50	5	45	both_classes	471|2335|105373868|122861289|126806497|126806498|126806499	ATIC|FN1|FN1-DT|LOC122861289|LOC126806497|LOC126806498|LOC126806499
GC_7204	3	50	8	42	both_classes	7204|126807322|126807323	LOC126807322|LOC126807323|TRIO
GC_80144	2	50	1	49	both_classes	80144|126807088	FRAS1|LOC126807088
GC_10847	1	50	0	50	benign_only	10847	SRCAP
GC_1261	1	50	46	4	both_classes	1261	CNGA3
GC_6925	3	49	23	26	both_classes	6925|105372127|121627832	LOC121627832|TCF4|TCF4-AS1
GC_340533	1	49	0	49	benign_only	340533	NEXMIF
GC_367	1	49	42	7	both_classes	367	AR
GC_5009	1	49	47	2	both_classes	5009	OTC
GC_5290	1	49	46	3	both_classes	5290	PIK3CA
GC_5663	1	49	48	1	both_classes	5663	PSEN1
GC_23469	2	48	17	31	both_classes	23469|346007	EYS|PHF3
GC_25	2	48	9	39	both_classes	25|107980440	ABL1|LOC107980440
GC_2593	2	48	34	14	both_classes	2593|130062945	GAMT|LOC130062945
GC_775	2	48	21	27	both_classes	775|100652846	CACNA1C|CACNA1C-AS1
GC_1291	1	48	28	20	both_classes	1291	COL6A1
GC_6949	2	47	1	46	both_classes	6949|129994985	LOC129994985|TCOF1
GC_176	1	47	1	46	both_classes	176	ACAN
GC_8913	1	47	2	45	both_classes	8913	CACNA1G
GC_2317	3	46	7	39	both_classes	2317|105377105|129936935	FLNB|FLNB-AS1|LOC129936935
GC_1289	2	46	3	43	both_classes	1289|101448202	COL5A1|LOC101448202
GC_23064	2	46	7	39	both_classes	23064|126860782	LOC126860782|SETX
GC_4868	2	46	33	13	both_classes	4868|84063	KIRREL2|NPHS1
GC_6513	2	46	42	4	both_classes	6513|440584	SLC2A1|SLC2A1-DT
GC_6573	2	46	0	46	benign_only	6573|80781	COL18A1|SLC19A1
GC_3000	1	46	32	14	both_classes	3000	GUCY2D
GC_478	1	46	45	1	both_classes	478	ATP1A3
GC_4810	1	46	0	46	benign_only	4810	NHS
GC_1284	3	45	2	43	both_classes	1284|100129836|100874203	COL4A2|COL4A2-AS1|COL4A2-AS2
GC_2778	2	45	27	18	both_classes	2778|149775	GNAS|GNAS-AS1
GC_284217	2	45	0	45	benign_only	284217|126862685	LAMA1|LOC126862685
GC_4595	2	45	28	17	both_classes	4595|114034	MUTYH|TOE1
GC_4598	2	45	41	4	both_classes	4598|326625	MMAB|MVK
GC_1063	1	45	0	45	benign_only	1063	CENPF
GC_139285	1	45	0	45	benign_only	139285	AMER1
GC_55209	1	45	2	43	both_classes	55209	SETD5
GC_57526	1	45	32	13	both_classes	57526	PCDH19
GC_6535	1	45	19	26	both_classes	6535	SLC6A8
GC_659	1	45	27	18	both_classes	659	BMPR2
GC_9839	1	45	8	37	both_classes	9839	ZEB2
GC_3043	4	44	38	6	both_classes	3043|106099062|107133510|110006319	HBB|LOC106099062|LOC107133510|LOC110006319
GC_2196	3	44	0	44	benign_only	2196|206358|132089193	FAT2|LOC132089193|SLC36A1
GC_2318	3	44	7	37	both_classes	2318|110806300|129999273	FLNC|FLNC-AS1|LOC129999273
GC_5903	2	44	9	35	both_classes	5903|10913	EDAR|RANBP2
GC_6812	2	44	35	9	both_classes	6812|130002651	LOC130002651|STXBP1
GC_23299	1	44	8	36	both_classes	23299	BICD2
GC_2737	1	43	2	41	both_classes	2737	GLI3
GC_3073	1	43	40	3	both_classes	3073	HEXA
GC_79659	1	43	24	19	both_classes	79659	DYNC2H1
GC_1758	3	42	2	40	both_classes	1758|1834|138842265	DMP1|DMP1-AS1|DSPP
GC_10075	2	42	13	29	both_classes	10075|126863262	HUWE1|LOC126863262
GC_1462	2	42	0	42	benign_only	1462|105379054	VCAN|VCAN-AS1
GC_4627	2	42	20	22	both_classes	4627|126863137	LOC126863137|MYH9
GC_51594	2	42	5	37	both_classes	51594|129933155	LOC129933155|NBAS
GC_9968	2	42	13	29	both_classes	9968|126863275	LOC126863275|MED12
GC_7048	1	42	34	8	both_classes	7048	TGFBR2
GC_2160	2	41	37	4	both_classes	2160|285441	F11|F11-AS1
GC_26154	2	41	13	28	both_classes	26154|101928103	ABCA12|SNHG31
GC_1311	1	41	36	5	both_classes	1311	COMP
GC_2538	1	41	36	5	both_classes	2538	G6PC1
GC_26053	1	41	1	40	both_classes	26053	AUTS2
GC_4607	1	41	19	22	both_classes	4607	MYBPC3
GC_462	1	41	34	7	both_classes	462	SERPINC1
GC_5159	1	41	7	34	both_classes	5159	PDGFRB
GC_6655	1	41	6	35	both_classes	6655	SOS2
GC_6709	1	41	3	38	both_classes	6709	SPTAN1
GC_100	3	40	33	7	both_classes	100|11142|107303343	ADA|LOC107303343|PKIG
GC_1770	3	40	0	40	benign_only	1770|101928350|126862505	DNAH9|LOC101928350|LOC126862505
GC_144568	2	40	0	40	benign_only	144568|100874108	A2ML1|A2ML1-AS1
GC_285489	3	39	6	33	both_classes	285489|126806951|129992118	DOK7|LOC126806951|LOC129992118
GC_1545	2	39	31	8	both_classes	1545|128772254	CYP1B1|LOC128772254
GC_443	2	39	35	4	both_classes	443|84690	ASPA|SPATA22
GC_57680	2	39	0	39	benign_only	57680|126861888	CHD8|LOC126861888
GC_9381	2	39	18	21	both_classes	9381|112840921	LOC112840921|OTOF
GC_547	1	39	36	3	both_classes	547	KIF1A
GC_779	1	39	7	32	both_classes	779	CACNA1S
GC_1586	2	38	37	1	both_classes	1586|102724307	CYP17A1|CYP17A1-AS1
GC_5160	2	38	25	13	both_classes	5160|389840	MAP3K15|PDHA1
GC_6392	2	38	21	17	both_classes	6392|126861339	LOC126861339|SDHD
GC_65250	2	38	13	25	both_classes	65250|129389274	CPLANE1|LOC129389274
GC_85301	2	38	1	37	both_classes	85301|126860736	COL27A1|LOC126860736
GC_10020	1	38	37	1	both_classes	10020	GNE
GC_11093	1	38	16	22	both_classes	11093	ADAMTS13
GC_1859	1	38	10	28	both_classes	1859	DYRK1A
GC_26278	1	38	20	18	both_classes	26278	SACS
GC_342184	1	38	0	38	benign_only	342184	FMN1
GC_343641	1	38	0	38	benign_only	343641	TGM6
GC_5096	1	38	36	2	both_classes	5096	PCCB
GC_54551	1	38	0	38	benign_only	54551	MAGEL2
GC_594	1	38	35	3	both_classes	594	BCKDHB
GC_8398	1	38	34	4	both_classes	8398	PLA2G6
GC_1584	3	37	30	7	both_classes	1584|106799833|110673972	CYP11B1|LOC106799833|LOC110673972
GC_9401	2	37	3	34	both_classes	9401|130001411	LOC130001411|RECQL4
GC_23221	1	37	7	30	both_classes	23221	RHOBTB2
GC_25836	1	37	17	20	both_classes	25836	NIPBL
GC_2736	1	37	0	37	benign_only	2736	GLI2
GC_6391	1	37	16	21	both_classes	6391	SDHC
GC_64135	1	37	6	31	both_classes	64135	IFIH1
GC_8642	1	37	1	36	both_classes	8642	DCHS1
GC_2584	2	36	17	19	both_classes	2584|3691	GALK1|ITGB4
GC_8295	2	36	4	32	both_classes	8295|126860121	LOC126860121|TRRAP
GC_150094	1	36	0	36	benign_only	150094	SIK1
GC_3712	1	36	31	5	both_classes	3712	IVD
GC_3845	1	36	35	1	both_classes	3845	KRAS
GC_5551	1	36	33	3	both_classes	5551	PRF1
GC_5624	1	36	31	5	both_classes	5624	PROC
GC_5897	1	36	32	4	both_classes	5897	RAG2
GC_59341	1	36	18	18	both_classes	59341	TRPV4
GC_6442	1	36	35	1	both_classes	6442	SGCA
GC_64788	3	35	2	33	both_classes	64788|101929387|130058141	LMF1|LMF1-AS1|LOC130058141
GC_11280	2	35	4	31	both_classes	11280|126806652	LOC126806652|SCN11A
GC_1832	2	35	7	28	both_classes	1832|101928076	DSP|DSP-AS1
GC_2260	2	35	26	9	both_classes	2260|102723716	FGFR1|LOC102723716
GC_4125	2	35	19	16	both_classes	4125|129391064	LOC129391064|MAN2B1
GC_5256	2	35	11	24	both_classes	5256|100132163	PHKA2|PHKA2-AS1
GC_1106	1	35	9	26	both_classes	1106	CHD2
GC_1373	1	35	27	8	both_classes	1373	CPS1
GC_1896	1	35	34	1	both_classes	1896	EDA
GC_22861	1	35	1	34	both_classes	22861	NLRP1
GC_23394	1	35	0	35	benign_only	23394	ADNP
GC_3897	1	35	12	23	both_classes	3897	L1CAM
GC_54832	1	35	1	34	both_classes	54832	VPS13C
GC_79868	1	35	1	34	both_classes	79868	ALG13
GC_259266	2	34	0	34	benign_only	259266|129932155	ASPM|LOC129932155
GC_26005	2	34	0	34	benign_only	26005|121392929	C2CD3|LOC121392929
GC_2670	2	34	18	16	both_classes	2670|130060994	GFAP|LOC130060994
GC_2972	2	34	3	31	both_classes	2972|23241	BRF1|PACS2
GC_375790	2	34	2	32	both_classes	375790|129929078	AGRN|LOC129929078
GC_2775	1	34	24	10	both_classes	2775	GNAO1
GC_283310	1	34	1	33	both_classes	283310	OTOGL
GC_341640	1	34	0	34	benign_only	341640	FREM2
GC_473	1	34	8	26	both_classes	473	RERE
GC_9533	5	33	12	21	both_classes	9533|25844|57505|57510|129996517	AARS2|LOC129996517|POLR1C|XPO5|YIPF3
GC_1188	3	33	12	21	both_classes	1188|348487|106501713	CLCNKB|FAM131C|LOC106501713
GC_3508	3	33	18	15	both_classes	3508|219927|126861245	IGHMBP2|LOC126861245|MRPL21
GC_3645	3	33	18	15	both_classes	3645|4914|129931648	INSRR|LOC129931648|NTRK1
GC_3852	3	33	22	11	both_classes	3852|126861525|126861526	KRT5|LOC126861525|LOC126861526
GC_23189	2	33	0	33	benign_only	23189|126860554	KANK1|LOC126860554
GC_3371	2	33	0	33	benign_only	3371|126860741	LOC126860741|TNC
GC_5293	2	33	12	21	both_classes	5293|126805612	LOC126805612|PIK3CD
GC_6529	2	33	23	10	both_classes	6529|100874090	SLC6A1|SLC6A1-AS1
GC_144132	1	33	0	33	benign_only	144132	DNHD1
GC_21	1	33	24	9	both_classes	21	ABCA3
GC_3081	1	33	28	5	both_classes	3081	HGD
GC_477	1	33	27	6	both_classes	477	ATP1A2
GC_10683	4	32	2	30	both_classes	10683|64857|130064417|130064419	DLL3|LOC130064417|LOC130064419|PLEKHG2
GC_1828	4	32	0	32	benign_only	1828|147409|101927718|126862720	DSG1|DSG1-AS1|DSG4|LOC126862720
GC_3708	3	32	21	11	both_classes	3708|124906210|126806590	BRRIAR|ITPR1|LOC126806590
GC_1103	2	32	16	16	both_classes	1103|6572	CHAT|SLC18A3
GC_4094	2	32	11	21	both_classes	4094|51741	MAF|WWOX
GC_6503	2	32	4	28	both_classes	6503|7038	SLA|TG
GC_84700	2	32	0	32	benign_only	84700|105372963	MYO18B|MYO18B-AS1
GC_1200	1	32	25	7	both_classes	1200	TPP1
GC_38	1	32	31	1	both_classes	38	ACAT1
GC_4023	1	32	29	3	both_classes	4023	LPL
GC_4853	1	32	0	32	benign_only	4853	NOTCH2
GC_55814	1	32	0	32	benign_only	55814	BDP1
GC_5837	1	32	27	5	both_classes	5837	PYGM
GC_593	1	32	29	3	both_classes	593	BCKDHA
GC_64087	1	32	31	1	both_classes	64087	MCCC2
GC_65217	1	32	2	30	both_classes	65217	PCDH15
GC_6716	1	32	30	2	both_classes	6716	SRD5A2
GC_84464	1	32	0	32	benign_only	84464	SLX4
GC_8893	1	32	28	4	both_classes	8893	EIF2B5
GC_196385	3	31	0	31	benign_only	196385|642797|126861667	DNAH10|DNAH10OS|LOC126861667
GC_5805	3	31	31	0	pathogenic_only	5805|56158|130006765	LOC130006765|PTS|TEX12
GC_9742	3	31	8	23	both_classes	9742|105371046|126862260	IFT140|LOC105371046|LOC126862260
GC_23036	2	31	0	31	benign_only	23036|129996783	LOC129996783|ZNF292
GC_3054	2	31	1	30	both_classes	3054|130068842	HCFC1|LOC130068842
GC_3908	2	31	5	26	both_classes	3908|123864065	LAMA2|LOC123864065
GC_94025	2	31	0	31	benign_only	94025|126862848	LOC126862848|MUC16
GC_1290	1	31	1	30	both_classes	1290	COL5A2
GC_374462	1	31	0	31	benign_only	374462	PTPRQ
GC_440435	1	31	0	31	benign_only	440435	GPR179
GC_57520	1	31	9	22	both_classes	57520	HECW2
GC_65125	1	31	1	30	both_classes	65125	WNK1
GC_6712	1	31	4	27	both_classes	6712	SPTBN2
GC_83889	1	31	0	31	benign_only	83889	WDR87
GC_10290	4	30	0	30	benign_only	10290|29926|55515|105373885	ASIC4|ASIC4-AS1|GMPPA|SPEG
GC_1759	4	30	13	17	both_classes	1759|25792|113839516|130002699	CIZ1|DNM1|LOC113839516|LOC130002699
GC_19	3	30	4	26	both_classes	19|55335|121331340	ABCA1|LOC121331340|NIPSNAP3B
GC_23247	3	30	0	30	benign_only	23247|100128079|126862323	KATNIP|LOC100128079|LOC126862323
GC_10319	2	30	0	30	benign_only	10319|126860777	LAMC3|LOC126860777
GC_1436	2	30	9	21	both_classes	1436|111188154	CSF1R|LOC111188154
GC_1785	2	30	20	10	both_classes	1785|130063529	DNM2|LOC130063529
GC_4638	2	30	0	30	benign_only	4638|100506826	MYLK|MYLK-AS1
GC_56171	2	30	0	30	benign_only	56171|126806457	DNAH7|LOC126806457
GC_65266	2	30	0	30	benign_only	65266|126862568	LOC126862568|WNK4
GC_8831	2	30	11	19	both_classes	8831|112390310	SYNGAP1|SYNGAP1-AS1
GC_120892	1	30	4	26	both_classes	120892	LRRK2
GC_23152	1	30	1	29	both_classes	23152	CIC
GC_6016	1	30	29	1	both_classes	6016	RIT1
GC_7227	1	30	7	23	both_classes	7227	TRPS1
GC_1133	3	29	0	29	benign_only	1133|6263|57099	AVEN|CHRM5|RYR3
GC_1137	3	29	3	26	both_classes	1137|100130587|126863087	CHRNA4|LOC100130587|LOC126863087
GC_3910	3	29	0	29	benign_only	3910|101927640|126859766	LAMA4|LAMA4-AS1|LOC126859766
GC_1769	2	29	0	29	benign_only	1769|100131047	DNAH8|DNAH8-AS1
GC_27086	2	29	12	17	both_classes	27086|126806714	FOXP1|LOC126806714
GC_80099	2	29	0	29	benign_only	80099|168507	PKD1L1|PKD1L1-AS1
GC_112817	1	29	26	3	both_classes	112817	HOGA1
GC_113146	1	29	0	29	benign_only	113146	AHNAK2
GC_158326	1	29	2	27	both_classes	158326	FREM1
GC_440193	1	29	0	29	benign_only	440193	CCDC88C
GC_501	1	29	25	4	both_classes	501	ALDH7A1
GC_55252	1	29	0	29	benign_only	55252	ASXL2
GC_79784	1	29	1	28	both_classes	79784	MYH14
GC_3433	4	28	21	7	both_classes	3433|3437|3988|439996	IFIT1B|IFIT2|IFIT3|LIPA
GC_1107	3	28	19	9	both_classes	1107|84316|126862484	CHD3|LOC126862484|NAA38
GC_2074	3	28	6	22	both_classes	2074|267004|126860933	ERCC6|LOC126860933|PGBD3
GC_5591	3	28	0	28	benign_only	5591|121740717|129929030	LOC121740717|LOC129929030|PRKDC
GC_2558	2	28	19	9	both_classes	2558|2562	GABRA5|GABRB3
GC_25974	2	28	25	3	both_classes	25974|129930446	LOC129930446|MMACHC
GC_2934	2	28	3	25	both_classes	2934|126860753	GSN|LOC126860753
GC_1654	1	28	26	2	both_classes	1654	DDX3X
GC_2153	1	28	4	24	both_classes	2153	F5
GC_238	1	28	1	27	both_classes	238	ALK
GC_4041	1	28	21	7	both_classes	4041	LRP5
GC_51206	1	28	0	28	benign_only	51206	GP6
GC_554	1	28	15	13	both_classes	554	AVPR2
GC_79443	1	28	0	28	benign_only	79443	FYCO1
GC_8777	1	28	0	28	benign_only	8777	MPDZ
GC_4620	7	27	2	25	both_classes	4620|4622|4626|100128560|126862493|126862496|126862500	LOC126862493|LOC126862496|LOC126862500|MYH2|MYH4|MYH8|MYHAS
GC_2050	3	27	4	23	both_classes	2050|56996|126860124	EPHB4|LOC126860124|SLC12A9
GC_5649	3	27	0	27	benign_only	5649|101927870|126860130	LOC126860130|RELN|SLC26A5-AS1
GC_57724	3	27	2	25	both_classes	57724|284266|126862737	EPG5|LOC126862737|SIGLEC15
GC_59	3	27	23	4	both_classes	59|355|100132116	ACTA2|ACTA2-AS1|FAS
GC_132884	2	27	1	26	both_classes	132884|126806961	EVC2|LOC126806961
GC_1675	2	27	19	8	both_classes	1675|1991	CFD|ELANE
GC_23209	2	27	20	7	both_classes	23209|125446261	LOC125446261|MLC1
GC_3295	2	27	17	10	both_classes	3295|129994460	HSD17B4|LOC129994460
GC_3561	2	27	16	11	both_classes	3561|126863274	IL2RG|LOC126863274
GC_3909	2	27	1	26	both_classes	3909|126862707	LAMA3|LOC126862707
GC_54880	2	27	0	27	benign_only	54880|126863239	BCOR|LOC126863239
GC_7403	2	27	2	25	both_classes	7403|130068183	KDM6A|LOC130068183
GC_10585	1	27	13	14	both_classes	10585	POMT1
GC_1303	1	27	3	24	both_classes	1303	COL12A1
GC_1639	1	27	3	24	both_classes	1639	DCTN1
GC_2632	1	27	17	10	both_classes	2632	GBE1
GC_27151	1	27	0	27	benign_only	27151	CPAMD8
GC_282996	1	27	8	19	both_classes	282996	RBM20
GC_50937	1	27	0	27	benign_only	50937	CDON
GC_5095	1	27	23	4	both_classes	5095	PCCA
GC_57479	1	27	1	26	both_classes	57479	PRR12
GC_57670	1	27	0	27	benign_only	57670	KIAA1549
GC_60	1	27	27	0	pathogenic_only	60	ACTB
GC_6774	1	27	23	4	both_classes	6774	STAT3
GC_79026	1	27	0	27	benign_only	79026	AHNAK
GC_79147	1	27	25	2	both_classes	79147	FKRP
GC_816	1	27	4	23	both_classes	816	CAMK2B
GC_85378	1	27	0	27	benign_only	85378	TUBGCP6
GC_91147	1	27	21	6	both_classes	91147	TMEM67
GC_1244	3	26	7	19	both_classes	1244|108281165|126861012	ABCC2|LOC108281165|LOC126861012
GC_2822	3	26	17	9	both_classes	2822|7915|129995978	ALDH5A1|GPLD1|LOC129995978
GC_4308	3	26	3	23	both_classes	4308|105370752|126862088	LOC126862088|TRPM1|TRPM1-AS1
GC_50506	3	26	8	18	both_classes	50506|90527|405753	DUOX2|DUOXA1|DUOXA2
GC_6813	3	26	12	14	both_classes	6813|126006|100131801	PCP2|PET100|STXBP2
GC_1829	2	26	4	22	both_classes	1829|100652770	DSG2|DSG2-AS1
GC_2121	2	26	4	22	both_classes	2121|129992144	EVC|LOC129992144
GC_2186	2	26	0	26	benign_only	2186|130061496	BPTF|LOC130061496
GC_23261	2	26	1	25	both_classes	23261|126805603	CAMTA1|LOC126805603
GC_23314	2	26	16	10	both_classes	23314|126806462	LOC126806462|SATB2
GC_326	2	26	18	8	both_classes	326|130066813	AIRE|LOC130066813
GC_427	2	26	15	11	both_classes	427|129999940	ASAH1|LOC129999940
GC_4645	2	26	4	22	both_classes	4645|103091864	MYO5B|SNHG22
GC_58499	2	26	0	26	benign_only	58499|340512	LOC340512|ZNF462
GC_695	2	26	20	6	both_classes	695|130068496	BTK|LOC130068496
GC_7068	2	26	24	2	both_classes	7068|126806630	LOC126806630|THRB
GC_9013	2	26	0	26	benign_only	9013|123872	DNAAF1|TAF1C
GC_203859	1	26	19	7	both_classes	203859	ANO5
GC_2184	1	26	23	3	both_classes	2184	FAH
GC_23086	1	26	0	26	benign_only	23086	EXPH5
GC_23135	1	26	0	26	benign_only	23135	KDM6B
GC_2324	1	26	5	21	both_classes	2324	FLT4
GC_23746	1	26	15	11	both_classes	23746	AIPL1
GC_285313	1	26	0	26	benign_only	285313	IGSF10
GC_4137	1	26	9	17	both_classes	4137	MAPT
GC_4524	1	26	24	2	both_classes	4524	MTHFR
GC_5190	1	26	12	14	both_classes	5190	PEX6
GC_5336	1	26	1	25	both_classes	5336	PLCG2
GC_54806	1	26	9	17	both_classes	54806	AHI1
GC_54809	1	26	7	19	both_classes	54809	SAMD9
GC_55187	1	26	2	24	both_classes	55187	VPS13D
GC_64127	1	26	5	21	both_classes	64127	NOD2
GC_79158	1	26	19	7	both_classes	79158	GNPTAB
GC_8632	6	25	0	25	benign_only	8632|9489|100996295|126862653|126862654|126862656	DNAH17|DNAH17-AS1|LOC126862653|LOC126862654|LOC126862656|PGS1
GC_1890	5	25	17	8	both_classes	1890|9997|29781|130067862|130067864	LOC130067862|LOC130067864|NCAPH2|SCO2|TYMP
GC_135	4	25	1	24	both_classes	135|23384|646023|101730217	ADORA2A|ADORA2A-AS1|SPECC1L|SPECC1L-ADORA2A
GC_5426	3	25	2	23	both_classes	5426|5827|130009266	LOC130009266|POLE|PXMP2
GC_1644	2	25	18	7	both_classes	1644|100129427	DDC|DDC-AS1
GC_5158	2	25	15	10	both_classes	5158|101928521	PDE6B|PDE6B-AS1
GC_55690	2	25	1	24	both_classes	55690|130006099	LOC130006099|PACS1
GC_6101	2	25	4	21	both_classes	6101|126860392	LOC126860392|RP1
GC_6687	2	25	20	5	both_classes	6687|130059818	LOC130059818|SPG7
GC_8626	2	25	22	3	both_classes	8626|111162621	LOC111162621|TP63
GC_157680	1	25	0	25	benign_only	157680	VPS13B
GC_1593	1	25	19	6	both_classes	1593	CYP27A1
GC_2068	1	25	20	5	both_classes	2068	ERCC2
GC_221927	1	25	2	23	both_classes	221927	BRAT1
GC_23363	1	25	0	25	benign_only	23363	OBSL1
GC_259232	1	25	21	4	both_classes	259232	NALCN
GC_2624	1	25	19	6	both_classes	2624	GATA2
GC_2902	1	25	22	3	both_classes	2902	GRIN1
GC_3257	1	25	7	18	both_classes	3257	HPS1
GC_3756	1	25	7	18	both_classes	3756	KCNH1
GC_4892	1	25	0	25	benign_only	4892	NRAP
GC_5422	1	25	1	24	both_classes	5422	POLA1
GC_5538	1	25	23	2	both_classes	5538	PPT1
GC_55904	1	25	0	25	benign_only	55904	KMT2E
GC_57545	1	25	18	7	both_classes	57545	CC2D2A
GC_6389	1	25	20	5	both_classes	6389	SDHA
GC_63895	1	25	6	19	both_classes	63895	PIEZO2
GC_64699	1	25	20	5	both_classes	64699	TMPRSS3
GC_7054	1	25	23	2	both_classes	7054	TH
GC_8481	1	25	1	24	both_classes	8481	OFD1
GC_8925	1	25	0	25	benign_only	8925	HERC1
GC_5189	6	24	13	11	both_classes	5189|57798|84060|129998793|129998796|129998797	GATAD1|LOC129998793|LOC129998796|LOC129998797|PEX1|RBM48
GC_285	3	24	1	23	both_classes	285|79648|100507530	ANGPT2|MCPH1|MCPH1-AS1
GC_3993	3	24	3	21	both_classes	3993|283989|112533671	LLGL2|LOC112533671|TSEN54
GC_55130	3	24	1	23	both_classes	55130|126860891|132089773	LOC126860891|LOC132089773|ODAD2
GC_1376	2	24	18	6	both_classes	1376|129930561	CPT2|LOC129930561
GC_170692	2	24	0	24	benign_only	170692|126862407	ADAMTS18|LOC126862407
GC_26137	2	24	13	11	both_classes	26137|100131117	ZBTB20|ZBTB20-AS1
GC_5077	2	24	19	5	both_classes	5077|126806529	LOC126806529|PAX3
GC_5080	2	24	18	6	both_classes	5080|26610	ELP4|PAX6
GC_55806	2	24	1	23	both_classes	55806|120766137	HR|HRURF
GC_57572	2	24	0	24	benign_only	57572|105372273	DOCK6|DOCK6-AS1
GC_10002	1	24	18	6	both_classes	10002	NR2E3
GC_1201	1	24	14	10	both_classes	1201	CLN3
GC_1636	1	24	3	21	both_classes	1636	ACE
GC_182	1	24	6	18	both_classes	182	JAG1
GC_286204	1	24	2	22	both_classes	286204	CRB2
GC_3192	1	24	1	23	both_classes	3192	HNRNPU
GC_3718	1	24	11	13	both_classes	3718	JAK3
GC_3832	1	24	2	22	both_classes	3832	KIF11
GC_54872	1	24	2	22	both_classes	54872	PIGG
GC_57038	1	24	20	4	both_classes	57038	RARS2
GC_6328	1	24	10	14	both_classes	6328	SCN3A
GC_6708	1	24	5	19	both_classes	6708	SPTA1
GC_8736	1	24	0	24	benign_only	8736	MYOM1
GC_23334	3	23	1	22	both_classes	23334|81888|100873952	HYI|SZT2|SZT2-AS1
GC_8771	3	23	2	21	both_classes	8771|51750|100533107	RTEL1|RTEL1-TNFRSF6B|TNFRSF6B
GC_10345	2	23	1	22	both_classes	10345|101927990	TRDN|TRDN-AS1
GC_1356	2	23	7	16	both_classes	1356|84343	CP|HPS3
GC_1493	2	23	11	12	both_classes	1493|129935461	CTLA4|LOC129935461
GC_1497	2	23	16	7	both_classes	1497|105371492	CTNS|CTNS-AS1
GC_2194	2	23	0	23	benign_only	2194|129390948	FASN|LOC129390948
GC_4952	2	23	9	14	both_classes	4952|113875008	LOC113875008|OCRL
GC_5198	2	23	7	16	both_classes	5198|80169	CTC1|PFAS
GC_57538	2	23	0	23	benign_only	57538|111718493	ALPK3|LOC111718493
GC_6519	2	23	14	9	both_classes	6519|9581	PREPL|SLC3A1
GC_7827	2	23	21	2	both_classes	7827|126859	AXDND1|NPHS2
GC_114548	1	23	17	6	both_classes	114548	NLRP3
GC_2131	1	23	19	4	both_classes	2131	EXT1
GC_2187	1	23	0	23	benign_only	2187	FANCB
GC_22897	1	23	1	22	both_classes	22897	CEP164
GC_23096	1	23	4	19	both_classes	23096	IQSEC2
GC_23312	1	23	0	23	benign_only	23312	DMXL2
GC_23524	1	23	0	23	benign_only	23524	SRRM2
GC_26960	1	23	1	22	both_classes	26960	NBEA
GC_284403	1	23	4	19	both_classes	284403	WDR62
GC_35	1	23	19	4	both_classes	35	ACADS
GC_3767	1	23	21	2	both_classes	3767	KCNJ11
GC_5313	1	23	23	0	pathogenic_only	5313	PKLR
GC_55687	1	23	11	12	both_classes	55687	TRMU
GC_5621	1	23	11	12	both_classes	5621	PRNP
GC_57514	1	23	0	23	benign_only	57514	ARHGAP31
GC_6497	1	23	11	12	both_classes	6497	SKI
GC_6521	1	23	15	8	both_classes	6521	SLC4A1
GC_6872	1	23	7	16	both_classes	6872	TAF1
GC_7139	1	23	21	2	both_classes	7139	TNNT2
GC_7369	1	23	17	6	both_classes	7369	UMOD
GC_85358	1	23	1	22	both_classes	85358	SHANK3
GC_93233	1	23	1	22	both_classes	93233	ODAD1
GC_2073	4	22	3	19	both_classes	2073|54841|100533467|126861834	BIVM|BIVM-ERCC5|ERCC5|LOC126861834
GC_10021	3	22	7	15	both_classes	10021|105370890|126862173	HCN4|LOC105370890|LOC126862173
GC_10531	3	22	1	21	both_classes	10531|100507034|130003177	LOC130003177|PITRM1|PITRM1-AS1
GC_56479	3	22	3	19	both_classes	56479|112267960|129996711	KCNQ5|KCNQ5-DT|LOC129996711
GC_7957	3	22	8	14	both_classes	7957|100507557|129997381	EPM2A|EPM2A-DT|LOC129997381
GC_1108	2	22	15	7	both_classes	1108|139355233	CHD4|CHD4-AS1
GC_11152	2	22	7	15	both_classes	11152|126863256	LOC126863256|WDR45
GC_275	2	22	19	3	both_classes	275|84276	AMT|NICN1
GC_4942	2	22	21	1	both_classes	4942|121815974	LOC121815974|OAT
GC_5604	2	22	20	2	both_classes	5604|10302	MAP2K1|SNAPC5
GC_56925	2	22	8	14	both_classes	56925|85476	GFM1|LXN
GC_1130	1	22	1	21	both_classes	1130	LYST
GC_1674	1	22	21	1	both_classes	1674	DES
GC_1788	1	22	14	8	both_classes	1788	DNMT3A
GC_25914	1	22	1	21	both_classes	25914	RTTN
GC_2811	1	22	15	7	both_classes	2811	GP1BA
GC_3074	1	22	14	8	both_classes	3074	HEXB
GC_3759	1	22	20	2	both_classes	3759	KCNJ2
GC_3913	1	22	3	19	both_classes	3913	LAMB2
GC_4534	1	22	18	4	both_classes	4534	MTM1
GC_4744	1	22	0	22	benign_only	4744	NEFH
GC_5318	1	22	7	15	both_classes	5318	PKP2
GC_64421	1	22	10	12	both_classes	64421	DCLRE1C
GC_7015	1	22	14	8	both_classes	7015	TERT
GC_7137	1	22	21	1	both_classes	7137	TNNI3
GC_80184	1	22	10	12	both_classes	80184	CEP290
GC_867	1	22	10	12	both_classes	867	CBL
GC_9786	1	22	1	21	both_classes	9786	KIAA0586
GC_1145	3	21	18	3	both_classes	1145|100130311|130060041	C17orf107|CHRNE|LOC130060041
GC_4624	3	21	0	21	benign_only	4624|114827851|126861896	LOC114827851|LOC126861896|MYH6
GC_4976	3	21	14	7	both_classes	4976|100873941|126806913	LOC126806913|OPA1|OPA1-AS1
GC_7007	3	21	6	15	both_classes	7007|116804918|126861365	LOC126861365|TBCEL-TECTA|TECTA
GC_146059	2	21	7	14	both_classes	146059|130056931	CDAN1|LOC130056931
GC_285362	2	21	17	4	both_classes	285362|129936056	LOC129936056|SUMF1
GC_28976	2	21	16	5	both_classes	28976|57501	ACAD9|CFAP92
GC_51332	2	21	0	21	benign_only	51332|105370792	LOC105370792|SPTBN5
GC_6794	2	21	19	2	both_classes	6794|130062899	LOC130062899|STK11
GC_6928	2	21	16	5	both_classes	6928|126862549	HNF1B|LOC126862549
GC_8243	2	21	18	3	both_classes	8243|102465516	MIR6857|SMC1A
GC_9870	2	21	0	21	benign_only	9870|27030	AREL1|MLH3
GC_1258	1	21	5	16	both_classes	1258	CNGB1
GC_1641	1	21	20	1	both_classes	1641	DCX
GC_1663	1	21	1	20	both_classes	1663	DDX11
GC_219285	1	21	1	20	both_classes	219285	SAMD9L
GC_23316	1	21	1	20	both_classes	23316	CUX2
GC_2542	1	21	19	2	both_classes	2542	SLC37A4
GC_255738	1	21	4	17	both_classes	255738	PCSK9
GC_261734	1	21	0	21	benign_only	261734	NPHP4
GC_2703	1	21	16	5	both_classes	2703	GJA8
GC_2782	1	21	17	4	both_classes	2782	GNB1
GC_3141	1	21	13	8	both_classes	3141	HLCS
GC_51816	1	21	16	5	both_classes	51816	ADA2
GC_5376	1	21	18	3	both_classes	5376	PMP22
GC_5605	1	21	13	8	both_classes	5605	MAP2K2
GC_5978	1	21	0	21	benign_only	5978	REST
GC_63976	1	21	0	21	benign_only	63976	PRDM16
GC_6910	1	21	5	16	both_classes	6910	TBX5
GC_7010	1	21	8	13	both_classes	7010	TEK
GC_7468	1	21	1	20	both_classes	7468	NSD2
GC_80208	1	21	6	15	both_classes	80208	SPG11
GC_80216	1	21	1	20	both_classes	80216	ALPK1
GC_81031	1	21	10	11	both_classes	81031	SLC2A10
GC_9681	1	21	0	21	benign_only	9681	DEPDC5
GC_9759	1	21	2	19	both_classes	9759	HDAC4
GC_9820	1	21	3	18	both_classes	9820	CUL7
GC_9236	5	20	3	17	both_classes	9236|9488|161582|100533483|130057105	CCPG1|DNAAF4|DNAAF4-CCPG1|LOC130057105|PIGB
GC_5573	4	20	3	17	both_classes	5573|22901|54757|55062	ARSG|FAM20A|PRKAR1A|WIPI1
GC_80025	4	20	15	5	both_classes	80025|406896|100302282|130065345	LOC130065345|MIR103A2|MIR103B2|PANK2
GC_5071	3	20	12	8	both_classes	5071|135138|126859871	LOC126859871|PACRG|PRKN
GC_10747	2	20	10	10	both_classes	10747|23435	MASP2|TARDBP
GC_11190	2	20	0	20	benign_only	11190|102725201	CEP250|CEP250-AS1
GC_129446	2	20	0	20	benign_only	129446|100874011	XIRP2|XIRP2-AS1
GC_1855	2	20	0	20	benign_only	1855|129929114	DVL1|LOC129929114
GC_1952	2	20	0	20	benign_only	1952|110121283	CELSR2|LOC110121283
GC_23327	2	20	3	17	both_classes	23327|130062568	LOC130062568|NEDD4L
GC_4629	2	20	0	20	benign_only	4629|54820	MYH11|NDE1
GC_5205	2	20	11	9	both_classes	5205|100505549	ATP8B1|ATP8B1-AS1
GC_5354	2	20	19	1	both_classes	5354|51209	PLP1|RAB9B
GC_6904	2	20	5	15	both_classes	6904|79755	TBCD|ZNF750
GC_7084	2	20	19	1	both_classes	7084|130059156	LOC130059156|TK2
GC_71	2	20	20	0	pathogenic_only	71|130061940	ACTG1|LOC130061940
GC_81704	2	20	1	19	both_classes	81704|126860552	DOCK8|LOC126860552
GC_84433	2	20	4	16	both_classes	84433|101927256	CARD11|CARD11-AS1
GC_10381	1	20	19	1	both_classes	10381	TUBB3
GC_11005	1	20	1	19	both_classes	11005	SPINK5
GC_154664	1	20	0	20	benign_only	154664	ABCA13
GC_178	1	20	4	16	both_classes	178	AGL
GC_224	1	20	15	5	both_classes	224	ALDH3A2
GC_2617	1	20	9	11	both_classes	2617	GARS1
GC_288	1	20	0	20	benign_only	288	ANK3
GC_348980	1	20	6	14	both_classes	348980	HCN1
GC_388939	1	20	0	20	benign_only	388939	PCARE
GC_3914	1	20	4	16	both_classes	3914	LAMB3
GC_50628	1	20	1	19	both_classes	50628	GEMIN4
GC_56623	1	20	15	5	both_classes	56623	INPP5E
GC_57082	1	20	0	20	benign_only	57082	KNL1
GC_57190	1	20	12	8	both_classes	57190	SELENON
GC_57465	1	20	16	4	both_classes	57465	TBC1D24
GC_57519	1	20	0	20	benign_only	57519	STARD9
GC_5826	1	20	3	17	both_classes	5826	ABCD4
GC_7454	1	20	13	7	both_classes	7454	WAS
GC_79728	1	20	6	14	both_classes	79728	PALB2
GC_84665	1	20	0	20	benign_only	84665	MYPN
GC_9091	1	20	2	18	both_classes	9091	PIGQ
GC_9321	1	20	0	20	benign_only	9321	TRIP11
GC_9750	1	20	0	20	benign_only	9750	RIPOR2
GC_26160	4	19	4	15	both_classes	26160|200634|126806173|126806174	IFT172|KRTCAP3|LOC126806173|LOC126806174
GC_2177	3	19	4	15	both_classes	2177|115795|107303338	FANCD2|FANCD2OS|LOC107303338
GC_629	3	19	1	18	both_classes	629|717|102060414	C2|C2-AS1|CFB
GC_10382	2	19	18	1	both_classes	10382|130063295	LOC130063295|TUBB4A
GC_11155	2	19	2	17	both_classes	11155|110121486	LDB3|LOC110121486
GC_1299	2	19	0	19	benign_only	1299|126863084	COL9A3|LOC126863084
GC_1374	2	19	12	7	both_classes	1374|126861244	CPT1A|LOC126861244
GC_1585	2	19	7	12	both_classes	1585|106799834	CYP11B2|LOC106799834
GC_23095	2	19	0	19	benign_only	23095|129388446	KIF1B|LOC129388446
GC_4088	2	19	17	2	both_classes	4088|130057352	LOC130057352|SMAD3
GC_5296	2	19	3	16	both_classes	5296|130063979	LOC130063979|PIK3R2
GC_55023	2	19	7	12	both_classes	55023|134728	IRAK1BP1|PHIP
GC_56052	2	19	12	7	both_classes	56052|196483	ALG1|EEF2KMT
GC_57716	2	19	0	19	benign_only	57716|130064454	LOC130064454|PRX
GC_6443	2	19	17	2	both_classes	6443|129992585	LOC129992585|SGCB
GC_7173	2	19	8	11	both_classes	7173|138842258	LALTOP|TPO
GC_7317	2	19	0	19	benign_only	7317|126863253	LOC126863253|UBA1
GC_84989	2	19	0	19	benign_only	84989|221037	JMJD1C|JMJD1C-AS1
GC_92579	2	19	6	13	both_classes	92579|130060959	G6PC3|LOC130060959
GC_10877	1	19	0	19	benign_only	10877	CFHR4
GC_1308	1	19	1	18	both_classes	1308	COL17A1
GC_142680	1	19	7	12	both_classes	142680	SLC34A3
GC_2155	1	19	18	1	both_classes	2155	F7
GC_23094	1	19	0	19	benign_only	23094	SIPA1L3
GC_23126	1	19	1	18	both_classes	23126	POGZ
GC_2566	1	19	14	5	both_classes	2566	GABRG2
GC_2719	1	19	2	17	both_classes	2719	GPC3
GC_285848	1	19	10	9	both_classes	285848	PNPLA1
GC_3575	1	19	6	13	both_classes	3575	IL7R
GC_3786	1	19	7	12	both_classes	3786	KCNQ3
GC_3861	1	19	13	6	both_classes	3861	KRT14
GC_4352	1	19	12	7	both_classes	4352	MPL
GC_51151	1	19	16	3	both_classes	51151	SLC45A2
GC_54914	1	19	0	19	benign_only	54914	FOCAD
GC_55870	1	19	0	19	benign_only	55870	ASH1L
GC_56997	1	19	14	5	both_classes	56997	COQ8A
GC_6299	1	19	0	19	benign_only	6299	SALL1
GC_7046	1	19	17	2	both_classes	7046	TGFBR1
GC_710	1	19	13	6	both_classes	710	SERPING1
GC_83959	1	19	15	4	both_classes	83959	SLC4A11
GC_9414	1	19	3	16	both_classes	9414	TJP2
GC_9851	1	19	0	19	benign_only	9851	KIAA0753
GC_9894	1	19	2	17	both_classes	9894	TELO2
GC_2978	3	18	14	4	both_classes	2978|2979|118142757	GUCA1A|GUCA1ANB-GUCA1A|GUCA1B
GC_4149	3	18	3	15	both_classes	4149|100506321|130055850	LOC130055850|MAX|MAX-AS1
GC_5589	3	18	0	18	benign_only	5589|115948|130063575	LOC130063575|ODAD3|PRKCSH
GC_6653	3	18	0	18	benign_only	6653|126861368|130006953	LOC126861368|LOC130006953|SORL1
GC_79705	3	18	0	18	benign_only	79705|105371026|126862255	LOC126862255|LRRK1|LRRK1-AS1
GC_90381	3	18	0	18	benign_only	90381|374654|126862216	KIF7|LOC126862216|TICRR
GC_10395	2	18	0	18	benign_only	10395|126860305	DLC1|LOC126860305
GC_10522	2	18	10	8	both_classes	10522|126861109	DEAF1|LOC126861109
GC_1892	2	18	16	2	both_classes	1892|130005023	ECHS1|LOC130005023
GC_1950	2	18	0	18	benign_only	1950|126807134	EGF|LOC126807134
GC_2006	2	18	1	17	both_classes	2006|107986809	ELN|ELN-AS1
GC_22852	2	18	0	18	benign_only	22852|130003554	ANKRD26|LOC130003554
GC_2328	2	18	9	9	both_classes	2328|126805916	FMO3|LOC126805916
GC_285175	2	18	0	18	benign_only	285175|122861286	LOC122861286|UNC80
GC_3040	2	18	17	1	both_classes	3040|106804612	HBA2|LOC106804612
GC_3431	2	18	0	18	benign_only	3431|11262	SP110|SP140
GC_4552	2	18	4	14	both_classes	4552|79072	FASTKD3|MTRR
GC_5244	2	18	14	4	both_classes	5244|129998756	ABCB4|LOC129998756
GC_55835	2	18	1	17	both_classes	55835|56163	CPAP|RNF17
GC_57449	2	18	0	18	benign_only	57449|126805598	LOC126805598|PLEKHG5
GC_7005	2	18	15	3	both_classes	7005|7287	TEAD3|TULP1
GC_8314	2	18	10	8	both_classes	8314|51533	BAP1|PHF7
GC_1288	1	18	0	18	benign_only	1288	COL4A6
GC_1302	1	18	3	15	both_classes	1302	COL11A2
GC_158	1	18	15	3	both_classes	158	ADSL
GC_1594	1	18	16	2	both_classes	1594	CYP27B1
GC_1629	1	18	11	7	both_classes	1629	DBT
GC_1786	1	18	2	16	both_classes	1786	DNMT1
GC_196528	1	18	0	18	benign_only	196528	ARID2
GC_23067	1	18	6	12	both_classes	23067	SETD1B
GC_23556	1	18	8	10	both_classes	23556	PIGN
GC_2561	1	18	10	8	both_classes	2561	GABRB2
GC_27148	1	18	0	18	benign_only	27148	STK36
GC_3145	1	18	15	3	both_classes	3145	HMBS
GC_3594	1	18	1	17	both_classes	3594	IL12RB1
GC_3758	1	18	15	3	both_classes	3758	KCNJ1
GC_390594	1	18	1	17	both_classes	390594	KBTBD13
GC_4233	1	18	4	14	both_classes	4233	MET
GC_4621	1	18	5	13	both_classes	4621	MYH3
GC_51062	1	18	17	1	both_classes	51062	ATL1
GC_5184	1	18	9	9	both_classes	5184	PEPD
GC_5424	1	18	2	16	both_classes	5424	POLD1
GC_54919	1	18	3	15	both_classes	54919	DNAAF5
GC_56652	1	18	17	1	both_classes	56652	TWNK
GC_57644	1	18	0	18	benign_only	57644	MYH7B
GC_57697	1	18	0	18	benign_only	57697	FANCM
GC_617	1	18	17	1	both_classes	617	BCS1L
GC_6664	1	18	14	4	both_classes	6664	SOX11
GC_6710	1	18	4	14	both_classes	6710	SPTB
GC_7112	1	18	0	18	benign_only	7112	TMPO
GC_79628	1	18	9	9	both_classes	79628	SH3TC2
GC_8204	1	18	0	18	benign_only	8204	NRIP1
GC_8242	1	18	9	9	both_classes	8242	KDM5C
GC_8456	1	18	6	12	both_classes	8456	FOXN1
GC_9150	1	18	0	18	benign_only	9150	CTDP1
GC_91662	1	18	1	17	both_classes	91662	NLRP12
GC_9361	1	18	1	17	both_classes	9361	LONP1
GC_9969	1	18	2	16	both_classes	9969	MED13
GC_11322	5	17	0	17	benign_only	11322|147138|130061786|130061792|130061795	LOC130061786|LOC130061792|LOC130061795|TMC6|TMC8
GC_23414	3	17	0	17	benign_only	23414|102723356|126860469	LOC126860469|ZFPM2|ZFPM2-AS1
GC_3293	2	17	15	2	both_classes	3293|127748585	HSD17B3|SLC35D2-HSD17B3
GC_383	2	17	16	1	both_classes	383|9439	ARG1|MED23
GC_3858	2	17	5	12	both_classes	3858|147184	KRT10|KRT10-AS1
GC_51626	2	17	3	14	both_classes	51626|64240	ABCG5|DYNC2LI1
GC_54790	2	17	0	17	benign_only	54790|104384744	TET2|TET2-AS1
GC_55315	2	17	6	11	both_classes	55315|105378353	LOC105378353|SLC29A3
GC_56922	2	17	12	5	both_classes	56922|129938008	LOC129938008|MCCC1
GC_60561	2	17	0	17	benign_only	60561|100130771	EFCAB10|RINT1
GC_64221	2	17	4	13	both_classes	64221|130007006	LOC130007006|ROBO3
GC_6557	2	17	9	8	both_classes	6557|126862123	LOC126862123|SLC12A1
GC_80326	2	17	13	4	both_classes	80326|129935625	LOC129935625|WNT10A
GC_987	2	17	2	15	both_classes	987|10586	LRBA|MAB21L2
GC_10312	1	17	6	11	both_classes	10312	TCIRG1
GC_1056	1	17	0	17	benign_only	1056	CEL
GC_121391	1	17	0	17	benign_only	121391	KRT74
GC_124093	1	17	0	17	benign_only	124093	CCDC78
GC_127602	1	17	0	17	benign_only	127602	DNAH14
GC_1301	1	17	5	12	both_classes	1301	COL11A1
GC_1406	1	17	11	6	both_classes	1406	CRX
GC_175	1	17	11	6	both_classes	175	AGA
GC_1768	1	17	0	17	benign_only	1768	DNAH6
GC_1811	1	17	5	12	both_classes	1811	SLC26A3
GC_1836	1	17	13	4	both_classes	1836	SLC26A2
GC_202333	1	17	0	17	benign_only	202333	CMYA5
GC_23400	1	17	1	16	both_classes	23400	ATP13A2
GC_25959	1	17	0	17	benign_only	25959	KANK2
GC_27019	1	17	5	12	both_classes	27019	DNAI1
GC_283489	1	17	0	17	benign_only	283489	CHAMP1
GC_3075	1	17	4	13	both_classes	3075	CFH
GC_3315	1	17	16	1	both_classes	3315	HSPB1
GC_3543	1	17	0	17	benign_only	3543	IGLL1
GC_375748	1	17	0	17	benign_only	375748	ERCC6L2
GC_4758	1	17	16	1	both_classes	4758	NEU1
GC_50485	1	17	10	7	both_classes	50485	SMARCAL1
GC_55034	1	17	1	16	both_classes	55034	MOCOS
GC_63901	1	17	1	16	both_classes	63901	FAM111A
GC_6567	1	17	4	13	both_classes	6567	SLC16A2
GC_6597	1	17	12	5	both_classes	6597	SMARCA4
GC_7355	1	17	3	14	both_classes	7355	SLC35A2
GC_79738	1	17	13	4	both_classes	79738	BBS10
GC_8048	1	17	1	16	both_classes	8048	CSRP3
GC_83715	1	17	0	17	benign_only	83715	ESPN
GC_8518	1	17	1	16	both_classes	8518	ELP1
GC_8924	1	17	0	17	benign_only	8924	HERC2
GC_9152	1	17	3	14	both_classes	9152	SLC6A5
GC_9739	1	17	1	16	both_classes	9739	SETD1A
GC_9928	1	17	0	17	benign_only	9928	KIF14
GC_7361	10	16	10	6	both_classes	7361|54575|54576|54577|54578|54579|54600|54657|54658|54659	UGT1A|UGT1A1|UGT1A10|UGT1A3|UGT1A4|UGT1A5|UGT1A6|UGT1A7|UGT1A8|UGT1A9
GC_26999	3	16	4	12	both_classes	26999|102724404|126807569	CYFIP2|LOC126807569|NIPAL4-DT
GC_51199	3	16	0	16	benign_only	51199|126861936|130055602	LOC126861936|LOC130055602|NIN
GC_7253	3	16	10	6	both_classes	7253|145508|101928462	CEP128|TSHR|TSHR-AS1
GC_8888	3	16	1	15	both_classes	8888|54059|114044	MCM3AP|MCM3AP-AS1|YBEY
GC_10529	2	16	0	16	benign_only	10529|126860875	LOC126860875|NEBL
GC_1187	2	16	0	16	benign_only	1187|106501712	CLCNKA|LOC106501712
GC_2034	2	16	2	14	both_classes	2034|126806210	EPAS1|LOC126806210
GC_23395	2	16	10	6	both_classes	23395|100885795	LARS2|LARS2-AS1
GC_25885	2	16	0	16	benign_only	25885|55037	POLR1A|PTCD3
GC_5079	2	16	1	15	both_classes	5079|105376032	LOC105376032|PAX5
GC_57176	2	16	1	15	both_classes	57176|126859646	LOC126859646|VARS2
GC_60684	2	16	1	15	both_classes	60684|126807238	LOC126807238|TRAPPC11
GC_6662	2	16	9	7	both_classes	6662|108021846	LOC108021846|SOX9
GC_6890	2	16	0	16	benign_only	6890|100507463	PSMB8-AS1|TAP1
GC_7025	2	16	15	1	both_classes	7025|441094	NR2F1|NR2F1-AS1
GC_7337	2	16	10	6	both_classes	7337|104472715	SNHG14|UBE3A
GC_7508	2	16	2	14	both_classes	7508|129936244	LOC129936244|XPC
GC_774	2	16	0	16	benign_only	774|100133077	CACNA1B|CACNA1B-AS2|LOC100133077
GC_80210	2	16	1	15	both_classes	80210|122861306	ARMC9|LOC122861306
GC_9568	2	16	4	12	both_classes	9568|126860700	GABBR2|LOC126860700
GC_10461	1	16	5	11	both_classes	10461	MERTK
GC_1135	1	16	0	16	benign_only	1135	CHRNA2
GC_1186	1	16	12	4	both_classes	1186	CLCN7
GC_125336	1	16	5	11	both_classes	125336	LOXHD1
GC_165904	1	16	0	16	benign_only	165904	XIRP1
GC_200576	1	16	0	16	benign_only	200576	PIKFYVE
GC_201163	1	16	6	10	both_classes	201163	FLCN
GC_22880	1	16	10	6	both_classes	22880	MORC2
GC_23022	1	16	0	16	benign_only	23022	PALLD
GC_23230	1	16	0	16	benign_only	23230	VPS13A
GC_23322	1	16	4	12	both_classes	23322	RPGRIP1L
GC_254065	1	16	0	16	benign_only	254065	BRWD3
GC_25930	1	16	0	16	benign_only	25930	PTPN23
GC_3064	1	16	0	16	benign_only	3064	HTT
GC_348654	1	16	0	16	benign_only	348654	GEN1
GC_3737	1	16	13	3	both_classes	3737	KCNA2
GC_3853	1	16	6	10	both_classes	3853	KRT6A
GC_4089	1	16	13	3	both_classes	4089	SMAD4
GC_4547	1	16	2	14	both_classes	4547	MTTP
GC_54897	1	16	0	16	benign_only	54897	CASZ1
GC_55154	1	16	3	13	both_classes	55154	MSTO1
GC_55630	1	16	5	11	both_classes	55630	SLC39A4
GC_57178	1	16	1	15	both_classes	57178	ZMIZ1
GC_57683	1	16	0	16	benign_only	57683	ZDBF2
GC_583	1	16	13	3	both_classes	583	BBS2
GC_6239	1	16	0	16	benign_only	6239	RREB1
GC_641	1	16	5	11	both_classes	641	BLM
GC_64283	1	16	0	16	benign_only	64283	ARHGEF28
GC_6452	1	16	6	10	both_classes	6452	SH3BP2
GC_6770	1	16	15	1	both_classes	6770	STAR
GC_79925	1	16	0	16	benign_only	79925	SPEF2
GC_81794	1	16	0	16	benign_only	81794	ADAMTS10
GC_8425	1	16	0	16	benign_only	8425	LTBP4
GC_93589	1	16	0	16	benign_only	93589	CACNA2D4
GC_9531	1	16	4	12	both_classes	9531	BAG3
GC_9758	1	16	0	16	benign_only	9758	FRMPD4
GC_10717	4	15	0	15	benign_only	10717|26191|64858|100287722	AP4B1|AP4B1-AS1|DCLRE1B|PTPN22
GC_55857	4	15	2	13	both_classes	55857|101929591|130065507|130065509	KIZ|KIZ-AS1|LOC130065507|LOC130065509
GC_1773	3	15	0	15	benign_only	1773|10131|130058352	DNASE1|LOC130058352|TRAP1
GC_3672	3	15	0	15	benign_only	3672|3673|121232372	ITGA1|ITGA2|ITGA2-AS1
GC_50617	3	15	6	9	both_classes	50617|155006|123956241	ATP6V0A4|LOC123956241|TMEM213
GC_51196	3	15	1	14	both_classes	51196|64318|100128054	NOC3L|PLCE1|PLCE1-AS1
GC_54507	3	15	1	14	both_classes	54507|100289061|129931410	ADAMTSL4|ADAMTSL4-AS2|LOC129931410
GC_64478	3	15	0	15	benign_only	64478|105377785|126860285	CSMD1|LOC105377785|LOC126860285
GC_81570	3	15	2	13	both_classes	81570|126861258|130006336	CLPB|LOC126861258|LOC130006336
GC_10297	2	15	0	15	benign_only	10297|130062957	APC2|LOC130062957
GC_10565	2	15	2	13	both_classes	10565|79848	ARFGEF1|CSPP1
GC_1300	2	15	2	13	both_classes	1300|221294	COL10A1|NT5DC1
GC_26503	2	15	10	5	both_classes	26503|129996727	LOC129996727|SLC17A5
GC_285440	2	15	11	4	both_classes	285440|129993526	CYP4V2|LOC129993526
GC_3039	2	15	13	2	both_classes	3039|106804613	HBA1|LOC106804613
GC_311	2	15	3	12	both_classes	311|130004184	ANXA11|LOC130004184
GC_3284	2	15	11	4	both_classes	3284|109029530	HSD3B2|LOC109029530
GC_4210	2	15	9	6	both_classes	4210|126862264	LOC126862264|MEFV
GC_440	2	15	13	2	both_classes	440|107986827	ASNS|CZ1P-ASNS
GC_4649	2	15	0	15	benign_only	4649|130057457	LOC130057457|MYO9A
GC_6102	2	15	7	8	both_classes	6102|130068202	LOC130068202|RP2
GC_6223	2	15	10	5	both_classes	6223|102465478	MIR6797|RPS19
GC_7490	2	15	10	5	both_classes	7490|107982234	LOC107982234|WT1
GC_10347	1	15	0	15	benign_only	10347	ABCA7
GC_1062	1	15	0	15	benign_only	1062	CENPE
GC_1183	1	15	8	7	both_classes	1183	CLCN4
GC_124997	1	15	1	14	both_classes	124997	WDR81
GC_138050	1	15	9	6	both_classes	138050	HGSNAT
GC_148398	1	15	0	15	benign_only	148398	SAMD11
GC_1591	1	15	9	6	both_classes	1591	CYP24A1
GC_162514	1	15	2	13	both_classes	162514	TRPV3
GC_166647	1	15	0	15	benign_only	166647	ADGRA3
GC_170302	1	15	8	7	both_classes	170302	ARX
GC_23013	1	15	0	15	benign_only	23013	SPEN
GC_242	1	15	12	3	both_classes	242	ALOX12B
GC_253738	1	15	13	2	both_classes	253738	EBF3
GC_2700	1	15	11	4	both_classes	2700	GJA3
GC_27125	1	15	4	11	both_classes	27125	AFF4
GC_2998	1	15	3	12	both_classes	2998	GYS2
GC_30061	1	15	10	5	both_classes	30061	SLC40A1
GC_3849	1	15	2	13	both_classes	3849	KRT2
GC_3912	1	15	0	15	benign_only	3912	LAMB1
GC_4893	1	15	15	0	pathogenic_only	4893	NRAS
GC_5274	1	15	1	14	both_classes	5274	SERPINI1
GC_5277	1	15	6	9	both_classes	5277	PIGA
GC_545	1	15	0	15	benign_only	545	ATR
GC_54795	1	15	2	13	both_classes	54795	TRPM4
GC_54982	1	15	12	3	both_classes	54982	CLN6
GC_5518	1	15	13	2	both_classes	5518	PPP2R1A
GC_57096	1	15	4	11	both_classes	57096	RPGRIP1
GC_57477	1	15	0	15	benign_only	57477	SHROOM4
GC_57728	1	15	6	9	both_classes	57728	WDR19
GC_5913	1	15	12	3	both_classes	5913	RAPSN
GC_6476	1	15	2	13	both_classes	6476	SI
GC_7132	1	15	10	5	both_classes	7132	TNFRSF1A
GC_7168	1	15	12	3	both_classes	7168	TPM1
GC_72	1	15	15	0	pathogenic_only	72	ACTG2
GC_7226	1	15	0	15	benign_only	7226	TRPM2
GC_727	1	15	0	15	benign_only	727	C5
GC_729	1	15	0	15	benign_only	729	C6
GC_79083	1	15	1	14	both_classes	79083	MLPH
GC_80206	1	15	1	14	both_classes	80206	FHOD3
GC_83861	1	15	0	15	benign_only	83861	RSPH3
GC_84340	1	15	0	15	benign_only	84340	GFM2
GC_89781	1	15	0	15	benign_only	89781	HPS4
GC_9380	1	15	9	6	both_classes	9380	GRHPR
GC_54082	7	14	2	12	both_classes	54082|54084|353333|386672|386674|386677|126653398	KRTAP10-1|KRTAP10-10|KRTAP10-4|KRTAP10-6|LOC126653398|TSPEAR|TSPEAR-AS1
GC_1816	4	14	2	12	both_classes	1816|56606|105374476|124900664	DRD5|SLC2A9|SLC2A9-AS1|SLC2A9-AS3
GC_27031	4	14	6	8	both_classes	27031|79876|348808|100532724	NPHP3|NPHP3-ACAD11|NPHP3-AS1|UBA5
GC_10103	3	14	10	4	both_classes	10103|55624|541468	LURAP1|POMGNT1|TSPAN1
GC_1716	3	14	13	1	both_classes	1716|100874048|129934096	DGUOK|DGUOK-AS1|LOC129934096
GC_3991	3	14	0	14	benign_only	3991|100996307|101930071	LIPE|LIPE-AS1|LOC101930071
GC_51086	3	14	1	13	both_classes	51086|100526835|105378803	FPGT-TNNI3K|LRRC53|TNNI3K
GC_57217	3	14	2	12	both_classes	57217|90411|126806211	LOC126806211|MCFD2|TTC7A
GC_8195	3	14	7	7	both_classes	8195|128706665|128706666	LOC128706665|LOC128706666|MKKS
GC_84930	3	14	0	14	benign_only	84930|91452|130003557	ACBD5|LOC130003557|MASTL
GC_10483	2	14	8	6	both_classes	10483|126862987	LOC126862987|SEC23B
GC_140803	2	14	0	14	benign_only	140803|113839559	LOC113839559|TRPM6
GC_150248	2	14	2	12	both_classes	150248|400916	C22orf15|CHCHD10
GC_197131	2	14	2	12	both_classes	197131|130056936	LOC130056936|UBR1
GC_212	2	14	5	9	both_classes	212|108663984	ALAS2|LOC108663984
GC_23065	2	14	2	12	both_classes	23065|101927895	EMC1|EMC1-AS1
GC_23600	2	14	1	13	both_classes	23600|100534612	AMACR|C1QTNF3-AMACR
GC_285025	2	14	0	14	benign_only	285025|129935191	CCDC141|LOC129935191
GC_2916	2	14	2	12	both_classes	2916|285676	GRM6|ZNF454
GC_359	2	14	14	0	pathogenic_only	359|101927318	AQP2|AQP5-AS1
GC_3748	2	14	2	12	both_classes	3748|111811967	KCNC3|LOC111811967
GC_4201	2	14	13	1	both_classes	4201|5528	MEA1|PPP2R5D
GC_5351	2	14	2	12	both_classes	5351|112577486	LOC112577486|PLOD1
GC_54332	2	14	14	0	pathogenic_only	54332|130000622	GDAP1|LOC130000622
GC_55628	2	14	0	14	benign_only	55628|126862798	LOC126862798|ZNF407
GC_57619	2	14	0	14	benign_only	57619|105377289	SHROOM3|SHROOM3-AS1
GC_582	2	14	11	3	both_classes	582|254359	BBS1|ZDHHC24
GC_9604	2	14	0	14	benign_only	9604|51294	PCDH12|RNF14
GC_10472	1	14	10	4	both_classes	10472	ZBTB18
GC_11136	1	14	10	4	both_classes	11136	SLC7A9
GC_1181	1	14	3	11	both_classes	1181	CLCN2
GC_1457	1	14	13	1	both_classes	1457	CSNK2A1
GC_146754	1	14	0	14	benign_only	146754	DNAH2
GC_161742	1	14	4	10	both_classes	161742	SPRED1
GC_163782	1	14	0	14	benign_only	163782	KANK4
GC_166379	1	14	4	10	both_classes	166379	BBS12
GC_169522	1	14	3	11	both_classes	169522	KCNV2
GC_169792	1	14	0	14	benign_only	169792	GLIS3
GC_1962	1	14	0	14	benign_only	1962	EHHADH
GC_23020	1	14	7	7	both_classes	23020	SNRNP200
GC_23353	1	14	0	14	benign_only	23353	SUN1
GC_26873	1	14	0	14	benign_only	26873	OPLAH
GC_2741	1	14	8	6	both_classes	2741	GLRA1
GC_2798	1	14	14	0	pathogenic_only	2798	GNRHR
GC_2815	1	14	10	4	both_classes	2815	GP9
GC_3032	1	14	13	1	both_classes	3032	HADHB
GC_3426	1	14	2	12	both_classes	3426	CFI
GC_3587	1	14	1	13	both_classes	3587	IL10RA
GC_3664	1	14	11	3	both_classes	3664	IRF6
GC_3689	1	14	7	7	both_classes	3689	ITGB2
GC_3798	1	14	12	2	both_classes	3798	KIF5A
GC_3815	1	14	9	5	both_classes	3815	KIT
GC_3848	1	14	7	7	both_classes	3848	KRT1
GC_3918	1	14	1	13	both_classes	3918	LAMC2
GC_3978	1	14	0	14	benign_only	3978	LIG1
GC_3981	1	14	7	7	both_classes	3981	LIG4
GC_415	1	14	3	11	both_classes	415	ARSL
GC_4288	1	14	0	14	benign_only	4288	MKI67
GC_4593	1	14	3	11	both_classes	4593	MUSK
GC_4784	1	14	12	2	both_classes	4784	NFIX
GC_4935	1	14	9	5	both_classes	4935	GPR143
GC_4983	1	14	1	13	both_classes	4983	OPHN1
GC_4998	1	14	3	11	both_classes	4998	ORC1
GC_50814	1	14	0	14	benign_only	50814	NSDHL
GC_5145	1	14	9	5	both_classes	5145	PDE6A
GC_5362	1	14	0	14	benign_only	5362	PLXNA2
GC_54453	1	14	0	14	benign_only	54453	RIN2
GC_54714	1	14	3	11	both_classes	54714	CNGB3
GC_54862	1	14	0	14	benign_only	54862	CC2D1A
GC_5506	1	14	0	14	benign_only	5506	PPP1R3A
GC_55655	1	14	0	14	benign_only	55655	NLRP2
GC_55869	1	14	6	8	both_classes	55869	HDAC8
GC_57647	1	14	2	12	both_classes	57647	DHX37
GC_580	1	14	2	12	both_classes	580	BARD1
GC_6332	1	14	0	14	benign_only	6332	SCN7A
GC_6506	1	14	1	13	both_classes	6506	SLC1A2
GC_7415	1	14	13	1	both_classes	7415	VCP
GC_7486	1	14	2	12	both_classes	7486	WRN
GC_7498	1	14	0	14	benign_only	7498	XDH
GC_79188	1	14	1	13	both_classes	79188	TMEM43
GC_79631	1	14	0	14	benign_only	79631	EFL1
GC_8218	1	14	0	14	benign_only	8218	CLTCL1
GC_8239	1	14	2	12	both_classes	8239	USP9X
GC_84070	1	14	0	14	benign_only	84070	FAM186B
GC_84818	1	14	0	14	benign_only	84818	IL17RC
GC_84976	1	14	0	14	benign_only	84976	DISP1
GC_9051	1	14	2	12	both_classes	9051	PSTPIP1
GC_9132	1	14	8	6	both_classes	9132	KCNQ4
GC_9871	1	14	1	13	both_classes	9871	SEC24D
GC_3973	3	13	6	7	both_classes	3973|11037|286749	LHCGR|STON1|STON1-GTF2A1L
GC_5892	3	13	1	12	both_classes	5892|117584|100529207	RAD51D|RAD51L3-RFFL|RFFL
GC_6905	3	13	2	11	both_classes	6905|148789|126806060	B3GALNT2|LOC126806060|TBCE
GC_9131	3	13	3	10	both_classes	9131|9363|130068679	AIFM1|LOC130068679|RAB33A
GC_967	3	13	10	3	both_classes	967|5959|100528022	BLOC1S1-RDH5|CD63|RDH5
GC_10587	2	13	0	13	benign_only	10587|130066960	LOC130066960|TXNRD2
GC_151613	2	13	0	13	benign_only	151613|339829	CCDC39|TTC14
GC_1621	2	13	0	13	benign_only	1621|138948	DBH|DBH-AS1
GC_1690	2	13	6	7	both_classes	1690|100506071	COCH|COCH-AS1
GC_2245	2	13	3	10	both_classes	2245|90121	FGD1|TSR2
GC_23155	2	13	1	12	both_classes	23155|29899	CLCC1|GPSM2
GC_23474	2	13	11	2	both_classes	23474|130064595	ETHE1|LOC130064595
GC_2812	2	13	10	3	both_classes	2812|100526833	GP1BB|SEPT5-GP1BB
GC_29925	2	13	10	3	both_classes	29925|63891	GMPPB|RNF123
GC_340061	2	13	3	10	both_classes	340061|123522803	LOC123522803|STING1
GC_4038	2	13	1	12	both_classes	4038|100507401	LRP4|LRP4-AS1
GC_4281	2	13	1	12	both_classes	4281|126863207	LOC126863207|MID1
GC_4796	2	13	1	12	both_classes	4796|100287098	TONSL|TONSL-AS1
GC_4811	2	13	0	13	benign_only	4811|107546745	LOC107546745|NID1
GC_5156	2	13	0	13	benign_only	5156|126807054	LOC126807054|PDGFRA
GC_5311	2	13	6	7	both_classes	5311|129992813	LOC129992813|PKD2
GC_55811	2	13	0	13	benign_only	55811|55827	ADCY10|DCAF6
GC_56203	2	13	1	12	both_classes	56203|126806710	LMOD3|LOC126806710
GC_57731	2	13	0	13	benign_only	57731|130064467	LOC130064467|SPTBN4
GC_7259	2	13	0	13	benign_only	7259|29940	DSE|TSPYL1
GC_776	2	13	2	11	both_classes	776|129936904	CACNA1D|LOC129936904
GC_79583	2	13	3	10	both_classes	79583|130059440	LOC130059440|TMEM231
GC_81620	2	13	1	12	both_classes	81620|130059759	CDT1|LOC130059759
GC_9620	2	13	0	13	benign_only	9620|121627952	CELSR1|LOC121627952
GC_9731	2	13	0	13	benign_only	9731|126805586	CEP104|LOC126805586
GC_10046	1	13	0	13	benign_only	10046	MAMLD1
GC_10083	1	13	3	10	both_classes	10083	USH1C
GC_10594	1	13	13	0	pathogenic_only	10594	PRPF8
GC_10682	1	13	7	6	both_classes	10682	EBP
GC_114327	1	13	0	13	benign_only	114327	EFHC1
GC_136371	1	13	0	13	benign_only	136371	ASB10
GC_1441	1	13	2	11	both_classes	1441	CSF3R
GC_146862	1	13	2	11	both_classes	146862	UNC45B
GC_153241	1	13	1	12	both_classes	153241	CEP120
GC_166378	1	13	6	7	both_classes	166378	AFG2A
GC_1969	1	13	0	13	benign_only	1969	EPHA2
GC_2055	1	13	10	3	both_classes	2055	CLN8
GC_22899	1	13	0	13	benign_only	22899	ARHGEF15
GC_22995	1	13	1	12	both_classes	22995	CEP152
GC_23193	1	13	1	12	both_classes	23193	GANAB
GC_23523	1	13	0	13	benign_only	23523	CABIN1
GC_2692	1	13	8	5	both_classes	2692	GHRHR
GC_345193	1	13	0	13	benign_only	345193	LRIT3
GC_3736	1	13	12	1	both_classes	3736	KCNA1
GC_4010	1	13	10	3	both_classes	4010	LMX1B
GC_4047	1	13	2	11	both_classes	4047	LSS
GC_4131	1	13	0	13	benign_only	4131	MAP1B
GC_4171	1	13	0	13	benign_only	4171	MCM2
GC_421	1	13	0	13	benign_only	421	ARVCF
GC_4261	1	13	0	13	benign_only	4261	CIITA
GC_4337	1	13	5	8	both_classes	4337	MOCS1
GC_4640	1	13	0	13	benign_only	4640	MYO1A
GC_4688	1	13	3	10	both_classes	4688	NCF2
GC_5337	1	13	1	12	both_classes	5337	PLD1
GC_54894	1	13	0	13	benign_only	54894	RNF43
GC_55112	1	13	0	13	benign_only	55112	DYNC2I1
GC_55526	1	13	0	13	benign_only	55526	DHTKD1
GC_55780	1	13	0	13	benign_only	55780	ERMARD
GC_56154	1	13	0	13	benign_only	56154	TEX15
GC_5660	1	13	8	5	both_classes	5660	PSAP
GC_57688	1	13	1	12	both_classes	57688	ZSWIM6
GC_63925	1	13	0	13	benign_only	63925	ZNF335
GC_6916	1	13	1	12	both_classes	6916	TBXAS1
GC_6929	1	13	1	12	both_classes	6929	TCF3
GC_6948	1	13	0	13	benign_only	6948	TCN2
GC_7045	1	13	8	5	both_classes	7045	TGFBI
GC_79651	1	13	1	12	both_classes	79651	RHBDF2
GC_79955	1	13	2	11	both_classes	79955	PDZD7
GC_81494	1	13	0	13	benign_only	81494	CFHR5
GC_81796	1	13	0	13	benign_only	81796	SLCO5A1
GC_8260	1	13	13	0	pathogenic_only	8260	NAA10
GC_8867	1	13	1	12	both_classes	8867	SYNJ1
GC_90167	1	13	7	6	both_classes	90167	FRMD7
GC_9049	1	13	3	10	both_classes	9049	AIP
GC_92749	1	13	0	13	benign_only	92749	DRC1
GC_9509	1	13	0	13	benign_only	9509	ADAMTS2
GC_9639	1	13	0	13	benign_only	9639	ARHGEF10
GC_550	4	12	0	12	benign_only	550|1796|27429|84695	AUP1|DOK1|HTRA2|LOXL3
GC_701	4	12	0	12	benign_only	701|56924|106821730|130056830	BUB1B|BUB1B-PAK6|LOC130056830|PAK6
GC_29118	3	12	2	10	both_classes	29118|83480|219844	DDX25|HYLS1|PUS3
GC_375298	3	12	7	5	both_classes	375298|129935214|129935215	CERKL|LOC129935214|LOC129935215
GC_4285	3	12	1	11	both_classes	4285|387911|542767	C1QTNF9B|MIPEP|PCOTH
GC_59344	3	12	4	8	both_classes	59344|126862485|130060198	ALOXE3|LOC126862485|LOC130060198
GC_6834	3	12	9	3	both_classes	6834|6835|130002900	LOC130002900|SURF1|SURF2
GC_8241	3	12	2	10	both_classes	8241|54539|130068208	LOC130068208|NDUFB11|RBM10
GC_957	3	12	1	11	both_classes	957|51004|145483	COQ6|ENTPD5|FAM161B
GC_1041	2	12	0	12	benign_only	1041|170679	CDSN|PSORS1C1
GC_11128	2	12	7	5	both_classes	11128|126860970	LOC126860970|POLR3A
GC_112476	2	12	3	9	both_classes	112476|112268170	MVP-DT|PRRT2
GC_1184	2	12	4	8	both_classes	1184|126863258	CLCN5|LOC126863258
GC_1298	2	12	0	12	benign_only	1298|129930261	COL9A2|LOC129930261
GC_150468	2	12	0	12	benign_only	150468|284958	CKAP2L|NT5DC4
GC_1523	2	12	0	12	benign_only	1523|126860126	CUX1|LOC126860126
GC_1917	2	12	11	1	both_classes	1917|132090595	EEF1A2|LOC132090595
GC_26115	2	12	0	12	benign_only	26115|105371856	LOC105371856|TANC2
GC_3679	2	12	0	12	benign_only	3679|126861535	ITGA7|LOC126861535
GC_4214	2	12	1	11	both_classes	4214|129993918	LOC129993918|MAP3K1
GC_4693	2	12	11	1	both_classes	4693|100873919	NDP|NDP-AS1
GC_4747	2	12	8	4	both_classes	4747|126860330	LOC126860330|NEFL
GC_51117	2	12	4	8	both_classes	51117|130002704	COQ4|LOC130002704
GC_57822	2	12	1	11	both_classes	57822|90529	GRHL3|STPG1
GC_5813	2	12	11	1	both_classes	5813|129994826	LOC129994826|PURA
GC_6674	2	12	0	12	benign_only	6674|130000832	LOC130000832|SPAG1
GC_670	2	12	10	2	both_classes	670|7280	BPHL|TUBB2A
GC_6786	2	12	3	9	both_classes	6786|124418421	LOC124418421|STIM1
GC_6840	2	12	0	12	benign_only	6840|102724316	SVIL|SVIL-AS1
GC_778	2	12	2	10	both_classes	778|126863257	CACNA1F|LOC126863257
GC_79152	2	12	8	4	both_classes	79152|130059394	FA2H|LOC130059394
GC_79809	2	12	1	11	both_classes	79809|100506134	TTC21B|TTC21B-AS1
GC_8086	2	12	9	3	both_classes	8086|130007973	AAAS|LOC130007973
GC_81624	2	12	0	12	benign_only	81624|100874195	DIAPH3|DIAPH3-AS1
GC_8200	2	12	4	8	both_classes	8200|554250	GDF5|GDF5-AS1
GC_902	2	12	0	12	benign_only	902|5921	CCNH|RASA1
GC_9365	2	12	0	12	benign_only	9365|130009539	KL|LOC130009539
GC_9499	2	12	5	7	both_classes	9499|101928005	MYOT|PKD2L2-DT
GC_9567	2	12	0	12	benign_only	9567|25777	GTPBP1|SUN2
GC_10166	1	12	11	1	both_classes	10166	SLC25A15
GC_10558	1	12	6	6	both_classes	10558	SPTLC1
GC_10664	1	12	10	2	both_classes	10664	CTCF
GC_10721	1	12	0	12	benign_only	10721	POLQ
GC_1075	1	12	9	3	both_classes	1075	CTSC
GC_10908	1	12	7	5	both_classes	10908	PNPLA6
GC_1141	1	12	4	8	both_classes	1141	CHRNB2
GC_123263	1	12	2	10	both_classes	123263	MTFMT
GC_126410	1	12	7	5	both_classes	126410	CYP4F22
GC_131377	1	12	4	8	both_classes	131377	KLHL40
GC_146057	1	12	0	12	benign_only	146057	TTBK2
GC_1513	1	12	11	1	both_classes	1513	CTSK
GC_1536	1	12	9	3	both_classes	1536	CYBB
GC_1737	1	12	1	11	both_classes	1737	DLAT
GC_2058	1	12	0	12	benign_only	2058	EPRS1
GC_2064	1	12	0	12	benign_only	2064	ERBB2
GC_2218	1	12	7	5	both_classes	2218	FKTN
GC_22953	1	12	1	11	both_classes	22953	P2RX2
GC_23005	1	12	0	12	benign_only	23005	MAPKBP1
GC_23162	1	12	4	8	both_classes	23162	MAPK8IP3
GC_23218	1	12	1	11	both_classes	23218	NBEAL2
GC_23229	1	12	5	7	both_classes	23229	ARHGEF9
GC_2334	1	12	0	12	benign_only	2334	AFF2
GC_2554	1	12	10	2	both_classes	2554	GABRA1
GC_25861	1	12	0	12	benign_only	25861	WHRN
GC_25878	1	12	0	12	benign_only	25878	MXRA5
GC_26235	1	12	11	1	both_classes	26235	FBXL4
GC_268	1	12	4	8	both_classes	268	AMH
GC_2697	1	12	11	1	both_classes	2697	GJA1
GC_285590	1	12	1	11	both_classes	285590	SH3PXD2B
GC_29954	1	12	8	4	both_classes	29954	POMT2
GC_347733	1	12	11	1	both_classes	347733	TUBB2B
GC_351	1	12	8	4	both_classes	351	APP
GC_3735	1	12	5	7	both_classes	3735	KARS1
GC_3854	1	12	2	10	both_classes	3854	KRT6B
GC_3868	1	12	5	7	both_classes	3868	KRT16
GC_3889	1	12	1	11	both_classes	3889	KRT83
GC_3920	1	12	3	9	both_classes	3920	LAMP2
GC_4035	1	12	0	12	benign_only	4035	LRP1
GC_4143	1	12	12	0	pathogenic_only	4143	MAT1A
GC_4157	1	12	0	12	benign_only	4157	MC1R
GC_4548	1	12	1	11	both_classes	4548	MTR
GC_4641	1	12	0	12	benign_only	4641	MYO1C
GC_4920	1	12	0	12	benign_only	4920	ROR2
GC_51422	1	12	7	5	both_classes	51422	PRKAG2
GC_5167	1	12	8	4	both_classes	5167	ENPP1
GC_5332	1	12	3	9	both_classes	5332	PLCB4
GC_53405	1	12	0	12	benign_only	53405	CLIC5
GC_53904	1	12	1	11	both_classes	53904	MYO3A
GC_5493	1	12	0	12	benign_only	5493	PPL
GC_55129	1	12	1	11	both_classes	55129	ANO10
GC_55163	1	12	11	1	both_classes	55163	PNPO
GC_55250	1	12	2	10	both_classes	55250	ELP2
GC_55605	1	12	2	10	both_classes	55605	KIF21A
GC_55914	1	12	0	12	benign_only	55914	ERBIN
GC_5625	1	12	0	12	benign_only	5625	PRODH
GC_5626	1	12	9	3	both_classes	5626	PROP1
GC_57194	1	12	0	12	benign_only	57194	ATP10A
GC_6324	1	12	4	8	both_classes	6324	SCN1B
GC_64802	1	12	11	1	both_classes	64802	NMNAT1
GC_6575	1	12	4	8	both_classes	6575	SLC20A2
GC_6598	1	12	11	1	both_classes	6598	SMARCB1
GC_6891	1	12	0	12	benign_only	6891	TAP2
GC_7297	1	12	0	12	benign_only	7297	TYK2
GC_731	1	12	0	12	benign_only	731	C8A
GC_755	1	12	5	7	both_classes	755	CFAP410
GC_79776	1	12	0	12	benign_only	79776	ZFHX4
GC_8216	1	12	9	3	both_classes	8216	LZTR1
GC_83987	1	12	0	12	benign_only	83987	CCDC8
GC_83990	1	12	6	6	both_classes	83990	BRIP1
GC_8838	1	12	6	6	both_classes	8838	CCN6
GC_9333	1	12	2	10	both_classes	9333	TGM5
GC_9427	1	12	5	7	both_classes	9427	ECEL1
GC_9652	1	12	1	11	both_classes	9652	SKIC3
GC_9895	1	12	0	12	benign_only	9895	TECPR2
GC_4905	5	11	2	9	both_classes	4905|7484|9570|474170|126862578	GOSR2|LOC126862578|LRRC37A2|NSF|WNT9B
GC_10667	4	11	7	4	both_classes	10667|57128|126859565|129995672	FARS2|LOC126859565|LOC129995672|LYRM4
GC_2330	4	11	0	11	benign_only	2330|9557|126805854|129931354	CHD1L|FMO5|LOC126805854|LOC129931354
GC_1774	3	11	10	1	both_classes	1774|6901|130068869	DNASE1L1|LOC130068869|TAFAZZIN
GC_1823	3	11	0	11	benign_only	1823|1824|101927698	DSC1|DSC2|DSCAS
GC_2857	3	11	6	5	both_classes	2857|8573|27197	CASK|GPR34|GPR82
GC_3764	3	11	6	5	both_classes	3764|10060|105369689	ABCC9|KCNJ8|KCNJ8-AS1
GC_4522	3	11	2	9	both_classes	4522|7597|9495	AKAP5|MTHFD1|ZBTB25
GC_7020	3	11	11	0	pathogenic_only	7020|109729173|121740638	LOC121740638|TFAP2A|TFAP2A-AS2
GC_9256	3	11	0	11	benign_only	9256|100506779|130061277	LOC130061277|TSPOAP1|TSPOAP1-AS1
GC_10102	2	11	2	9	both_classes	10102|10677	AVIL|TSFM
GC_10210	2	11	0	11	benign_only	10210|100129250	TOPORS|TZMP1
GC_1121	2	11	2	9	both_classes	1121|129391306	CHM|LOC129391306
GC_11253	2	11	2	9	both_classes	11253|130003079	LOC130003079|MAN1B1
GC_22845	2	11	1	10	both_classes	22845|23511	DOLK|NUP188
GC_3069	2	11	0	11	benign_only	3069|50636	ANO7|HDLBP
GC_3796	2	11	4	7	both_classes	3796|129993961	KIF2A|LOC129993961
GC_3931	2	11	8	3	both_classes	3931|6560	LCAT|SLC12A4
GC_476	2	11	7	4	both_classes	476|84852	ATP1A1|ATP1A1-AS1
GC_4882	2	11	5	6	both_classes	4882|26206	NPR2|SPAG8
GC_51010	2	11	6	5	both_classes	51010|158234	EXOSC3|TRMT10B
GC_5644	2	11	7	4	both_classes	5644|6957	PRSS1|TRB
GC_57188	2	11	0	11	benign_only	57188|132090352	ADAMTSL3|LOC132090352
GC_57539	2	11	1	10	both_classes	57539|129933186	LOC129933186|WDR35
GC_64131	2	11	1	10	both_classes	64131|102723692	LOC102723692|XYLT1
GC_715	2	11	3	8	both_classes	715|51279	C1R|C1RL
GC_7703	2	11	2	9	both_classes	7703|284106	CISD3|PCGF2
GC_7818	2	11	0	11	benign_only	7818|55249	DAP3|YY1AP1
GC_7841	2	11	0	11	benign_only	7841|129934128	LOC129934128|MOGS
GC_79587	2	11	1	10	both_classes	79587|130010127	CARS2|LOC130010127
GC_860	2	11	9	2	both_classes	860|109611589	LOC109611589|RUNX2
GC_9076	2	11	7	4	both_classes	9076|10686	CLDN1|CLDN16
GC_9101	2	11	0	11	benign_only	9101|373509	USP50|USP8
GC_9437	2	11	2	9	both_classes	9437|199713	NCR1|NLRP7
GC_9451	2	11	2	9	both_classes	9451|101928371	EIF2AK3|EIF2AK3-AS1
GC_9897	2	11	6	5	both_classes	9897|126860498	LOC126860498|WASHC5
GC_1028	1	11	4	7	both_classes	1028	CDKN1C
GC_11107	1	11	2	9	both_classes	11107	PRDM5
GC_116447	1	11	0	11	benign_only	116447	TOP1MT
GC_117531	1	11	9	2	both_classes	117531	TMC1
GC_128989	1	11	5	6	both_classes	128989	TANGO2
GC_131873	1	11	0	11	benign_only	131873	COL6A6
GC_146206	1	11	1	10	both_classes	146206	CARMIL2
GC_149461	1	11	4	7	both_classes	149461	CLDN19
GC_151056	1	11	0	11	benign_only	151056	PLB1
GC_152137	1	11	0	11	benign_only	152137	CCDC50
GC_16	1	11	2	9	both_classes	16	AARS1
GC_161497	1	11	2	9	both_classes	161497	STRC
GC_164656	1	11	2	9	both_classes	164656	TMPRSS6
GC_1727	1	11	7	4	both_classes	1727	CYB5R3
GC_1729	1	11	0	11	benign_only	1729	DIAPH1
GC_1959	1	11	9	2	both_classes	1959	EGR2
GC_2132	1	11	3	8	both_classes	2132	EXT2
GC_23040	1	11	4	7	both_classes	23040	MYT1L
GC_23141	1	11	0	11	benign_only	23141	ANKLE2
GC_23310	1	11	0	11	benign_only	23310	NCAPD3
GC_23317	1	11	0	11	benign_only	23317	DNAJC13
GC_23370	1	11	0	11	benign_only	23370	ARHGEF18
GC_2516	1	11	9	2	both_classes	2516	NR5A1
GC_256471	1	11	8	3	both_classes	256471	MFSD8
GC_27068	1	11	4	7	both_classes	27068	PPA2
GC_27241	1	11	0	11	benign_only	27241	BBS9
GC_286077	1	11	0	11	benign_only	286077	FAM83H|SACK1H
GC_3098	1	11	7	4	both_classes	3098	HK1
GC_4160	1	11	9	2	both_classes	4160	MC4R
GC_4860	1	11	7	4	both_classes	4860	PNP
GC_50943	1	11	6	5	both_classes	50943	FOXP3
GC_51604	1	11	5	6	both_classes	51604	PIGT
GC_53353	1	11	0	11	benign_only	53353	LRP1B
GC_54209	1	11	3	8	both_classes	54209	TREM2
GC_55139	1	11	0	11	benign_only	55139	ANKZF1
GC_55157	1	11	7	4	both_classes	55157	DARS2
GC_55172	1	11	0	11	benign_only	55172	DNAAF2
GC_55180	1	11	0	11	benign_only	55180	LINS1
GC_55714	1	11	0	11	benign_only	55714	TENM3
GC_55755	1	11	0	11	benign_only	55755	CDK5RAP2
GC_55768	1	11	3	8	both_classes	55768	NGLY1
GC_5582	1	11	9	2	both_classes	5582	PRKCG
GC_5654	1	11	7	4	both_classes	5654	HTRA1
GC_56776	1	11	1	10	both_classes	56776	FMN2
GC_56975	1	11	1	10	both_classes	56975	FAM20C
GC_5788	1	11	0	11	benign_only	5788	PTPRC
GC_5831	1	11	7	4	both_classes	5831	PYCR1
GC_58484	1	11	3	8	both_classes	58484	NLRC4
GC_5889	1	11	8	3	both_classes	5889	RAD51C
GC_65055	1	11	4	7	both_classes	65055	REEP1
GC_6616	1	11	9	2	both_classes	6616	SNAP25
GC_6821	1	11	6	5	both_classes	6821	SUOX
GC_7011	1	11	0	11	benign_only	7011	TEP1
GC_7177	1	11	0	11	benign_only	7177	TPSAB1
GC_7225	1	11	6	5	both_classes	7225	TRPC6
GC_78987	1	11	0	11	benign_only	78987	CRELD1
GC_79947	1	11	10	1	both_classes	79947	DHDDS
GC_80704	1	11	6	5	both_classes	80704	SLC19A3
GC_81545	1	11	0	11	benign_only	81545	FBXO38
GC_8643	1	11	0	11	benign_only	8643	PTCH2
GC_88	1	11	3	8	both_classes	88	ACTN2
GC_90678	1	11	3	8	both_classes	90678	LRSAM1
GC_9247	1	11	1	10	both_classes	9247	GCM2
GC_9289	1	11	4	7	both_classes	9289	ADGRG1
GC_945	1	11	0	11	benign_only	945	CD33
GC_9563	1	11	0	11	benign_only	9563	H6PD
GC_9791	1	11	1	10	both_classes	9791	PTDSS1
GC_9935	1	11	6	5	both_classes	9935	MAFB
GC_1588	4	10	5	5	both_classes	1588|388121|100313865|109729174	CYP19A1|MIR4713HG|PIRC66|TIPE3
GC_25953	4	10	2	8	both_classes	25953|64114|103689911|129935594	CATIP-AS2|LOC129935594|PNKD|TMBIM1
GC_4926	4	10	0	10	benign_only	4926|10068|100128494|126861257	IL18BP|LOC126861257|NUMA1|NUMA1-AS1
GC_8050	4	10	0	10	benign_only	8050|51074|130005547|130005549	APIP|LOC130005547|LOC130005549|PDHX
GC_10919	3	10	1	9	both_classes	10919|80736|107986588	EHMT2|EHMT2-AS1|SLC44A4
GC_11277	3	10	2	8	both_classes	11277|84126|111822955	ATRIP|ATRIP-TREX1|TREX1
GC_1760	3	10	0	10	benign_only	1760|147912|107075317	DMPK|LOC107075317|SIX5
GC_23001	3	10	2	8	both_classes	23001|100874023|126807101	LOC126807101|WDFY3|WDFY3-AS1
GC_2785	3	10	4	6	both_classes	2785|26580|100534595	BSCL2|GNG3|HNRNPUL2-BSCL2
GC_3455	3	10	0	10	benign_only	3455|3588|127882475	IFNAR2|IFNAR2-IL10RB|IL10RB
GC_352909	3	10	1	9	both_classes	352909|101930593|130065090	DNAAF3|DNAAF3-AS1|LOC130065090
GC_640	3	10	0	10	benign_only	640|105379241|126860303	BLK|BLK-AS1|LOC126860303
GC_10087	2	10	1	9	both_classes	10087|51426	CERT1|POLK
GC_10464	2	10	1	9	both_classes	10464|22894	DIS3|PIBF1
GC_10479	2	10	0	10	benign_only	10479|130068746	LOC130068746|SLC9A6
GC_10841	2	10	0	10	benign_only	10841|100861507	FTCD|FTCD-AS1
GC_11234	2	10	0	10	benign_only	11234|130005404	HPS5|LOC130005404
GC_1719	2	10	1	9	both_classes	1719|4437	DHFR|MSH3
GC_1789	2	10	8	2	both_classes	1789|126863014	DNMT3B|LOC126863014
GC_2232	2	10	4	6	both_classes	2232|112533667	FDXR|LOC112533667
GC_22909	2	10	0	10	benign_only	22909|54893	FAN1|MTMR10
GC_23765	2	10	0	10	benign_only	23765|130066894	IL17RA|LOC130066894
GC_2517	2	10	2	8	both_classes	2517|126805661	FUCA1|LOC126805661
GC_27109	2	10	5	5	both_classes	27109|79944	DMAC2L|L2HGDH
GC_28514	2	10	0	10	benign_only	28514|126859913	DLL1|LOC126859913
GC_28982	2	10	6	4	both_classes	28982|129932486	FLVCR1|LOC129932486
GC_2906	2	10	2	8	both_classes	2906|130064857	GRIN2D|LOC130064857
GC_29994	2	10	1	9	both_classes	29994|126806390	BAZ2B|LOC126806390
GC_3030	2	10	7	3	both_classes	3030|150946	GAREM2|HADHA
GC_3273	2	10	0	10	benign_only	3273|126806897	HRG|LOC126806897
GC_342618	2	10	1	9	both_classes	342618|107985033	LOC107985033|SLFN14
GC_3704	2	10	1	9	both_classes	3704|130065322	ITPA|LOC130065322
GC_4901	2	10	4	6	both_classes	4901|5106	NRL|PCK2
GC_49855	2	10	0	10	benign_only	49855|126862183	LOC126862183|SCAPER
GC_5178	2	10	0	10	benign_only	5178|23619	PEG3|ZIM2
GC_5236	2	10	5	5	both_classes	5236|129930668	LOC129930668|PGM1
GC_54715	2	10	0	10	benign_only	54715|126862279	LOC126862279|RBFOX1
GC_55764	2	10	1	9	both_classes	55764|126806810	IFT122|LOC126806810
GC_55812	2	10	1	9	both_classes	55812|130056226	LOC130056226|SPATA7
GC_55872	2	10	1	9	both_classes	55872|157570	ESCO2|PBK
GC_6092	2	10	0	10	benign_only	6092|126806727	LOC126806727|ROBO2
GC_6499	2	10	0	10	benign_only	6499|126859653	LOC126859653|SKIC2
GC_6578	2	10	4	6	both_classes	6578|123038185	LOC123038185|SLCO2A1
GC_6727	2	10	0	10	benign_only	6727|440275	EIF2AK4|SRP14
GC_7128	2	10	0	10	benign_only	7128|126859807	LOC126859807|TNFAIP3
GC_7291	2	10	9	1	both_classes	7291|129998021	LOC129998021|TWIST1
GC_79178	2	10	0	10	benign_only	79178|85446	THTPA|ZFHX2
GC_83552	2	10	4	6	both_classes	83552|114902	C1QTNF5|MFRP
GC_87178	2	10	4	6	both_classes	87178|129933770	LOC129933770|PNPT1
GC_9578	2	10	4	6	both_classes	9578|126862066	CDC42BPB|LOC126862066
GC_10049	1	10	7	3	both_classes	10049	DNAJB6
GC_10128	1	10	1	9	both_classes	10128	LRPPRC
GC_10165	1	10	10	0	pathogenic_only	10165	SLC25A13
GC_10300	1	10	0	10	benign_only	10300	KATNB1
GC_1071	1	10	0	10	benign_only	1071	CETP
GC_11113	1	10	0	10	benign_only	11113	CIT
GC_11141	1	10	0	10	benign_only	11141	IL1RAPL1
GC_112802	1	10	0	10	benign_only	112802	KRT71
GC_124454	1	10	5	5	both_classes	124454	EARS2
GC_1380	1	10	0	10	benign_only	1380	CR2
GC_1438	1	10	0	10	benign_only	1438	CSF2RA
GC_148738	1	10	8	2	both_classes	148738	HJV
GC_1535	1	10	7	3	both_classes	1535	CYBA
GC_165	1	10	0	10	benign_only	165	AEBP1
GC_1738	1	10	7	3	both_classes	1738	DLD
GC_1807	1	10	6	4	both_classes	1807	DPYS
GC_1954	1	10	0	10	benign_only	1954	MEGF8
GC_1956	1	10	0	10	benign_only	1956	EGFR
GC_197258	1	10	0	10	benign_only	197258	FCSK
GC_199221	1	10	0	10	benign_only	199221	DZIP1L
GC_2072	1	10	3	7	both_classes	2072	ERCC4
GC_219578	1	10	0	10	benign_only	219578	ZNF804B
GC_2243	1	10	5	5	both_classes	2243	FGA
GC_2273	1	10	4	6	both_classes	2273	FHL1
GC_229	1	10	8	2	both_classes	229	ALDOB
GC_22906	1	10	0	10	benign_only	22906	TRAK1
GC_23093	1	10	1	9	both_classes	23093	TTLL5
GC_23129	1	10	0	10	benign_only	23129	PLXND1
GC_23336	1	10	0	10	benign_only	23336	SYNM
GC_23476	1	10	1	9	both_classes	23476	BRD4
GC_2521	1	10	7	3	both_classes	2521	FUS
GC_26146	1	10	0	10	benign_only	26146	IFT54|TRAF3IP1
GC_26227	1	10	7	3	both_classes	26227	PHGDH
GC_2628	1	10	4	6	both_classes	2628	GATM
GC_2658	1	10	1	9	both_classes	2658	GDF2
GC_286676	1	10	1	9	both_classes	286676	ILDR1
GC_2911	1	10	0	10	benign_only	2911	GRM1
GC_29119	1	10	0	10	benign_only	29119	CTNNA3
GC_343171	1	10	0	10	benign_only	343171	OR2W3
GC_345895	1	10	0	10	benign_only	345895	RSPH4A
GC_3547	1	10	0	10	benign_only	3547	IGSF1
GC_3595	1	10	0	10	benign_only	3595	IL12RB2
GC_3617	1	10	0	10	benign_only	3617	IMPG1
GC_3730	1	10	1	9	both_classes	3730	ANOS1
GC_3818	1	10	1	9	both_classes	3818	KLKB1
GC_3954	1	10	0	10	benign_only	3954	LETM1
GC_3977	1	10	1	9	both_classes	3977	LIFR
GC_401124	1	10	0	10	benign_only	401124	DTHD1
GC_4053	1	10	1	9	both_classes	4053	LTBP2
GC_4306	1	10	0	10	benign_only	4306	NR3C2
GC_4351	1	10	7	3	both_classes	4351	MPI
GC_4358	1	10	10	0	pathogenic_only	4358	MPV17
GC_4849	1	10	1	9	both_classes	4849	CNOT3
GC_4938	1	10	0	10	benign_only	4938	OAS1
GC_5091	1	10	4	6	both_classes	5091	PC
GC_5119	1	10	0	10	benign_only	5119	CHMP1A
GC_51314	1	10	0	10	benign_only	51314	NME8
GC_51317	1	10	0	10	benign_only	51317	PHF21A
GC_51322	1	10	0	10	benign_only	51322	WAC
GC_525	1	10	6	4	both_classes	525	ATP6V1B1
GC_5265	1	10	6	4	both_classes	5265	SERPINA1
GC_5317	1	10	0	10	benign_only	5317	PKP1
GC_5378	1	10	0	10	benign_only	5378	PMS1
GC_55102	1	10	0	10	benign_only	55102	ATG2B
GC_55784	1	10	0	10	benign_only	55784	MCTP2
GC_55790	1	10	1	9	both_classes	55790	CSGALNACT1
GC_57591	1	10	0	10	benign_only	57591	MRTFA
GC_5836	1	10	4	6	both_classes	5836	PYGL
GC_5917	1	10	5	5	both_classes	5917	RARS1
GC_6338	1	10	3	7	both_classes	6338	SCNN1B
GC_64220	1	10	1	9	both_classes	64220	STRA6
GC_64241	1	10	2	8	both_classes	64241	ABCG8
GC_64446	1	10	1	9	both_classes	64446	DNAI2
GC_6445	1	10	7	3	both_classes	6445	SGCG
GC_6469	1	10	7	3	both_classes	6469	SHH
GC_657	1	10	9	1	both_classes	657	BMPR1A
GC_6768	1	10	0	10	benign_only	6768	ST14
GC_6772	1	10	10	0	pathogenic_only	6772	STAT1
GC_7042	1	10	6	4	both_classes	7042	TGFB2
GC_730	1	10	1	9	both_classes	730	C7
GC_735	1	10	0	10	benign_only	735	C9
GC_7507	1	10	4	6	both_classes	7507	XPA
GC_783	1	10	0	10	benign_only	783	CACNB2
GC_79581	1	10	8	2	both_classes	79581	SLC52A2
GC_8313	1	10	0	10	benign_only	8313	AXIN2
GC_84173	1	10	0	10	benign_only	84173	ELMOD3
GC_8458	1	10	0	10	benign_only	8458	TTF2
GC_8462	1	10	0	10	benign_only	8462	KLF11
GC_8493	1	10	0	10	benign_only	8493	PPM1D
GC_8525	1	10	0	10	benign_only	8525	DGKZ
GC_8542	1	10	0	10	benign_only	8542	APOL1
GC_889	1	10	4	6	both_classes	889	KRIT1
GC_8892	1	10	9	1	both_classes	8892	EIF2B2
GC_894	1	10	7	3	both_classes	894	CCND2
GC_93627	1	10	0	10	benign_only	93627	TBCK
GC_959	1	10	6	4	both_classes	959	CD40LG
GC_9907	1	10	0	10	benign_only	9907	AP5Z1
GC_998	1	10	10	0	pathogenic_only	998	CDC42
GC_10661	4	9	2	7	both_classes	10661|117125591|117125592|130063673	KLF1|LOC117125591|LOC117125592|LOC130063673
GC_2746	4	9	6	3	both_classes	2746|54537|130004254|130004255	GLUD1|LOC130004254|LOC130004255|SHLD2
GC_9875	4	9	1	8	both_classes	9875|56246|105372779|125418060	LOC125418060|MRAP|MRAP-AS1|URB1
GC_113612	3	9	4	5	both_classes	113612|166929|101929595	CYP2U1|CYP2U1-AS1|SGMS2
GC_28234	3	9	0	9	benign_only	28234|338821|115072896	SLCO1B3|SLCO1B3-SLCO1B7|SLCO1B7
GC_55779	3	9	0	9	benign_only	55779|100874029|127898559	CFAP44|CFAP44-AS1|SPICE1-CFAP44
GC_57719	3	9	0	9	benign_only	57719|84705|130063929	ANO8|GTPBP3|LOC130063929
GC_5992	3	9	4	5	both_classes	5992|55703|100287944	LOC100287944|POLR3B|RFX4
GC_64146	3	9	1	8	both_classes	64146|84342|130059304	COG8|LOC130059304|PDF
GC_6898	3	9	6	3	both_classes	6898|100132529|111413029	LOC111413029|TAT|TAT-AS1
GC_7080	3	9	7	2	both_classes	7080|253970|100506237	NKX2-1|NKX2-1-AS1|SFTA3
GC_728294	3	9	1	8	both_classes	728294|129936031|129936032	D2HGDH|LOC129936031|LOC129936032
GC_790	3	9	2	7	both_classes	790|126806171|126806172	CAD|LOC126806171|LOC126806172
GC_79718	3	9	9	0	pathogenic_only	79718|100874217|126806878	LOC126806878|TBL1XR1|TBL1XR1-AS1
GC_831	3	9	0	9	benign_only	831|5122|101929710	CAST|LOC101929710|PCSK1
GC_859	3	9	2	7	both_classes	859|5021|51066	CAV3|OXTR|SSUH2
GC_9391	3	9	6	3	both_classes	9391|55654|129934333	CIAO1|LOC129934333|TMEM127
GC_10771	2	9	3	6	both_classes	10771|126860802	LOC126860802|ZMYND11
GC_1161	2	9	8	1	both_classes	1161|105378991	ERCC8|ERCC8-AS1
GC_126206	2	9	0	9	benign_only	126206|126862935	LOC126862935|NLRP5
GC_1508	2	9	0	9	benign_only	1508|121268921	CTSB|LOC121268921
GC_1600	2	9	0	9	benign_only	1600|115209	DAB1|OMA1
GC_197322	2	9	3	6	both_classes	197322|125177393	ACSF3|LOC125177393
GC_201294	2	9	4	5	both_classes	201294|112533672	LOC112533672|UNC13D
GC_221322	2	9	0	9	benign_only	221322|132089326	LOC132089326|TBC1D32
GC_222546	2	9	1	8	both_classes	222546|127407129	LOC127407129|RFX6
GC_22954	2	9	2	7	both_classes	22954|23245	ASTN2|TRIM32
GC_2296	2	9	7	2	both_classes	2296|129995601	FOXC1|LOC129995601
GC_22983	2	9	2	7	both_classes	22983|112543452	LOC112543452|MAST1
GC_2301	2	9	1	8	both_classes	2301|102724077	FOXE3|LINC01389
GC_23031	2	9	2	7	both_classes	23031|126862876	LOC126862876|MAST3
GC_2322	2	9	0	9	benign_only	2322|130009448	FLT3|LOC130009448
GC_23586	2	9	0	9	benign_only	23586|130001628	LOC130001628|RIGI
GC_26277	2	9	4	5	both_classes	26277|130055403	LOC130055403|TINF2
GC_27235	2	9	3	6	both_classes	27235|112997540	COQ2|LOC112997540
GC_27329	2	9	0	9	benign_only	27329|85440	ANGPTL3|DOCK7
GC_3655	2	9	0	9	benign_only	3655|124900513	ITGA6|PDK1-AS1
GC_3717	2	9	1	8	both_classes	3717|11172	INSL6|JAK2
GC_3778	2	9	4	5	both_classes	3778|101929328	KCNMA1|KCNMA1-AS1
GC_3938	2	9	0	9	benign_only	3938|126806353	LCT|LOC126806353
GC_4338	2	9	2	7	both_classes	4338|129993881	LOC129993881|MOCS2
GC_4723	2	9	8	1	both_classes	4723|126861242	LOC126861242|NDUFV1
GC_4846	2	9	0	9	benign_only	4846|126860224	LOC126860224|NOS3
GC_51520	2	9	0	9	benign_only	51520|129389388	LARS1|LOC129389388
GC_5435	2	9	5	4	both_classes	5435|6663	POLR2F|SOX10
GC_55746	2	9	1	8	both_classes	55746|129932732	LOC129932732|NUP133
GC_6868	2	9	0	9	benign_only	6868|285148	ADAM17|IAH1
GC_7401	2	9	9	0	pathogenic_only	7401|116933	CLRN1|CLRN1-AS1
GC_7444	2	9	3	6	both_classes	7444|55120	FANCL|VRK2
GC_84905	2	9	0	9	benign_only	84905|101929746	ZNF341|ZNF341-AS1
GC_8803	2	9	3	6	both_classes	8803|130009747	LOC130009747|SUCLA2
GC_9056	2	9	7	2	both_classes	9056|130055324	LOC130055324|SLC7A7
GC_9627	2	9	0	9	benign_only	9627|153163	SNCAIP|SNCAIP-AS3
GC_9882	2	9	0	9	benign_only	9882|126861801	LOC126861801|TBC1D4
GC_10059	1	9	8	1	both_classes	10059	DNM1L
GC_10195	1	9	7	2	both_classes	10195	ALG3
GC_10274	1	9	3	6	both_classes	10274	STAG1
GC_1048	1	9	0	9	benign_only	1048	CEACAM5
GC_10514	1	9	0	9	benign_only	10514	MYBBP1A
GC_10749	1	9	3	6	both_classes	10749	KIF1C
GC_10878	1	9	0	9	benign_only	10878	CFHR3
GC_10998	1	9	0	9	benign_only	10998	SLC27A5
GC_11178	1	9	0	9	benign_only	11178	LZTS1
GC_11215	1	9	0	9	benign_only	11215	AKAP11
GC_11284	1	9	4	5	both_classes	11284	PNKP
GC_113278	1	9	1	8	both_classes	113278	SLC52A3
GC_126792	1	9	6	3	both_classes	126792	B3GALT6
GC_1314	1	9	2	7	both_classes	1314	COPA
GC_137902	1	9	0	9	benign_only	137902	PXDNL
GC_1460	1	9	9	0	pathogenic_only	1460	CSNK2B
GC_166785	1	9	8	1	both_classes	166785	MMAA
GC_170691	1	9	0	9	benign_only	170691	ADAMTS17
GC_1822	1	9	3	6	both_classes	1822	ATN1
GC_200403	1	9	0	9	benign_only	200403	VWA3B
GC_2146	1	9	6	3	both_classes	2146	EZH2
GC_221421	1	9	0	9	benign_only	221421	RSPH9
GC_22884	1	9	5	4	both_classes	22884	WDR37
GC_22930	1	9	1	8	both_classes	22930	RAB3GAP1
GC_22941	1	9	0	9	benign_only	22941	SHANK2
GC_23165	1	9	0	9	benign_only	23165	NUP205
GC_23742	1	9	0	9	benign_only	23742	NPAP1
GC_25794	1	9	0	9	benign_only	25794	FSCN2
GC_25913	1	9	5	4	both_classes	25913	POT1
GC_26011	1	9	0	9	benign_only	26011	TENM4
GC_2626	1	9	2	7	both_classes	2626	GATA4
GC_26750	1	9	0	9	benign_only	26750	RPS6KC1
GC_286262	1	9	0	9	benign_only	286262	TPRN
GC_286887	1	9	1	8	both_classes	286887	KRT6C
GC_29110	1	9	1	8	both_classes	29110	TBK1
GC_3155	1	9	8	1	both_classes	3155	HMGCL
GC_3158	1	9	8	1	both_classes	3158	HMGCS2
GC_337	1	9	0	9	benign_only	337	APOA4
GC_3376	1	9	0	9	benign_only	3376	IARS1
GC_3746	1	9	5	4	both_classes	3746	KCNC1
GC_3835	1	9	3	6	both_classes	3835	KIF22
GC_387733	1	9	2	7	both_classes	387733	IFITM5
GC_389434	1	9	4	5	both_classes	389434	IYD
GC_3930	1	9	4	5	both_classes	3930	LBR
GC_4072	1	9	1	8	both_classes	4072	EPCAM
GC_4166	1	9	7	2	both_classes	4166	CHST6
GC_51085	1	9	0	9	benign_only	51085	MLXIPL
GC_51364	1	9	2	7	both_classes	51364	ZMYND10
GC_5192	1	9	5	4	both_classes	5192	PEX10
GC_5213	1	9	4	5	both_classes	5213	PFKM
GC_5340	1	9	2	7	both_classes	5340	PLG
GC_5429	1	9	1	8	both_classes	5429	POLH
GC_55165	1	9	0	9	benign_only	55165	CEP55
GC_55906	1	9	5	4	both_classes	55906	ZC4H2
GC_5664	1	9	2	7	both_classes	5664	PSEN2
GC_56992	1	9	0	9	benign_only	56992	KIF15
GC_57167	1	9	0	9	benign_only	57167	SALL4
GC_57379	1	9	8	1	both_classes	57379	AICDA
GC_57448	1	9	0	9	benign_only	57448	BIRC6
GC_57679	1	9	3	6	both_classes	57679	ALS2
GC_5799	1	9	0	9	benign_only	5799	PTPRN2
GC_5832	1	9	6	3	both_classes	5832	ALDH18A1
GC_58497	1	9	3	6	both_classes	58497	PRUNE1
GC_59345	1	9	2	7	both_classes	59345	GNB4
GC_5980	1	9	0	9	benign_only	5980	REV3L
GC_6091	1	9	0	9	benign_only	6091	ROBO1
GC_6197	1	9	3	6	both_classes	6197	RPS6KA3
GC_6305	1	9	1	8	both_classes	6305	SBF1
GC_64132	1	9	1	8	both_classes	64132	XYLT2
GC_64175	1	9	2	7	both_classes	64175	P3H1
GC_64864	1	9	2	7	both_classes	64864	RFX7
GC_6899	1	9	1	8	both_classes	6899	TBX1
GC_6900	1	9	0	9	benign_only	6900	CNTN2
GC_7701	1	9	0	9	benign_only	7701	ZNF142
GC_7809	1	9	7	2	both_classes	7809	BSND
GC_79695	1	9	0	9	benign_only	79695	GALNT12
GC_80114	1	9	0	9	benign_only	80114	BICC1
GC_8036	1	9	3	6	both_classes	8036	SHOC2
GC_81027	1	9	2	7	both_classes	81027	TUBB1
GC_8292	1	9	6	3	both_classes	8292	COLQ
GC_84720	1	9	2	7	both_classes	84720	PIGO
GC_84902	1	9	0	9	benign_only	84902	CEP89
GC_85444	1	9	0	9	benign_only	85444	LRRCC1
GC_85478	1	9	0	9	benign_only	85478	DRC2
GC_8556	1	9	2	7	both_classes	8556	CDC14A
GC_87	1	9	6	3	both_classes	87	ACTN1
GC_8733	1	9	2	7	both_classes	8733	GPAA1
GC_8878	1	9	3	6	both_classes	8878	SQSTM1
GC_8891	1	9	6	3	both_classes	8891	EIF2B3
GC_9126	1	9	6	3	both_classes	9126	SMC3
GC_93210	1	9	6	3	both_classes	93210	PGAP3
GC_9496	1	9	1	8	both_classes	9496	TBX4
GC_9516	1	9	3	6	both_classes	9516	LITAF
GC_9517	1	9	3	6	both_classes	9517	SPTLC2
GC_9662	1	9	0	9	benign_only	9662	CEP135
GC_9663	1	9	2	7	both_classes	9663	LPIN2
GC_9919	1	9	0	9	benign_only	9919	SEC16A
GC_1848	5	8	1	7	both_classes	1848|8693|282809|100528030|133039968	DUSP6|GALNT4|POC1B|POC1B-DUSP6|POC1B-GALNT4
GC_1419	4	8	2	6	both_classes	1419|1420|1421|100507443	CRYGB|CRYGC|CRYGD|LOC100507443
GC_5328	4	8	0	8	benign_only	5328|414236|126860960|130004104	C10orf55|LOC126860960|LOC130004104|PLAU
GC_23178	3	8	0	8	benign_only	23178|129935998|132088835	LOC129935998|LOC132088835|PASK
GC_23417	3	8	2	6	both_classes	23417|126862422|130059554	LOC126862422|LOC130059554|MLYCD
GC_3481	3	8	7	1	both_classes	3481|3630|723961	IGF2|INS|INS-IGF2
GC_56999	3	8	0	8	benign_only	56999|100507098|126806704	ADAMTS9|ADAMTS9-AS2|LOC126806704
GC_65018	3	8	3	5	both_classes	65018|100861548|102464833	MIR6084|PINK1|PINK1-AS
GC_8659	3	8	0	8	benign_only	8659|120893116|129929550	ALDH4A1|LOC120893116|LOC129929550
GC_1013	2	8	0	8	benign_only	1013|130059794	CDH15|LOC130059794
GC_1371	2	8	2	6	both_classes	1371|129937121	CPOX|LOC129937121
GC_1794	2	8	0	8	benign_only	1794|100131897	DOCK2|INSYN2B
GC_203286	2	8	0	8	benign_only	203286|124310614	ANKS6|LOC124310614
GC_204	2	8	4	4	both_classes	204|129930068	AK2|LOC129930068
GC_2120	2	8	5	3	both_classes	2120|126861452	ETV6|LOC126861452
GC_2176	2	8	2	6	both_classes	2176|84909	AOPEP|FANCC
GC_22	2	8	0	8	benign_only	22|130068449	ABCB7|LOC130068449
GC_26123	2	8	3	5	both_classes	26123|130004408	LOC130004408|TCTN3
GC_27288	2	8	0	8	benign_only	27288|338323	NLRP14|RBMXL2
GC_2733	2	8	5	3	both_classes	2733|101929270	GLE1|LOC101929270
GC_2806	2	8	2	6	both_classes	2806|126862363	GOT2|LOC126862363
GC_3020	2	8	8	0	pathogenic_only	3020|129932634	H3-3A|LOC129932634
GC_3035	2	8	1	7	both_classes	3035|129994848	HARS1|LOC129994848
GC_3480	2	8	1	7	both_classes	3480|104472848	IGF1R|IRAIN
GC_4015	2	8	1	7	both_classes	4015|153443	LOX|SRFBP1
GC_4318	2	8	0	8	benign_only	4318|109729184	MMP9|SLC12A5-AS1
GC_4613	2	8	3	5	both_classes	4613|10408	MYCN|MYCNOS
GC_488	2	8	6	2	both_classes	488|126861637	ATP2A2|LOC126861637
GC_50801	2	8	2	6	both_classes	50801|106780802	KCNK4|KCNK4-CATSPERZ
GC_51095	2	8	4	4	both_classes	51095|51185	CRBN|TRNT1
GC_51112	2	8	1	7	both_classes	51112|100861515	TRAPPC12|TRAPPC12-AS1
GC_51559	2	8	0	8	benign_only	51559|55576	NT5DC3|STAB2
GC_5346	2	8	0	8	benign_only	5346|125146351	LOC125146351|PLIN1
GC_5447	2	8	6	2	both_classes	5447|126860075	LOC126860075|POR
GC_54796	2	8	0	8	benign_only	54796|126860585	BNC2|LOC126860585
GC_55644	2	8	7	1	both_classes	55644|107372315	LOC107372315|OSGEP
GC_55699	2	8	1	7	both_classes	55699|129932529	IARS2|LOC129932529
GC_5860	2	8	8	0	pathogenic_only	5860|129992304	LOC129992304|QDPR
GC_64805	2	8	1	7	both_classes	64805|116931	MED12L|P2RY12
GC_7036	2	8	4	4	both_classes	7036|113687175	LOC113687175|TFR2
GC_7156	2	8	0	8	benign_only	7156|130060427	LOC130060427|TOP3A
GC_7576	2	8	0	8	benign_only	7576|162966	ZNF28|ZNF600
GC_7849	2	8	2	6	both_classes	7849|654433	PAX8|PAX8-AS1
GC_79798	2	8	0	8	benign_only	79798|130058906	ARMC5|LOC130058906
GC_80000	2	8	0	8	benign_only	80000|101927521	GREB1L|GREB1L-AS1
GC_8131	2	8	0	8	benign_only	8131|106144573	HBA-LCR|NPRL3
GC_8322	2	8	5	3	both_classes	8322|11098	FZD4|PRSS23
GC_8455	2	8	0	8	benign_only	8455|130065331	ATRN|LOC130065331
GC_84823	2	8	1	7	both_classes	84823|130063066	LMNB2|LOC130063066
GC_8575	2	8	2	6	both_classes	8575|101927027	CHROMR|PRKRA
GC_8890	2	8	5	3	both_classes	8890|105374363	EIF2B4|GTF3C2-AS2
GC_89891	2	8	3	5	both_classes	89891|126860772	DYNC2I2|LOC126860772
GC_90332	2	8	0	8	benign_only	90332|388552	BLOC1S3|EXOC3L2
GC_9724	2	8	3	5	both_classes	9724|440138	ALG11|UTP14C
GC_1001	1	8	1	7	both_classes	1001	CDH3
GC_10174	1	8	0	8	benign_only	10174	SORBS3
GC_10256	1	8	0	8	benign_only	10256	CNKSR1
GC_103	1	8	3	5	both_classes	103	ADAR
GC_10324	1	8	0	8	benign_only	10324	KLHL41
GC_10501	1	8	1	7	both_classes	10501	SEMA6B
GC_10560	1	8	5	3	both_classes	10560	SLC19A2
GC_10579	1	8	0	8	benign_only	10579	TACC2
GC_10599	1	8	0	8	benign_only	10599	SLCO1B1
GC_10785	1	8	1	7	both_classes	10785	WDR4
GC_10804	1	8	3	5	both_classes	10804	GJB6
GC_10999	1	8	3	5	both_classes	10999	SLC27A4
GC_111	1	8	4	4	both_classes	111	ADCY5
GC_11200	1	8	6	2	both_classes	11200	CHEK2
GC_112939	1	8	1	7	both_classes	112939	NACC1
GC_124583	1	8	6	2	both_classes	124583	CANT1
GC_127534	1	8	0	8	benign_only	127534	GJB4
GC_1357	1	8	1	7	both_classes	1357	CPA1
GC_135935	1	8	0	8	benign_only	135935	NOBOX
GC_1409	1	8	8	0	pathogenic_only	1409	CRYAA
GC_1439	1	8	0	8	benign_only	1439	CSF2RB
GC_146167	1	8	3	5	both_classes	146167	SLC38A8
GC_1482	1	8	2	6	both_classes	1482	NKX2-5
GC_1501	1	8	0	8	benign_only	1501	CTNND2
GC_158471	1	8	0	8	benign_only	158471	PRUNE2
GC_163183	1	8	0	8	benign_only	163183	SYNE4
GC_165918	1	8	0	8	benign_only	165918	RNF168
GC_1687	1	8	0	8	benign_only	1687	GSDME
GC_1763	1	8	1	7	both_classes	1763	DNA2
GC_1893	1	8	1	7	both_classes	1893	ECM1
GC_1951	1	8	0	8	benign_only	1951	CELSR3
GC_1953	1	8	0	8	benign_only	1953	MEGF6
GC_203068	1	8	8	0	pathogenic_only	203068	TUBB
GC_2077	1	8	3	5	both_classes	2077	ERF
GC_2138	1	8	2	6	both_classes	2138	EYA1
GC_2162	1	8	4	4	both_classes	2162	F13A1
GC_2203	1	8	5	3	both_classes	2203	FBP1
GC_2235	1	8	6	2	both_classes	2235	FECH
GC_22900	1	8	0	8	benign_only	22900	CARD8
GC_22926	1	8	1	7	both_classes	22926	ATF6
GC_23149	1	8	0	8	benign_only	23149	FCHO1
GC_23269	1	8	0	8	benign_only	23269	MGA
GC_2357	1	8	0	8	benign_only	2357	FPR1
GC_23639	1	8	2	6	both_classes	23639	DNAAF11
GC_25793	1	8	1	7	both_classes	25793	FBXO7
GC_2582	1	8	8	0	pathogenic_only	2582	GALE
GC_25821	1	8	3	5	both_classes	25821	MTO1
GC_2583	1	8	3	5	both_classes	2583	B4GALNT1
GC_25939	1	8	7	1	both_classes	25939	SAMHD1
GC_26018	1	8	0	8	benign_only	26018	LRIG1
GC_2622	1	8	0	8	benign_only	2622	DRC4
GC_2623	1	8	4	4	both_classes	2623	GATA1
GC_26275	1	8	4	4	both_classes	26275	HIBCH
GC_2690	1	8	3	5	both_classes	2690	GHR
GC_27249	1	8	2	6	both_classes	27249	MMADHC
GC_286	1	8	0	8	benign_only	286	ANK1
GC_28952	1	8	0	8	benign_only	28952	CCDC22
GC_2896	1	8	1	7	both_classes	2896	GRN
GC_2990	1	8	7	1	both_classes	2990	GUSB
GC_29929	1	8	3	5	both_classes	29929	ALG6
GC_3008	1	8	0	8	benign_only	3008	H1-4
GC_30817	1	8	0	8	benign_only	30817	ADGRE2
GC_340024	1	8	5	3	both_classes	340024	SLC6A19
GC_348932	1	8	0	8	benign_only	348932	SLC6A18
GC_348938	1	8	3	5	both_classes	348938	NIPAL4
GC_3551	1	8	1	7	both_classes	3551	IKBKB
GC_3560	1	8	0	8	benign_only	3560	IL2RB
GC_3572	1	8	0	8	benign_only	3572	IL6ST
GC_36	1	8	5	3	both_classes	36	ACADSB
GC_3619	1	8	0	8	benign_only	3619	INCENP
GC_3675	1	8	1	7	both_classes	3675	ITGA3
GC_3751	1	8	3	5	both_classes	3751	KCND2
GC_3752	1	8	5	3	both_classes	3752	KCND3
GC_3791	1	8	0	8	benign_only	3791	KDR
GC_3800	1	8	4	4	both_classes	3800	KIF5C
GC_3851	1	8	0	8	benign_only	3851	KRT4
GC_3857	1	8	6	2	both_classes	3857	KRT9
GC_3872	1	8	4	4	both_classes	3872	KRT17
GC_3972	1	8	0	8	benign_only	3972	LHB
GC_4126	1	8	1	7	both_classes	4126	MANBA
GC_4208	1	8	8	0	pathogenic_only	4208	MEF2C
GC_4286	1	8	4	4	both_classes	4286	MITF
GC_4542	1	8	0	8	benign_only	4542	MYO1F
GC_4646	1	8	2	6	both_classes	4646	MYO6
GC_4734	1	8	0	8	benign_only	4734	NEDD4
GC_4772	1	8	0	8	benign_only	4772	NFATC1
GC_4790	1	8	0	8	benign_only	4790	NFKB1
GC_491	1	8	3	5	both_classes	491	ATP2B2
GC_4915	1	8	2	6	both_classes	4915	NTRK2
GC_51091	1	8	4	4	both_classes	51091	SEPSECS
GC_51360	1	8	2	6	both_classes	51360	MBTPS2
GC_5144	1	8	2	6	both_classes	5144	PDE4D
GC_5191	1	8	7	1	both_classes	5191	PEX7
GC_5420	1	8	0	8	benign_only	5420	PODXL
GC_54414	1	8	0	8	benign_only	54414	SIAE
GC_54443	1	8	1	7	both_classes	54443	ANLN
GC_55005	1	8	2	6	both_classes	55005	RMND1
GC_55733	1	8	0	8	benign_only	55733	HHAT
GC_55739	1	8	0	8	benign_only	55739	NAXD
GC_5627	1	8	8	0	pathogenic_only	5627	PROS1
GC_5631	1	8	8	0	pathogenic_only	5631	PRPS1
GC_57158	1	8	1	7	both_classes	57158	JPH2
GC_57410	1	8	0	8	benign_only	57410	SCYL1
GC_57634	1	8	0	8	benign_only	57634	EP400
GC_5784	1	8	0	8	benign_only	5784	PTPN14
GC_5890	1	8	0	8	benign_only	5890	RAD51B
GC_590	1	8	8	0	pathogenic_only	590	BCHE
GC_610	1	8	1	7	both_classes	610	HCN2
GC_631	1	8	0	8	benign_only	631	BFSP1
GC_64374	1	8	0	8	benign_only	64374	SIL1
GC_64840	1	8	1	7	both_classes	64840	PORCN
GC_6491	1	8	0	8	benign_only	6491	STIL
GC_64919	1	8	1	7	both_classes	64919	BCL11B
GC_6508	1	8	0	8	benign_only	6508	SLC4A3
GC_6514	1	8	3	5	both_classes	6514	SLC2A2
GC_6523	1	8	4	4	both_classes	6523	SLC5A1
GC_6569	1	8	2	6	both_classes	6569	SLC34A1
GC_6606	1	8	8	0	pathogenic_only	6606	SMN1
GC_6652	1	8	2	6	both_classes	6652	SORD
GC_668	1	8	7	1	both_classes	668	FOXL2
GC_671	1	8	0	8	benign_only	671	BPI
GC_7018	1	8	0	8	benign_only	7018	TF
GC_718	1	8	4	4	both_classes	718	C3
GC_7373	1	8	0	8	benign_only	7373	COL14A1
GC_7390	1	8	4	4	both_classes	7390	UROS
GC_781	1	8	0	8	benign_only	781	CACNA2D1
GC_79053	1	8	2	6	both_classes	79053	ALG8
GC_79731	1	8	1	7	both_classes	79731	NARS2
GC_79934	1	8	3	5	both_classes	79934	COQ8B
GC_81622	1	8	0	8	benign_only	81622	UNC93B1
GC_83479	1	8	1	7	both_classes	83479	DDX59
GC_84131	1	8	3	5	both_classes	84131	CEP78
GC_84142	1	8	0	8	benign_only	84142	ABRAXAS1
GC_84947	1	8	1	7	both_classes	84947	SERAC1
GC_85459	1	8	0	8	benign_only	85459	CEP295
GC_8565	1	8	3	5	both_classes	8565	YARS1
GC_8738	1	8	1	7	both_classes	8738	CRADD
GC_8908	1	8	0	8	benign_only	8908	GYG2
GC_90993	1	8	0	8	benign_only	90993	CREB3L1
GC_91754	1	8	0	8	benign_only	91754	NEK9
GC_91869	1	8	3	5	both_classes	91869	RFT1
GC_9343	1	8	5	3	both_classes	9343	EFTUD2
GC_9420	1	8	6	2	both_classes	9420	CYP7B1
GC_9493	1	8	0	8	benign_only	9493	KIF23
GC_96764	1	8	0	8	benign_only	96764	TGS1
GC_9382	4	7	0	7	benign_only	9382|125316790|126862634|130061576	COG1|LOC125316790|LOC126862634|LOC130061576
GC_20	3	7	0	7	benign_only	20|2529|401563	ABCA2|FUT7|LINC02908
GC_55897	3	7	0	7	benign_only	55897|130057888|130057889	LOC130057888|LOC130057889|MESP1
GC_56172	3	7	0	7	benign_only	56172|90268|100130744	ANKH|LOC100130744|OTULIN
GC_65993	3	7	0	7	benign_only	65993|197342|130058186	EME2|LOC130058186|MRPS34
GC_6935	3	7	1	6	both_classes	6935|220930|130003630	LOC130003630|ZEB1|ZEB1-AS1
GC_729920	3	7	0	7	benign_only	729920|100506025|129998005	CRPPA|CRPPA-AS1|LOC129998005
GC_8443	3	7	2	5	both_classes	8443|128061|129932767	FSAF1|GNPAT|LOC129932767
GC_9398	3	7	0	7	benign_only	9398|101929099|126805841	CD101|CD101-AS1|LOC126805841
GC_9914	3	7	0	7	benign_only	9914|105371374|126862427	ATP2C2|ATP2C2-AS1|LOC126862427
GC_1000	2	7	1	6	both_classes	1000|139281654	CDH2|CDH2-AS1
GC_10154	2	7	0	7	benign_only	10154|51134	CEP83|PLXNC1
GC_11212	2	7	2	5	both_classes	11212|113788277	LOC113788277|PLPBP
GC_11232	2	7	1	6	both_classes	11232|284021	MILR1|POLG2
GC_22795	2	7	0	7	benign_only	22795|51637	NID2|RTRAF
GC_22856	2	7	0	7	benign_only	22856|130058068	CHSY1|LOC130058068
GC_2643	2	7	7	0	pathogenic_only	2643|130055692	GCH1|LOC130055692
GC_2859	2	7	0	7	benign_only	2859|122889014	GPR35|LOC122889014
GC_388551	2	7	0	7	benign_only	388551|107985305	CEACAM16|CEACAM16-AS1
GC_3887	2	7	0	7	benign_only	3887|3892	KRT81|KRT86
GC_3953	2	7	1	6	both_classes	3953|122094844	LEPR|LOC122094844
GC_4633	2	7	7	0	pathogenic_only	4633|114827850	LOC114827850|MYL2
GC_4683	2	7	0	7	benign_only	4683|126860438	LOC126860438|NBN
GC_50484	2	7	5	2	both_classes	50484|130000896	LOC130000896|RRM2B
GC_51776	2	7	0	7	benign_only	51776|339751	MAP3K20|MAP3K20-AS1
GC_5238	2	7	1	6	both_classes	5238|23033	DOP1A|PGM3
GC_53616	2	7	0	7	benign_only	53616|129998760	ADAM22|LOC129998760
GC_54482	2	7	0	7	benign_only	54482|163786	SASS6|TRMT13
GC_5468	2	7	6	1	both_classes	5468|114803475	LOC114803475|PPARG
GC_54802	2	7	3	4	both_classes	54802|105378668	MYCL-AS1|TRIT1
GC_55280	2	7	1	6	both_classes	55280|122152368	CHUK-DT|CWF19L1
GC_55775	2	7	1	6	both_classes	55775|126862019	LOC126862019|TDP1
GC_5648	2	7	0	7	benign_only	5648|108281160	LOC108281160|MASP1
GC_57709	2	7	0	7	benign_only	57709|101928583	SLC7A14|SLC7A14-AS1
GC_5927	2	7	0	7	benign_only	5927|126861410	KDM5A|LOC126861410
GC_613	2	7	0	7	benign_only	613|107963955	BCR|LOC107963955
GC_63982	2	7	4	3	both_classes	63982|143662	ANO3|MUC15
GC_6495	2	7	6	1	both_classes	6495|113218481	MIR9718|SIX1
GC_6550	2	7	1	6	both_classes	6550|100288152	SLC9A3|SLC9A3-AS1
GC_6711	2	7	1	6	both_classes	6711|123706536	SPTBN1|SPTBN1-AS2
GC_6873	2	7	0	7	benign_only	6873|130001012	LOC130001012|TAF2
GC_6878	2	7	2	5	both_classes	6878|9179	AP4M1|TAF6
GC_7155	2	7	0	7	benign_only	7155|129936375	LOC129936375|TOP2B
GC_7158	2	7	0	7	benign_only	7158|27229	TP53BP1|TUBGCP4
GC_79081	2	7	0	7	benign_only	79081|790955	LBHD1|UQCC3
GC_79133	2	7	6	1	both_classes	79133|130065433	LOC130065433|NDUFAF5
GC_80975	2	7	0	7	benign_only	80975|126861343	LOC126861343|TMPRSS5
GC_8438	2	7	1	6	both_classes	8438|10489	LRRC41|RAD54L
GC_84632	2	7	0	7	benign_only	84632|340706	AFAP1L2|VWA2
GC_9785	2	7	0	7	benign_only	9785|126862391	DHX38|LOC126862391
GC_9889	2	7	3	4	both_classes	9889|79087	ALG12|ZBED4
GC_10013	1	7	0	7	benign_only	10013	HDAC6
GC_1012	1	7	0	7	benign_only	1012	CDH13
GC_10188	1	7	0	7	benign_only	10188	TNK2
GC_10568	1	7	0	7	benign_only	10568	SLC34A2
GC_10735	1	7	0	7	benign_only	10735	STAG2
GC_10752	1	7	0	7	benign_only	10752	CHL1
GC_10801	1	7	1	6	both_classes	10801	SEPTIN9
GC_10939	1	7	7	0	pathogenic_only	10939	AFG3L2
GC_11146	1	7	0	7	benign_only	11146	GLMN
GC_1134	1	7	4	3	both_classes	1134	CHRNA1
GC_114803	1	7	0	7	benign_only	114803	MYSM1
GC_118429	1	7	2	5	both_classes	118429	ANTXR2
GC_118788	1	7	0	7	benign_only	118788	PIK3AP1
GC_118813	1	7	0	7	benign_only	118813	ZFYVE27
GC_1203	1	7	6	1	both_classes	1203	CLN5
GC_121512	1	7	0	7	benign_only	121512	FGD4
GC_1297	1	7	0	7	benign_only	1297	COL9A1
GC_132158	1	7	0	7	benign_only	132158	GLYCTK
GC_1352	1	7	2	5	both_classes	1352	COX10
GC_149233	1	7	0	7	benign_only	149233	IL23R
GC_1495	1	7	0	7	benign_only	1495	CTNNA1
GC_152831	1	7	0	7	benign_only	152831	KLB
GC_157724	1	7	0	7	benign_only	157724	SLC7A13
GC_1583	1	7	4	3	both_classes	1583	CYP11A1
GC_162417	1	7	3	4	both_classes	162417	NAGS
GC_167691	1	7	4	3	both_classes	167691	LCA5
GC_1736	1	7	4	3	both_classes	1736	DKC1
GC_1755	1	7	0	7	benign_only	1755	DMBT1
GC_191	1	7	4	3	both_classes	191	AHCY
GC_199720	1	7	0	7	benign_only	199720	GGN
GC_200205	1	7	4	3	both_classes	200205	IBA57
GC_200894	1	7	3	4	both_classes	200894	ARL13B
GC_2108	1	7	6	1	both_classes	2108	ETFA
GC_2109	1	7	2	5	both_classes	2109	ETFB
GC_2122	1	7	3	4	both_classes	2122	MECOM
GC_2189	1	7	2	5	both_classes	2189	FANCG
GC_220296	1	7	3	4	both_classes	220296	HEPACAM
GC_22827	1	7	6	1	both_classes	22827	PUF60
GC_22907	1	7	3	4	both_classes	22907	DHX30
GC_23213	1	7	0	7	benign_only	23213	SULF1
GC_23461	1	7	0	7	benign_only	23461	ABCA5
GC_23530	1	7	0	7	benign_only	23530	NNT
GC_23545	1	7	1	6	both_classes	23545	ATP6V0A2
GC_23607	1	7	0	7	benign_only	23607	CD2AP
GC_23646	1	7	0	7	benign_only	23646	PLD3
GC_256764	1	7	0	7	benign_only	256764	WDR72
GC_2591	1	7	4	3	both_classes	2591	GALNT3
GC_27130	1	7	0	7	benign_only	27130	INVS
GC_2735	1	7	0	7	benign_only	2735	GLI1
GC_282617	1	7	0	7	benign_only	282617	IFNL3
GC_29958	1	7	1	6	both_classes	29958	DMGDH
GC_30008	1	7	4	3	both_classes	30008	EFEMP2
GC_3052	1	7	1	6	both_classes	3052	HCCS
GC_3078	1	7	0	7	benign_only	3078	CFHR1
GC_3714	1	7	1	6	both_classes	3714	JAG2
GC_3762	1	7	1	6	both_classes	3762	KCNJ5
GC_388015	1	7	0	7	benign_only	388015	RTL1
GC_3915	1	7	0	7	benign_only	3915	LAMC1
GC_4001	1	7	3	4	both_classes	4001	LMNB1
GC_4052	1	7	0	7	benign_only	4052	LTBP1
GC_4069	1	7	0	7	benign_only	4069	LYZ
GC_4099	1	7	0	7	benign_only	4099	MAG
GC_4158	1	7	4	3	both_classes	4158	MC2R
GC_4604	1	7	4	3	both_classes	4604	MYBPC1
GC_4651	1	7	0	7	benign_only	4651	MYO10
GC_468	1	7	0	7	benign_only	468	ATF4
GC_4745	1	7	0	7	benign_only	4745	NELL1
GC_4750	1	7	0	7	benign_only	4750	NEK1
GC_4863	1	7	0	7	benign_only	4863	NPAT
GC_4867	1	7	1	6	both_classes	4867	NPHP1
GC_493	1	7	0	7	benign_only	493	ATP2B4
GC_5076	1	7	7	0	pathogenic_only	5076	PAX2
GC_51008	1	7	0	7	benign_only	51008	ASCC1
GC_5105	1	7	0	7	benign_only	5105	PCK1
GC_51057	1	7	0	7	benign_only	51057	WDPCP
GC_51132	1	7	3	4	both_classes	51132	RLIM
GC_5264	1	7	4	3	both_classes	5264	PHYH
GC_54101	1	7	0	7	benign_only	54101	RIPK4
GC_5442	1	7	0	7	benign_only	5442	POLRMT
GC_54538	1	7	0	7	benign_only	54538	ROBO4
GC_54968	1	7	0	7	benign_only	54968	TMEM70
GC_5500	1	7	7	0	pathogenic_only	5500	PPP1CB
GC_55083	1	7	0	7	benign_only	55083	KIF26B
GC_55210	1	7	2	5	both_classes	55210	ATAD3A
GC_5530	1	7	5	2	both_classes	5530	PPP3CA
GC_55567	1	7	0	7	benign_only	55567	DNAH3
GC_55612	1	7	0	7	benign_only	55612	FERMT1
GC_55841	1	7	0	7	benign_only	55841	WWC3
GC_56955	1	7	0	7	benign_only	56955	MEPE
GC_57104	1	7	1	6	both_classes	57104	PNPLA2
GC_57105	1	7	0	7	benign_only	57105	CYSLTR2
GC_57211	1	7	1	6	both_classes	57211	ADGRG6
GC_57511	1	7	0	7	benign_only	57511	COG6
GC_57704	1	7	2	5	both_classes	57704	GBA2
GC_5800	1	7	0	7	benign_only	5800	PTPRO
GC_5888	1	7	2	5	both_classes	5888	RAD51
GC_5965	1	7	0	7	benign_only	5965	RECQL
GC_60468	1	7	0	7	benign_only	60468	BACH2
GC_60528	1	7	1	6	both_classes	60528	ELAC2
GC_60529	1	7	0	7	benign_only	60529	ALX4
GC_6098	1	7	0	7	benign_only	6098	ROS1
GC_6337	1	7	0	7	benign_only	6337	SCNN1A
GC_643677	1	7	0	7	benign_only	643677	CCDC168|LRTM3
GC_64780	1	7	0	7	benign_only	64780	MICAL1
GC_65109	1	7	0	7	benign_only	65109	UPF3B
GC_6528	1	7	5	2	both_classes	6528	SLC5A5
GC_653509	1	7	0	7	benign_only	653509	SFTPA1
GC_658	1	7	1	6	both_classes	658	BMPR1B
GC_6601	1	7	2	5	both_classes	6601	SMARCC2
GC_6611	1	7	4	3	both_classes	6611	SMS
GC_6660	1	7	6	1	both_classes	6660	SOX5
GC_6857	1	7	7	0	pathogenic_only	6857	SYT1
GC_6934	1	7	1	6	both_classes	6934	TCF7L2
GC_7040	1	7	3	4	both_classes	7040	TGFB1
GC_7056	1	7	0	7	benign_only	7056	THBD
GC_7066	1	7	1	6	both_classes	7066	THPO
GC_7170	1	7	6	1	both_classes	7170	TPM3
GC_722	1	7	0	7	benign_only	722	C4BPA
GC_7274	1	7	7	0	pathogenic_only	7274	TTPA
GC_728780	1	7	0	7	benign_only	728780	ANKDD1B
GC_7518	1	7	1	6	both_classes	7518	XRCC4
GC_7547	1	7	1	6	both_classes	7547	ZIC3
GC_7592	1	7	0	7	benign_only	7592	ZNF41
GC_7784	1	7	0	7	benign_only	7784	ZP3
GC_7862	1	7	0	7	benign_only	7862	BRPF1
GC_788	1	7	6	1	both_classes	788	SLC25A20
GC_79621	1	7	5	2	both_classes	79621	RNASEH2B
GC_79789	1	7	0	7	benign_only	79789	CLMN
GC_80173	1	7	1	6	both_classes	80173	IFT74
GC_80222	1	7	0	7	benign_only	80222	TARS2
GC_80312	1	7	0	7	benign_only	80312	TET1
GC_8074	1	7	5	2	both_classes	8074	FGF23
GC_80833	1	7	0	7	benign_only	80833	APOL3
GC_8100	1	7	0	7	benign_only	8100	IFT88
GC_81603	1	7	0	7	benign_only	81603	TRIM8
GC_823	1	7	1	6	both_classes	823	CAPN1
GC_83394	1	7	0	7	benign_only	83394	PITPNM3
GC_83696	1	7	0	7	benign_only	83696	TRAPPC9
GC_83893	1	7	0	7	benign_only	83893	SPATA16
GC_83999	1	7	0	7	benign_only	83999	KREMEN1
GC_84100	1	7	6	1	both_classes	84100	ARL6
GC_84231	1	7	6	1	both_classes	84231	TRAF7
GC_84282	1	7	0	7	benign_only	84282	RNF135
GC_84334	1	7	0	7	benign_only	84334	COA8
GC_845	1	7	4	3	both_classes	845	CASQ2
GC_84515	1	7	0	7	benign_only	84515	MCM8
GC_84668	1	7	0	7	benign_only	84668	HYCC1
GC_84892	1	7	1	6	both_classes	84892	POMGNT2
GC_8516	1	7	0	7	benign_only	8516	ITGA8
GC_8792	1	7	0	7	benign_only	8792	TNFRSF11A
GC_8898	1	7	0	7	benign_only	8898	MTMR2
GC_8930	1	7	0	7	benign_only	8930	MBD4
GC_8985	1	7	0	7	benign_only	8985	PLOD3
GC_91137	1	7	1	6	both_classes	91137	SLC25A46
GC_91179	1	7	0	7	benign_only	91179	SCARF2
GC_9129	1	7	4	3	both_classes	9129	PRPF3
GC_9231	1	7	0	7	benign_only	9231	DLG5
GC_92345	1	7	0	7	benign_only	92345	NAF1
GC_9409	1	7	3	4	both_classes	9409	PEX16
GC_96459	1	7	0	7	benign_only	96459	FNIP1
GC_9696	1	7	0	7	benign_only	9696	CROCC
GC_9711	1	7	0	7	benign_only	9711	RUBCN
GC_9723	1	7	0	7	benign_only	9723	SEMA3E
GC_5032	4	6	0	6	benign_only	5032|56342|692312|113939967	LOC113939967|P2RY11|PPAN|PPAN-P2RY11
GC_7257	4	6	0	6	benign_only	7257|27185|100303453|126806044	DISC1|LOC126806044|TSNAX|TSNAX-DISC1
GC_81846	4	6	0	6	benign_only	81846|283104|101928008|105369149	LOC101928008|LOC105369149|SBF2|SBF2-AS1
GC_10346	3	6	0	6	benign_only	10346|85363|117854	TRIM22|TRIM5|TRIM6
GC_10758	3	6	0	6	benign_only	10758|643749|114803478	LOC114803478|TRAF3IP2|TRAF3IP2-AS1
GC_10863	3	6	0	6	benign_only	10863|27299|101929294	ADAM28|ADAM7-AS1|ADAMDEC1
GC_26060	3	6	0	6	benign_only	26060|142686|105377102	APPL1|ASB14|LOC105377102
GC_51191	3	6	0	6	benign_only	51191|55008|102723458	HERC5|HERC5-AS1|HERC6
GC_5139	3	6	0	6	benign_only	5139|120766147|124625920	LOC124625920|PDE3A|PDE3A-AS1
GC_55275	3	6	1	5	both_classes	55275|126862456|126862457	LOC126862456|LOC126862457|VPS53
GC_9020	3	6	0	6	benign_only	9020|100133991|126862575	LOC126862575|MAP3K14|MAP3K14-AS1
GC_10082	2	6	1	5	both_classes	10082|100873973	GPC6|GPC6-AS2
GC_10280	2	6	3	3	both_classes	10280|130001681	LOC130001681|SIGMAR1
GC_10329	2	6	2	4	both_classes	10329|104169670	RXYLT1|RXYLT1-AS1
GC_11132	2	6	0	6	benign_only	11132|112840920	CAPN10|LOC112840920
GC_11214	2	6	0	6	benign_only	11214|130057844	AKAP13|LOC130057844
GC_1129	2	6	0	6	benign_only	1129|349160	CHRM2|LOC349160
GC_1146	2	6	3	3	both_classes	1146|200765	CHRNG|TIGD1
GC_129880	2	6	5	1	both_classes	129880|129935068	BBS5|LOC129935068
GC_1413	2	6	1	5	both_classes	1413|1414	CRYBA4|CRYBB1
GC_1487	2	6	1	5	both_classes	1487|285463	CTBP1|CTBP1-AS
GC_152330	2	6	0	6	benign_only	152330|100873975	CNTN4|CNTN4-AS1
GC_204219	2	6	0	6	benign_only	204219|102723320	CERS3|CERS3-AS1
GC_2159	2	6	3	3	both_classes	2159|104413892	F10|F10-AS1
GC_22800	2	6	6	0	pathogenic_only	22800|130005368	LOC130005368|RRAS2
GC_26073	2	6	1	5	both_classes	26073|147007	POLDIP2|VMA12
GC_2672	2	6	1	5	both_classes	2672|129930930	GFI1|LOC129930930
GC_2936	2	6	0	6	benign_only	2936|130000170	GSR|LOC130000170
GC_3242	2	6	1	5	both_classes	3242|105370035	HPD|TIALD
GC_353	2	6	5	1	both_classes	353|130059760	APRT|LOC130059760
GC_4317	2	6	0	6	benign_only	4317|126861316	LOC126861316|MMP8
GC_4322	2	6	3	3	both_classes	4322|126861318	LOC126861318|MMP13
GC_498	2	6	3	3	both_classes	498|126862738	ATP5F1A|LOC126862738
GC_5130	2	6	3	3	both_classes	5130|126806932	LOC126806932|PCYT1A
GC_51339	2	6	0	6	benign_only	51339|130055736	DACT1|LOC130055736
GC_5173	2	6	0	6	benign_only	5173|727993	PDYN|PDYN-AS1
GC_526	2	6	3	3	both_classes	526|129999955	ATP6V1B2|LOC129999955
GC_54756	2	6	0	6	benign_only	54756|126806689	IL17RD|LOC126806689
GC_5515	2	6	5	1	both_classes	5515|100500905	MIR3661|PPP2CA
GC_55640	2	6	1	5	both_classes	55640|102724153	FLVCR2|FLVCR2-AS1
GC_57010	2	6	0	6	benign_only	57010|390212	CABP4|GPR152
GC_59336	2	6	0	6	benign_only	59336|129996881	LOC129996881|PRDM13
GC_60558	2	6	0	6	benign_only	60558|129992541	GUF1|LOC129992541
GC_64172	2	6	0	6	benign_only	64172|150709	ANKAR|OSGEPL1
GC_649	2	6	1	5	both_classes	649|129999976	BMP1|LOC129999976
GC_6492	2	6	0	6	benign_only	6492|102724406	SIM1|SIM1-AS1
GC_6658	2	6	0	6	benign_only	6658|108281134	LOC108281134|SOX3
GC_70	2	6	6	0	pathogenic_only	70|101928174	ACTC1|GJD2-DT
GC_7078	2	6	2	4	both_classes	7078|8224	SYN3|TIMP3
GC_79600	2	6	0	6	benign_only	79600|130008755	LOC130008755|TCTN1
GC_80254	2	6	0	6	benign_only	80254|339855	CEP63|KY
GC_81792	2	6	0	6	benign_only	81792|126807349	ADAMTS12|LOC126807349
GC_841	2	6	1	5	both_classes	841|128772255	CASP8|LOC128772255
GC_84888	2	6	0	6	benign_only	84888|130057047	LOC130057047|SPPL2A
GC_8863	2	6	0	6	benign_only	8863|126805604	LOC126805604|PER3
GC_8910	2	6	2	4	both_classes	8910|64921	CASD1|SGCE
GC_8989	2	6	0	6	benign_only	8989|100132891	MSC-AS1|TRPA1
GC_92667	2	6	0	6	benign_only	92667|126862983	LOC126862983|MGME1
GC_9440	2	6	2	4	both_classes	9440|130006596	LOC130006596|MED17
GC_9512	2	6	1	5	both_classes	9512|129999056	LOC129999056|PMPCB
GC_9611	2	6	1	5	both_classes	9611|54902	NCOR1|TTC19
GC_10019	1	6	0	6	benign_only	10019	SH2B3
GC_100506658	1	6	0	6	benign_only	100506658	OCLN
GC_10056	1	6	1	5	both_classes	10056	FARSB
GC_10058	1	6	0	6	benign_only	10058	ABCB6
GC_1009	1	6	1	5	both_classes	1009	CDH11
GC_10232	1	6	0	6	benign_only	10232	MSLN
GC_10270	1	6	0	6	benign_only	10270	AKAP8
GC_10320	1	6	3	3	both_classes	10320	IKZF1
GC_10342	1	6	3	3	both_classes	10342	TFG
GC_10352	1	6	2	4	both_classes	10352	WARS2
GC_10388	1	6	0	6	benign_only	10388	SYCP2
GC_10535	1	6	3	3	both_classes	10535	RNASEH2A
GC_10653	1	6	1	5	both_classes	10653	SPINT2
GC_10733	1	6	0	6	benign_only	10733	PLK4
GC_10763	1	6	0	6	benign_only	10763	NES
GC_1084	1	6	0	6	benign_only	1084	CEACAM3
GC_10940	1	6	1	5	both_classes	10940	POP1
GC_11064	1	6	0	6	benign_only	11064	CNTRL
GC_11122	1	6	0	6	benign_only	11122	PTPRT
GC_11149	1	6	1	5	both_classes	11149	POPDC1
GC_113220	1	6	1	5	both_classes	113220	KIF12
GC_117144	1	6	0	6	benign_only	117144	CATSPER1
GC_120114	1	6	0	6	benign_only	120114	FAT3
GC_121214	1	6	2	4	both_classes	121214	SDR9C7
GC_122622	1	6	1	5	both_classes	122622	ADSS1
GC_124842	1	6	0	6	benign_only	124842	TMEM132E
GC_126695	1	6	0	6	benign_only	126695	KDF1
GC_128611	1	6	0	6	benign_only	128611	ZNF831
GC_1305	1	6	0	6	benign_only	1305	COL13A1
GC_131669	1	6	0	6	benign_only	131669	UROC1
GC_132320	1	6	1	5	both_classes	132320	SCLT1
GC_134359	1	6	0	6	benign_only	134359	POC5
GC_134430	1	6	0	6	benign_only	134430	WDR36
GC_140628	1	6	0	6	benign_only	140628	GATA5
GC_145173	1	6	1	5	both_classes	145173	B3GLCT
GC_149998	1	6	0	6	benign_only	149998	LIPI
GC_1543	1	6	0	6	benign_only	1543	CYP1A1
GC_1549	1	6	0	6	benign_only	1549	CYP2A7
GC_1604	1	6	0	6	benign_only	1604	CD55
GC_1605	1	6	0	6	benign_only	1605	DAG1
GC_1821	1	6	0	6	benign_only	1821	DRP2
GC_190	1	6	3	3	both_classes	190	NR0B1
GC_1947	1	6	3	3	both_classes	1947	EFNB1
GC_1981	1	6	0	6	benign_only	1981	EIF4G1
GC_200424	1	6	1	5	both_classes	200424	TET3
GC_2057	1	6	0	6	benign_only	2057	EPOR
GC_2059	1	6	0	6	benign_only	2059	EPS8
GC_2065	1	6	0	6	benign_only	2065	ERBB3
GC_2147	1	6	5	1	both_classes	2147	F2
GC_220136	1	6	0	6	benign_only	220136	CFAP53
GC_2266	1	6	4	2	both_classes	2266	FGG
GC_22796	1	6	0	6	benign_only	22796	COG2
GC_22858	1	6	0	6	benign_only	22858	CILK1
GC_22999	1	6	0	6	benign_only	22999	RIMS1
GC_23019	1	6	1	5	both_classes	23019	CNOT1
GC_23059	1	6	0	6	benign_only	23059	CLUAP1
GC_23136	1	6	0	6	benign_only	23136	EPB41L3
GC_23207	1	6	0	6	benign_only	23207	PLEKHM2
GC_23259	1	6	1	5	both_classes	23259	DDHD2
GC_23263	1	6	0	6	benign_only	23263	MCF2L
GC_23347	1	6	0	6	benign_only	23347	SMCHD1
GC_23360	1	6	0	6	benign_only	23360	FNBP4
GC_23362	1	6	0	6	benign_only	23362	PSD3
GC_23379	1	6	0	6	benign_only	23379	ICE1
GC_23396	1	6	1	5	both_classes	23396	PIP5K1C
GC_23431	1	6	0	6	benign_only	23431	AP4E1
GC_23495	1	6	2	4	both_classes	23495	TNFRSF13B
GC_246176	1	6	0	6	benign_only	246176	GAS2L2
GC_2535	1	6	2	4	both_classes	2535	FZD2
GC_2563	1	6	2	4	both_classes	2563	GABRD
GC_25782	1	6	1	5	both_classes	25782	RAB3GAP2
GC_25839	1	6	2	4	both_classes	25839	COG4
GC_25929	1	6	2	4	both_classes	25929	GEMIN5
GC_25942	1	6	0	6	benign_only	25942	SIN3A
GC_26038	1	6	3	3	both_classes	26038	CHD5
GC_2625	1	6	3	3	both_classes	2625	GATA3
GC_2627	1	6	2	4	both_classes	2627	GATA6
GC_26353	1	6	1	5	both_classes	26353	HSPB8
GC_2651	1	6	1	5	both_classes	2651	GCNT2
GC_2677	1	6	3	3	both_classes	2677	GGCX
GC_2694	1	6	1	5	both_classes	2694	CBLIF
GC_27034	1	6	4	2	both_classes	27034	ACAD8
GC_27247	1	6	3	3	both_classes	27247	NFU1
GC_274	1	6	2	4	both_classes	274	BIN1
GC_2821	1	6	4	2	both_classes	2821	GPI
GC_2895	1	6	2	4	both_classes	2895	GRID2
GC_2905	1	6	0	6	benign_only	2905	GRIN2C
GC_2937	1	6	6	0	pathogenic_only	2937	GSS
GC_2992	1	6	1	5	both_classes	2992	GYG1
GC_29980	1	6	1	5	both_classes	29980	DONSON
GC_3026	1	6	0	6	benign_only	3026	HABP2
GC_3080	1	6	0	6	benign_only	3080	CFHR2
GC_30813	1	6	0	6	benign_only	30813	VSX1
GC_338567	1	6	0	6	benign_only	338567	KCNK18
GC_342035	1	6	3	3	both_classes	342035	GLDN
GC_344148	1	6	0	6	benign_only	344148	NCKAP5
GC_346171	1	6	0	6	benign_only	346171	ZFP57
GC_347344	1	6	0	6	benign_only	347344	ZNF81
GC_3483	1	6	1	5	both_classes	3483	IGFALS
GC_3590	1	6	2	4	both_classes	3590	IL11RA
GC_3643	1	6	2	4	both_classes	3643	INSR
GC_3713	1	6	0	6	benign_only	3713	IVL
GC_3741	1	6	0	6	benign_only	3741	KCNA5
GC_376132	1	6	0	6	benign_only	376132	LRRC10
GC_378884	1	6	5	1	both_classes	378884	NHLRC1
GC_3859	1	6	1	5	both_classes	3859	KRT12
GC_3860	1	6	0	6	benign_only	3860	KRT13
GC_3929	1	6	0	6	benign_only	3929	LBP
GC_4091	1	6	0	6	benign_only	4091	SMAD6
GC_4117	1	6	3	3	both_classes	4117	MAK
GC_412	1	6	1	5	both_classes	412	STS
GC_4311	1	6	2	4	both_classes	4311	MME
GC_4313	1	6	0	6	benign_only	4313	MMP2
GC_4323	1	6	0	6	benign_only	4323	MMP14
GC_4361	1	6	1	5	both_classes	4361	MRE11
GC_4585	1	6	0	6	benign_only	4585	MUC4
GC_4719	1	6	6	0	pathogenic_only	4719	NDUFS1
GC_4891	1	6	0	6	benign_only	4891	SLC11A2
GC_5027	1	6	0	6	benign_only	5027	P2RX7
GC_5075	1	6	0	6	benign_only	5075	PAX1
GC_5078	1	6	0	6	benign_only	5078	PAX4
GC_51	1	6	1	5	both_classes	51	ACOX1
GC_51067	1	6	3	3	both_classes	51067	YARS2
GC_51103	1	6	0	6	benign_only	51103	NDUFAF1
GC_51135	1	6	0	6	benign_only	51135	IRAK4
GC_5125	1	6	0	6	benign_only	5125	PCSK5
GC_5146	1	6	2	4	both_classes	5146	PDE6C
GC_51475	1	6	0	6	benign_only	51475	CABP2
GC_5243	1	6	0	6	benign_only	5243	ABCB1
GC_5257	1	6	0	6	benign_only	5257	PHKB
GC_5269	1	6	0	6	benign_only	5269	SERPINB6
GC_5286	1	6	0	6	benign_only	5286	PIK3C2A
GC_5308	1	6	5	1	both_classes	5308	PITX2
GC_5361	1	6	0	6	benign_only	5361	PLXNA1
GC_537	1	6	1	5	both_classes	537	ATP6AP1
GC_53942	1	6	0	6	benign_only	53942	CNTN5
GC_54	1	6	2	4	both_classes	54	ACP5
GC_54476	1	6	0	6	benign_only	54476	RNF216
GC_5449	1	6	4	2	both_classes	5449	POU1F1
GC_54583	1	6	0	6	benign_only	54583	EGLN1
GC_5476	1	6	5	1	both_classes	5476	CTSA
GC_54768	1	6	0	6	benign_only	54768	HYDIN
GC_54805	1	6	4	2	both_classes	54805	CNNM2
GC_54977	1	6	3	3	both_classes	54977	SLC25A38
GC_54986	1	6	0	6	benign_only	54986	ULK4
GC_55065	1	6	0	6	benign_only	55065	SLC52A1
GC_55072	1	6	0	6	benign_only	55072	RNF31
GC_55131	1	6	0	6	benign_only	55131	RBM28
GC_55191	1	6	2	4	both_classes	55191	NADSYN1
GC_55320	1	6	0	6	benign_only	55320	MIS18BP1
GC_55357	1	6	0	6	benign_only	55357	TBC1D2
GC_55558	1	6	0	6	benign_only	55558	PLXNA3
GC_55650	1	6	4	2	both_classes	55650	PIGV
GC_55704	1	6	0	6	benign_only	55704	CCDC88A
GC_55823	1	6	1	5	both_classes	55823	VPS11
GC_55863	1	6	2	4	both_classes	55863	TMEM126B
GC_5594	1	6	6	0	pathogenic_only	5594	MAPK1
GC_5651	1	6	0	6	benign_only	5651	TMPRSS15
GC_56603	1	6	1	5	both_classes	56603	CYP26B1
GC_570	1	6	0	6	benign_only	570	BAAT
GC_57122	1	6	1	5	both_classes	57122	NUP107
GC_57142	1	6	0	6	benign_only	57142	RTN4
GC_57192	1	6	5	1	both_classes	57192	MCOLN1
GC_5723	1	6	0	6	benign_only	5723	PSPH
GC_57459	1	6	1	5	both_classes	57459	GATAD2B
GC_57498	1	6	0	6	benign_only	57498	KIDINS220
GC_57502	1	6	1	5	both_classes	57502	NLGN4X
GC_5795	1	6	0	6	benign_only	5795	PTPRJ
GC_5859	1	6	2	4	both_classes	5859	QARS1
GC_5879	1	6	6	0	pathogenic_only	5879	RAC1
GC_5949	1	6	0	6	benign_only	5949	RBP3
GC_6017	1	6	5	1	both_classes	6017	RLBP1
GC_60509	1	6	0	6	benign_only	60509	AGBL5
GC_6238	1	6	0	6	benign_only	6238	RRBP1
GC_6253	1	6	0	6	benign_only	6253	RTN2
GC_64170	1	6	0	6	benign_only	64170	CARD9
GC_64207	1	6	1	5	both_classes	64207	IRF2BPL
GC_64218	1	6	0	6	benign_only	64218	SEMA4A
GC_643418	1	6	0	6	benign_only	643418	LIPN
GC_6439	1	6	0	6	benign_only	6439	SFTPB
GC_6440	1	6	3	3	both_classes	6440	SFTPC
GC_64412	1	6	0	6	benign_only	64412	GZF1
GC_6490	1	6	0	6	benign_only	6490	PMEL
GC_6555	1	6	0	6	benign_only	6555	SLC10A2
GC_6773	1	6	0	6	benign_only	6773	STAT2
GC_6785	1	6	3	3	both_classes	6785	ELOVL4
GC_7044	1	6	0	6	benign_only	7044	LEFTY2
GC_7098	1	6	0	6	benign_only	7098	TLR3
GC_7100	1	6	0	6	benign_only	7100	TLR5
GC_7145	1	6	0	6	benign_only	7145	TNS1
GC_716	1	6	0	6	benign_only	716	C1S
GC_7169	1	6	6	0	pathogenic_only	7169	TPM2
GC_732	1	6	0	6	benign_only	732	C8B
GC_7389	1	6	6	0	pathogenic_only	7389	UROD
GC_7455	1	6	0	6	benign_only	7455	ZAN
GC_7515	1	6	0	6	benign_only	7515	XRCC1
GC_7532	1	6	5	1	both_classes	7532	YWHAG
GC_763	1	6	1	5	both_classes	763	CA5A
GC_7837	1	6	0	6	benign_only	7837	PXDN
GC_79853	1	6	0	6	benign_only	79853	TM4SF20
GC_800	1	6	0	6	benign_only	800	CALD1
GC_8021	1	6	1	5	both_classes	8021	NUP214
GC_80270	1	6	1	5	both_classes	80270	HSD3B7
GC_80339	1	6	0	6	benign_only	80339	PNPLA3
GC_80347	1	6	2	4	both_classes	80347	COASY
GC_81	1	6	1	5	both_classes	81	ACTN4
GC_8328	1	6	0	6	benign_only	8328	GFI1B
GC_83478	1	6	0	6	benign_only	83478	ARHGAP24
GC_83550	1	6	0	6	benign_only	83550	GPR101
GC_83636	1	6	4	2	both_classes	83636	C19orf12
GC_84062	1	6	0	6	benign_only	84062	DTNBP1
GC_84140	1	6	1	5	both_classes	84140	FAM161A
GC_84146	1	6	0	6	benign_only	84146	ZNF644
GC_84662	1	6	0	6	benign_only	84662	GLIS2
GC_84919	1	6	0	6	benign_only	84919	PPP1R15B
GC_8492	1	6	0	6	benign_only	8492	PRSS12
GC_85320	1	6	0	6	benign_only	85320	ABCC11
GC_8546	1	6	0	6	benign_only	8546	AP3B1
GC_8560	1	6	4	2	both_classes	8560	DEGS1
GC_8567	1	6	0	6	benign_only	8567	MADD
GC_8635	1	6	0	6	benign_only	8635	RNASET2
GC_8639	1	6	0	6	benign_only	8639	AOC3
GC_8720	1	6	0	6	benign_only	8720	MBTPS1
GC_8801	1	6	0	6	benign_only	8801	SUCLG2
GC_90	1	6	3	3	both_classes	90	ACVR1
GC_9001	1	6	0	6	benign_only	9001	HAP1
GC_91252	1	6	0	6	benign_only	91252	SLC39A13
GC_9173	1	6	0	6	benign_only	9173	IL33R
GC_9180	1	6	1	5	both_classes	9180	OSMR
GC_91807	1	6	0	6	benign_only	91807	MYLK3
GC_9187	1	6	0	6	benign_only	9187	SLC24A1
GC_9215	1	6	1	5	both_classes	9215	LARGE1
GC_92211	1	6	0	6	benign_only	92211	CDHR1
GC_9313	1	6	1	5	both_classes	9313	MMP20
GC_9469	1	6	2	4	both_classes	9469	CHST3
GC_9508	1	6	0	6	benign_only	9508	ADAMTS3
GC_9704	1	6	0	6	benign_only	9704	DHX34
GC_9772	1	6	0	6	benign_only	9772	TMEM94
GC_9790	1	6	0	6	benign_only	9790	BMS1
GC_9829	1	6	0	6	benign_only	9829	DNAJC6
GC_9853	1	6	0	6	benign_only	9853	RUSC2
GC_9860	1	6	0	6	benign_only	9860	LRIG2
GC_9885	1	6	0	6	benign_only	9885	OSBPL2
GC_9918	1	6	0	6	benign_only	9918	NCAPD2
GC_9922	1	6	1	5	both_classes	9922	IQSEC1
GC_9980	1	6	0	6	benign_only	9980	DOP1B
GC_5554	6	5	0	5	benign_only	5554|50840|259289|259295|100533464|106707243	PRH1|PRH1-PRR4|PRH1-TAS2R14|TAS2R14|TAS2R20|TAS2R43
GC_10965	4	5	0	5	benign_only	10965|79697|399671|641371	ACOT1|ACOT2|HEATR4|RIOX1
GC_112858	3	5	0	5	benign_only	112858|118597844|130065998	LOC130065998|TP53RK|TP53RK-DT
GC_1500	3	5	0	5	benign_only	1500|51075|100528016	CTNND1|TMX2|TMX2-CTNND1
GC_157376	3	5	0	5	benign_only	157376|439941|654463	FER1L6|FER1L6-AS1|FER1L6-AS2
GC_2984	3	5	0	5	benign_only	2984|101928290|123706531	GUCY2C|GUCY2C-AS1|PLBD1-AS1
GC_387787	3	5	1	4	both_classes	387787|100287896|130006411	LIPT2|LIPT2-AS1|LOC130006411
GC_4878	3	5	0	5	benign_only	4878|100379251|114827827	LOC114827827|NPPA|NPPA-AS1
GC_7436	3	5	0	5	benign_only	7436|401491|130001468	LOC130001468|VLDLR|VLDLR-AS1
GC_80196	3	5	2	3	both_classes	80196|84678|101928346	KDM2B|KDM2B-DT|RNF34
GC_80324	3	5	1	4	both_classes	80324|130009240|132090059	LOC130009240|LOC132090059|PUS1
GC_10411	2	5	0	5	benign_only	10411|130007763	LOC130007763|RAPGEF3
GC_10681	2	5	3	2	both_classes	10681|100129973	CERNA1|GNB5
GC_11020	2	5	1	4	both_classes	11020|105373021	CACNG2-DT|IFT27
GC_113189	2	5	2	3	both_classes	113189|130056851	CHST14|LOC130056851
GC_116519	2	5	0	5	benign_only	116519|108491825	APOA5|LOC108491825
GC_144165	2	5	1	4	both_classes	144165|130007700	LOC130007700|PRICKLE1
GC_1499	2	5	3	2	both_classes	1499|126806658	CTNNB1|LOC126806658
GC_1601	2	5	0	5	benign_only	1601|126807371	DAB2|LOC126807371
GC_162540	2	5	0	5	benign_only	162540|100128977	MAPT-AS1|SPPL2C
GC_1723	2	5	2	3	both_classes	1723|126862390	DHODH|LOC126862390
GC_1798	2	5	4	1	both_classes	1798|126861360	DPAGT1|LOC126861360
GC_1806	2	5	4	1	both_classes	1806|129930998	DPYD|LOC129930998
GC_202018	2	5	0	5	benign_only	202018|129992296	LOC129992296|TAPT1
GC_220	2	5	2	3	both_classes	220|101927751	ALDH1A3|ALDH1A3-AS1
GC_23258	2	5	0	5	benign_only	23258|130005268	DENND5A|LOC130005268
GC_23279	2	5	0	5	benign_only	23279|130005685	LOC130005685|NUP160
GC_23359	2	5	1	4	both_classes	23359|56160	ENTREP2|NSMCE3
GC_23767	2	5	0	5	benign_only	23767|140733	FLRT3|MACROD2
GC_2395	2	5	2	3	both_classes	2395|130001862	FXN|LOC130001862
GC_24145	2	5	0	5	benign_only	24145|130006599	LOC130006599|PANX1
GC_246	2	5	0	5	benign_only	246|126862468	ALOX15|LOC126862468
GC_251	2	5	0	5	benign_only	251|126806552	ALPG|LOC126806552
GC_25923	2	5	0	5	benign_only	25923|139225793	ATL3|LNCROPM
GC_26092	2	5	0	5	benign_only	26092|112577517	LOC112577517|TOR1AIP1
GC_2621	2	5	0	5	benign_only	2621|650669	GAS6|GAS6-AS1
GC_2660	2	5	0	5	benign_only	2660|84281	AKAP19|C2orf88|MSTN
GC_27161	2	5	5	0	pathogenic_only	27161|126860545	AGO2|LOC126860545
GC_2803	2	5	0	5	benign_only	2803|129389056	GOLGA4|LOC129389056
GC_3053	2	5	2	3	both_classes	3053|5297	PI4KA|SERPIND1
GC_32	2	5	0	5	benign_only	32|130008714	ACACB|LOC130008714
GC_3460	2	5	1	4	both_classes	3460|119266102	IFNGR2|LOC119266102
GC_3611	2	5	0	5	benign_only	3611|6881	ILK|TAF10
GC_3633	2	5	0	5	benign_only	3633|129930172	INPP5B|LOC129930172
GC_3684	2	5	0	5	benign_only	3684|126862331	ITGAM|LOC126862331
GC_3707	2	5	0	5	benign_only	3707|129932672	ITPKB|LOC129932672
GC_374308	2	5	0	5	benign_only	374308|124403924	LOC124403924|PTCHD3
GC_3769	2	5	2	3	both_classes	3769|26058	GIGYF2|KCNJ13
GC_4065	2	5	0	5	benign_only	4065|100526664	LY75|LY75-CD302
GC_4148	2	5	2	3	both_classes	4148|101928222	MATN3|WDR35-DT
GC_4487	2	5	0	5	benign_only	4487|129992137	LOC129992137|MSX1
GC_463	2	5	0	5	benign_only	463|101927978	ZFHX3|ZFHX3-AS1
GC_4791	2	5	1	4	both_classes	4791|130004598	LOC130004598|NFKB2
GC_4803	2	5	0	5	benign_only	4803|112840934	NGF|NGF-AS1
GC_5069	2	5	0	5	benign_only	5069|103611155	PAPPA|PAPPA-AS2
GC_51116	2	5	1	4	both_classes	51116|101928525	LOC101928525|MRPS2
GC_5176	2	5	0	5	benign_only	5176|130059891	LOC130059891|SERPINF1
GC_54495	2	5	0	5	benign_only	54495|79839	CCDC102B|TMX3
GC_54892	2	5	0	5	benign_only	54892|126860260	LOC126860260|NCAPG2
GC_54903	2	5	2	3	both_classes	54903|130061271	LOC130061271|MKS1
GC_55240	2	5	0	5	benign_only	55240|100874111	STEAP3|STEAP3-AS1
GC_55670	2	5	4	1	both_classes	55670|130066940	LOC130066940|PEX26
GC_55898	2	5	0	5	benign_only	55898|116435297	RCCD1-AS1|UNC45A
GC_57560	2	5	0	5	benign_only	57560|100174949	IFT80|TRIM59-IFT80
GC_5922	2	5	0	5	benign_only	5922|129937686	LOC129937686|RASA2
GC_64093	2	5	0	5	benign_only	64093|126861980	LOC126861980|SMOC1
GC_6473	2	5	4	1	both_classes	6473|107652445	LOC107652445|SHOX
GC_6608	2	5	0	5	benign_only	6608|129999303	LOC129999303|SMO
GC_6715	2	5	0	5	benign_only	6715|54888	NSUN2|SRD5A1
GC_6731	2	5	0	5	benign_only	6731|129992625	LOC129992625|SRP72
GC_7306	2	5	1	4	both_classes	7306|101929467	LURAP1L-AS1|TYRP1
GC_7385	2	5	1	4	both_classes	7385|255762	PDZD9|UQCRC2
GC_7407	2	5	3	2	both_classes	7407|126859651	LOC126859651|VARS1
GC_79734	2	5	1	4	both_classes	79734|130067340	KCTD17|LOC130067340
GC_80036	2	5	4	1	both_classes	80036|101927086	KLF9-DT|TRPM3
GC_80179	2	5	0	5	benign_only	80179|284098	MYO19|PIGW
GC_8120	2	5	0	5	benign_only	8120|283692	AP3B2|CPEB1-AS1
GC_833	2	5	0	5	benign_only	833|100852407	CARS1|CARS1-AS1
GC_83605	2	5	1	4	both_classes	83605|129998395	CCM2|LOC129998395
GC_8869	2	5	3	2	both_classes	8869|129934236	LOC129934236|ST3GAL5
GC_89866	2	5	0	5	benign_only	89866|111240474	CRYZL2P-SEC16B|SEC16B
GC_910	2	5	0	5	benign_only	910|911	CD1B|CD1C
GC_9200	2	5	0	5	benign_only	9200|130003454	HACD1|LOC130003454
GC_9378	2	5	0	5	benign_only	9378|114827832	LOC114827832|NRXN1
GC_949	2	5	0	5	benign_only	949|130009157	LOC130009157|SCARB1
GC_9646	2	5	3	2	both_classes	9646|126861140	CTR9|LOC126861140
GC_97	2	5	3	2	both_classes	97|10577	ACYP1|NPC2
GC_98	2	5	0	5	benign_only	98|388951	ACYP2|TSPYL6
GC_9990	2	5	4	1	both_classes	9990|129390683	LOC129390683|SLC12A6
GC_10117	1	5	0	5	benign_only	10117	ENAM
GC_10257	1	5	0	5	benign_only	10257	ABCC4
GC_10371	1	5	0	5	benign_only	10371	SEMA3A
GC_10466	1	5	1	4	both_classes	10466	COG5
GC_10655	1	5	0	5	benign_only	10655	DMRT2
GC_10846	1	5	4	1	both_classes	10846	PDE10A
GC_11083	1	5	0	5	benign_only	11083	DIDO1
GC_11169	1	5	0	5	benign_only	11169	WDHD1
GC_1118	1	5	0	5	benign_only	1118	CHIT1
GC_11274	1	5	0	5	benign_only	11274	USP18
GC_114132	1	5	0	5	benign_only	114132	SIGLEC11
GC_1144	1	5	3	2	both_classes	1144	CHRND
GC_1175	1	5	3	2	both_classes	1175	AP2S1
GC_118461	1	5	0	5	benign_only	118461	C10orf71
GC_123041	1	5	0	5	benign_only	123041	SLC24A4
GC_124590	1	5	1	4	both_classes	124590	USH1G
GC_124925	1	5	0	5	benign_only	124925	SEZ6
GC_1272	1	5	0	5	benign_only	1272	CNTN1
GC_128674	1	5	2	3	both_classes	128674	PROKR2
GC_1296	1	5	0	5	benign_only	1296	COL8A2
GC_129684	1	5	0	5	benign_only	129684	CNTNAP5
GC_131544	1	5	0	5	benign_only	131544	CRYBG3
GC_1415	1	5	3	2	both_classes	1415	CRYBB2
GC_145873	1	5	0	5	benign_only	145873	MESP2
GC_146183	1	5	0	5	benign_only	146183	OTOA
GC_150365	1	5	1	4	both_classes	150365	MEI1
GC_1572	1	5	0	5	benign_only	1572	CYP2F1
GC_1580	1	5	0	5	benign_only	1580	CYP4B1
GC_160418	1	5	0	5	benign_only	160418	TMTC3
GC_1630	1	5	0	5	benign_only	1630	DCC
GC_164045	1	5	0	5	benign_only	164045	HFM1
GC_168667	1	5	0	5	benign_only	168667	BMPER
GC_1757	1	5	0	5	benign_only	1757	SARDH
GC_1776	1	5	0	5	benign_only	1776	DNASE1L3
GC_18	1	5	2	3	both_classes	18	ABAT
GC_1801	1	5	1	4	both_classes	1801	DPH1
GC_1804	1	5	0	5	benign_only	1804	DPP6
GC_1830	1	5	0	5	benign_only	1830	DSG3
GC_196527	1	5	0	5	benign_only	196527	ANO6
GC_200162	1	5	0	5	benign_only	200162	SPAG17
GC_2010	1	5	2	3	both_classes	2010	EMD
GC_201625	1	5	0	5	benign_only	201625	DNAH12
GC_2027	1	5	0	5	benign_only	2027	ENO3
GC_2161	1	5	1	4	both_classes	2161	F12
GC_2178	1	5	0	5	benign_only	2178	FANCE
GC_219	1	5	0	5	benign_only	219	ALDH1B1
GC_2192	1	5	0	5	benign_only	2192	FBLN1
GC_2205	1	5	0	5	benign_only	2205	FCER1A
GC_2257	1	5	2	3	both_classes	2257	FGF12
GC_23037	1	5	0	5	benign_only	23037	PDZD2
GC_23090	1	5	0	5	benign_only	23090	ZNF423
GC_23114	1	5	0	5	benign_only	23114	NFASC
GC_23166	1	5	0	5	benign_only	23166	STAB1
GC_23175	1	5	0	5	benign_only	23175	LPIN1
GC_23255	1	5	0	5	benign_only	23255	MTCL1
GC_2332	1	5	0	5	benign_only	2332	FMR1
GC_23324	1	5	0	5	benign_only	23324	MAN2B2
GC_23352	1	5	0	5	benign_only	23352	UBR4
GC_23371	1	5	0	5	benign_only	23371	TNS2
GC_23426	1	5	0	5	benign_only	23426	GRIP1
GC_23526	1	5	0	5	benign_only	23526	ARHGAP45
GC_24140	1	5	1	4	both_classes	24140	FTSJ1
GC_253650	1	5	0	5	benign_only	253650	ANKRD18A
GC_2555	1	5	3	2	both_classes	2555	GABRA2
GC_256076	1	5	0	5	benign_only	256076	COL6A5
GC_25886	1	5	2	3	both_classes	25886	POC1A
GC_25975	1	5	0	5	benign_only	25975	EGFL6
GC_26030	1	5	0	5	benign_only	26030	PLEKHG3
GC_26047	1	5	0	5	benign_only	26047	CNTNAP2
GC_26173	1	5	0	5	benign_only	26173	INTS1
GC_26229	1	5	3	2	both_classes	26229	B3GAT3
GC_26249	1	5	5	0	pathogenic_only	26249	KLHL3
GC_2646	1	5	0	5	benign_only	2646	GCKR
GC_26509	1	5	0	5	benign_only	26509	MYOF
GC_26539	1	5	0	5	benign_only	26539	OR10H1
GC_2707	1	5	0	5	benign_only	2707	GJB3
GC_27077	1	5	2	3	both_classes	27077	B9D1
GC_27133	1	5	3	2	both_classes	27133	KCNH5
GC_27315	1	5	3	2	both_classes	27315	PGAP2
GC_27327	1	5	0	5	benign_only	27327	TNRC6A
GC_27340	1	5	0	5	benign_only	27340	UTP20
GC_2760	1	5	0	5	benign_only	2760	GM2A
GC_2770	1	5	4	1	both_classes	2770	GNAI1
GC_283375	1	5	0	5	benign_only	283375	SLC39A5
GC_283446	1	5	0	5	benign_only	283446	MYO1H
GC_284434	1	5	0	5	benign_only	284434	NWD1
GC_2875	1	5	0	5	benign_only	2875	GPT
GC_2892	1	5	2	3	both_classes	2892	GRIA3
GC_2918	1	5	0	5	benign_only	2918	GRM8
GC_3071	1	5	2	3	both_classes	3071	NCKAP1L
GC_3094	1	5	5	0	pathogenic_only	3094	HINT1
GC_3170	1	5	0	5	benign_only	3170	FOXA2
GC_3263	1	5	0	5	benign_only	3263	HPX
GC_3373	1	5	0	5	benign_only	3373	HYAL1
GC_338328	1	5	3	2	both_classes	338328	GPIHBP1
GC_338917	1	5	4	1	both_classes	338917	VSX2
GC_339453	1	5	1	4	both_classes	339453	TMEM240
GC_341019	1	5	0	5	benign_only	341019	DCDC1
GC_3417	1	5	2	3	both_classes	3417	IDH1
GC_3459	1	5	1	4	both_classes	3459	IFNGR1
GC_347240	1	5	0	5	benign_only	347240	KIF24
GC_3549	1	5	3	2	both_classes	3549	IHH
GC_3593	1	5	0	5	benign_only	3593	IL12B
GC_3636	1	5	0	5	benign_only	3636	INPPL1
GC_3720	1	5	0	5	benign_only	3720	JARID2
GC_3728	1	5	0	5	benign_only	3728	JUP
GC_3814	1	5	0	5	benign_only	3814	KISS1
GC_3850	1	5	0	5	benign_only	3850	KRT3
GC_3856	1	5	0	5	benign_only	3856	KRT8
GC_389207	1	5	0	5	benign_only	389207	GRXCR1
GC_399979	1	5	0	5	benign_only	399979	SNX19
GC_4026	1	5	0	5	benign_only	4026	LPP
GC_4133	1	5	0	5	benign_only	4133	MAP2
GC_4141	1	5	0	5	benign_only	4141	MARS1
GC_4174	1	5	0	5	benign_only	4174	MCM5
GC_4191	1	5	1	4	both_classes	4191	MDH2
GC_4327	1	5	0	5	benign_only	4327	MMP19
GC_445815	1	5	0	5	benign_only	445815	PALM2AKAP2
GC_4644	1	5	0	5	benign_only	4644	MYO5A
GC_4771	1	5	3	2	both_classes	4771	NF2
GC_4780	1	5	0	5	benign_only	4780	NFE2L2
GC_4842	1	5	0	5	benign_only	4842	NOS1
GC_4913	1	5	1	4	both_classes	4913	NTHL1
GC_4928	1	5	0	5	benign_only	4928	NUP98
GC_5016	1	5	0	5	benign_only	5016	OVGP1
GC_5058	1	5	5	0	pathogenic_only	5058	PAK1
GC_50618	1	5	0	5	benign_only	50618	ITSN2
GC_5087	1	5	3	2	both_classes	5087	PBX1
GC_50940	1	5	0	5	benign_only	50940	PDE11A
GC_50944	1	5	0	5	benign_only	50944	SHANK1
GC_51102	1	5	2	3	both_classes	51102	MECR
GC_51111	1	5	0	5	benign_only	51111	KMT5B
GC_51300	1	5	1	4	both_classes	51300	TIMMDC1
GC_51473	1	5	0	5	benign_only	51473	DCDC2
GC_51512	1	5	0	5	benign_only	51512	GTSE1
GC_5155	1	5	0	5	benign_only	5155	PDGFB
GC_51755	1	5	0	5	benign_only	51755	CDK12
GC_51761	1	5	1	4	both_classes	51761	ATP8A2
GC_51763	1	5	0	5	benign_only	51763	INPP5K
GC_51780	1	5	2	3	both_classes	51780	KDM3B
GC_5195	1	5	0	5	benign_only	5195	PEX14
GC_5199	1	5	0	5	benign_only	5199	CFP
GC_523	1	5	5	0	pathogenic_only	523	ATP6V1A
GC_5261	1	5	5	0	pathogenic_only	5261	PHKG2
GC_5294	1	5	0	5	benign_only	5294	PIK3CG
GC_5338	1	5	0	5	benign_only	5338	PLD2
GC_5352	1	5	0	5	benign_only	5352	PLOD2
GC_5375	1	5	2	3	both_classes	5375	PMP2
GC_53834	1	5	0	5	benign_only	53834	FGFRL1
GC_5430	1	5	4	1	both_classes	5430	POLR2A
GC_54532	1	5	0	5	benign_only	54532	USP53
GC_5455	1	5	4	1	both_classes	5455	POU3F3
GC_54567	1	5	2	3	both_classes	54567	DLL4
GC_54585	1	5	1	4	both_classes	54585	LZTFL1
GC_54840	1	5	2	3	both_classes	54840	APTX
GC_54904	1	5	0	5	benign_only	54904	NSD3
GC_54941	1	5	0	5	benign_only	54941	RNF125
GC_54949	1	5	1	4	both_classes	54949	SDHAF2
GC_55081	1	5	0	5	benign_only	55081	IFT57
GC_551	1	5	2	3	both_classes	551	AVP
GC_55135	1	5	0	5	benign_only	55135	WRAP53
GC_55145	1	5	4	1	both_classes	55145	THAP1
GC_55212	1	5	5	0	pathogenic_only	55212	BBS7
GC_55213	1	5	1	4	both_classes	55213	RCBTB1
GC_55278	1	5	1	4	both_classes	55278	QRSL1
GC_55367	1	5	1	4	both_classes	55367	PIDD1
GC_55503	1	5	1	4	both_classes	55503	TRPV6
GC_55553	1	5	1	4	both_classes	55553	SOX6
GC_55729	1	5	0	5	benign_only	55729	ATF7IP
GC_5592	1	5	1	4	both_classes	5592	PRKG1
GC_5610	1	5	1	4	both_classes	5610	EIF2AK2
GC_56243	1	5	0	5	benign_only	56243	KIAA1217
GC_56886	1	5	0	5	benign_only	56886	UGGT1
GC_57017	1	5	0	5	benign_only	57017	COQ9
GC_57126	1	5	0	5	benign_only	57126	CD177
GC_57214	1	5	0	5	benign_only	57214	CEMIP
GC_57462	1	5	0	5	benign_only	57462	MYORG
GC_57530	1	5	0	5	benign_only	57530	CGN
GC_57562	1	5	0	5	benign_only	57562	CEP126
GC_57570	1	5	0	5	benign_only	57570	TRMT5
GC_57580	1	5	0	5	benign_only	57580	PREX1
GC_57584	1	5	0	5	benign_only	57584	ARHGAP21
GC_57592	1	5	0	5	benign_only	57592	ZNF687
GC_576	1	5	0	5	benign_only	576	ADGRB2
GC_57602	1	5	0	5	benign_only	57602	USP36
GC_5783	1	5	0	5	benign_only	5783	PTPN13
GC_5830	1	5	2	3	both_classes	5830	PEX5
GC_585	1	5	2	3	both_classes	585	BBS4
GC_58524	1	5	0	5	benign_only	58524	DMRT3
GC_5915	1	5	5	0	pathogenic_only	5915	RARB
GC_5993	1	5	0	5	benign_only	5993	RFX5
GC_60495	1	5	0	5	benign_only	60495	HPSE2
GC_60506	1	5	1	4	both_classes	60506	NYX
GC_60676	1	5	0	5	benign_only	60676	PAPPA2
GC_63035	1	5	0	5	benign_only	63035	BCORL1
GC_6304	1	5	3	2	both_classes	6304	SATB1
GC_64321	1	5	1	4	both_classes	64321	SOX17
GC_6441	1	5	0	5	benign_only	6441	SFTPD
GC_64789	1	5	0	5	benign_only	64789	EXO5
GC_65082	1	5	0	5	benign_only	65082	VPS33A
GC_6509	1	5	2	3	both_classes	6509	SLC1A4
GC_6576	1	5	3	2	both_classes	6576	SLC25A1
GC_6596	1	5	0	5	benign_only	6596	HLTF
GC_6755	1	5	0	5	benign_only	6755	SSTR5
GC_6820	1	5	0	5	benign_only	6820	SULT2B1
GC_6915	1	5	0	5	benign_only	6915	TBXA2R
GC_6926	1	5	0	5	benign_only	6926	TBX3
GC_7030	1	5	2	3	both_classes	7030	TFE3
GC_7049	1	5	0	5	benign_only	7049	TGFBR3
GC_7050	1	5	1	4	both_classes	7050	TGIF1
GC_7096	1	5	0	5	benign_only	7096	TLR1
GC_726	1	5	2	3	both_classes	726	CAPN5
GC_729238	1	5	0	5	benign_only	729238	SFTPA2
GC_7351	1	5	0	5	benign_only	7351	UCP2
GC_7380	1	5	0	5	benign_only	7380	UPK3A
GC_7402	1	5	0	5	benign_only	7402	UTRN
GC_7421	1	5	5	0	pathogenic_only	7421	VDR
GC_7424	1	5	0	5	benign_only	7424	VEGFC
GC_7443	1	5	5	0	pathogenic_only	7443	VRK1
GC_7528	1	5	4	1	both_classes	7528	YY1
GC_762	1	5	0	5	benign_only	762	CA4
GC_7700	1	5	0	5	benign_only	7700	ZNF141
GC_78989	1	5	0	5	benign_only	78989	COLEC11
GC_79068	1	5	0	5	benign_only	79068	FTO
GC_79572	1	5	1	4	both_classes	79572	ATP13A3
GC_79796	1	5	1	4	both_classes	79796	ALG9
GC_79797	1	5	2	3	both_classes	79797	ZNF408
GC_79846	1	5	0	5	benign_only	79846	CFAP69
GC_79875	1	5	0	5	benign_only	79875	THSD4
GC_79983	1	5	0	5	benign_only	79983	POF1B
GC_80119	1	5	0	5	benign_only	80119	PIF1
GC_80217	1	5	0	5	benign_only	80217	CFAP43
GC_80308	1	5	1	4	both_classes	80308	FLAD1
GC_8031	1	5	0	5	benign_only	8031	NCOA4
GC_805	1	5	5	0	pathogenic_only	805	CALM2
GC_8165	1	5	0	5	benign_only	8165	AKAP1
GC_81693	1	5	1	4	both_classes	81693	AMN
GC_81857	1	5	1	4	both_classes	81857	MED25
GC_83483	1	5	0	5	benign_only	83483	PLVAP
GC_84034	1	5	0	5	benign_only	84034	EMILIN2
GC_84068	1	5	0	5	benign_only	84068	SLC10A7
GC_84197	1	5	0	5	benign_only	84197	POMK
GC_84239	1	5	0	5	benign_only	84239	ATP13A4
GC_844	1	5	1	4	both_classes	844	CASQ1
GC_84572	1	5	1	4	both_classes	84572	GNPTG
GC_84733	1	5	0	5	benign_only	84733	CBX2
GC_84735	1	5	0	5	benign_only	84735	CNDP1
GC_84942	1	5	1	4	both_classes	84942	WDR73
GC_85365	1	5	0	5	benign_only	85365	ALG2
GC_85366	1	5	0	5	benign_only	85366	MYLK2
GC_8676	1	5	1	4	both_classes	8676	STX11
GC_8788	1	5	0	5	benign_only	8788	DLK1
GC_8884	1	5	1	4	both_classes	8884	SLC5A6
GC_8943	1	5	0	5	benign_only	8943	AP3D1
GC_8974	1	5	2	3	both_classes	8974	P4HA2
GC_89765	1	5	0	5	benign_only	89765	RSPH1
GC_89874	1	5	0	5	benign_only	89874	SLC25A21
GC_89910	1	5	1	4	both_classes	89910	UBE3B
GC_90102	1	5	0	5	benign_only	90102	PHLDB2
GC_9024	1	5	1	4	both_classes	9024	BRSK2
GC_9064	1	5	0	5	benign_only	9064	MAP3K6
GC_91584	1	5	0	5	benign_only	91584	PLXNA4
GC_91624	1	5	0	5	benign_only	91624	NEXN
GC_9197	1	5	0	5	benign_only	9197	SLC33A1
GC_9211	1	5	3	2	both_classes	9211	LGI1
GC_9217	1	5	1	4	both_classes	9217	VAPB
GC_9235	1	5	0	5	benign_only	9235	IL32
GC_9241	1	5	3	2	both_classes	9241	NOG
GC_9320	1	5	1	4	both_classes	9320	TRIP12
GC_9332	1	5	0	5	benign_only	9332	CD163
GC_9340	1	5	0	5	benign_only	9340	GLP2R
GC_9342	1	5	1	4	both_classes	9342	SNAP29
GC_9344	1	5	0	5	benign_only	9344	TAOK2
GC_9379	1	5	0	5	benign_only	9379	NRXN2
GC_9394	1	5	0	5	benign_only	9394	HS6ST1
GC_9400	1	5	0	5	benign_only	9400	RECQL5
GC_94005	1	5	0	5	benign_only	94005	PIGS
GC_9455	1	5	0	5	benign_only	9455	HOMER2
GC_9564	1	5	0	5	benign_only	9564	BCAR1
GC_958	1	5	0	5	benign_only	958	CD40
GC_9688	1	5	1	4	both_classes	9688	NUP93
GC_9700	1	5	0	5	benign_only	9700	ESPL1
GC_9719	1	5	3	2	both_classes	9719	ADAMTSL2
GC_9725	1	5	2	3	both_classes	9725	TMEM63A
GC_9732	1	5	0	5	benign_only	9732	DOCK4
GC_9896	1	5	1	4	both_classes	9896	FIG4
GC_9947	1	5	0	5	benign_only	9947	MAGEC1
GC_9987	1	5	2	3	both_classes	9987	HNRNPDL
GC_883	4	4	1	3	both_classes	883|2021|51490|127739546	ENDOG|KYAT1|KYAT1-SPOUT1|SPOUT1
GC_10153	3	4	0	4	benign_only	10153|55471|126806192	CEBPZ|LOC126806192|NDUFAF7
GC_10430	3	4	3	1	both_classes	10430|26330|100506469	GAPDHS|TMEM147|TMEM147-AS1
GC_1471	3	4	0	4	benign_only	1471|130065546|130065547	CST3|LOC130065546|LOC130065547
GC_2	3	4	0	4	benign_only	2|5858|10219	A2M|KLRG1|PZP
GC_2188	3	4	1	3	both_classes	2188|130005443|130005444	FANCF|LOC130005443|LOC130005444
GC_2321	3	4	0	4	benign_only	2321|126861720|130009460	FLT1|LOC126861720|LOC130009460
GC_359948	3	4	0	4	benign_only	359948|129932811|129932812	IRF2BP2|LOC129932811|LOC129932812
GC_51256	3	4	0	4	benign_only	51256|107080638|126859592	LOC126859592|TBC1D7|TBC1D7-LOC100130357
GC_55328	3	4	0	4	benign_only	55328|142910|130004283	LIPJ|LOC130004283|RNLS
GC_56116	3	4	0	4	benign_only	56116|56128|56131	PCDHB4|PCDHB8|PCDHB@
GC_64116	3	4	1	3	both_classes	64116|126807125|129992876	LOC126807125|LOC129992876|SLC39A8
GC_6657	3	4	2	2	both_classes	6657|347689|108281177	LOC108281177|SOX2|SOX2-OT
GC_7113	3	4	0	4	benign_only	7113|111099027|117134604	LOC111099027|LOC117134604|TMPRSS2
GC_7267	3	4	0	4	benign_only	7267|100874006|125418073	LOC125418073|TTC3|TTC3-AS1
GC_84842	3	4	4	0	pathogenic_only	84842|129930439|129930440	HPDL|LOC129930439|LOC129930440
GC_8813	3	4	4	0	pathogenic_only	8813|101927631|130066166	ADNP-AS1|DPM1|LOC130066166
GC_10129	2	4	0	4	benign_only	10129|126861731	FRY|LOC126861731
GC_10229	2	4	0	4	benign_only	10229|130058587	COQ7|LOC130058587
GC_10617	2	4	3	1	both_classes	10617|126806253	LOC126806253|STAMBP
GC_107	2	4	0	4	benign_only	107|129998402	ADCY1|LOC129998402
GC_11067	2	4	0	4	benign_only	11067|83937	DEPP1|RASSF4
GC_11346	2	4	0	4	benign_only	11346|129995010	LOC129995010|SYNPO
GC_1259	2	4	3	1	both_classes	1259|101927157	CNGA1|LOC101927157
GC_137682	2	4	1	3	both_classes	137682|113788297	LOC113788297|NDUFAF6
GC_1861	2	4	0	4	benign_only	1861|130002772	LOC130002772|TOR1A
GC_2009	2	4	0	4	benign_only	2009|126862047	EML1|LOC126862047
GC_2067	2	4	0	4	benign_only	2067|10849	ERCC1|POLR1G
GC_22989	2	4	0	4	benign_only	22989|129937212	LOC129937212|MYH15
GC_2305	2	4	0	4	benign_only	2305|55846	FOXM1|ITFG2
GC_23163	2	4	0	4	benign_only	23163|51081	GGA3|MRPS7
GC_23250	2	4	0	4	benign_only	23250|128772390	ATP11A|LOC128772390
GC_23479	2	4	0	4	benign_only	23479|130008688	ISCU|LOC130008688
GC_23636	2	4	0	4	benign_only	23636|259307	IL4I1|NUP62
GC_239	2	4	0	4	benign_only	239|100506713	ALOX12|ALOX12-AS1
GC_255101	2	4	0	4	benign_only	255101|100129175	CFAP65|CFAP65-AS1
GC_2580	2	4	0	4	benign_only	2580|126806940	GAK|LOC126806940
GC_26027	2	4	0	4	benign_only	26027|338094	ACOT11|FAM151A
GC_26119	2	4	2	2	both_classes	26119|129929773	LDLRAP1|LOC129929773
GC_26128	2	4	0	4	benign_only	26128|130003959	KIFBP|LOC130003959
GC_26517	2	4	0	4	benign_only	26517|360200	TIMM13|TMPRSS9
GC_271	2	4	2	2	both_classes	271|129931109	AMPD2|LOC129931109
GC_2773	2	4	3	1	both_classes	2773|129931108	GNAI3|LOC129931108
GC_29	2	4	0	4	benign_only	29|130059874	ABR|LOC130059874
GC_2908	2	4	0	4	benign_only	2908|129994918	LOC129994918|NR3C1
GC_3084	2	4	0	4	benign_only	3084|126860346	LOC126860346|NRG1
GC_3092	2	4	0	4	benign_only	3092|129998676	HIP1|LOC129998676
GC_3190	2	4	3	1	both_classes	3190|123706516	HNRNPK|HNRNPK-AS1
GC_3299	2	4	0	4	benign_only	3299|55336	FBXL8|HSF4
GC_335	2	4	3	1	both_classes	335|104326055	APOA1|APOA1-AS
GC_3357	2	4	0	4	benign_only	3357|5707	HTR2B|PSMD1
GC_3607	2	4	0	4	benign_only	3607|105371942	FOXK2|FOXK2-AS1
GC_375	2	4	4	0	pathogenic_only	375|126806039	ARF1|LOC126806039
GC_388753	2	4	0	4	benign_only	388753|101927765	COA6|COA6-AS1
GC_3998	2	4	0	4	benign_only	3998|130062607	LMAN1|LOC130062607
GC_4043	2	4	0	4	benign_only	4043|129992120	LOC129992120|LRPAP1
GC_4689	2	4	1	3	both_classes	4689|107985578	NCF4|NCF4-AS1
GC_51227	2	4	1	3	both_classes	51227|130066643	LOC130066643|PIGP
GC_51244	2	4	0	4	benign_only	51244|126806614	CCDC174|LOC126806614
GC_51481	2	4	0	4	benign_only	51481|106029240	LOC106029240|VCX3A
GC_51567	2	4	0	4	benign_only	51567|113174982	LOC113174982|TDP2
GC_51601	2	4	2	2	both_classes	51601|129531	LIPT1|MITD1
GC_54102	2	4	0	4	benign_only	54102|130066591	CLIC6|LOC130066591
GC_55214	2	4	1	3	both_classes	55214|129938149	LOC129938149|P3H2
GC_55325	2	4	2	2	both_classes	55325|441054	CFAP96|UFSP2
GC_55651	2	4	0	4	benign_only	55651|64777	NHP2|RMND5B
GC_57094	2	4	0	4	benign_only	57094|102724708	ARFGEF1-DT|CPA6
GC_57623	2	4	0	4	benign_only	57623|130001237	LOC130001237|ZFAT
GC_57707	2	4	0	4	benign_only	57707|126862428	LOC126862428|MEAK7
GC_5789	2	4	0	4	benign_only	5789|126860578	LOC126860578|PTPRD
GC_6229	2	4	1	3	both_classes	6229|130004144	LOC130004144|RPS24
GC_6468	2	4	0	4	benign_only	6468|130004563	FBXW4|LOC130004563
GC_64801	2	4	0	4	benign_only	64801|129932761	ARV1|LOC129932761
GC_6507	2	4	0	4	benign_only	6507|107986412	SLC1A3|SLC1A3-AS1
GC_65122	2	4	0	4	benign_only	65122|126805622	LOC126805622|PRAMEF2
GC_653361	2	4	1	3	both_classes	653361|106029312	LOC106029312|NCF1
GC_6558	2	4	1	3	both_classes	6558|129994526	LOC129994526|SLC12A2
GC_7799	2	4	0	4	benign_only	7799|129929462	LOC129929462|PRDM2
GC_78996	2	4	0	4	benign_only	78996|340351	AGBL3|CYREN
GC_79442	2	4	0	4	benign_only	79442|126806673	LOC126806673|LRRC2
GC_79840	2	4	0	4	benign_only	79840|126806516	LOC126806516|NHEJ1
GC_80097	2	4	0	4	benign_only	80097|112714	MZT2B|TUBA3E
GC_801	2	4	4	0	pathogenic_only	801|126862021	CALM1|LOC126862021
GC_8092	2	4	0	4	benign_only	8092|124629423	ALX1|LOC124629423
GC_83716	2	4	0	4	benign_only	83716|126862429	CRISPLD2|LOC126862429
GC_84069	2	4	0	4	benign_only	84069|129929066	LOC129929066|PLEKHN1
GC_84699	2	4	0	4	benign_only	84699|125371455	CREB3L3|LOC125371455
GC_8625	2	4	1	3	both_classes	8625|126382	NR2C2AP|RFXANK
GC_8675	2	4	0	4	benign_only	8675|100534593	STX16|STX16-NPEPL1
GC_890	2	4	1	3	both_classes	890|5393	CCNA2|EXOSC9
GC_899	2	4	1	3	both_classes	899|105371050	CCNF|LOC105371050
GC_91039	2	4	0	4	benign_only	91039|126862841	DPP9|LOC126862841
GC_92840	2	4	1	3	both_classes	92840|130062962	LOC130062962|REEP6
GC_10000	1	4	3	1	both_classes	10000	AKT3
GC_10011	1	4	0	4	benign_only	10011	SRA1
GC_101	1	4	0	4	benign_only	101	ADAM8
GC_10111	1	4	2	2	both_classes	10111	RAD50
GC_10194	1	4	0	4	benign_only	10194	TSHZ1
GC_10199	1	4	0	4	benign_only	10199	MPHOSPH10
GC_10216	1	4	0	4	benign_only	10216	PRG4
GC_10235	1	4	1	3	both_classes	10235	RASGRP2
GC_1027	1	4	0	4	benign_only	1027	CDKN1B
GC_10309	1	4	0	4	benign_only	10309	CCNO
GC_10335	1	4	0	4	benign_only	10335	IRAG1
GC_10404	1	4	0	4	benign_only	10404	CPQ
GC_10469	1	4	0	4	benign_only	10469	TIMM44
GC_10512	1	4	0	4	benign_only	10512	SEMA3C
GC_10555	1	4	1	3	both_classes	10555	AGPAT2
GC_10699	1	4	0	4	benign_only	10699	CORIN
GC_10716	1	4	3	1	both_classes	10716	TBR1
GC_10788	1	4	0	4	benign_only	10788	IQGAP2
GC_10806	1	4	0	4	benign_only	10806	SDCCAG8
GC_10891	1	4	0	4	benign_only	10891	PPARGC1A
GC_10892	1	4	0	4	benign_only	10892	MALT1
GC_11019	1	4	0	4	benign_only	11019	LIAS
GC_11096	1	4	0	4	benign_only	11096	ADAMTS5
GC_11188	1	4	0	4	benign_only	11188	NISCH
GC_11285	1	4	3	1	both_classes	11285	B4GALT7
GC_11311	1	4	2	2	both_classes	11311	VPS45
GC_11338	1	4	4	0	pathogenic_only	11338	U2AF2
GC_1140	1	4	2	2	both_classes	1140	CHRNB1
GC_116444	1	4	0	4	benign_only	116444	GRIN3B
GC_1185	1	4	1	3	both_classes	1185	CLCN6
GC_118856	1	4	1	3	both_classes	118856	MMP21
GC_120	1	4	1	3	both_classes	120	ADD3
GC_122481	1	4	0	4	benign_only	122481	AK7
GC_125972	1	4	0	4	benign_only	125972	CALR3
GC_126129	1	4	0	4	benign_only	126129	CPT1C
GC_126549	1	4	0	4	benign_only	126549	ANKLE1
GC_129563	1	4	0	4	benign_only	129563	DIS3L2
GC_130340	1	4	0	4	benign_only	130340	AP1S3
GC_134218	1	4	0	4	benign_only	134218	DNAJC21
GC_1355	1	4	1	3	both_classes	1355	COX15
GC_138799	1	4	0	4	benign_only	138799	OR13C5
GC_139105	1	4	0	4	benign_only	139105	BEND2
GC_139189	1	4	0	4	benign_only	139189	DGKK
GC_139411	1	4	1	3	both_classes	139411	PTCHD1
GC_1411	1	4	0	4	benign_only	1411	CRYBA1
GC_143	1	4	0	4	benign_only	143	PARP4
GC_146429	1	4	0	4	benign_only	146429	SLC22A31
GC_147372	1	4	0	4	benign_only	147372	CCBE1
GC_148022	1	4	0	4	benign_only	148022	TICAM1
GC_152110	1	4	1	3	both_classes	152110	NEK10
GC_152926	1	4	0	4	benign_only	152926	PPM1K
GC_1565	1	4	0	4	benign_only	1565	CYP2D6
GC_162387	1	4	0	4	benign_only	162387	MFSD6L
GC_1634	1	4	0	4	benign_only	1634	DCN
GC_168391	1	4	0	4	benign_only	168391	GALNTL5
GC_1825	1	4	0	4	benign_only	1825	DSC3
GC_1826	1	4	0	4	benign_only	1826	DSCAM
GC_1837	1	4	0	4	benign_only	1837	DTNA
GC_1889	1	4	0	4	benign_only	1889	ECE1
GC_196374	1	4	0	4	benign_only	196374	KRT78
GC_197	1	4	0	4	benign_only	197	AHSG
GC_200316	1	4	0	4	benign_only	200316	APOBEC3F
GC_200879	1	4	2	2	both_classes	200879	LIPH
GC_2036	1	4	0	4	benign_only	2036	EPB41L1
GC_2070	1	4	1	3	both_classes	2070	EYA4
GC_2100	1	4	0	4	benign_only	2100	ESR2
GC_2103	1	4	0	4	benign_only	2103	ESRRB
GC_2137	1	4	1	3	both_classes	2137	EXTL3
GC_217	1	4	0	4	benign_only	217	ALDH2
GC_219931	1	4	0	4	benign_only	219931	TPCN2
GC_2214	1	4	0	4	benign_only	2214	FCGR3A
GC_2244	1	4	1	3	both_classes	2244	FGB
GC_2259	1	4	0	4	benign_only	2259	FGF14
GC_22808	1	4	4	0	pathogenic_only	22808	MRAS
GC_22868	1	4	0	4	benign_only	22868	FASTKD2
GC_23026	1	4	0	4	benign_only	23026	MYO16
GC_23077	1	4	0	4	benign_only	23077	MYCBP2
GC_23112	1	4	0	4	benign_only	23112	TNRC6B
GC_23133	1	4	0	4	benign_only	23133	PHF8
GC_23191	1	4	0	4	benign_only	23191	CYFIP1
GC_23236	1	4	0	4	benign_only	23236	PLCB1
GC_23242	1	4	0	4	benign_only	23242	COBL
GC_23274	1	4	0	4	benign_only	23274	CLEC16A
GC_23291	1	4	4	0	pathogenic_only	23291	FBXW11
GC_23308	1	4	0	4	benign_only	23308	ICOSLG
GC_23328	1	4	0	4	benign_only	23328	SASH1
GC_23424	1	4	0	4	benign_only	23424	TDRD7
GC_23443	1	4	1	3	both_classes	23443	SLC35A3
GC_23509	1	4	0	4	benign_only	23509	POFUT1
GC_23554	1	4	3	1	both_classes	23554	TSPAN12
GC_23729	1	4	0	4	benign_only	23729	SHPK
GC_250	1	4	0	4	benign_only	250	ALPP
GC_253143	1	4	0	4	benign_only	253143	PRR14L
GC_253959	1	4	0	4	benign_only	253959	RALGAPA1
GC_254048	1	4	0	4	benign_only	254048	UBN2
GC_254394	1	4	0	4	benign_only	254394	MCM9
GC_254528	1	4	0	4	benign_only	254528	MEIOB
GC_255239	1	4	0	4	benign_only	255239	ANKK1
GC_255631	1	4	0	4	benign_only	255631	COL24A1
GC_2572	1	4	0	4	benign_only	2572	GAD2
GC_25778	1	4	0	4	benign_only	25778	DSTYK
GC_258	1	4	0	4	benign_only	258	AMBN
GC_25970	1	4	0	4	benign_only	25970	SH2B1
GC_25973	1	4	0	4	benign_only	25973	PARS2
GC_2673	1	4	4	0	pathogenic_only	2673	GFPT1
GC_269	1	4	3	1	both_classes	269	AMHR2
GC_27032	1	4	1	3	both_classes	27032	ATP2C1
GC_27035	1	4	0	4	benign_only	27035	NOX1
GC_27085	1	4	0	4	benign_only	27085	MTBP
GC_27152	1	4	0	4	benign_only	27152	INTU
GC_27159	1	4	0	4	benign_only	27159	CHIA
GC_272	1	4	0	4	benign_only	272	AMPD3
GC_27255	1	4	0	4	benign_only	27255	CNTN6
GC_27443	1	4	0	4	benign_only	27443	CECR2
GC_2767	1	4	3	1	both_classes	2767	GNA11
GC_2776	1	4	4	0	pathogenic_only	2776	GNAQ
GC_283149	1	4	0	4	benign_only	283149	BCL9L
GC_283455	1	4	0	4	benign_only	283455	KSR2
GC_284111	1	4	4	0	pathogenic_only	284111	SLC13A5
GC_285195	1	4	0	4	benign_only	285195	SLC9A9
GC_285203	1	4	0	4	benign_only	285203	EOGT
GC_2879	1	4	1	3	both_classes	2879	GPX4
GC_2891	1	4	4	0	pathogenic_only	2891	GRIA2
GC_2900	1	4	0	4	benign_only	2900	GRIK4
GC_29063	1	4	0	4	benign_only	29063	ZCCHC4
GC_2917	1	4	0	4	benign_only	2917	GRM7
GC_2949	1	4	0	4	benign_only	2949	GSTM5
GC_2986	1	4	0	4	benign_only	2986	GUCY2F
GC_29998	1	4	0	4	benign_only	29998	BICRA
GC_3021	1	4	4	0	pathogenic_only	3021	H3-3B
GC_3070	1	4	0	4	benign_only	3070	HELLS
GC_3239	1	4	1	3	both_classes	3239	HOXD13
GC_3291	1	4	2	2	both_classes	3291	HSD11B2
GC_3294	1	4	0	4	benign_only	3294	HSD17B2
GC_331	1	4	0	4	benign_only	331	XIAP
GC_3418	1	4	1	3	both_classes	3418	IDH2
GC_343035	1	4	0	4	benign_only	343035	RD3
GC_3440	1	4	0	4	benign_only	3440	IFNA2
GC_345275	1	4	0	4	benign_only	345275	HSD17B13
GC_3454	1	4	0	4	benign_only	3454	IFNAR1
GC_347273	1	4	0	4	benign_only	347273	CAVIN4
GC_347527	1	4	0	4	benign_only	347527	ARSH
GC_3579	1	4	0	4	benign_only	3579	CXCR2
GC_3658	1	4	0	4	benign_only	3658	IREB2
GC_3709	1	4	0	4	benign_only	3709	ITPR2
GC_3710	1	4	1	3	both_classes	3710	ITPR3
GC_3766	1	4	3	1	both_classes	3766	KCNJ10
GC_3823	1	4	0	4	benign_only	3823	KLRC3
GC_3855	1	4	0	4	benign_only	3855	KRT7
GC_3899	1	4	2	2	both_classes	3899	AFF3
GC_3932	1	4	0	4	benign_only	3932	LCK
GC_3990	1	4	0	4	benign_only	3990	LIPC
GC_4014	1	4	0	4	benign_only	4014	LORICRIN
GC_4040	1	4	0	4	benign_only	4040	LRP6
GC_4070	1	4	0	4	benign_only	4070	TACSTD2
GC_4256	1	4	0	4	benign_only	4256	MGP
GC_440822	1	4	0	4	benign_only	440822	PIWIL3
GC_4485	1	4	0	4	benign_only	4485	MST1
GC_4486	1	4	0	4	benign_only	4486	MST1R
GC_4605	1	4	0	4	benign_only	4605	MYBL2
GC_4650	1	4	0	4	benign_only	4650	MYO9B
GC_4704	1	4	0	4	benign_only	4704	NDUFA9
GC_4705	1	4	1	3	both_classes	4705	NDUFA10
GC_4714	1	4	0	4	benign_only	4714	NDUFB8
GC_4773	1	4	0	4	benign_only	4773	NFATC2
GC_4792	1	4	1	3	both_classes	4792	NFKBIA
GC_4821	1	4	0	4	benign_only	4821	NKX2-2
GC_4838	1	4	1	3	both_classes	4838	NODAL
GC_4839	1	4	0	4	benign_only	4839	NOP2
GC_492	1	4	1	3	both_classes	492	ATP2B3
GC_4940	1	4	0	4	benign_only	4940	OAS3
GC_494513	1	4	2	2	both_classes	494513	PJVK
GC_495	1	4	0	4	benign_only	495	ATP4A
GC_5000	1	4	1	3	both_classes	5000	ORC4
GC_5019	1	4	1	3	both_classes	5019	OXCT1
GC_5034	1	4	0	4	benign_only	5034	P4HB
GC_5048	1	4	4	0	pathogenic_only	5048	PAFAH1B1
GC_50619	1	4	0	4	benign_only	50619	DEF6
GC_5063	1	4	0	4	benign_only	5063	PAK3
GC_50640	1	4	0	4	benign_only	50640	PNPLA8
GC_5067	1	4	0	4	benign_only	5067	CNTN3
GC_50674	1	4	2	2	both_classes	50674	NEUROG3
GC_5083	1	4	1	3	both_classes	5083	PAX9
GC_51053	1	4	0	4	benign_only	51053	GMNN
GC_5108	1	4	0	4	benign_only	5108	PCM1
GC_51099	1	4	1	3	both_classes	51099	ABHD5
GC_51119	1	4	3	1	both_classes	51119	SBDS
GC_51127	1	4	0	4	benign_only	51127	TRIM17
GC_51293	1	4	0	4	benign_only	51293	CD320
GC_5137	1	4	0	4	benign_only	5137	PDE1C
GC_51428	1	4	2	2	both_classes	51428	DDX41
GC_51807	1	4	0	4	benign_only	51807	TUBA8
GC_5193	1	4	2	2	both_classes	5193	PEX12
GC_5241	1	4	0	4	benign_only	5241	PGR
GC_5255	1	4	0	4	benign_only	5255	PHKA1
GC_5271	1	4	0	4	benign_only	5271	SERPINB8
GC_5295	1	4	2	2	both_classes	5295	PIK3R1
GC_5331	1	4	0	4	benign_only	5331	PLCB3
GC_5345	1	4	0	4	benign_only	5345	SERPINF2
GC_5357	1	4	0	4	benign_only	5357	PLS1
GC_53630	1	4	0	4	benign_only	53630	BCO1
GC_5365	1	4	0	4	benign_only	5365	PLXNB3
GC_54221	1	4	0	4	benign_only	54221	SNTG2
GC_54463	1	4	0	4	benign_only	54463	RETREG1
GC_54664	1	4	1	3	both_classes	54664	TMEM106B
GC_54716	1	4	0	4	benign_only	54716	SLC6A20
GC_54885	1	4	0	4	benign_only	54885	TBC1D8B
GC_55084	1	4	0	4	benign_only	55084	SOBP
GC_55125	1	4	0	4	benign_only	55125	CEP192
GC_55127	1	4	0	4	benign_only	55127	HEATR1
GC_55159	1	4	0	4	benign_only	55159	RFWD3
GC_55164	1	4	0	4	benign_only	55164	SHQ1
GC_55294	1	4	2	2	both_classes	55294	FBXW7
GC_55582	1	4	0	4	benign_only	55582	KIF27
GC_55607	1	4	0	4	benign_only	55607	PPP1R9A
GC_55689	1	4	0	4	benign_only	55689	YEATS2
GC_55757	1	4	0	4	benign_only	55757	UGGT2
GC_5587	1	4	0	4	benign_only	5587	PRKD1
GC_55997	1	4	0	4	benign_only	55997	CFC1
GC_56253	1	4	0	4	benign_only	56253	CRTAM
GC_56945	1	4	1	3	both_classes	56945	MRPS22
GC_5696	1	4	1	3	both_classes	5696	PSMB8
GC_56984	1	4	0	4	benign_only	56984	PSMG2
GC_57337	1	4	0	4	benign_only	57337	SENP7
GC_57338	1	4	0	4	benign_only	57338	JPH3
GC_5745	1	4	1	3	both_classes	5745	PTH1R
GC_57453	1	4	0	4	benign_only	57453	DSCAML1
GC_57540	1	4	0	4	benign_only	57540	DISP3
GC_57553	1	4	0	4	benign_only	57553	MICAL3
GC_57705	1	4	0	4	benign_only	57705	WDFY4
GC_57829	1	4	0	4	benign_only	57829	ZP4
GC_5792	1	4	0	4	benign_only	5792	PTPRF
GC_5873	1	4	2	2	both_classes	5873	RAB27A
GC_5881	1	4	4	0	pathogenic_only	5881	RAC3
GC_5885	1	4	0	4	benign_only	5885	RAD21
GC_59269	1	4	0	4	benign_only	59269	HIVEP3
GC_5981	1	4	0	4	benign_only	5981	RFC1
GC_6006	1	4	0	4	benign_only	6006	RHCE
GC_60681	1	4	2	2	both_classes	60681	FKBP10
GC_6185	1	4	0	4	benign_only	6185	RPN2
GC_6237	1	4	0	4	benign_only	6237	RRAS
GC_6252	1	4	0	4	benign_only	6252	RTN1
GC_6295	1	4	1	3	both_classes	6295	SAG
GC_6297	1	4	0	4	benign_only	6297	SALL2
GC_6327	1	4	0	4	benign_only	6327	SCN2B
GC_633	1	4	0	4	benign_only	633	BGN
GC_6382	1	4	0	4	benign_only	6382	SDC1
GC_63922	1	4	0	4	benign_only	63922	CHTF18
GC_63924	1	4	0	4	benign_only	63924	CIDEC
GC_641339	1	4	0	4	benign_only	641339	ZNF674
GC_646960	1	4	0	4	benign_only	646960	PRSS56
GC_64753	1	4	0	4	benign_only	64753	CCDC136
GC_64759	1	4	0	4	benign_only	64759	TNS3
GC_64849	1	4	0	4	benign_only	64849	SLC13A3
GC_64856	1	4	0	4	benign_only	64856	VWA1
GC_650	1	4	0	4	benign_only	650	BMP2
GC_65065	1	4	0	4	benign_only	65065	NBEAL1
GC_65267	1	4	0	4	benign_only	65267	WNK3
GC_6530	1	4	0	4	benign_only	6530	SLC6A2
GC_653583	1	4	0	4	benign_only	653583	PHLDB3
GC_6566	1	4	0	4	benign_only	6566	SLC16A1
GC_6640	1	4	0	4	benign_only	6640	SNTA1
GC_6721	1	4	0	4	benign_only	6721	SREBF2
GC_6789	1	4	0	4	benign_only	6789	STK4
GC_6874	1	4	0	4	benign_only	6874	TAF4
GC_6892	1	4	0	4	benign_only	6892	TAPBP
GC_6897	1	4	0	4	benign_only	6897	TARS1
GC_6909	1	4	1	3	both_classes	6909	TBX2
GC_6913	1	4	0	4	benign_only	6913	TBX15
GC_7037	1	4	0	4	benign_only	7037	TFRC
GC_7043	1	4	2	2	both_classes	7043	TGFB3
GC_708	1	4	1	3	both_classes	708	C1QBP
GC_7086	1	4	0	4	benign_only	7086	TKT
GC_714	1	4	1	3	both_classes	714	C1QC
GC_7252	1	4	1	3	both_classes	7252	TSHB
GC_7352	1	4	0	4	benign_only	7352	UCP3
GC_7429	1	4	0	4	benign_only	7429	VIL1
GC_7433	1	4	0	4	benign_only	7433	VIPR1
GC_7471	1	4	3	1	both_classes	7471	WNT1
GC_7535	1	4	2	2	both_classes	7535	ZAP70
GC_7762	1	4	0	4	benign_only	7762	ZNF215
GC_7776	1	4	0	4	benign_only	7776	ZNF236
GC_7789	1	4	0	4	benign_only	7789	ZXDA
GC_79029	1	4	4	0	pathogenic_only	79029	AFG2B
GC_79228	1	4	4	0	pathogenic_only	79228	THOC6
GC_79803	1	4	1	3	both_classes	79803	HPS6
GC_79902	1	4	0	4	benign_only	79902	NUP85
GC_80055	1	4	0	4	benign_only	80055	PGAP1
GC_80185	1	4	0	4	benign_only	80185	TTI2
GC_80332	1	4	0	4	benign_only	80332	ADAM33
GC_80835	1	4	0	4	benign_only	80835	TAS1R1
GC_8148	1	4	0	4	benign_only	8148	TAF15
GC_81607	1	4	0	4	benign_only	81607	NECTIN4
GC_81839	1	4	0	4	benign_only	81839	VANGL1
GC_8288	1	4	0	4	benign_only	8288	EPX
GC_8318	1	4	1	3	both_classes	8318	CDC45
GC_83416	1	4	0	4	benign_only	83416	FCRL5
GC_83660	1	4	0	4	benign_only	83660	TLN2
GC_83706	1	4	0	4	benign_only	83706	FERMT3
GC_8405	1	4	4	0	pathogenic_only	8405	SPOP
GC_84106	1	4	0	4	benign_only	84106	PRAM1
GC_84181	1	4	0	4	benign_only	84181	CHD6
GC_84188	1	4	3	1	both_classes	84188	FAR1
GC_84189	1	4	0	4	benign_only	84189	SLITRK6
GC_84221	1	4	0	4	benign_only	84221	SPATC1L
GC_84295	1	4	2	2	both_classes	84295	PHF6
GC_84634	1	4	1	3	both_classes	84634	KISS1R
GC_84674	1	4	0	4	benign_only	84674	CARD6
GC_85409	1	4	0	4	benign_only	85409	NKD2
GC_85415	1	4	0	4	benign_only	85415	RHPN2
GC_85441	1	4	0	4	benign_only	85441	HELZ2
GC_85461	1	4	0	4	benign_only	85461	TANC1
GC_85462	1	4	0	4	benign_only	85462	FHDC1
GC_8549	1	4	0	4	benign_only	8549	LGR5
GC_8622	1	4	0	4	benign_only	8622	PDE8B
GC_8714	1	4	0	4	benign_only	8714	ABCC3
GC_8729	1	4	0	4	benign_only	8729	GBF1
GC_8754	1	4	0	4	benign_only	8754	ADAM9
GC_8763	1	4	0	4	benign_only	8763	CD164
GC_8785	1	4	0	4	benign_only	8785	MATN4
GC_8787	1	4	0	4	benign_only	8787	RGS9
GC_8864	1	4	0	4	benign_only	8864	PER2
GC_8879	1	4	2	2	both_classes	8879	SGPL1
GC_8914	1	4	0	4	benign_only	8914	TIMELESS
GC_8945	1	4	0	4	benign_only	8945	BTRC
GC_89886	1	4	0	4	benign_only	89886	SLAMF9
GC_9033	1	4	0	4	benign_only	9033	PKD2L1
GC_9138	1	4	0	4	benign_only	9138	ARHGEF1
GC_91461	1	4	1	3	both_classes	91461	PKDCC
GC_9156	1	4	0	4	benign_only	9156	EXO1
GC_91752	1	4	0	4	benign_only	91752	ZNF804A
GC_91949	1	4	1	3	both_classes	91949	COG7
GC_920	1	4	0	4	benign_only	920	CD4
GC_9210	1	4	0	4	benign_only	9210	BMP15
GC_9230	1	4	2	2	both_classes	9230	RAB11B
GC_92609	1	4	1	3	both_classes	92609	TIMM50
GC_92797	1	4	0	4	benign_only	92797	HELB
GC_92935	1	4	0	4	benign_only	92935	MARS2
GC_9294	1	4	0	4	benign_only	9294	S1PR2
GC_93	1	4	1	3	both_classes	93	ACVR2B
GC_93035	1	4	0	4	benign_only	93035	PKHD1L1
GC_93664	1	4	0	4	benign_only	93664	CADPS2
GC_9388	1	4	0	4	benign_only	9388	LIPG
GC_93986	1	4	1	3	both_classes	93986	FOXP2
GC_950	1	4	0	4	benign_only	950	SCARB2
GC_9510	1	4	0	4	benign_only	9510	ADAMTS1
GC_9526	1	4	0	4	benign_only	9526	MPDU1
GC_9573	1	4	0	4	benign_only	9573	GDF3
GC_960	1	4	0	4	benign_only	960	CD44
GC_9657	1	4	0	4	benign_only	9657	IQCB1
GC_9687	1	4	0	4	benign_only	9687	GREB1
GC_9702	1	4	0	4	benign_only	9702	CEP57
GC_9738	1	4	0	4	benign_only	9738	CCP110
GC_9743	1	4	0	4	benign_only	9743	ARHGAP32
GC_9745	1	4	0	4	benign_only	9745	ZNF536
GC_9778	1	4	0	4	benign_only	9778	KIAA0232
GC_9782	1	4	1	3	both_classes	9782	MATR3
GC_9841	1	4	1	3	both_classes	9841	ZBTB24
GC_9857	1	4	0	4	benign_only	9857	CEP350
GC_9883	1	4	0	4	benign_only	9883	POM121
GC_10941	3	3	0	3	benign_only	10941|574537|129389218	LOC129389218|UGT2A1|UGT2A2
GC_157657	3	3	1	2	both_classes	157657|100616530|130000784	CFAP418|CFAP418-AS1|LOC130000784
GC_2526	3	3	0	3	benign_only	2526|143689|105369438	FUT4|PIWIL4|PIWIL4-AS1
GC_283694	3	3	0	3	benign_only	283694|101927079|126088093	LOC126088093|OR4M2-OT1|OR4N4
GC_51025	3	3	0	3	benign_only	51025|79585|100529144	CORO7|CORO7-PAM16|PAM16
GC_53	3	3	0	3	benign_only	53|10062|130005671	ACP2|LOC130005671|NR1H3
GC_7277	3	3	2	1	both_classes	7277|8576|80086	STK16|TUBA4A|TUBA4B
GC_84320	3	3	0	3	benign_only	84320|89884|100527964	ACBD6|LHX4|LHX4-AS1
GC_8600	3	3	0	3	benign_only	8600|126861752|130009662	LOC126861752|LOC130009662|TNFSF11
GC_939	3	3	1	2	both_classes	939|678655|130007243	CD27|CD27-AS1|LOC130007243
GC_10133	2	3	0	3	benign_only	10133|108903148	LOC108903148|OPTN
GC_10273	2	3	2	1	both_classes	10273|339123	JMJD8|STUB1
GC_10507	2	3	0	3	benign_only	10507|79048	SECISBP2|SEMA4D
GC_112812	2	3	0	3	benign_only	112812|125242785	FDX2|FDX2-ZGLP1
GC_113178	2	3	1	2	both_classes	113178|113179	ADAT3|SCAMP4
GC_114793	2	3	0	3	benign_only	114793|126806374	FMNL2|LOC126806374
GC_115352	2	3	0	3	benign_only	115352|139355230	FCRL3|FCRL3-AS1
GC_116228	2	3	1	2	both_classes	116228|129932912	COX20|LOC129932912
GC_123606	2	3	3	0	pathogenic_only	123606|130056709	LOC130056709|NIPA1
GC_130940	2	3	0	3	benign_only	130940|554201	CCDC148|CCDC148-AS1
GC_147968	2	3	0	3	benign_only	147968|130064372	CAPN12|LOC130064372
GC_151648	2	3	1	2	both_classes	151648|100874028	SGO1|SGO1-AS1
GC_153090	2	3	0	3	benign_only	153090|124310636	DAB2IP|LOC124310636
GC_154860	2	3	0	3	benign_only	154860|389549	FEZF1|FEZF1-AS1
GC_1659	2	3	0	3	benign_only	1659|2118	DHX8|ETV4
GC_1741	2	3	0	3	benign_only	1741|100873930	DLG3|DLG3-AS1
GC_1777	2	3	0	3	benign_only	1777|117125588	DNASE2|LOC117125588
GC_2015	2	3	0	3	benign_only	2015|130063344	ADGRE1|LOC130063344
GC_219731	2	3	0	3	benign_only	219731|254427	PROSER2|PROSER2-AS1
GC_2274	2	3	0	3	benign_only	2274|79074	C2orf49|FHL2
GC_2303	2	3	1	2	both_classes	2303|103752587	FOXC2|FOXC2-AS1
GC_23098	2	3	0	3	benign_only	23098|113235	SARM1|SLC46A1
GC_23179	2	3	0	3	benign_only	23179|403314	APOBEC4|RGL1
GC_2327	2	3	0	3	benign_only	2327|105371611	FMO1-AS1|FMO2
GC_23411	2	3	0	3	benign_only	23411|107832851	LOC107832851|SIRT1
GC_2653	2	3	1	2	both_classes	2653|130059495	GCSH|LOC130059495
GC_2657	2	3	1	2	both_classes	2657|10715	CERS1|GDF1
GC_27120	2	3	0	3	benign_only	27120|101928295	DKKL1|LOC101928295
GC_27295	2	3	0	3	benign_only	27295|126807246	LOC126807246|PDLIM3
GC_28960	2	3	0	3	benign_only	28960|399972	DCPS|GSEC
GC_290	2	3	0	3	benign_only	290|126862217	ANPEP|LOC126862217
GC_2997	2	3	0	3	benign_only	2997|119369037	GYS1|LOC119369037
GC_3110	2	3	0	3	benign_only	3110|129999735	LOC129999735|MNX1
GC_316	2	3	0	3	benign_only	316|126806468	AOX1|LOC126806468
GC_328	2	3	0	3	benign_only	328|124958010	APEX1|LOC124958010
GC_3419	2	3	0	3	benign_only	3419|23205	ACSBG1|IDH3A
GC_344	2	3	0	3	benign_only	344|100533990	APOC2|APOC4-APOC2
GC_3516	2	3	1	2	both_classes	3516|126807011	LOC126807011|RBPJ
GC_4054	2	3	0	3	benign_only	4054|130006030	LOC130006030|LTBP3
GC_4287	2	3	0	3	benign_only	4287|108663987	ATXN3|LOC108663987
GC_4329	2	3	0	3	benign_only	4329|80127	ALDH6A1|BBOF1
GC_4720	2	3	1	2	both_classes	4720|129931761	LOC129931761|NDUFS2
GC_4729	2	3	1	2	both_classes	4729|101927275	NDUFV2|NDUFV2-AS1
GC_486	2	3	0	3	benign_only	486|100533181	FXYD2|FXYD6-FXYD2
GC_4862	2	3	0	3	benign_only	4862|101927142	NPAS2|NPAS2-AS1
GC_5002	2	3	0	3	benign_only	5002|5003	SLC67A1|SLC67A1-AS
GC_51021	2	3	0	3	benign_only	51021|414245	DNAJC9-AS1|MRPS16
GC_5140	2	3	1	2	both_classes	5140|120227	CYP2R1|PDE3B
GC_51540	2	3	0	3	benign_only	51540|100533179	SCLY|UBE2F-SCLY
GC_51574	2	3	0	3	benign_only	51574|109864269	LARP7|MIR302CHG
GC_51752	2	3	0	3	benign_only	51752|64167	ERAP1|ERAP2
GC_5350	2	3	1	2	both_classes	5350|387119	CEP85L|PLN
GC_5445	2	3	0	3	benign_only	5445|107986822	LOC107986822|PON2
GC_5479	2	3	2	1	both_classes	5479|79856	PPIB|SNX22
GC_549	2	3	1	2	both_classes	549|130002059	AUH|LOC130002059
GC_55149	2	3	0	3	benign_only	55149|130003598	LOC130003598|MTPAP
GC_55362	2	3	3	0	pathogenic_only	55362|132089394	LOC132089394|TMEM63B
GC_55799	2	3	0	3	benign_only	55799|57408	CACNA2D3|LRTM1
GC_55959	2	3	0	3	benign_only	55959|130066021	LOC130066021|SULF2
GC_56683	2	3	0	3	benign_only	56683|110091775	CFAP298|CFAP298-TCP10L
GC_5806	2	3	0	3	benign_only	5806|79674	PTX3|VEPH1
GC_5972	2	3	1	2	both_classes	5972|107548112	LOC107548112|REN
GC_6095	2	3	0	3	benign_only	6095|101928784	RORA|RORA-AS1
GC_6096	2	3	2	1	both_classes	6096|103752585	RORB|RORB-AS1
GC_6341	2	3	1	2	both_classes	6341|112529895	LOC112529895|SCO1
GC_64837	2	3	0	3	benign_only	64837|105369352	KLC2|KLC2-AS1
GC_65080	2	3	1	2	both_classes	65080|129935704	LOC129935704|MRPL44
GC_66036	2	3	0	3	benign_only	66036|101929290	LOC101929290|MTMR9
GC_6659	2	3	0	3	benign_only	6659|129995966	LOC129995966|SOX4
GC_6697	2	3	3	0	pathogenic_only	6697|129934069	LOC129934069|SPR
GC_6843	2	3	2	1	both_classes	6843|55080	TAPBPL|VAMP1
GC_6870	2	3	1	2	both_classes	6870|121233924	TACR3|TACR3-AS1
GC_6875	2	3	0	3	benign_only	6875|130062319	LOC130062319|TAF4B
GC_6876	2	3	0	3	benign_only	6876|9159	PCSK7|TAGLN
GC_6888	2	3	2	1	both_classes	6888|126861110	LOC126861110|TALDO1
GC_7175	2	3	0	3	benign_only	7175|126805954	LOC126805954|TPR
GC_7275	2	3	0	3	benign_only	7275|79608	RIC3|TUB
GC_7767	2	3	0	3	benign_only	7767|100379224	ZNF224|ZNF225-AS1
GC_79709	2	3	0	3	benign_only	79709|130063952	COLGALT1|LOC130063952
GC_79733	2	3	0	3	benign_only	79733|105376580	CSRP3-AS1|E2F8
GC_79882	2	3	0	3	benign_only	79882|161436	EML5|ZC3H14
GC_80207	2	3	2	1	both_classes	80207|130064709	LOC130064709|OPA3
GC_81858	2	3	0	3	benign_only	81858|130001367	LOC130001367|SHARPIN
GC_8419	2	3	0	3	benign_only	8419|85003	BFSP2|BFSP2-AS1
GC_84623	2	3	0	3	benign_only	84623|100874250	KIRREL3|KIRREL3-AS1
GC_9054	2	3	0	3	benign_only	9054|140823	NFS1|ROMO1
GC_917	2	3	1	2	both_classes	917|126861358	CD3G|LOC126861358
GC_92002	2	3	0	3	benign_only	92002|130068825	CCNQ|LOC130068825
GC_92335	2	3	0	3	benign_only	92335|125312417	LOC125312417|STRADA
GC_9254	2	3	0	3	benign_only	9254|127898564	CACNA2D2|LOC127898564
GC_9368	2	3	0	3	benign_only	9368|105371893	NHERF1|SLC9A3R1-AS1
GC_9698	2	3	1	2	both_classes	9698|126805680	LOC126805680|PUM1
GC_9830	2	3	0	3	benign_only	9830|54187	NANS|TRIM14
GC_9915	2	3	0	3	benign_only	9915|124903538	ARNT2|ARNT2-AS1
GC_100128927	1	3	0	3	benign_only	100128927	ZBTB42
GC_10014	1	3	0	3	benign_only	10014	HDAC5
GC_10095	1	3	0	3	benign_only	10095	ARPC1B
GC_1010	1	3	0	3	benign_only	1010	CDH12
GC_10112	1	3	0	3	benign_only	10112	KIF20A
GC_10155	1	3	0	3	benign_only	10155	TRIM28
GC_10157	1	3	1	2	both_classes	10157	AASS
GC_10159	1	3	0	3	benign_only	10159	ATP6AP2
GC_10262	1	3	0	3	benign_only	10262	SF3B4
GC_10265	1	3	0	3	benign_only	10265	IRX5
GC_10283	1	3	0	3	benign_only	10283	CWC27
GC_10293	1	3	0	3	benign_only	10293	TRAIP
GC_10367	1	3	1	2	both_classes	10367	MICU1
GC_10383	1	3	3	0	pathogenic_only	10383	TUBB4B
GC_10413	1	3	0	3	benign_only	10413	YAP1
GC_10451	1	3	0	3	benign_only	10451	VAV3
GC_10518	1	3	1	2	both_classes	10518	CIB2
GC_10533	1	3	0	3	benign_only	10533	ATG7
GC_10592	1	3	0	3	benign_only	10592	SMC2
GC_10635	1	3	0	3	benign_only	10635	RAD51AP1
GC_10637	1	3	0	3	benign_only	10637	LEFTY1
GC_10765	1	3	0	3	benign_only	10765	KDM5B
GC_10916	1	3	0	3	benign_only	10916	MAGED2
GC_10973	1	3	0	3	benign_only	10973	ASCC3
GC_10994	1	3	0	3	benign_only	10994	ILVBL
GC_11011	1	3	3	0	pathogenic_only	11011	TLK2
GC_1105	1	3	0	3	benign_only	1105	CHD1
GC_11154	1	3	1	2	both_classes	11154	AP4S1
GC_11160	1	3	3	0	pathogenic_only	11160	ERLIN2
GC_11194	1	3	0	3	benign_only	11194	ABCB8
GC_11196	1	3	0	3	benign_only	11196	SEC23IP
GC_11222	1	3	0	3	benign_only	11222	MRPL3
GC_11231	1	3	0	3	benign_only	11231	SEC63
GC_112744	1	3	0	3	benign_only	112744	IL17F
GC_11317	1	3	0	3	benign_only	11317	RBPJL
GC_11342	1	3	0	3	benign_only	11342	RNF13
GC_1138	1	3	0	3	benign_only	1138	CHRNA5
GC_1147	1	3	0	3	benign_only	1147	CHUK
GC_114788	1	3	0	3	benign_only	114788	CSMD3
GC_114879	1	3	0	3	benign_only	114879	OSBPL5
GC_115286	1	3	0	3	benign_only	115286	SLC25A26
GC_116085	1	3	3	0	pathogenic_only	116085	SLC22A12
GC_116369	1	3	0	3	benign_only	116369	SLC26A8
GC_116985	1	3	0	3	benign_only	116985	ARAP1
GC_117196	1	3	0	3	benign_only	117196	MRGPRX4
GC_1179	1	3	0	3	benign_only	1179	CLCA1
GC_1182	1	3	3	0	pathogenic_only	1182	CLCN3
GC_119	1	3	0	3	benign_only	119	ADD2
GC_1191	1	3	0	3	benign_only	1191	CLU
GC_121256	1	3	0	3	benign_only	121256	TMEM132D
GC_122706	1	3	0	3	benign_only	122706	PSMB11
GC_123745	1	3	0	3	benign_only	123745	PLA2G4E
GC_124512	1	3	0	3	benign_only	124512	METTL23
GC_1260	1	3	0	3	benign_only	1260	CNGA2
GC_126328	1	3	0	3	benign_only	126328	NDUFA11
GC_126353	1	3	0	3	benign_only	126353	MISP
GC_128239	1	3	0	3	benign_only	128239	IQGAP3
GC_1307	1	3	0	3	benign_only	1307	COL16A1
GC_132671	1	3	0	3	benign_only	132671	SPATA18
GC_133686	1	3	0	3	benign_only	133686	NADK2
GC_137814	1	3	0	3	benign_only	137814	NKX2-6
GC_1417	1	3	0	3	benign_only	1417	CRYBB3
GC_143458	1	3	0	3	benign_only	143458	LDLRAD3
GC_143903	1	3	0	3	benign_only	143903	LAYN
GC_144125	1	3	0	3	benign_only	144125	OR2AG1
GC_1468	1	3	0	3	benign_only	1468	SLC25A10
GC_146845	1	3	0	3	benign_only	146845	CFAP52
GC_147183	1	3	0	3	benign_only	147183	KRT25
GC_1472	1	3	0	3	benign_only	1472	CST4
GC_148811	1	3	0	3	benign_only	148811	PM20D1
GC_148979	1	3	0	3	benign_only	148979	GLIS1
GC_149371	1	3	0	3	benign_only	149371	EXOC8
GC_150372	1	3	0	3	benign_only	150372	NFAM1
GC_1511	1	3	0	3	benign_only	1511	CTSG
GC_151887	1	3	0	3	benign_only	151887	CCDC80
GC_1522	1	3	0	3	benign_only	1522	CTSZ
GC_152273	1	3	0	3	benign_only	152273	FGD5
GC_152816	1	3	0	3	benign_only	152816	ODAPH
GC_153	1	3	0	3	benign_only	153	ADRB1
GC_153201	1	3	0	3	benign_only	153201	SLC36A2
GC_1537	1	3	0	3	benign_only	1537	CYC1
GC_1548	1	3	0	3	benign_only	1548	CYP2A6
GC_154881	1	3	3	0	pathogenic_only	154881	KCTD7
GC_157922	1	3	0	3	benign_only	157922	CAMSAP1
GC_1581	1	3	0	3	benign_only	1581	CYP7A1
GC_1582	1	3	0	3	benign_only	1582	CYP8B1
GC_161882	1	3	0	3	benign_only	161882	ZFPM1
GC_162394	1	3	0	3	benign_only	162394	SLFN5
GC_163351	1	3	0	3	benign_only	163351	GBP6
GC_1643	1	3	1	2	both_classes	1643	DDB2
GC_164592	1	3	0	3	benign_only	164592	CCDC116
GC_1649	1	3	0	3	benign_only	1649	DDIT3
GC_1650	1	3	1	2	both_classes	1650	DDOST
GC_165530	1	3	0	3	benign_only	165530	CLEC4F
GC_1747	1	3	1	2	both_classes	1747	DLX3
GC_185	1	3	0	3	benign_only	185	AGTR1
GC_1911	1	3	0	3	benign_only	1911	PHC1
GC_192111	1	3	0	3	benign_only	192111	PGAM5
GC_192666	1	3	0	3	benign_only	192666	KRT24
GC_1936	1	3	0	3	benign_only	1936	EEF1D
GC_196	1	3	0	3	benign_only	196	AHR
GC_197257	1	3	1	2	both_classes	197257	LDHD
GC_197320	1	3	0	3	benign_only	197320	ZNF778
GC_199953	1	3	0	3	benign_only	199953	TMEM201
GC_2028	1	3	0	3	benign_only	2028	ENPEP
GC_2035	1	3	1	2	both_classes	2035	EPB41
GC_2048	1	3	0	3	benign_only	2048	EPHB2
GC_204801	1	3	0	3	benign_only	204801	NLRP11
GC_2052	1	3	0	3	benign_only	2052	EPHX1
GC_2152	1	3	0	3	benign_only	2152	F3
GC_2166	1	3	0	3	benign_only	2166	FAAH
GC_2182	1	3	0	3	benign_only	2182	ACSL4
GC_2191	1	3	0	3	benign_only	2191	FAP
GC_2199	1	3	0	3	benign_only	2199	FBLN2
GC_222662	1	3	2	1	both_classes	222662	LHFPL5
GC_222962	1	3	0	3	benign_only	222962	SLC29A4
GC_2239	1	3	0	3	benign_only	2239	GPC4
GC_2248	1	3	1	2	both_classes	2248	FGF3
GC_22844	1	3	0	3	benign_only	22844	FRMPD1
GC_22933	1	3	0	3	benign_only	22933	SIRT2
GC_2294	1	3	1	2	both_classes	2294	FOXF1
GC_22948	1	3	0	3	benign_only	22948	CCT5
GC_22986	1	3	0	3	benign_only	22986	SORCS3
GC_23025	1	3	1	2	both_classes	23025	UNC13A
GC_23028	1	3	1	2	both_classes	23028	KDM1A
GC_23051	1	3	0	3	benign_only	23051	ZHX3
GC_23054	1	3	0	3	benign_only	23054	NCOA6
GC_23066	1	3	0	3	benign_only	23066	CAND2
GC_23078	1	3	0	3	benign_only	23078	VWA8
GC_23130	1	3	0	3	benign_only	23130	ATG2A
GC_23131	1	3	0	3	benign_only	23131	GPATCH8
GC_2314	1	3	0	3	benign_only	2314	FLII
GC_23177	1	3	0	3	benign_only	23177	CEP68
GC_23231	1	3	0	3	benign_only	23231	SEL1L3
GC_2329	1	3	0	3	benign_only	2329	FMO4
GC_23293	1	3	0	3	benign_only	23293	SMG6
GC_23325	1	3	0	3	benign_only	23325	WASHC4
GC_23368	1	3	0	3	benign_only	23368	PPP1R13B
GC_23387	1	3	0	3	benign_only	23387	SIK3
GC_23397	1	3	0	3	benign_only	23397	NCAPH
GC_23438	1	3	0	3	benign_only	23438	HARS2
GC_2346	1	3	0	3	benign_only	2346	FOLH1
GC_23563	1	3	0	3	benign_only	23563	CHST5
GC_23569	1	3	0	3	benign_only	23569	PADI4
GC_23590	1	3	0	3	benign_only	23590	PDSS1
GC_23592	1	3	0	3	benign_only	23592	LEMD3
GC_23761	1	3	1	2	both_classes	23761	PISD
GC_23774	1	3	0	3	benign_only	23774	BRD1
GC_246329	1	3	1	2	both_classes	246329	STAC3
GC_2492	1	3	0	3	benign_only	2492	FSHR
GC_2533	1	3	0	3	benign_only	2533	FYB1
GC_253827	1	3	2	1	both_classes	253827	MSRB3
GC_255231	1	3	0	3	benign_only	255231	MCOLN2
GC_2556	1	3	0	3	benign_only	2556	GABRA3
GC_2560	1	3	0	3	benign_only	2560	GABRB1
GC_256297	1	3	1	2	both_classes	256297	PTF1A
GC_2571	1	3	0	3	benign_only	2571	GAD1
GC_25831	1	3	0	3	benign_only	25831	HECTD1
GC_259236	1	3	2	1	both_classes	259236	TMIE
GC_26020	1	3	0	3	benign_only	26020	LRP10
GC_26276	1	3	0	3	benign_only	26276	VPS33B
GC_26290	1	3	0	3	benign_only	26290	GALNT8
GC_26523	1	3	3	0	pathogenic_only	26523	AGO1
GC_26524	1	3	0	3	benign_only	26524	LATS2
GC_2671	1	3	1	2	both_classes	2671	GFER
GC_2678	1	3	0	3	benign_only	2678	GGT1
GC_27010	1	3	2	1	both_classes	27010	TPK1
GC_27063	1	3	0	3	benign_only	27063	ANKRD1
GC_27094	1	3	0	3	benign_only	27094	KCNMB3
GC_27286	1	3	0	3	benign_only	27286	SRPX2
GC_27304	1	3	0	3	benign_only	27304	MOCS3
GC_27306	1	3	0	3	benign_only	27306	HPGDS
GC_2783	1	3	3	0	pathogenic_only	2783	GNB2
GC_2819	1	3	1	2	both_classes	2819	GPD1
GC_283358	1	3	0	3	benign_only	283358	B4GALNT3
GC_283571	1	3	0	3	benign_only	283571	PROX2
GC_284433	1	3	0	3	benign_only	284433	OR10H5
GC_285335	1	3	0	3	benign_only	285335	SLC9C1
GC_285527	1	3	0	3	benign_only	285527	FRYL
GC_2869	1	3	0	3	benign_only	2869	GRK5
GC_28981	1	3	1	2	both_classes	28981	IFT81
GC_29071	1	3	0	3	benign_only	29071	C1GALT1C1
GC_291	1	3	2	1	both_classes	291	SLC25A4
GC_29102	1	3	0	3	benign_only	29102	DROSHA
GC_29914	1	3	0	3	benign_only	29914	UBIAD1
GC_29920	1	3	2	1	both_classes	29920	PYCR2
GC_29957	1	3	2	1	both_classes	29957	SLC25A24
GC_30011	1	3	0	3	benign_only	30011	SH3KBP1
GC_3028	1	3	3	0	pathogenic_only	3028	HSD17B10
GC_3033	1	3	1	2	both_classes	3033	HADH
GC_3067	1	3	0	3	benign_only	3067	HDC
GC_3082	1	3	0	3	benign_only	3082	HGF
GC_30848	1	3	0	3	benign_only	30848	CTAG2
GC_3166	1	3	0	3	benign_only	3166	HMX1
GC_317	1	3	0	3	benign_only	317	APAF1
GC_3211	1	3	0	3	benign_only	3211	HOXB1
GC_3248	1	3	1	2	both_classes	3248	HPGD
GC_3269	1	3	0	3	benign_only	3269	HRH1
GC_3270	1	3	0	3	benign_only	3270	HRC
GC_3300	1	3	0	3	benign_only	3300	DNAJB2
GC_3340	1	3	1	2	both_classes	3340	NDST1
GC_3350	1	3	0	3	benign_only	3350	HTR1A
GC_338321	1	3	0	3	benign_only	338321	NLRP9
GC_3394	1	3	0	3	benign_only	3394	IRF8
GC_339501	1	3	0	3	benign_only	339501	PRSS38
GC_340895	1	3	0	3	benign_only	340895	MALRD1
GC_343450	1	3	0	3	benign_only	343450	KCNT2
GC_3439	1	3	0	3	benign_only	3439	IFNA1
GC_3441	1	3	0	3	benign_only	3441	IFNA4
GC_347148	1	3	0	3	benign_only	347148	QRFP
GC_3476	1	3	0	3	benign_only	3476	IGBP1
GC_350	1	3	0	3	benign_only	350	APOH
GC_353144	1	3	0	3	benign_only	353144	LCE3C
GC_3566	1	3	0	3	benign_only	3566	IL4R
GC_357	1	3	0	3	benign_only	357	SHROOM2
GC_3601	1	3	0	3	benign_only	3601	IL15RA
GC_3654	1	3	0	3	benign_only	3654	IRAK1
GC_3665	1	3	0	3	benign_only	3665	IRF7
GC_3667	1	3	0	3	benign_only	3667	IRS1
GC_3699	1	3	0	3	benign_only	3699	ITIH3
GC_3702	1	3	0	3	benign_only	3702	ITK
GC_372	1	3	0	3	benign_only	372	ARCN1
GC_374393	1	3	1	2	both_classes	374393	FAM111B
GC_3744	1	3	0	3	benign_only	3744	KCNA10
GC_374407	1	3	0	3	benign_only	374407	DNAJB13
GC_375337	1	3	0	3	benign_only	375337	TOPAZ1
GC_375387	1	3	0	3	benign_only	375387	NRROS
GC_375611	1	3	0	3	benign_only	375611	SLC26A5
GC_3782	1	3	0	3	benign_only	3782	KCNN3
GC_3787	1	3	0	3	benign_only	3787	KCNS1
GC_3822	1	3	0	3	benign_only	3822	KLRC2
GC_388389	1	3	2	1	both_classes	388389	DNAAF19
GC_3891	1	3	0	3	benign_only	3891	KRT85
GC_3895	1	3	0	3	benign_only	3895	KTN1
GC_392255	1	3	0	3	benign_only	392255	GDF6
GC_3980	1	3	0	3	benign_only	3980	LIG3
GC_3984	1	3	0	3	benign_only	3984	LIMK1
GC_3996	1	3	0	3	benign_only	3996	LLGL1
GC_4051	1	3	0	3	benign_only	4051	CYP4F3
GC_4055	1	3	0	3	benign_only	4055	LTBR
GC_4057	1	3	0	3	benign_only	4057	LTF
GC_4059	1	3	0	3	benign_only	4059	BCAM
GC_4093	1	3	0	3	benign_only	4093	SMAD9
GC_4128	1	3	1	2	both_classes	4128	MAOA
GC_414	1	3	0	3	benign_only	414	ARSD
GC_415116	1	3	0	3	benign_only	415116	PIM3
GC_4163	1	3	0	3	benign_only	4163	MCC
GC_4168	1	3	0	3	benign_only	4168	MCF2
GC_4222	1	3	0	3	benign_only	4222	MEOX1
GC_4284	1	3	1	2	both_classes	4284	MIP
GC_43	1	3	0	3	benign_only	43	ACHE
GC_441925	1	3	0	3	benign_only	441925	BECN2
GC_442319	1	3	0	3	benign_only	442319	ZNF727
GC_444	1	3	1	2	both_classes	444	ASPH
GC_4488	1	3	1	2	both_classes	4488	MSX2
GC_4507	1	3	0	3	benign_only	4507	MTAP
GC_4591	1	3	0	3	benign_only	4591	TRIM37
GC_4615	1	3	0	3	benign_only	4615	MYD88
GC_4634	1	3	3	0	pathogenic_only	4634	MYL3
GC_4659	1	3	0	3	benign_only	4659	PPP1R12A
GC_4666	1	3	0	3	benign_only	4666	NACA
GC_4692	1	3	0	3	benign_only	4692	NDN
GC_4715	1	3	0	3	benign_only	4715	NDUFB9
GC_474	1	3	0	3	benign_only	474	ATOH1
GC_4751	1	3	0	3	benign_only	4751	NEK2
GC_4774	1	3	0	3	benign_only	4774	NFIA
GC_4781	1	3	3	0	pathogenic_only	4781	NFIB
GC_487	1	3	0	3	benign_only	487	ATP2A1
GC_4879	1	3	0	3	benign_only	4879	NPPB
GC_4897	1	3	0	3	benign_only	4897	NRCAM
GC_4923	1	3	0	3	benign_only	4923	NTSR1
GC_4953	1	3	0	3	benign_only	4953	ODC1
GC_4982	1	3	0	3	benign_only	4982	TNFRSF11B
GC_4992	1	3	0	3	benign_only	4992	OR1F1
GC_5055	1	3	0	3	benign_only	5055	SERPINB2
GC_5073	1	3	0	3	benign_only	5073	PARN
GC_50939	1	3	1	2	both_classes	50939	IMPG2
GC_50964	1	3	1	2	both_classes	50964	SOST
GC_51259	1	3	2	1	both_classes	51259	TMEM216
GC_51284	1	3	0	3	benign_only	51284	TLR7
GC_5138	1	3	0	3	benign_only	5138	PDE2A
GC_51427	1	3	0	3	benign_only	51427	ZNF107
GC_51710	1	3	0	3	benign_only	51710	ZNF44
GC_51715	1	3	0	3	benign_only	51715	RAB23
GC_51726	1	3	2	1	both_classes	51726	DNAJB11
GC_51778	1	3	0	3	benign_only	51778	MYOZ2
GC_5194	1	3	1	2	both_classes	5194	PEX13
GC_5287	1	3	0	3	benign_only	5287	PIK3C2B
GC_5321	1	3	0	3	benign_only	5321	PLA2G4A
GC_5333	1	3	0	3	benign_only	5333	PLCD1
GC_53335	1	3	1	2	both_classes	53335	BCL11A
GC_5360	1	3	0	3	benign_only	5360	PLTP
GC_5364	1	3	0	3	benign_only	5364	PLXNB1
GC_5371	1	3	0	3	benign_only	5371	PML
GC_53947	1	3	0	3	benign_only	53947	A4GALT
GC_54020	1	3	0	3	benign_only	54020	SLC37A1
GC_5427	1	3	0	3	benign_only	5427	POLE2
GC_54434	1	3	0	3	benign_only	54434	SSH1
GC_5446	1	3	0	3	benign_only	5446	PON3
GC_54490	1	3	0	3	benign_only	54490	UGT2B28
GC_54518	1	3	0	3	benign_only	54518	APBB1IP
GC_54617	1	3	0	3	benign_only	54617	INO80
GC_54625	1	3	0	3	benign_only	54625	PARP14
GC_54843	1	3	0	3	benign_only	54843	SYTL2
GC_54931	1	3	0	3	benign_only	54931	TRMT10C
GC_54936	1	3	3	0	pathogenic_only	54936	ADPRS
GC_54947	1	3	0	3	benign_only	54947	LPCAT2
GC_5498	1	3	2	1	both_classes	5498	PPOX
GC_55109	1	3	0	3	benign_only	55109	AGGF1
GC_55138	1	3	0	3	benign_only	55138	FAM90A1
GC_55192	1	3	0	3	benign_only	55192	DNAJC17
GC_55206	1	3	0	3	benign_only	55206	SBNO1
GC_55226	1	3	0	3	benign_only	55226	NAT10
GC_5527	1	3	1	2	both_classes	5527	PPP2R5C
GC_55596	1	3	0	3	benign_only	55596	ZCCHC8
GC_55603	1	3	0	3	benign_only	55603	TENT5A
GC_55653	1	3	0	3	benign_only	55653	BCAS4
GC_55684	1	3	0	3	benign_only	55684	RABL6
GC_55697	1	3	0	3	benign_only	55697	VAC14
GC_55701	1	3	0	3	benign_only	55701	ARHGEF40
GC_55717	1	3	0	3	benign_only	55717	WDR11
GC_55737	1	3	1	2	both_classes	55737	VPS35
GC_5575	1	3	1	2	both_classes	5575	PRKAR1B
GC_55753	1	3	0	3	benign_only	55753	OGDHL
GC_55765	1	3	0	3	benign_only	55765	INAVA
GC_558	1	3	0	3	benign_only	558	AXL
GC_55900	1	3	0	3	benign_only	55900	ZNF302
GC_55958	1	3	0	3	benign_only	55958	KLHL9
GC_55975	1	3	3	0	pathogenic_only	55975	KLHL7
GC_56169	1	3	0	3	benign_only	56169	GSDMC
GC_56288	1	3	0	3	benign_only	56288	PARD3
GC_56915	1	3	2	1	both_classes	56915	EXOSC5
GC_56916	1	3	0	3	benign_only	56916	SMARCAD1
GC_56947	1	3	0	3	benign_only	56947	MFF
GC_5697	1	3	0	3	benign_only	5697	PYY
GC_5698	1	3	0	3	benign_only	5698	PSMB9
GC_56980	1	3	0	3	benign_only	56980	PRDM10
GC_56983	1	3	1	2	both_classes	56983	POGLUT1
GC_57057	1	3	0	3	benign_only	57057	TBX20
GC_57107	1	3	0	3	benign_only	57107	PDSS2
GC_57130	1	3	0	3	benign_only	57130	ATP13A1
GC_57165	1	3	2	1	both_classes	57165	GJC2
GC_57187	1	3	1	2	both_classes	57187	THOC2
GC_57231	1	3	0	3	benign_only	57231	SNX14
GC_57468	1	3	1	2	both_classes	57468	SLC12A5
GC_57481	1	3	0	3	benign_only	57481	KIAA1210
GC_57493	1	3	0	3	benign_only	57493	HEG1
GC_57509	1	3	0	3	benign_only	57509	MTUS1
GC_57522	1	3	0	3	benign_only	57522	SRGAP1
GC_57523	1	3	0	3	benign_only	57523	NYNRIN
GC_57532	1	3	0	3	benign_only	57532	NUFIP2
GC_57551	1	3	1	2	both_classes	57551	TAOK1
GC_57556	1	3	0	3	benign_only	57556	SEMA6A
GC_57608	1	3	0	3	benign_only	57608	JCAD
GC_57661	1	3	0	3	benign_only	57661	PHRF1
GC_579	1	3	0	3	benign_only	579	NKX3-2
GC_5818	1	3	0	3	benign_only	5818	NECTIN1
GC_58189	1	3	0	3	benign_only	58189	WFDC1
GC_5824	1	3	1	2	both_classes	5824	PEX19
GC_5898	1	3	2	1	both_classes	5898	RALA
GC_5932	1	3	0	3	benign_only	5932	RBBP8
GC_5956	1	3	1	2	both_classes	5956	OPN1LW
GC_5977	1	3	2	1	both_classes	5977	DPF2
GC_6005	1	3	1	2	both_classes	6005	RHAG
GC_6018	1	3	0	3	benign_only	6018	RLF
GC_60401	1	3	0	3	benign_only	60401	EDA2R
GC_60672	1	3	0	3	benign_only	60672	MIIP
GC_6094	1	3	0	3	benign_only	6094	ROM1
GC_6123	1	3	0	3	benign_only	6123	RPL3L
GC_6231	1	3	3	0	pathogenic_only	6231	RPS26
GC_6307	1	3	0	3	benign_only	6307	MSMO1
GC_6309	1	3	0	3	benign_only	6309	SC5D
GC_63917	1	3	0	3	benign_only	63917	GALNT11
GC_6401	1	3	0	3	benign_only	6401	SELE
GC_6403	1	3	0	3	benign_only	6403	SELP
GC_64219	1	3	0	3	benign_only	64219	PJA1
GC_643226	1	3	0	3	benign_only	643226	GRXCR2
GC_64419	1	3	0	3	benign_only	64419	MTMR14
GC_6444	1	3	1	2	both_classes	6444	SGCD
GC_64581	1	3	0	3	benign_only	64581	CLEC7A
GC_6462	1	3	0	3	benign_only	6462	SHBG
GC_64693	1	3	0	3	benign_only	64693	CTAGE1
GC_6470	1	3	0	3	benign_only	6470	SHMT1
GC_64787	1	3	0	3	benign_only	64787	EPS8L2
GC_65057	1	3	0	3	benign_only	65057	ACD
GC_651	1	3	0	3	benign_only	651	BMP3
GC_652	1	3	0	3	benign_only	652	BMP4
GC_6520	1	3	0	3	benign_only	6520	SLC3A2
GC_65268	1	3	0	3	benign_only	65268	WNK2
GC_6536	1	3	0	3	benign_only	6536	SLC6A9
GC_6586	1	3	0	3	benign_only	6586	SLIT3
GC_65992	1	3	0	3	benign_only	65992	DDRGK1
GC_6605	1	3	2	1	both_classes	6605	SMARCE1
GC_6690	1	3	0	3	benign_only	6690	SPINK1
GC_6692	1	3	0	3	benign_only	6692	SPINT1
GC_6693	1	3	0	3	benign_only	6693	SPN
GC_6718	1	3	3	0	pathogenic_only	6718	AKR1D1
GC_6720	1	3	1	2	both_classes	6720	SREBF1
GC_6729	1	3	2	1	both_classes	6729	SRP54
GC_6853	1	3	1	2	both_classes	6853	SYN1
GC_6865	1	3	0	3	benign_only	6865	TACR2
GC_6911	1	3	0	3	benign_only	6911	TBX6
GC_6938	1	3	0	3	benign_only	6938	TCF12
GC_6947	1	3	0	3	benign_only	6947	TCN1
GC_7021	1	3	2	1	both_classes	7021	TFAP2B
GC_7052	1	3	0	3	benign_only	7052	TGM2
GC_7062	1	3	0	3	benign_only	7062	TCHH
GC_7067	1	3	3	0	pathogenic_only	7067	THRA
GC_7072	1	3	1	2	both_classes	7072	TIA1
GC_7093	1	3	0	3	benign_only	7093	TLL2
GC_7097	1	3	0	3	benign_only	7097	TLR2
GC_7136	1	3	3	0	pathogenic_only	7136	TNNI2
GC_7153	1	3	0	3	benign_only	7153	TOP2A
GC_7159	1	3	0	3	benign_only	7159	TP53BP2
GC_7200	1	3	0	3	benign_only	7200	TRH
GC_7270	1	3	0	3	benign_only	7270	TTF1
GC_7293	1	3	0	3	benign_only	7293	TNFRSF4
GC_7301	1	3	0	3	benign_only	7301	TYRO3
GC_7358	1	3	2	1	both_classes	7358	UGDH
GC_7367	1	3	0	3	benign_only	7367	UGT2B17
GC_7375	1	3	0	3	benign_only	7375	USP4
GC_7381	1	3	0	3	benign_only	7381	UQCRB
GC_7414	1	3	0	3	benign_only	7414	VCL
GC_7442	1	3	0	3	benign_only	7442	TRPV1
GC_747	1	3	0	3	benign_only	747	DAGLA
GC_7474	1	3	1	2	both_classes	7474	WNT5A
GC_7545	1	3	0	3	benign_only	7545	ZIC1
GC_759	1	3	0	3	benign_only	759	CA1
GC_760	1	3	1	2	both_classes	760	CA2
GC_7702	1	3	0	3	benign_only	7702	ZNF143
GC_7737	1	3	0	3	benign_only	7737	RNF113A
GC_7813	1	3	0	3	benign_only	7813	EVI5
GC_7881	1	3	0	3	benign_only	7881	KCNAB1
GC_79042	1	3	0	3	benign_only	79042	TSEN34
GC_79054	1	3	0	3	benign_only	79054	TRPM8
GC_7922	1	3	0	3	benign_only	7922	SLC39A7
GC_79258	1	3	0	3	benign_only	79258	MMEL1
GC_79366	1	3	0	3	benign_only	79366	HMGN5
GC_79598	1	3	0	3	benign_only	79598	CEP97
GC_79641	1	3	0	3	benign_only	79641	ROGDI
GC_79650	1	3	1	2	both_classes	79650	USB1
GC_79661	1	3	0	3	benign_only	79661	NEIL1
GC_79690	1	3	0	3	benign_only	79690	GAL3ST4
GC_79719	1	3	0	3	benign_only	79719	AAGAB
GC_79726	1	3	0	3	benign_only	79726	WDR59
GC_79740	1	3	0	3	benign_only	79740	ZBBX
GC_79751	1	3	1	2	both_classes	79751	SLC25A22
GC_79792	1	3	0	3	benign_only	79792	GSDMD
GC_79800	1	3	0	3	benign_only	79800	CARF
GC_79867	1	3	1	2	both_classes	79867	TCTN2
GC_799	1	3	0	3	benign_only	799	CALCR
GC_79912	1	3	1	2	both_classes	79912	PYROXD1
GC_79932	1	3	0	3	benign_only	79932	KIAA0319L
GC_79977	1	3	0	3	benign_only	79977	GRHL2
GC_79991	1	3	0	3	benign_only	79991	STN1
GC_80005	1	3	0	3	benign_only	80005	DOCK5
GC_80157	1	3	0	3	benign_only	80157	CWH43
GC_80199	1	3	0	3	benign_only	80199	FUZ
GC_80298	1	3	0	3	benign_only	80298	MTERF2
GC_80709	1	3	0	3	benign_only	80709	AKNA
GC_80746	1	3	0	3	benign_only	80746	TSEN2
GC_8076	1	3	0	3	benign_only	8076	MFAP5
GC_80776	1	3	2	1	both_classes	80776	B9D2
GC_808	1	3	3	0	pathogenic_only	808	CALM3
GC_80821	1	3	0	3	benign_only	80821	DDHD1
GC_8139	1	3	2	1	both_classes	8139	GAN
GC_815	1	3	3	0	pathogenic_only	815	CAMK2A
GC_81790	1	3	2	1	both_classes	81790	RNF170
GC_8208	1	3	0	3	benign_only	8208	CHAF1B
GC_8220	1	3	0	3	benign_only	8220	ESS2
GC_8309	1	3	0	3	benign_only	8309	ACOX2
GC_8312	1	3	0	3	benign_only	8312	AXIN1
GC_83592	1	3	0	3	benign_only	83592	AKR1E2
GC_83667	1	3	0	3	benign_only	83667	SESN2
GC_83756	1	3	0	3	benign_only	83756	TAS1R3
GC_83844	1	3	0	3	benign_only	83844	USP26
GC_83858	1	3	0	3	benign_only	83858	ATAD3B
GC_8408	1	3	0	3	benign_only	8408	ULK1
GC_84144	1	3	0	3	benign_only	84144	SYDE2
GC_84233	1	3	0	3	benign_only	84233	TMEM126A
GC_84245	1	3	0	3	benign_only	84245	MRI1
GC_843	1	3	0	3	benign_only	843	CASP10
GC_84300	1	3	0	3	benign_only	84300	UQCC2
GC_84466	1	3	1	2	both_classes	84466	MEGF10
GC_8448	1	3	0	3	benign_only	8448	DOC2A
GC_8450	1	3	0	3	benign_only	8450	CUL4B
GC_84504	1	3	1	2	both_classes	84504	NKX6-2
GC_8452	1	3	2	1	both_classes	8452	CUL3
GC_84522	1	3	0	3	benign_only	84522	JAGN1
GC_84529	1	3	0	3	benign_only	84529	CDIN1
GC_8463	1	3	0	3	benign_only	8463	TEAD2
GC_84693	1	3	0	3	benign_only	84693	MCEE
GC_847	1	3	0	3	benign_only	847	CAT
GC_8471	1	3	0	3	benign_only	8471	IRS4
GC_84726	1	3	0	3	benign_only	84726	PRRC2B
GC_84804	1	3	0	3	benign_only	84804	MFSD9
GC_84816	1	3	1	2	both_classes	84816	RTN4IP1
GC_84875	1	3	0	3	benign_only	84875	PARP10
GC_84914	1	3	0	3	benign_only	84914	ZNF587
GC_84916	1	3	0	3	benign_only	84916	UTP4
GC_8537	1	3	0	3	benign_only	8537	BCAS1
GC_8541	1	3	2	1	both_classes	8541	PPFIA3
GC_85417	1	3	0	3	benign_only	85417	CCNB3
GC_8566	1	3	1	2	both_classes	8566	PDXK
GC_8654	1	3	0	3	benign_only	8654	PDE5A
GC_8660	1	3	0	3	benign_only	8660	IRS2
GC_8661	1	3	0	3	benign_only	8661	EIF3A
GC_8671	1	3	0	3	benign_only	8671	SLC4A4
GC_8722	1	3	0	3	benign_only	8722	CTSF
GC_8726	1	3	1	2	both_classes	8726	EED
GC_8745	1	3	0	3	benign_only	8745	ADAM23
GC_8793	1	3	0	3	benign_only	8793	TNFRSF10D
GC_8811	1	3	0	3	benign_only	8811	GALR2
GC_8829	1	3	0	3	benign_only	8829	NRP1
GC_8842	1	3	2	1	both_classes	8842	PROM1
GC_8886	1	3	0	3	benign_only	8886	DDX18
GC_8928	1	3	0	3	benign_only	8928	FOXH1
GC_8942	1	3	2	1	both_classes	8942	KYNU
GC_8988	1	3	0	3	benign_only	8988	HSPB3
GC_9057	1	3	0	3	benign_only	9057	SLC7A6
GC_9060	1	3	0	3	benign_only	9060	PAPSS2
GC_90624	1	3	1	2	both_classes	90624	LYRM7
GC_90627	1	3	0	3	benign_only	90627	STARD13
GC_9149	1	3	0	3	benign_only	9149	DYRK1B
GC_91647	1	3	0	3	benign_only	91647	ATPAF2
GC_91653	1	3	0	3	benign_only	91653	BOC
GC_9203	1	3	1	2	both_classes	9203	ZMYM3
GC_9227	1	3	2	1	both_classes	9227	LRAT
GC_92344	1	3	0	3	benign_only	92344	GORAB
GC_9244	1	3	0	3	benign_only	9244	CRLF1
GC_9255	1	3	0	3	benign_only	9255	AIMP1
GC_92747	1	3	0	3	benign_only	92747	BPIFB1
GC_93183	1	3	1	2	both_classes	93183	PIGM
GC_9322	1	3	0	3	benign_only	9322	TRIP10
GC_933	1	3	0	3	benign_only	933	CD22
GC_93426	1	3	0	3	benign_only	93426	SYCE1
GC_9353	1	3	0	3	benign_only	9353	SLIT2
GC_93649	1	3	0	3	benign_only	93649	MYOCD
GC_9389	1	3	0	3	benign_only	9389	SLC22A14
GC_9402	1	3	0	3	benign_only	9402	GRAP2
GC_9459	1	3	0	3	benign_only	9459	ARHGEF6
GC_9472	1	3	0	3	benign_only	9472	AKAP6
GC_9487	1	3	3	0	pathogenic_only	9487	PIGL
GC_95681	1	3	0	3	benign_only	95681	CEP41
GC_9612	1	3	0	3	benign_only	9612	NCOR2
GC_9628	1	3	0	3	benign_only	9628	RGS6
GC_9640	1	3	0	3	benign_only	9640	ZNF592
GC_9648	1	3	0	3	benign_only	9648	GCC2
GC_9651	1	3	0	3	benign_only	9651	PLCH2
GC_9654	1	3	0	3	benign_only	9654	TTLL4
GC_9659	1	3	0	3	benign_only	9659	PDE4DIP
GC_9814	1	3	0	3	benign_only	9814	SFI1
GC_9816	1	3	0	3	benign_only	9816	URB2
GC_9833	1	3	0	3	benign_only	9833	MELK
GC_9855	1	3	0	3	benign_only	9855	FARP2
GC_9863	1	3	0	3	benign_only	9863	MAGI2
GC_9869	1	3	0	3	benign_only	9869	SETDB1
GC_990	1	3	0	3	benign_only	990	CDC6
GC_9933	1	3	0	3	benign_only	9933	PUM3
GC_9940	1	3	0	3	benign_only	9940	DLEC1
GC_9948	1	3	0	3	benign_only	9948	WDR1
GC_9961	1	3	0	3	benign_only	9961	MVP
GC_25906	3	2	1	1	both_classes	25906|220074|120356740	ANAPC15|LRTOMT|TOMT
GC_283	3	2	0	2	benign_only	283|6038|116435281	ANG|EGILA|RNASE4
GC_2915	3	2	0	2	benign_only	2915|100873989|130006577	GRM5|GRM5-AS1|LOC130006577
GC_4439	3	2	0	2	benign_only	4439|401251|100532732	MSH5|MSH5-SAPCD1|SAPCD1
GC_51172	3	2	0	2	benign_only	51172|100507589|125146393	LOC125146393|NAGPA|NAGPA-AS1
GC_55223	3	2	0	2	benign_only	55223|113451|149076	AZIN2|TRIM62|ZNF362
GC_56616	3	2	0	2	benign_only	56616|79369|130009040	B3GNT4|DIABLO|LOC130009040
GC_7035	3	2	0	2	benign_only	7035|10203|105373786	CALCRL|CALCRL-AS1|TFPI
GC_81025	3	2	0	2	benign_only	81025|100527950|105378663	GJA9|GJA9-MYCBP|RRAGC-DT
GC_8751	3	2	0	2	benign_only	8751|100505666|125467744	ADAM15|ADAM15-EFNA4|DCST1-AS1
GC_9718	3	2	0	2	benign_only	9718|110599564|110599583	ECE2|EEF1AKMT4|EEF1AKMT4-ECE2
GC_10009	2	2	0	2	benign_only	10009|55026	TMEM255A|ZBTB33
GC_10010	2	2	0	2	benign_only	10010|101929512	PSMD14-DT|TANK
GC_10269	2	2	1	1	both_classes	10269|129930253	LOC129930253|ZMPSTE24
GC_10370	2	2	0	2	benign_only	10370|129997307	CITED2|LOC129997307
GC_10491	2	2	1	1	both_classes	10491|129936436	CRTAP|LOC129936436
GC_10659	2	2	2	0	pathogenic_only	10659|414196	CELF2|CELF2-AS1
GC_1101	2	2	0	2	benign_only	1101|80221	ACSF2|CHAD
GC_1117	2	2	0	2	benign_only	1117|126805828	CHI3L2|LOC126805828
GC_112398	2	2	0	2	benign_only	112398|100529264	EGLN2|RAB4B-EGLN2
GC_11326	2	2	0	2	benign_only	11326|126863268	LOC126863268|VSIG4
GC_113510	2	2	0	2	benign_only	113510|112997542	HELQ|LOC112997542
GC_114294	2	2	0	2	benign_only	114294|130057223	LACTB|LOC130057223
GC_114757	2	2	1	1	both_classes	114757|768206	CYGB|PRCD
GC_114928	2	2	0	2	benign_only	114928|100528062	ARMCX5-GPRASP2|GPRASP2
GC_1213	2	2	1	1	both_classes	1213|125177523	CLTC|LOC125177523
GC_125893	2	2	0	2	benign_only	125893|100529240	ZNF816|ZNF816-ZNF321P
GC_144811	2	2	0	2	benign_only	144811|160857	CCDC122|LACC1
GC_146705	2	2	0	2	benign_only	146705|105371925	LOC105371925|TEPSIN|TEPSIN-AS1
GC_147645	2	2	0	2	benign_only	147645|118827807	VSIG10L|VSIG10L-AS1
GC_147687	2	2	0	2	benign_only	147687|130065204	LOC130065204|ZNF417
GC_1496	2	2	0	2	benign_only	1496|347730	CTNNA2|LRRTM1
GC_1509	2	2	0	2	benign_only	1509|126568849	CTSD|PRADX
GC_170482	2	2	0	2	benign_only	170482|129390394	CLEC4C|LOC129390394
GC_1870	2	2	0	2	benign_only	1870|126805658	E2F2|LOC126805658
GC_1874	2	2	0	2	benign_only	1874|79767	E2F4|ELMO3
GC_1912	2	2	0	2	benign_only	1912|101929464	PHC2|PHC2-AS1
GC_1967	2	2	1	1	both_classes	1967|126861664	EIF2B1|LOC126861664
GC_199857	2	2	0	2	benign_only	199857|129930989	ALG14|LOC129930989
GC_200844	2	2	0	2	benign_only	200844|101929238	CFAP20DC|CFAP20DC-AS1
GC_201266	2	2	0	2	benign_only	201266|126862633	LOC126862633|SLC39A11
GC_203	2	2	0	2	benign_only	203|123987602	AK1|ST6GALNAC4-ST6GALNAC6-AK1
GC_2114	2	2	0	2	benign_only	2114|126653370	ETS2|LOC126653370
GC_221496	2	2	0	2	benign_only	221496|129996186	LEMD2|LOC129996186
GC_22859	2	2	0	2	benign_only	22859|100507373	ADGRL1|ADGRL1-AS1
GC_2288	2	2	0	2	benign_only	2288|283440	FKBP4|ITFG2-AS1
GC_23042	2	2	0	2	benign_only	23042|54700	PDXDC1|RRN3
GC_23049	2	2	0	2	benign_only	23049|130058585	LOC130058585|SMG1
GC_23118	2	2	0	2	benign_only	23118|387082	SUMO4|TAB2
GC_23216	2	2	0	2	benign_only	23216|126807034	LOC126807034|TBC1D1
GC_23268	2	2	0	2	benign_only	23268|100188954	DNMBP|DNMBP-AS1
GC_23331	2	2	0	2	benign_only	23331|284900	TTC28|TTC28-AS1
GC_23378	2	2	0	2	benign_only	23378|130005199	LOC130005199|RRP8
GC_23381	2	2	0	2	benign_only	23381|84283	SMG5|TMEM79
GC_2348	2	2	1	1	both_classes	2348|140577509	FOLR1|FOLR1-AS1
GC_23483	2	2	1	1	both_classes	23483|130009954	LOC130009954|TGDS
GC_23529	2	2	0	2	benign_only	23529|100130987	CLCF1|LOC100130987
GC_23562	2	2	1	1	both_classes	23562|105369301	CLDN14|CLDN14-AS1
GC_23762	2	2	0	2	benign_only	23762|107985544	LOC107985544|OSBP2
GC_23769	2	2	0	2	benign_only	23769|28992	FLRT1|MACROD1
GC_2512	2	2	1	1	both_classes	2512|130064892	FTL|LOC130064892
GC_256691	2	2	0	2	benign_only	256691|100507299	MAMDC2|SMC5-DT
GC_25992	2	2	0	2	benign_only	25992|130916	MTERF4|SNED1
GC_26024	2	2	0	2	benign_only	26024|100526740	ATP5MF-PTCD1|PTCD1
GC_262	2	2	2	0	pathogenic_only	262|23097	AMD1|CDK19
GC_26998	2	2	0	2	benign_only	26998|105374258	FETUB|HRG-AS1
GC_27183	2	2	2	0	pathogenic_only	27183|126862382	LOC126862382|VPS4A
GC_2769	2	2	0	2	benign_only	2769|100996351	GNA15|GNA15-DT
GC_282808	2	2	0	2	benign_only	282808|100287765	LINC00630|RAB40AL
GC_2840	2	2	0	2	benign_only	2840|55679	GPR17|LIMS2
GC_284521	2	2	0	2	benign_only	284521|391191	OR2AK2|OR2L13
GC_285242	2	2	0	2	benign_only	285242|106478970	HTR3E|HTR3E-AS1
GC_29085	2	2	0	2	benign_only	29085|130003047	LOC130003047|PHPT1
GC_3047	2	2	0	2	benign_only	3047|106099064	HBG1|LOC106099064
GC_3091	2	2	0	2	benign_only	3091|105370526	HIF1A|HIF1A-AS3
GC_3181	2	2	0	2	benign_only	3181|9603	HNRNPA2B1|NFE2L3
GC_3209	2	2	0	2	benign_only	3209|107126288	HOXA13|LOC107126288
GC_3229	2	2	0	2	benign_only	3229|100874366	HOXC13|HOXC13-AS
GC_340526	2	2	0	2	benign_only	340526|340527	NHSL2|RTL5
GC_340665	2	2	0	2	benign_only	340665|130004371	CYP26C1|LOC130004371
GC_340719	2	2	0	2	benign_only	340719|130004821	LOC130004821|NANOS1
GC_3420	2	2	0	2	benign_only	3420|129391150	IDH3B|LOC129391150
GC_3479	2	2	0	2	benign_only	3479|105369942	IGF1|LINC02456
GC_3535	2	2	0	2	benign_only	3535|23532	IGL|PRAME
GC_3592	2	2	0	2	benign_only	3592|101928376	IL12A|IL12A-AS1
GC_3678	2	2	0	2	benign_only	3678|102724050	GPR84-AS1|ITGA5
GC_3695	2	2	0	2	benign_only	3695|283337	ITGB7|ZNF740
GC_375449	2	2	0	2	benign_only	375449|129993997	LOC129993997|MAST4
GC_3781	2	2	2	0	pathogenic_only	3781|101927078	KCNN2|KCNN2-AS1|LOC101927078
GC_3795	2	2	0	2	benign_only	3795|10669	CGREF1|KHK
GC_3831	2	2	0	2	benign_only	3831|7517	KLC1|XRCC3
GC_387700	2	2	0	2	benign_only	387700|101926906	SLC16A12|SLC16A12-AS1
GC_387715	2	2	0	2	benign_only	387715|105378525	ARMS2|HTRA1-AS1
GC_388662	2	2	0	2	benign_only	388662|105378897	SLC6A17|SLC6A17-AS1
GC_3937	2	2	0	2	benign_only	3937|133874	C5orf58|LCP2
GC_4179	2	2	0	2	benign_only	4179|129932405	CD46|LOC129932405
GC_4597	2	2	1	1	both_classes	4597|130059740	LOC130059740|MVD
GC_4643	2	2	0	2	benign_only	4643|112272600	LOC112272600|MYO1E
GC_4994	2	2	0	2	benign_only	4994|4995	OR3A1|OR3A2
GC_50	2	2	1	1	both_classes	50|171568	ACO2|POLR3H
GC_5046	2	2	0	2	benign_only	5046|120766138	PCSK6|SNRPA1-DT
GC_51142	2	2	0	2	benign_only	51142|129998502	CHCHD2|LOC129998502
GC_51611	2	2	1	1	both_classes	51611|148867	DPH5|SLC30A7
GC_5162	2	2	1	1	both_classes	5162|129936949	LOC129936949|PDHB
GC_5188	2	2	0	2	benign_only	5188|129993225	GATB|LOC129993225
GC_5279	2	2	0	2	benign_only	5279|92346	C1orf105|PIGC
GC_5288	2	2	0	2	benign_only	5288|89869	PIK3C2G|PLCZ1
GC_54504	2	2	0	2	benign_only	54504|100506497	CPVL|CPVL-AS2
GC_54974	2	2	1	1	both_classes	54974|129995144	LOC129995144|THG1L
GC_55505	2	2	0	2	benign_only	55505|256646	NOP10|NUTM1
GC_55760	2	2	0	2	benign_only	55760|56647	BCCIP|DHX32
GC_55902	2	2	0	2	benign_only	55902|130065739	ACSS2|LOC130065739
GC_5630	2	2	0	2	benign_only	5630|101927267	PRPH|TROAP-AS1
GC_56547	2	2	0	2	benign_only	56547|401667	MMP26|OR51A2
GC_5662	2	2	0	2	benign_only	5662|124416894	LOC124416894|PSD
GC_5871	2	2	0	2	benign_only	5871|124489758	LOC124489758|MAP4K2
GC_5923	2	2	0	2	benign_only	5923|126862187	LOC126862187|RASGRF1
GC_5947	2	2	0	2	benign_only	5947|100507291	COPB2-DT|RBP1
GC_5994	2	2	0	2	benign_only	5994|130009574	LOC130009574|RFXAP
GC_60488	2	2	0	2	benign_only	60488|130007608	LOC130007608|MRPS35
GC_6125	2	2	0	2	benign_only	6125|388650	DIPK1A|RPL5
GC_6165	2	2	0	2	benign_only	6165|84223	DRC9|RPL35A
GC_627	2	2	0	2	benign_only	627|497258	BDNF|BDNF-AS
GC_64976	2	2	0	2	benign_only	64976|130066955	LOC130066955|MRPL40
GC_6524	2	2	1	1	both_classes	6524|64755	RUSF1|SLC5A2
GC_6583	2	2	0	2	benign_only	6583|553103	MIR3936HG|SLC22A4
GC_660	2	2	0	2	benign_only	660|59272	ACE2|BMX
GC_6603	2	2	0	2	benign_only	6603|130061409	LOC130061409|SMARCD2
GC_7058	2	2	0	2	benign_only	7058|101929523	THBS2|THBS2-AS1
GC_7343	2	2	1	1	both_classes	7343|101926967	ATXN7L3-AS1|UBTF
GC_7482	2	2	0	2	benign_only	7482|54879	ST7L|WNT2B
GC_7874	2	2	0	2	benign_only	7874|105371074	USP7|USP7-AS1
GC_79712	2	2	0	2	benign_only	79712|101928386	GTDC1|GTDC1-AS1
GC_79714	2	2	0	2	benign_only	79714|126806676	CCDC51|LOC126806676
GC_79753	2	2	0	2	benign_only	79753|126805704	LOC126805704|SNIP1
GC_79828	2	2	1	1	both_classes	79828|80067	DCAF17|METTL8
GC_79971	2	2	2	0	pathogenic_only	79971|100289178	GNG12-AS1|WLS
GC_80201	2	2	1	1	both_classes	80201|101928994	HKDC1|LOC101928994
GC_80313	2	2	0	2	benign_only	80313|282974	LRRC27|STK32C
GC_81469	2	2	0	2	benign_only	81469|102724446	LOC102724446|OR2G3
GC_81488	2	2	0	2	benign_only	81488|145781	GCOM1|POLR2M
GC_8270	2	2	0	2	benign_only	8270|130068876	LAGE3|LOC130068876
GC_8320	2	2	0	2	benign_only	8320|129936390	EOMES|LOC129936390
GC_83417	2	2	0	2	benign_only	83417|126805881	FCRL4|LOC126805881
GC_8367	2	2	2	0	pathogenic_only	8367|129996027	H4C5|LOC129996027
GC_83852	2	2	0	2	benign_only	83852|107303344	SETDB2|SETDB2-PHF11
GC_84277	2	2	1	1	both_classes	84277|129998603	DNAJC30|LOC129998603
GC_8431	2	2	0	2	benign_only	8431|10726	NR0B2|NUDC
GC_84366	2	2	0	2	benign_only	84366|360205	PRAC1|PRAC2
GC_84524	2	2	0	2	benign_only	84524|129804	FBLN7|ZC3H8
GC_8540	2	2	1	1	both_classes	8540|129935172	AGPS|LOC129935172
GC_8544	2	2	0	2	benign_only	8544|100532742	PIR|PIR-FIGF
GC_8605	2	2	0	2	benign_only	8605|106144526	PLA2G4C|PLA2G4C-AS1
GC_8741	2	2	0	2	benign_only	8741|407977	TNFSF12-TNFSF13|TNFSF13
GC_8915	2	2	0	2	benign_only	8915|126805771	BCL10|LOC126805771
GC_8929	2	2	1	1	both_classes	8929|105374425	PHOX2B|PHOX2B-AS1
GC_89790	2	2	0	2	benign_only	89790|100129083	SIGLEC10|SIGLEC10-AS1
GC_9094	2	2	0	2	benign_only	9094|130060555	LOC130060555|UNC119
GC_9153	2	2	0	2	benign_only	9153|101928414	SLC28A2|SLC28A2-AS1
GC_91612	2	2	0	2	benign_only	91612|100529261	CHURC1|CHURC1-FNTB
GC_93034	2	2	0	2	benign_only	93034|100526794	NT5C1B|NT5C1B-RDH14
GC_9370	2	2	0	2	benign_only	9370|100874095	ADIPOQ|ADIPOQ-AS1
GC_9445	2	2	0	2	benign_only	9445|130009752	ITM2B|LOC130009752
GC_95	2	2	0	2	benign_only	95|100526760	ABHD14A-ACY1|ACY1
GC_9846	2	2	0	2	benign_only	9846|57558	GAB2|USP35
GC_9873	2	2	0	2	benign_only	9873|89849	ATG16L2|FCHSD2
GC_9972	2	2	0	2	benign_only	9972|105374952	NUP153|NUP153-AS1
GC_9992	2	2	0	2	benign_only	9992|105372791	KCNE2|LOC105372791
GC_10015	1	2	0	2	benign_only	10015	PDCD6IP
GC_1002	1	2	0	2	benign_only	1002	CDH4
GC_10038	1	2	0	2	benign_only	10038	PARP2
GC_10039	1	2	0	2	benign_only	10039	PARP3
GC_100506736	1	2	0	2	benign_only	100506736	SLFN12L
GC_10072	1	2	0	2	benign_only	10072	DPP3
GC_10084	1	2	1	1	both_classes	10084	PQBP1
GC_10125	1	2	0	2	benign_only	10125	RASGRP1
GC_10149	1	2	0	2	benign_only	10149	ADGRG2
GC_1015	1	2	0	2	benign_only	1015	CDH17
GC_10178	1	2	0	2	benign_only	10178	TENM1
GC_1019	1	2	2	0	pathogenic_only	1019	CDK4
GC_10202	1	2	0	2	benign_only	10202	DHRS2
GC_10207	1	2	0	2	benign_only	10207	PATJ
GC_10225	1	2	0	2	benign_only	10225	CD96
GC_10276	1	2	0	2	benign_only	10276	NET1
GC_10333	1	2	0	2	benign_only	10333	TLR6
GC_10351	1	2	0	2	benign_only	10351	ABCA8
GC_10379	1	2	0	2	benign_only	10379	IRF9
GC_10397	1	2	0	2	benign_only	10397	NDRG1
GC_10400	1	2	0	2	benign_only	10400	PEMT
GC_10436	1	2	0	2	benign_only	10436	EMG1
GC_10456	1	2	0	2	benign_only	10456	HAX1
GC_10460	1	2	0	2	benign_only	10460	TACC3
GC_10462	1	2	0	2	benign_only	10462	CLEC10A
GC_10463	1	2	0	2	benign_only	10463	SLC30A9
GC_10468	1	2	0	2	benign_only	10468	FST
GC_10497	1	2	0	2	benign_only	10497	UNC13B
GC_105	1	2	0	2	benign_only	105	ADARB2
GC_1050	1	2	0	2	benign_only	1050	CEBPA
GC_1053	1	2	0	2	benign_only	1053	CEBPE
GC_10559	1	2	0	2	benign_only	10559	SLC35A1
GC_10654	1	2	0	2	benign_only	10654	PMVK
GC_10678	1	2	0	2	benign_only	10678	B3GNT2
GC_10714	1	2	0	2	benign_only	10714	POLD3
GC_10718	1	2	0	2	benign_only	10718	NRG3
GC_10730	1	2	0	2	benign_only	10730	YME1L1
GC_10734	1	2	0	2	benign_only	10734	STAG3
GC_10795	1	2	0	2	benign_only	10795	ZNF268
GC_10808	1	2	0	2	benign_only	10808	HSPH1
GC_10810	1	2	0	2	benign_only	10810	WASF3
GC_10943	1	2	0	2	benign_only	10943	MSL3
GC_10964	1	2	0	2	benign_only	10964	IFI44L
GC_10969	1	2	0	2	benign_only	10969	EBNA1BP2
GC_10978	1	2	1	1	both_classes	10978	CLP1
GC_10993	1	2	0	2	benign_only	10993	SDS
GC_11009	1	2	0	2	benign_only	11009	IL24
GC_11069	1	2	0	2	benign_only	11069	RAPGEF4
GC_1109	1	2	0	2	benign_only	1109	AKR1C4
GC_11117	1	2	0	2	benign_only	11117	EMILIN1
GC_11133	1	2	0	2	benign_only	11133	KPTN
GC_11153	1	2	1	1	both_classes	11153	FICD
GC_11168	1	2	0	2	benign_only	11168	PSIP1
GC_11173	1	2	0	2	benign_only	11173	ADAMTS7
GC_11181	1	2	0	2	benign_only	11181	TREH
GC_11182	1	2	0	2	benign_only	11182	SLC2A6
GC_11199	1	2	0	2	benign_only	11199	ANXA10
GC_11226	1	2	0	2	benign_only	11226	GALNT6
GC_11250	1	2	0	2	benign_only	11250	GPR45
GC_112752	1	2	0	2	benign_only	112752	IFT43
GC_11279	1	2	0	2	benign_only	11279	KLF8
GC_1131	1	2	0	2	benign_only	1131	CHRM3
GC_113130	1	2	0	2	benign_only	113130	CDCA5
GC_11315	1	2	0	2	benign_only	11315	PARK7
GC_113246	1	2	2	0	pathogenic_only	113246	C12orf57
GC_11330	1	2	0	2	benign_only	11330	CTRC
GC_113802	1	2	0	2	benign_only	113802	HENMT1
GC_1143	1	2	0	2	benign_only	1143	CHRNB4
GC_114771	1	2	0	2	benign_only	114771	PGLYRP3
GC_114785	1	2	0	2	benign_only	114785	MBD6
GC_114794	1	2	0	2	benign_only	114794	ELFN2
GC_114815	1	2	0	2	benign_only	114815	SORCS1
GC_115	1	2	0	2	benign_only	115	ADCY9
GC_115019	1	2	0	2	benign_only	115019	SLC26A9
GC_115362	1	2	0	2	benign_only	115362	GBP5
GC_115677	1	2	0	2	benign_only	115677	NOSTRIN
GC_116113	1	2	1	1	both_classes	116113	FOXP4
GC_116150	1	2	1	1	both_classes	116150	NUS1
GC_116443	1	2	0	2	benign_only	116443	GRIN3A
GC_116461	1	2	0	2	benign_only	116461	TSEN15
GC_117145	1	2	0	2	benign_only	117145	THEM4
GC_117155	1	2	0	2	benign_only	117155	CATSPER2
GC_117581	1	2	2	0	pathogenic_only	117581	TWIST2
GC_118611	1	2	0	2	benign_only	118611	C10orf90
GC_119749	1	2	0	2	benign_only	119749	OR4C46
GC_12	1	2	0	2	benign_only	12	SERPINA3
GC_121006	1	2	0	2	benign_only	121006	FAM186A
GC_121130	1	2	0	2	benign_only	121130	OR10P1
GC_121227	1	2	0	2	benign_only	121227	LRIG3
GC_121278	1	2	0	2	benign_only	121278	TPH2
GC_1230	1	2	0	2	benign_only	1230	CCR1
GC_124401	1	2	0	2	benign_only	124401	ANKS3
GC_124602	1	2	0	2	benign_only	124602	KIF19
GC_124626	1	2	0	2	benign_only	124626	ZPBP2
GC_124872	1	2	0	2	benign_only	124872	B4GALNT2
GC_124912	1	2	0	2	benign_only	124912	SPACA3
GC_126	1	2	0	2	benign_only	126	ADH1C
GC_1262	1	2	0	2	benign_only	1262	CNGA4
GC_126205	1	2	0	2	benign_only	126205	NLRP8
GC_126259	1	2	0	2	benign_only	126259	TMIGD2
GC_126326	1	2	2	0	pathogenic_only	126326	GIPC3
GC_126520	1	2	0	2	benign_only	126520	PLK5
GC_126637	1	2	0	2	benign_only	126637	TCHHL1
GC_127255	1	2	0	2	benign_only	127255	LRRIQ3
GC_127707	1	2	0	2	benign_only	127707	KLHDC7A
GC_128178	1	2	0	2	benign_only	128178	EDARADD
GC_128240	1	2	0	2	benign_only	128240	NAXE
GC_128486	1	2	0	2	benign_only	128486	FITM2
GC_128869	1	2	0	2	benign_only	128869	PIGU
GC_129285	1	2	0	2	benign_only	129285	PPP1R21
GC_130399	1	2	0	2	benign_only	130399	ACVR1C
GC_130535	1	2	0	2	benign_only	130535	KCTD18
GC_130589	1	2	0	2	benign_only	130589	GALM
GC_131096	1	2	0	2	benign_only	131096	KCNH8
GC_132	1	2	1	1	both_classes	132	ADK
GC_133746	1	2	0	2	benign_only	133746	JMY
GC_135228	1	2	0	2	benign_only	135228	CD109
GC_1358	1	2	0	2	benign_only	1358	CPA2
GC_1359	1	2	0	2	benign_only	1359	CPA3
GC_1363	1	2	0	2	benign_only	1363	CPE
GC_136306	1	2	0	2	benign_only	136306	SVOPL
GC_137492	1	2	0	2	benign_only	137492	VPS37A
GC_1384	1	2	0	2	benign_only	1384	CRAT
GC_139221	1	2	0	2	benign_only	139221	PWWP3B
GC_139741	1	2	0	2	benign_only	139741	ACTRT1
GC_139760	1	2	0	2	benign_only	139760	GPR119
GC_139818	1	2	0	2	benign_only	139818	DOCK11
GC_140456	1	2	0	2	benign_only	140456	ASB11
GC_140691	1	2	0	2	benign_only	140691	TRIM69
GC_140885	1	2	0	2	benign_only	140885	SIRPA
GC_142	1	2	0	2	benign_only	142	PARP1
GC_142678	1	2	0	2	benign_only	142678	MIB2
GC_1440	1	2	0	2	benign_only	1440	CSF3
GC_1444	1	2	0	2	benign_only	1444	CSHL1
GC_144406	1	2	0	2	benign_only	144406	CFAP251
GC_144501	1	2	0	2	benign_only	144501	KRT80
GC_145264	1	2	0	2	benign_only	145264	SERPINA12
GC_145376	1	2	0	2	benign_only	145376	PPP1R36
GC_145501	1	2	0	2	benign_only	145501	ISM2
GC_1464	1	2	0	2	benign_only	1464	CSPG4
GC_146760	1	2	0	2	benign_only	146760	RTN4RL1
GC_146779	1	2	0	2	benign_only	146779	EFCAB3
GC_146857	1	2	0	2	benign_only	146857	SLFN13
GC_147495	1	2	0	2	benign_only	147495	APCDD1
GC_1475	1	2	0	2	benign_only	1475	CSTA
GC_147746	1	2	0	2	benign_only	147746	HIPK4
GC_147945	1	2	0	2	benign_only	147945	NLRP4
GC_1488	1	2	0	2	benign_only	1488	CTBP2
GC_1489	1	2	0	2	benign_only	1489	CTF1
GC_149041	1	2	0	2	benign_only	149041	RC3H1
GC_149095	1	2	0	2	benign_only	149095	DCST1
GC_151	1	2	0	2	benign_only	151	ADRA2B
GC_151246	1	2	0	2	benign_only	151246	SGO2
GC_151306	1	2	0	2	benign_only	151306	GPBAR1
GC_151449	1	2	0	2	benign_only	151449	GDF7
GC_1524	1	2	0	2	benign_only	1524	CX3CR1
GC_152877	1	2	0	2	benign_only	152877	FAM53A
GC_153562	1	2	0	2	benign_only	153562	MARVELD2
GC_154796	1	2	0	2	benign_only	154796	AMOT
GC_154810	1	2	2	0	pathogenic_only	154810	AMOTL1
GC_155	1	2	0	2	benign_only	155	ADRB3
GC_155184	1	2	0	2	benign_only	155184	SLC2A7
GC_1559	1	2	0	2	benign_only	1559	CYP2C9
GC_157313	1	2	0	2	benign_only	157313	CDCA2
GC_157777	1	2	0	2	benign_only	157777	MCMDC2
GC_158219	1	2	0	2	benign_only	158219	TTC39B
GC_158866	1	2	0	2	benign_only	158866	ZDHHC15
GC_160622	1	2	0	2	benign_only	160622	TAMALIN
GC_160728	1	2	0	2	benign_only	160728	SLC5A8
GC_1612	1	2	0	2	benign_only	1612	DAPK1
GC_1620	1	2	0	2	benign_only	1620	BRINP1
GC_163175	1	2	0	2	benign_only	163175	LGI4
GC_164	1	2	1	1	both_classes	164	AP1G1
GC_165215	1	2	0	2	benign_only	165215	FAM171B
GC_1656	1	2	1	1	both_classes	1656	DDX6
GC_165631	1	2	0	2	benign_only	165631	PARP15
GC_1662	1	2	0	2	benign_only	1662	DDX10
GC_1676	1	2	0	2	benign_only	1676	DFFA
GC_169044	1	2	0	2	benign_only	169044	COL22A1
GC_169355	1	2	0	2	benign_only	169355	IDO2
GC_171024	1	2	0	2	benign_only	171024	SYNPO2
GC_171389	1	2	0	2	benign_only	171389	NLRP6
GC_1718	1	2	1	1	both_classes	1718	DHCR24
GC_1749	1	2	0	2	benign_only	1749	DLX5
GC_1761	1	2	0	2	benign_only	1761	DMRT1
GC_1791	1	2	0	2	benign_only	1791	DNTT
GC_1795	1	2	0	2	benign_only	1795	DOCK3
GC_1803	1	2	0	2	benign_only	1803	DPP4
GC_1805	1	2	0	2	benign_only	1805	DPT
GC_1813	1	2	0	2	benign_only	1813	DRD2
GC_1814	1	2	0	2	benign_only	1814	DRD3
GC_1815	1	2	0	2	benign_only	1815	DRD4
GC_1857	1	2	0	2	benign_only	1857	DVL3
GC_186	1	2	0	2	benign_only	186	AGTR2
GC_1869	1	2	0	2	benign_only	1869	E2F1
GC_197135	1	2	1	1	both_classes	197135	PATL2
GC_197358	1	2	0	2	benign_only	197358	NLRC3
GC_2000	1	2	0	2	benign_only	2000	ELF4
GC_2002	1	2	0	2	benign_only	2002	ELK1
GC_203238	1	2	0	2	benign_only	203238	CCDC171
GC_203447	1	2	0	2	benign_only	203447	NRK
GC_203547	1	2	0	2	benign_only	203547	VMA21
GC_2038	1	2	1	1	both_classes	2038	EPB42
GC_2042	1	2	0	2	benign_only	2042	EPHA3
GC_2044	1	2	0	2	benign_only	2044	EPHA5
GC_2046	1	2	0	2	benign_only	2046	EPHA8
GC_205564	1	2	0	2	benign_only	205564	SENP5
GC_2056	1	2	0	2	benign_only	2056	EPO
GC_205860	1	2	0	2	benign_only	205860	TRIML2
GC_2066	1	2	0	2	benign_only	2066	ERBB4
GC_207	1	2	1	1	both_classes	207	AKT1
GC_210	1	2	1	1	both_classes	210	ALAD
GC_213	1	2	0	2	benign_only	213	ALB
GC_2139	1	2	0	2	benign_only	2139	EYA2
GC_214	1	2	0	2	benign_only	214	ALCAM
GC_2165	1	2	0	2	benign_only	2165	F13B
GC_2185	1	2	0	2	benign_only	2185	PTK2B
GC_219293	1	2	0	2	benign_only	219293	ATAD3C
GC_219736	1	2	0	2	benign_only	219736	STOX1
GC_219870	1	2	0	2	benign_only	219870	OR10G9
GC_2202	1	2	1	1	both_classes	2202	EFEMP1
GC_2206	1	2	0	2	benign_only	2206	MS4A2
GC_2212	1	2	0	2	benign_only	2212	FCGR2A
GC_2215	1	2	0	2	benign_only	2215	FCGR3B
GC_2220	1	2	0	2	benign_only	2220	FCN2
GC_223117	1	2	0	2	benign_only	223117	SEMA3D
GC_2254	1	2	0	2	benign_only	2254	FGF9
GC_2255	1	2	0	2	benign_only	2255	FGF10
GC_22798	1	2	0	2	benign_only	22798	LAMB4
GC_22866	1	2	0	2	benign_only	22866	CNKSR2
GC_22872	1	2	0	2	benign_only	22872	SEC31A
GC_22883	1	2	0	2	benign_only	22883	CLSTN1
GC_22915	1	2	0	2	benign_only	22915	MMRN1
GC_22918	1	2	0	2	benign_only	22918	CD93
GC_22982	1	2	0	2	benign_only	22982	DIP2C
GC_22990	1	2	0	2	benign_only	22990	PCNX1
GC_22992	1	2	2	0	pathogenic_only	22992	KDM2A
GC_23035	1	2	0	2	benign_only	23035	PHLPP2
GC_23043	1	2	0	2	benign_only	23043	TNIK
GC_23109	1	2	0	2	benign_only	23109	DDN
GC_23111	1	2	0	2	benign_only	23111	SPART
GC_23144	1	2	0	2	benign_only	23144	ZC3H3
GC_23174	1	2	0	2	benign_only	23174	ZCCHC14
GC_23203	1	2	0	2	benign_only	23203	PMPCA
GC_23212	1	2	0	2	benign_only	23212	RRS1
GC_23225	1	2	0	2	benign_only	23225	NUP210
GC_23233	1	2	0	2	benign_only	23233	EXOC6B
GC_2326	1	2	0	2	benign_only	2326	FMO1
GC_23303	1	2	0	2	benign_only	23303	KIF13B
GC_23306	1	2	0	2	benign_only	23306	NEMP1
GC_23318	1	2	0	2	benign_only	23318	TUT4
GC_23355	1	2	0	2	benign_only	23355	VPS8
GC_23385	1	2	0	2	benign_only	23385	NCSTN
GC_23404	1	2	0	2	benign_only	23404	EXOSC2
GC_23410	1	2	0	2	benign_only	23410	SIRT3
GC_23498	1	2	0	2	benign_only	23498	HAAO
GC_2350	1	2	0	2	benign_only	2350	FOLR2
GC_23507	1	2	0	2	benign_only	23507	LRRC8B
GC_23512	1	2	0	2	benign_only	23512	SUZ12
GC_23514	1	2	0	2	benign_only	23514	SPIDR
GC_23516	1	2	0	2	benign_only	23516	SLC39A14
GC_2353	1	2	0	2	benign_only	2353	FOS
GC_23543	1	2	0	2	benign_only	23543	RBFOX2
GC_23568	1	2	0	2	benign_only	23568	ARL2BP
GC_23597	1	2	0	2	benign_only	23597	ACOT9
GC_23604	1	2	0	2	benign_only	23604	DAPK2
GC_23613	1	2	0	2	benign_only	23613	ZMYND8
GC_23732	1	2	0	2	benign_only	23732	FRRS1L
GC_24148	1	2	0	2	benign_only	24148	PRPF6
GC_246213	1	2	0	2	benign_only	246213	SLC17A8
GC_246243	1	2	1	1	both_classes	246243	RNASEH1
GC_247	1	2	0	2	benign_only	247	ALOX15B
GC_2491	1	2	0	2	benign_only	2491	CENPI
GC_2527	1	2	0	2	benign_only	2527	FUT5
GC_2528	1	2	0	2	benign_only	2528	FUT6
GC_252969	1	2	0	2	benign_only	252969	NEIL2
GC_2530	1	2	0	2	benign_only	2530	FUT8
GC_253017	1	2	0	2	benign_only	253017	TECRL
GC_2532	1	2	0	2	benign_only	2532	ACKR1
GC_253461	1	2	0	2	benign_only	253461	ZBTB38
GC_255520	1	2	0	2	benign_only	255520	ELMOD2
GC_256006	1	2	0	2	benign_only	256006	ANKRD31
GC_256148	1	2	0	2	benign_only	256148	OR4S1
GC_2564	1	2	0	2	benign_only	2564	GABRE
GC_25771	1	2	0	2	benign_only	25771	TBC1D22A
GC_25788	1	2	0	2	benign_only	25788	RAD54B
GC_25802	1	2	0	2	benign_only	25802	LMOD1
GC_25854	1	2	0	2	benign_only	25854	FAM149A
GC_25871	1	2	0	2	benign_only	25871	RMP64
GC_2590	1	2	0	2	benign_only	2590	GALNT2
GC_2595	1	2	0	2	benign_only	2595	GANC
GC_25960	1	2	0	2	benign_only	25960	ADGRA2
GC_25978	1	2	0	2	benign_only	25978	CHMP2B
GC_26007	1	2	1	1	both_classes	26007	TKFC
GC_26033	1	2	0	2	benign_only	26033	ATRNL1
GC_26037	1	2	0	2	benign_only	26037	SIPA1L1
GC_26046	1	2	0	2	benign_only	26046	LTN1
GC_26056	1	2	0	2	benign_only	26056	RAB11FIP5
GC_26090	1	2	0	2	benign_only	26090	ABHD12
GC_26094	1	2	0	2	benign_only	26094	DCAF4
GC_26121	1	2	2	0	pathogenic_only	26121	PRPF31
GC_26130	1	2	0	2	benign_only	26130	GAPVD1
GC_26189	1	2	0	2	benign_only	26189	OR1A2
GC_26230	1	2	0	2	benign_only	26230	TIAM2
GC_26254	1	2	0	2	benign_only	26254	OPTC
GC_26258	1	2	0	2	benign_only	26258	BLOC1S6
GC_26259	1	2	0	2	benign_only	26259	FBXW8
GC_26270	1	2	0	2	benign_only	26270	FBXO6
GC_26281	1	2	0	2	benign_only	26281	FGF20
GC_26287	1	2	0	2	benign_only	26287	ANKRD2
GC_2642	1	2	0	2	benign_only	2642	GCGR
GC_26470	1	2	0	2	benign_only	26470	SEZ6L2
GC_2652	1	2	0	2	benign_only	2652	OPN1MW
GC_26525	1	2	1	1	both_classes	26525	IL36RN
GC_266743	1	2	0	2	benign_only	266743	NPAS4
GC_2668	1	2	0	2	benign_only	2668	GDNF
GC_26747	1	2	0	2	benign_only	26747	NUFIP1
GC_27	1	2	0	2	benign_only	27	ABL2
GC_2701	1	2	0	2	benign_only	2701	GJA4
GC_27040	1	2	0	2	benign_only	27040	LAT
GC_27127	1	2	0	2	benign_only	27127	SMC1B
GC_27128	1	2	0	2	benign_only	27128	CYTH4
GC_27129	1	2	0	2	benign_only	27129	HSPB7
GC_27178	1	2	0	2	benign_only	27178	IL37
GC_27202	1	2	0	2	benign_only	27202	C5AR2
GC_27302	1	2	0	2	benign_only	27302	BMP10
GC_27328	1	2	0	2	benign_only	27328	PCDH11X
GC_27330	1	2	0	2	benign_only	27330	RPS6KA6
GC_27343	1	2	0	2	benign_only	27343	POLL
GC_27352	1	2	0	2	benign_only	27352	SGSM3
GC_2743	1	2	0	2	benign_only	2743	GLRB
GC_27440	1	2	0	2	benign_only	27440	HDHD5
GC_2774	1	2	0	2	benign_only	2774	GNAL
GC_2796	1	2	0	2	benign_only	2796	GNRH1
GC_2799	1	2	1	1	both_classes	2799	GNS
GC_2801	1	2	0	2	benign_only	2801	GOLGA2
GC_282616	1	2	0	2	benign_only	282616	IFNL2
GC_283209	1	2	0	2	benign_only	283209	PGM2L1
GC_283297	1	2	0	2	benign_only	283297	OR10A4
GC_283431	1	2	0	2	benign_only	283431	GAS2L3
GC_283987	1	2	0	2	benign_only	283987	HID1
GC_284207	1	2	0	2	benign_only	284207	METRNL
GC_284439	1	2	1	1	both_classes	284439	SLC25A42
GC_284654	1	2	0	2	benign_only	284654	RSPO1
GC_284656	1	2	0	2	benign_only	284656	EPHA10
GC_285093	1	2	0	2	benign_only	285093	RTP5
GC_285498	1	2	0	2	benign_only	285498	RNF212
GC_2865	1	2	0	2	benign_only	2865	FFAR3
GC_2886	1	2	0	2	benign_only	2886	GRB7
GC_2890	1	2	1	1	both_classes	2890	GRIA1
GC_2894	1	2	0	2	benign_only	2894	GRID1
GC_28962	1	2	0	2	benign_only	28962	OSTM1
GC_2898	1	2	1	1	both_classes	2898	GRIK2
GC_29116	1	2	0	2	benign_only	29116	MYLIP
GC_29122	1	2	0	2	benign_only	29122	PRSS50
GC_2950	1	2	0	2	benign_only	2950	GSTP1
GC_2954	1	2	0	2	benign_only	2954	GSTZ1
GC_2975	1	2	0	2	benign_only	2975	GTF3C1
GC_29760	1	2	0	2	benign_only	29760	BLNK
GC_29775	1	2	0	2	benign_only	29775	CARD10
GC_2982	1	2	0	2	benign_only	2982	GUCY1A1
GC_29850	1	2	0	2	benign_only	29850	TRPM5
GC_29881	1	2	0	2	benign_only	29881	NPC1L1
GC_29893	1	2	0	2	benign_only	29893	PSMC3IP
GC_29911	1	2	0	2	benign_only	29911	HOOK2
GC_29943	1	2	0	2	benign_only	29943	PADI1
GC_2995	1	2	0	2	benign_only	2995	GYPC
GC_29968	1	2	1	1	both_classes	29968	PSAT1
GC_29969	1	2	0	2	benign_only	29969	MDFIC
GC_3004	1	2	0	2	benign_only	3004	GZMM
GC_30062	1	2	0	2	benign_only	30062	RAX
GC_3034	1	2	0	2	benign_only	3034	HAL
GC_3055	1	2	0	2	benign_only	3055	HCK
GC_306	1	2	0	2	benign_only	306	ANXA3
GC_3077	1	2	2	0	pathogenic_only	3077	HFE
GC_30812	1	2	0	2	benign_only	30812	SOX8
GC_30849	1	2	0	2	benign_only	30849	PIK3R4
GC_3096	1	2	0	2	benign_only	3096	HIVEP1
GC_3162	1	2	0	2	benign_only	3162	HMOX1
GC_3198	1	2	0	2	benign_only	3198	HOXA1
GC_321	1	2	0	2	benign_only	321	APBA2
GC_3240	1	2	0	2	benign_only	3240	HP
GC_3251	1	2	1	1	both_classes	3251	HPRT1
GC_3305	1	2	0	2	benign_only	3305	HSPA1L
GC_3321	1	2	0	2	benign_only	3321	IGSF3
GC_3329	1	2	0	2	benign_only	3329	HSPD1
GC_3383	1	2	0	2	benign_only	3383	ICAM1
GC_339768	1	2	0	2	benign_only	339768	ESPNL
GC_340273	1	2	0	2	benign_only	340273	ABCB5
GC_340359	1	2	0	2	benign_only	340359	KLHL38
GC_342372	1	2	0	2	benign_only	342372	PKD1L3
GC_342527	1	2	0	2	benign_only	342527	SMTNL2
GC_3428	1	2	0	2	benign_only	3428	IFI16
GC_343413	1	2	0	2	benign_only	343413	FCRL6
GC_344018	1	2	0	2	benign_only	344018	FIGLA
GC_344167	1	2	1	1	both_classes	344167	FOXI3
GC_3446	1	2	0	2	benign_only	3446	IFNA10
GC_3449	1	2	0	2	benign_only	3449	IFNA16
GC_3456	1	2	0	2	benign_only	3456	IFNB1
GC_348	1	2	2	0	pathogenic_only	348	APOE
GC_350383	1	2	0	2	benign_only	350383	GPR142
GC_353134	1	2	0	2	benign_only	353134	LCE1D
GC_353497	1	2	0	2	benign_only	353497	POLN
GC_3570	1	2	0	2	benign_only	3570	IL6R
GC_3577	1	2	0	2	benign_only	3577	CXCR1
GC_3581	1	2	0	2	benign_only	3581	IL9R
GC_3603	1	2	0	2	benign_only	3603	IL16
GC_3604	1	2	0	2	benign_only	3604	TNFRSF9
GC_361	1	2	0	2	benign_only	361	AQP4
GC_3612	1	2	0	2	benign_only	3612	IMPA1
GC_3614	1	2	2	0	pathogenic_only	3614	IMPDH1
GC_362	1	2	0	2	benign_only	362	AQP5
GC_3620	1	2	0	2	benign_only	3620	IDO1
GC_3640	1	2	0	2	benign_only	3640	INSL3
GC_3661	1	2	0	2	benign_only	3661	IRF3
GC_3680	1	2	0	2	benign_only	3680	ITGA9
GC_3694	1	2	0	2	benign_only	3694	ITGB6
GC_3697	1	2	0	2	benign_only	3697	ITIH1
GC_3703	1	2	2	0	pathogenic_only	3703	STT3A
GC_3738	1	2	2	0	pathogenic_only	3738	KCNA3
GC_374291	1	2	0	2	benign_only	374291	NDUFS7
GC_374354	1	2	1	1	both_classes	374354	NHLRC2
GC_374819	1	2	0	2	benign_only	374819	LRRC37A3
GC_3750	1	2	0	2	benign_only	3750	KCND1
GC_375033	1	2	0	2	benign_only	375033	PEAR1
GC_3753	1	2	0	2	benign_only	3753	KCNE1
GC_3777	1	2	0	2	benign_only	3777	KCNK3
GC_3783	1	2	1	1	both_classes	3783	KCNN4
GC_3799	1	2	1	1	both_classes	3799	KIF5B
GC_387509	1	2	0	2	benign_only	387509	GPR153
GC_388531	1	2	0	2	benign_only	388531	RGS9BP
GC_388558	1	2	0	2	benign_only	388558	ZNF808
GC_388581	1	2	0	2	benign_only	388581	C1QTNF12
GC_388962	1	2	2	0	pathogenic_only	388962	BOLA3
GC_389090	1	2	0	2	benign_only	389090	OR6B2
GC_389730	1	2	0	2	benign_only	389730	SPATA31A6
GC_389827	1	2	2	0	pathogenic_only	389827	MYMK
GC_390072	1	2	0	2	benign_only	390072	OR52N4
GC_390078	1	2	0	2	benign_only	390078	OR52E6
GC_3902	1	2	0	2	benign_only	3902	LAG3
GC_390245	1	2	0	2	benign_only	390245	KDM4E
GC_391194	1	2	0	2	benign_only	391194	OR2M2
GC_3916	1	2	0	2	benign_only	3916	LAMP1
GC_392636	1	2	0	2	benign_only	392636	AGMO
GC_396	1	2	0	2	benign_only	396	ARHGDIA
GC_399687	1	2	0	2	benign_only	399687	MYO18A
GC_4008	1	2	0	2	benign_only	4008	LMO7
GC_401992	1	2	0	2	benign_only	401992	OR2T2
GC_402569	1	2	0	2	benign_only	402569	KPNA7
GC_4048	1	2	0	2	benign_only	4048	LTA4H
GC_4063	1	2	0	2	benign_only	4063	LY9
GC_4068	1	2	2	0	pathogenic_only	4068	SH2D1A
GC_407	1	2	0	2	benign_only	407	ARR3
GC_4130	1	2	0	2	benign_only	4130	MAP1A
GC_4144	1	2	0	2	benign_only	4144	MAT2A
GC_4173	1	2	0	2	benign_only	4173	MCM4
GC_4205	1	2	0	2	benign_only	4205	MEF2A
GC_4240	1	2	0	2	benign_only	4240	MFGE8
GC_4254	1	2	0	2	benign_only	4254	KITLG
GC_4255	1	2	0	2	benign_only	4255	MGMT
GC_4299	1	2	0	2	benign_only	4299	AFF1
GC_4312	1	2	0	2	benign_only	4312	MMP1
GC_4326	1	2	0	2	benign_only	4326	MMP17
GC_4363	1	2	0	2	benign_only	4363	ABCC1
GC_442038	1	2	0	2	benign_only	442038	SULT1C3
GC_448834	1	2	0	2	benign_only	448834	KPRP
GC_4599	1	2	0	2	benign_only	4599	MX1
GC_4609	1	2	0	2	benign_only	4609	MYC
GC_4618	1	2	0	2	benign_only	4618	MYF6
GC_4642	1	2	0	2	benign_only	4642	MYO1D
GC_4648	1	2	0	2	benign_only	4648	MYO7B
GC_4677	1	2	1	1	both_classes	4677	NARS1
GC_4691	1	2	0	2	benign_only	4691	NCL
GC_4700	1	2	0	2	benign_only	4700	NDUFA6
GC_4722	1	2	2	0	pathogenic_only	4722	NDUFS3
GC_4726	1	2	2	0	pathogenic_only	4726	NDUFS6
GC_4728	1	2	2	0	pathogenic_only	4728	NDUFS8
GC_474344	1	2	0	2	benign_only	474344	GIMAP6
GC_480	1	2	0	2	benign_only	480	ATP1A4
GC_4841	1	2	0	2	benign_only	4841	NONO
GC_4848	1	2	0	2	benign_only	4848	CNOT2
GC_4855	1	2	0	2	benign_only	4855	NOTCH4
GC_4883	1	2	0	2	benign_only	4883	NPR3
GC_4887	1	2	0	2	benign_only	4887	NPY2R
GC_4909	1	2	0	2	benign_only	4909	NTF4
GC_4921	1	2	2	0	pathogenic_only	4921	DDR2
GC_4929	1	2	0	2	benign_only	4929	NR4A2
GC_493829	1	2	0	2	benign_only	493829	TRIM72
GC_4967	1	2	0	2	benign_only	4967	OGDH
GC_5018	1	2	0	2	benign_only	5018	OXA1L
GC_5030	1	2	0	2	benign_only	5030	P2RY4
GC_5037	1	2	0	2	benign_only	5037	PEBP1
GC_50507	1	2	0	2	benign_only	50507	NOX4
GC_50509	1	2	0	2	benign_only	50509	COL5A3
GC_5054	1	2	0	2	benign_only	5054	SERPINE1
GC_5064	1	2	0	2	benign_only	5064	PALM
GC_50700	1	2	0	2	benign_only	50700	RDH8
GC_50805	1	2	0	2	benign_only	50805	IRX4
GC_50832	1	2	0	2	benign_only	50832	TAS2R4
GC_50835	1	2	0	2	benign_only	50835	TAS2R9
GC_50859	1	2	0	2	benign_only	50859	SPOCK3
GC_50863	1	2	0	2	benign_only	50863	NTM
GC_5092	1	2	1	1	both_classes	5092	PCBD1
GC_51059	1	2	0	2	benign_only	51059	FAM135B
GC_51083	1	2	0	2	benign_only	51083	GAL
GC_51114	1	2	1	1	both_classes	51114	ZDHHC9
GC_51128	1	2	2	0	pathogenic_only	51128	SAR1B
GC_51204	1	2	0	2	benign_only	51204	TACO1
GC_51232	1	2	0	2	benign_only	51232	CRIM1
GC_51251	1	2	1	1	both_classes	51251	NT5C3A
GC_51267	1	2	0	2	benign_only	51267	CLEC1A
GC_51271	1	2	0	2	benign_only	51271	UBAP1
GC_51281	1	2	0	2	benign_only	51281	ANKMY1
GC_51305	1	2	2	0	pathogenic_only	51305	KCNK9
GC_51335	1	2	0	2	benign_only	51335	NGRN
GC_51399	1	2	0	2	benign_only	51399	TRAPPC4
GC_5141	1	2	0	2	benign_only	5141	PDE4A
GC_51430	1	2	0	2	benign_only	51430	SUCO
GC_51460	1	2	0	2	benign_only	51460	SFMBT1
GC_51501	1	2	1	1	both_classes	51501	HIKESHI
GC_5152	1	2	0	2	benign_only	5152	PDE9A
GC_51524	1	2	2	0	pathogenic_only	51524	TMEM138
GC_51651	1	2	1	1	both_classes	51651	PTRH2
GC_51663	1	2	0	2	benign_only	51663	ZFR
GC_5168	1	2	0	2	benign_only	5168	ENPP2
GC_51702	1	2	2	0	pathogenic_only	51702	PADI3
GC_51703	1	2	0	2	benign_only	51703	ACSL5
GC_51704	1	2	0	2	benign_only	51704	GPRC5B
GC_51733	1	2	1	1	both_classes	51733	UPB1
GC_5187	1	2	0	2	benign_only	5187	PER1
GC_5211	1	2	0	2	benign_only	5211	PFKL
GC_529	1	2	1	1	both_classes	529	ATP6V1E1
GC_5304	1	2	0	2	benign_only	5304	PIP
GC_5327	1	2	0	2	benign_only	5327	PLAT
GC_5341	1	2	0	2	benign_only	5341	PLEK
GC_53905	1	2	0	2	benign_only	53905	DUOX1
GC_5396	1	2	0	2	benign_only	5396	PRRX1
GC_54014	1	2	0	2	benign_only	54014	BRWD1
GC_54106	1	2	0	2	benign_only	54106	TLR9
GC_54205	1	2	2	0	pathogenic_only	54205	CYCS
GC_54206	1	2	0	2	benign_only	54206	ERRFI1
GC_5444	1	2	0	2	benign_only	5444	PON1
GC_54456	1	2	0	2	benign_only	54456	MOV10L1
GC_54471	1	2	0	2	benign_only	54471	MIEF1
GC_54480	1	2	0	2	benign_only	54480	CHPF2
GC_54496	1	2	0	2	benign_only	54496	PRMT7
GC_54499	1	2	0	2	benign_only	54499	TMCO1
GC_54517	1	2	1	1	both_classes	54517	PUS7
GC_54549	1	2	0	2	benign_only	54549	SDK2
GC_5456	1	2	1	1	both_classes	5456	POU3F4
GC_54584	1	2	0	2	benign_only	54584	GNB1L
GC_54627	1	2	0	2	benign_only	54627	MAP10
GC_54751	1	2	0	2	benign_only	54751	FBLIM1
GC_54800	1	2	1	1	both_classes	54800	KLHL24
GC_54808	1	2	0	2	benign_only	54808	DYM
GC_54849	1	2	0	2	benign_only	54849	DEF8
GC_54873	1	2	0	2	benign_only	54873	PALMD
GC_54875	1	2	0	2	benign_only	54875	CNTLN
GC_54916	1	2	0	2	benign_only	54916	TMEM260
GC_54928	1	2	0	2	benign_only	54928	BPNT2
GC_55066	1	2	0	2	benign_only	55066	PDPR
GC_55094	1	2	0	2	benign_only	55094	GPATCH1
GC_55107	1	2	0	2	benign_only	55107	ANO1
GC_55151	1	2	0	2	benign_only	55151	TMEM38B
GC_55160	1	2	0	2	benign_only	55160	ARHGEF10L
GC_55196	1	2	0	2	benign_only	55196	RESF1
GC_55238	1	2	0	2	benign_only	55238	SLC38A7
GC_55266	1	2	0	2	benign_only	55266	TMEM19
GC_55297	1	2	0	2	benign_only	55297	CCDC91
GC_55331	1	2	0	2	benign_only	55331	ACER3
GC_55341	1	2	0	2	benign_only	55341	LSG1
GC_55572	1	2	2	0	pathogenic_only	55572	FOXRED1
GC_55601	1	2	0	2	benign_only	55601	DDX60
GC_55614	1	2	0	2	benign_only	55614	KIF16B
GC_55621	1	2	0	2	benign_only	55621	TRMT1
GC_55656	1	2	0	2	benign_only	55656	INTS8
GC_5566	1	2	1	1	both_classes	5566	PRKACA
GC_55693	1	2	0	2	benign_only	55693	KDM4D
GC_55720	1	2	0	2	benign_only	55720	TSR1
GC_55728	1	2	0	2	benign_only	55728	N4BP2
GC_55750	1	2	0	2	benign_only	55750	AGK
GC_55788	1	2	0	2	benign_only	55788	LMBRD1
GC_55813	1	2	0	2	benign_only	55813	UTP6
GC_55821	1	2	0	2	benign_only	55821	ALLC
GC_55824	1	2	0	2	benign_only	55824	PAG1
GC_55833	1	2	0	2	benign_only	55833	UBAP2
GC_5588	1	2	0	2	benign_only	5588	PRKCQ
GC_55966	1	2	0	2	benign_only	55966	AJAP1
GC_5606	1	2	0	2	benign_only	5606	MAP2K3
GC_5620	1	2	0	2	benign_only	5620	PRM2
GC_56241	1	2	0	2	benign_only	56241	SUSD2
GC_56262	1	2	0	2	benign_only	56262	LRRC8A
GC_56302	1	2	0	2	benign_only	56302	TRPV5
GC_56521	1	2	0	2	benign_only	56521	DNAJC12
GC_5670	1	2	0	2	benign_only	5670	PSG2
GC_56704	1	2	0	2	benign_only	56704	JPH1
GC_5672	1	2	0	2	benign_only	5672	PSG4
GC_56848	1	2	0	2	benign_only	56848	SPHK2
GC_56890	1	2	0	2	benign_only	56890	MDM1
GC_56893	1	2	0	2	benign_only	56893	UBQLN4
GC_56899	1	2	0	2	benign_only	56899	ANKS1B
GC_5692	1	2	0	2	benign_only	5692	PSMB4
GC_56978	1	2	0	2	benign_only	56978	PRDM8
GC_56979	1	2	0	2	benign_only	56979	PRDM9
GC_56987	1	2	0	2	benign_only	56987	BBX
GC_57050	1	2	0	2	benign_only	57050	UTP3
GC_57091	1	2	0	2	benign_only	57091	CASS4
GC_57124	1	2	0	2	benign_only	57124	CD248
GC_57169	1	2	0	2	benign_only	57169	ZNFX1
GC_57210	1	2	0	2	benign_only	57210	SLC45A4
GC_5725	1	2	1	1	both_classes	5725	PTBP1
GC_5737	1	2	0	2	benign_only	5737	PTGFR
GC_5739	1	2	0	2	benign_only	5739	PTGIR
GC_57404	1	2	0	2	benign_only	57404	CYP20A1
GC_57447	1	2	0	2	benign_only	57447	NDRG2
GC_57489	1	2	0	2	benign_only	57489	ODF2L
GC_57555	1	2	0	2	benign_only	57555	NLGN2
GC_57575	1	2	0	2	benign_only	57575	PCDH10
GC_57596	1	2	0	2	benign_only	57596	BEGAIN
GC_57600	1	2	0	2	benign_only	57600	FNIP2
GC_57609	1	2	0	2	benign_only	57609	DIP2B
GC_57628	1	2	0	2	benign_only	57628	DPP10
GC_57650	1	2	0	2	benign_only	57650	CIP2A
GC_57654	1	2	0	2	benign_only	57654	UVSSA
GC_57659	1	2	0	2	benign_only	57659	ZBTB4
GC_57677	1	2	0	2	benign_only	57677	ZFP14
GC_57678	1	2	0	2	benign_only	57678	GPAM
GC_5768	1	2	0	2	benign_only	5768	QSOX1
GC_57695	1	2	0	2	benign_only	57695	USP37
GC_5771	1	2	0	2	benign_only	5771	PTPN2
GC_57732	1	2	0	2	benign_only	57732	ZFYVE28
GC_5816	1	2	0	2	benign_only	5816	PVALB
GC_5819	1	2	0	2	benign_only	5819	NECTIN2
GC_5828	1	2	0	2	benign_only	5828	PEX2
GC_58494	1	2	0	2	benign_only	58494	JAM2
GC_58531	1	2	0	2	benign_only	58531	PRM3
GC_587	1	2	0	2	benign_only	587	BCAT2
GC_58985	1	2	0	2	benign_only	58985	IL22RA1
GC_5934	1	2	0	2	benign_only	5934	RBL2
GC_59343	1	2	0	2	benign_only	59343	SENP2
GC_59352	1	2	0	2	benign_only	59352	LGR6
GC_5966	1	2	0	2	benign_only	5966	REL
GC_5989	1	2	0	2	benign_only	5989	RFX1
GC_6011	1	2	1	1	both_classes	6011	GRK1
GC_6041	1	2	0	2	benign_only	6041	RNASEL
GC_60482	1	2	0	2	benign_only	60482	SLC5A7
GC_6049	1	2	0	2	benign_only	6049	RNF6
GC_60678	1	2	0	2	benign_only	60678	EEFSEC
GC_6097	1	2	0	2	benign_only	6097	RORC
GC_6100	1	2	0	2	benign_only	6100	RP9
GC_6182	1	2	0	2	benign_only	6182	MRPL12
GC_622	1	2	0	2	benign_only	622	BDH1
GC_6259	1	2	0	2	benign_only	6259	RYK
GC_6272	1	2	0	2	benign_only	6272	SORT1
GC_6288	1	2	0	2	benign_only	6288	SAA1
GC_63036	1	2	2	0	pathogenic_only	63036	CELA2A
GC_6310	1	2	0	2	benign_only	6310	ATXN1
GC_6317	1	2	0	2	benign_only	6317	SERPINB3
GC_6330	1	2	0	2	benign_only	6330	SCN4B
GC_6340	1	2	0	2	benign_only	6340	SCNN1G
GC_6344	1	2	0	2	benign_only	6344	SCTR
GC_635	1	2	0	2	benign_only	635	BHMT
GC_6376	1	2	0	2	benign_only	6376	CX3CL1
GC_63892	1	2	0	2	benign_only	63892	THADA
GC_63894	1	2	0	2	benign_only	63894	VIPAS39
GC_63951	1	2	0	2	benign_only	63951	DMRTA1
GC_64062	1	2	0	2	benign_only	64062	RBM26
GC_64094	1	2	0	2	benign_only	64094	SMOC2
GC_64106	1	2	0	2	benign_only	64106	NPFFR1
GC_6418	1	2	1	1	both_classes	6418	SET
GC_6424	1	2	0	2	benign_only	6424	SFRP4
GC_64326	1	2	0	2	benign_only	64326	COP1
GC_64359	1	2	0	2	benign_only	64359	NXN
GC_64420	1	2	0	2	benign_only	64420	SUSD1
GC_64428	1	2	0	2	benign_only	64428	CIAO3
GC_64499	1	2	0	2	benign_only	64499	TPSB2
GC_645	1	2	0	2	benign_only	645	BLVRB
GC_6453	1	2	0	2	benign_only	6453	ITSN1
GC_646480	1	2	0	2	benign_only	646480	FABP9
GC_64682	1	2	0	2	benign_only	64682	ANAPC1
GC_64689	1	2	0	2	benign_only	64689	GORASP1
GC_647042	1	2	0	2	benign_only	647042	GOLGA6L10
GC_64757	1	2	0	2	benign_only	64757	MTARC1
GC_64806	1	2	0	2	benign_only	64806	IL25
GC_64816	1	2	0	2	benign_only	64816	CYP3A43
GC_64852	1	2	0	2	benign_only	64852	TUT1
GC_64866	1	2	0	2	benign_only	64866	CDCP1
GC_6487	1	2	0	2	benign_only	6487	ST3GAL3
GC_64900	1	2	0	2	benign_only	64900	LPIN3
GC_64902	1	2	0	2	benign_only	64902	AGXT2
GC_64926	1	2	0	2	benign_only	64926	RASAL3
GC_6496	1	2	0	2	benign_only	6496	SIX3
GC_65010	1	2	0	2	benign_only	65010	SLC26A6
GC_6504	1	2	0	2	benign_only	6504	SLAMF1
GC_6505	1	2	0	2	benign_only	6505	SLC1A1
GC_65062	1	2	0	2	benign_only	65062	TMEM237
GC_65220	1	2	0	2	benign_only	65220	NADK
GC_65260	1	2	0	2	benign_only	65260	COA7
GC_6547	1	2	0	2	benign_only	6547	SLC8A3
GC_6554	1	2	0	2	benign_only	6554	SLC10A1
GC_6561	1	2	0	2	benign_only	6561	SLC13A1
GC_6563	1	2	0	2	benign_only	6563	SLC14A1
GC_6571	1	2	1	1	both_classes	6571	SLC18A2
GC_6594	1	2	0	2	benign_only	6594	SMARCA1
GC_6622	1	2	1	1	both_classes	6622	SNCA
GC_6675	1	2	0	2	benign_only	6675	UAP1
GC_6689	1	2	0	2	benign_only	6689	SPIB
GC_6694	1	2	0	2	benign_only	6694	SPP2
GC_6696	1	2	0	2	benign_only	6696	SPP1
GC_6722	1	2	0	2	benign_only	6722	SRF
GC_6764	1	2	0	2	benign_only	6764	DENND2B
GC_6769	1	2	0	2	benign_only	6769	STAC
GC_6775	1	2	0	2	benign_only	6775	STAT4
GC_683	1	2	0	2	benign_only	683	BST1
GC_6845	1	2	0	2	benign_only	6845	VAMP7
GC_6854	1	2	0	2	benign_only	6854	SYN2
GC_6855	1	2	0	2	benign_only	6855	SYP
GC_6860	1	2	0	2	benign_only	6860	SYT4
GC_6862	1	2	0	2	benign_only	6862	TBXT
GC_6885	1	2	2	0	pathogenic_only	6885	MAP3K7
GC_7014	1	2	0	2	benign_only	7014	TERF2
GC_7053	1	2	0	2	benign_only	7053	TGM3
GC_7071	1	2	0	2	benign_only	7071	KLF10
GC_7103	1	2	0	2	benign_only	7103	TSPAN8
GC_712	1	2	1	1	both_classes	712	C1QA
GC_7122	1	2	2	0	pathogenic_only	7122	CLDN5
GC_7133	1	2	0	2	benign_only	7133	TNFRSF1B
GC_7138	1	2	0	2	benign_only	7138	TNNT1
GC_7140	1	2	2	0	pathogenic_only	7140	TNNT3
GC_7143	1	2	0	2	benign_only	7143	TNR
GC_7174	1	2	0	2	benign_only	7174	TPP2
GC_719	1	2	0	2	benign_only	719	C3AR1
GC_720	1	2	0	2	benign_only	720	C4A
GC_721	1	2	0	2	benign_only	721	C4B
GC_7283	1	2	1	1	both_classes	7283	TUBG1
GC_7289	1	2	0	2	benign_only	7289	TULP3
GC_7296	1	2	0	2	benign_only	7296	TXNRD1
GC_730249	1	2	0	2	benign_only	730249	ACOD1
GC_7305	1	2	0	2	benign_only	7305	TYROBP
GC_731220	1	2	0	2	benign_only	731220	RFX8
GC_733	1	2	0	2	benign_only	733	C8G
GC_7363	1	2	0	2	benign_only	7363	UGT2B4
GC_7366	1	2	0	2	benign_only	7366	UGT2B15
GC_7372	1	2	0	2	benign_only	7372	UMPS
GC_7409	1	2	0	2	benign_only	7409	VAV1
GC_745	1	2	0	2	benign_only	745	MYRF
GC_7453	1	2	1	1	both_classes	7453	WARS1
GC_7480	1	2	0	2	benign_only	7480	WNT10B
GC_7516	1	2	0	2	benign_only	7516	XRCC2
GC_7552	1	2	0	2	benign_only	7552	ZNF711
GC_7634	1	2	0	2	benign_only	7634	ZNF80
GC_7694	1	2	0	2	benign_only	7694	ZNF135
GC_7750	1	2	0	2	benign_only	7750	ZMYM2
GC_7798	1	2	0	2	benign_only	7798	LUZP1
GC_7879	1	2	2	0	pathogenic_only	7879	RAB7A
GC_79140	1	2	0	2	benign_only	79140	CCDC28B
GC_79415	1	2	0	2	benign_only	79415	CYBC1
GC_79444	1	2	0	2	benign_only	79444	BIRC7
GC_79623	1	2	0	2	benign_only	79623	GALNT14
GC_79629	1	2	0	2	benign_only	79629	OCEL1
GC_79664	1	2	0	2	benign_only	79664	ICE2
GC_79689	1	2	0	2	benign_only	79689	STEAP4
GC_79711	1	2	0	2	benign_only	79711	IPO4
GC_79722	1	2	0	2	benign_only	79722	ANKRD55
GC_79791	1	2	1	1	both_classes	79791	FBXO31
GC_79841	1	2	0	2	benign_only	79841	AGBL2
GC_79899	1	2	0	2	benign_only	79899	PRR5L
GC_80131	1	2	0	2	benign_only	80131	LRRC8E
GC_80149	1	2	0	2	benign_only	80149	ZC3H12A
GC_80150	1	2	0	2	benign_only	80150	ASRGL1
GC_80155	1	2	1	1	both_classes	80155	NAA15
GC_8022	1	2	0	2	benign_only	8022	LHX3
GC_80223	1	2	0	2	benign_only	80223	RAB11FIP1
GC_80232	1	2	1	1	both_classes	80232	WDR26
GC_80243	1	2	0	2	benign_only	80243	PREX2
GC_80258	1	2	0	2	benign_only	80258	EFHC2
GC_80309	1	2	0	2	benign_only	80309	SPHKAP
GC_8045	1	2	0	2	benign_only	8045	RASSF7
GC_80712	1	2	0	2	benign_only	80712	ESX1
GC_80739	1	2	0	2	benign_only	80739	MPIG6B
GC_81030	1	2	0	2	benign_only	81030	ZBP1
GC_81034	1	2	0	2	benign_only	81034	SLC25A32
GC_8140	1	2	0	2	benign_only	8140	SLC7A5
GC_81621	1	2	0	2	benign_only	81621	KAZALD1
GC_81848	1	2	0	2	benign_only	81848	SPRY4
GC_81887	1	2	2	0	pathogenic_only	81887	LAS1L
GC_828	1	2	0	2	benign_only	828	CAPS
GC_8323	1	2	0	2	benign_only	8323	FZD6
GC_83449	1	2	0	2	benign_only	83449	PMFBP1
GC_83473	1	2	0	2	benign_only	83473	KATNAL2
GC_83666	1	2	0	2	benign_only	83666	PARP9
GC_837	1	2	0	2	benign_only	837	CASP4
GC_83700	1	2	0	2	benign_only	83700	JAM3
GC_83856	1	2	0	2	benign_only	83856	FSD1L
GC_83932	1	2	0	2	benign_only	83932	SPRTN
GC_83938	1	2	0	2	benign_only	83938	LRMDA
GC_83986	1	2	0	2	benign_only	83986	FAM234A
GC_84061	1	2	0	2	benign_only	84061	MAGT1
GC_84101	1	2	0	2	benign_only	84101	USP44
GC_84107	1	2	0	2	benign_only	84107	ZIC4
GC_84168	1	2	0	2	benign_only	84168	ANTXR1
GC_84172	1	2	0	2	benign_only	84172	POLR1B
GC_84174	1	2	0	2	benign_only	84174	SLA2
GC_842	1	2	0	2	benign_only	842	CASP9
GC_84286	1	2	0	2	benign_only	84286	TMEM175
GC_84294	1	2	0	2	benign_only	84294	UTP23
GC_84317	1	2	1	1	both_classes	84317	VMA22
GC_8437	1	2	0	2	benign_only	8437	RASAL1
GC_84436	1	2	0	2	benign_only	84436	ZNF528
GC_84455	1	2	0	2	benign_only	84455	EFCAB7
GC_84461	1	2	0	2	benign_only	84461	NEURL4
GC_84628	1	2	0	2	benign_only	84628	NTNG2
GC_84629	1	2	0	2	benign_only	84629	TNRC18
GC_84649	1	2	0	2	benign_only	84649	DGAT2
GC_8467	1	2	2	0	pathogenic_only	8467	SMARCA5
GC_84679	1	2	1	1	both_classes	84679	SLC9A7
GC_84701	1	2	0	2	benign_only	84701	COX4I2
GC_84706	1	2	0	2	benign_only	84706	GPT2
GC_8473	1	2	1	1	both_classes	8473	OGT
GC_84824	1	2	0	2	benign_only	84824	FCRLA
GC_84839	1	2	1	1	both_classes	84839	RAX2
GC_84868	1	2	0	2	benign_only	84868	HAVCR2
GC_84873	1	2	0	2	benign_only	84873	ADGRG7
GC_84891	1	2	0	2	benign_only	84891	ZSCAN10
GC_84898	1	2	0	2	benign_only	84898	PLXDC2
GC_84959	1	2	0	2	benign_only	84959	UBASH3B
GC_84966	1	2	0	2	benign_only	84966	IGSF21
GC_84978	1	2	0	2	benign_only	84978	FRMD5
GC_85015	1	2	0	2	benign_only	85015	USP45
GC_85016	1	2	1	1	both_classes	85016	CFAP300
GC_85021	1	2	0	2	benign_only	85021	REPS1
GC_8506	1	2	0	2	benign_only	8506	CNTNAP1
GC_85442	1	2	0	2	benign_only	85442	KNDC1
GC_85452	1	2	0	2	benign_only	85452	CFAP74
GC_85464	1	2	0	2	benign_only	85464	SSH2
GC_8557	1	2	0	2	benign_only	8557	TCAP
GC_857	1	2	0	2	benign_only	857	CAV1
GC_8604	1	2	0	2	benign_only	8604	SLC25A12
GC_8609	1	2	1	1	both_classes	8609	KLF7
GC_8624	1	2	0	2	benign_only	8624	PSMG1
GC_8629	1	2	0	2	benign_only	8629	JRK
GC_8644	1	2	0	2	benign_only	8644	AKR1C3
GC_8646	1	2	0	2	benign_only	8646	CHRD
GC_868	1	2	0	2	benign_only	868	CBLB
GC_8689	1	2	0	2	benign_only	8689	KRT36
GC_8692	1	2	0	2	benign_only	8692	HYAL2
GC_8694	1	2	0	2	benign_only	8694	DGAT1
GC_871	1	2	1	1	both_classes	871	SERPINH1
GC_8710	1	2	0	2	benign_only	8710	SERPINB7
GC_8712	1	2	0	2	benign_only	8712	PAGE1
GC_8737	1	2	1	1	both_classes	8737	RIPK1
GC_8797	1	2	0	2	benign_only	8797	TNFRSF10A
GC_8799	1	2	1	1	both_classes	8799	PEX11B
GC_8802	1	2	1	1	both_classes	8802	SUCLG1
GC_8808	1	2	0	2	benign_only	8808	IL36R
GC_8818	1	2	0	2	benign_only	8818	DPM2
GC_8820	1	2	1	1	both_classes	8820	HESX1
GC_8828	1	2	0	2	benign_only	8828	NRP2
GC_8850	1	2	0	2	benign_only	8850	KAT2B
GC_8876	1	2	0	2	benign_only	8876	VNN1
GC_8911	1	2	0	2	benign_only	8911	CACNA1I
GC_8927	1	2	0	2	benign_only	8927	BSN
GC_8972	1	2	0	2	benign_only	8972	MGAM
GC_89795	1	2	0	2	benign_only	89795	NAV3
GC_89932	1	2	0	2	benign_only	89932	PAPLN
GC_8997	1	2	0	2	benign_only	8997	KALRN
GC_90019	1	2	0	2	benign_only	90019	SYT8
GC_9015	1	2	0	2	benign_only	9015	TAF1A
GC_9027	1	2	0	2	benign_only	9027	NAT8
GC_9031	1	2	0	2	benign_only	9031	BAZ1B
GC_9037	1	2	0	2	benign_only	9037	SEMA5A
GC_9073	1	2	0	2	benign_only	9073	CLDN8
GC_90865	1	2	0	2	benign_only	90865	IL33
GC_909	1	2	0	2	benign_only	909	CD1A
GC_9096	1	2	0	2	benign_only	9096	TBX18
GC_9098	1	2	0	2	benign_only	9098	USP6
GC_9119	1	2	0	2	benign_only	9119	KRT75
GC_9125	1	2	2	0	pathogenic_only	9125	CNOT9
GC_9128	1	2	1	1	both_classes	9128	PRPF4
GC_9133	1	2	0	2	benign_only	9133	CCNB2
GC_91442	1	2	0	2	benign_only	91442	FAAP24
GC_916	1	2	0	2	benign_only	916	CD3E
GC_91801	1	2	0	2	benign_only	91801	ALKBH8
GC_91828	1	2	0	2	benign_only	91828	EXOC3L4
GC_91851	1	2	0	2	benign_only	91851	CHRDL1
GC_921	1	2	0	2	benign_only	921	CD5
GC_92126	1	2	0	2	benign_only	92126	DSEL
GC_92154	1	2	1	1	both_classes	92154	MTSS2
GC_92255	1	2	1	1	both_classes	92255	LMBRD2
GC_925	1	2	0	2	benign_only	925	CD8A
GC_92736	1	2	0	2	benign_only	92736	OTOP2
GC_930	1	2	0	2	benign_only	930	CD19
GC_93107	1	2	0	2	benign_only	93107	KCNG4
GC_9312	1	2	1	1	both_classes	9312	KCNB2
GC_93145	1	2	0	2	benign_only	93145	OLFM2
GC_9317	1	2	0	2	benign_only	9317	PTER
GC_9325	1	2	0	2	benign_only	9325	TRIP4
GC_9358	1	2	0	2	benign_only	9358	ITGBL1
GC_93587	1	2	1	1	both_classes	93587	TRMT10A
GC_93650	1	2	1	1	both_classes	93650	ACP4
GC_9373	1	2	0	2	benign_only	9373	PLAA
GC_9376	1	2	0	2	benign_only	9376	SLC22A8
GC_94160	1	2	0	2	benign_only	94160	ABCC12
GC_942	1	2	0	2	benign_only	942	CD86
GC_946	1	2	0	2	benign_only	946	SIGLEC6
GC_9466	1	2	0	2	benign_only	9466	IL27RA
GC_955	1	2	0	2	benign_only	955	ENTPD6
GC_9569	1	2	0	2	benign_only	9569	GTF2IRD1
GC_9585	1	2	0	2	benign_only	9585	KIF20B
GC_9600	1	2	0	2	benign_only	9600	PITPNM1
GC_9622	1	2	0	2	benign_only	9622	KLK4
GC_9636	1	2	0	2	benign_only	9636	ISG15
GC_9645	1	2	0	2	benign_only	9645	MICAL2
GC_9699	1	2	0	2	benign_only	9699	RIMS2
GC_9722	1	2	0	2	benign_only	9722	NOS1AP
GC_9736	1	2	0	2	benign_only	9736	USP34
GC_9794	1	2	0	2	benign_only	9794	MAML1
GC_9806	1	2	0	2	benign_only	9806	SPOCK2
GC_9815	1	2	0	2	benign_only	9815	GIT2
GC_9821	1	2	0	2	benign_only	9821	RB1CC1
GC_9837	1	2	0	2	benign_only	9837	GINS1
GC_9843	1	2	0	2	benign_only	9843	HEPH
GC_9866	1	2	0	2	benign_only	9866	TRIM66
GC_9902	1	2	0	2	benign_only	9902	MRC2
GC_9905	1	2	0	2	benign_only	9905	SGSM2
GC_9923	1	2	0	2	benign_only	9923	ZBTB40
GC_9942	1	2	0	2	benign_only	9942	XYLB
GC_9752	10	1	0	1	benign_only	9752|56117|56119|56134|56135|56136|56137|56138|56139|56140	PCDHA10|PCDHA11|PCDHA12|PCDHA13|PCDHA8|PCDHA9|PCDHA@|PCDHAC1|PCDHAC2|PCDHACT
GC_1410	3	1	0	1	benign_only	1410|3316|100528019	CRYAB|HSPB2|HSPB2-C11orf52
GC_1551	3	1	0	1	benign_only	1551|221785|100861540	CYP3A7|CYP3A7-CYP3A51P|ZSCAN25
GC_161931	3	1	0	1	benign_only	161931|654780|126862424	ADAD2|LOC126862424|LOC654780
GC_254863	3	1	0	1	benign_only	254863|100529211|130060142	LOC130060142|TMEM256|TMEM256-PLSCR3
GC_26740	3	1	0	1	benign_only	26740|138881|138882	OR1J2|OR1L8|OR1N2
GC_27141	3	1	0	1	benign_only	27141|56413|130055420	CIDEB|LOC130055420|LTB4R2
GC_3221	3	1	0	1	benign_only	3221|3222|110121456	HOXC4|HOXC5|LOC110121456
GC_401565	3	1	0	1	benign_only	401565|441476|100129722	CIMIP2A|STPG3|STPG3-AS1
GC_50615	3	1	0	1	benign_only	50615|283888|130058713	IL21R|IL21R-AS1|LOC130058713
GC_51157	3	1	0	1	benign_only	51157|51545|125384545	LOC125384545|ZNF580|ZNF581
GC_51276	3	1	0	1	benign_only	51276|163255|100507433	ZNF540|ZNF571|ZNF571-AS1
GC_5224	3	1	0	1	benign_only	5224|28988|129998342	DBNL|LOC129998342|PGAM2
GC_63827	3	1	0	1	benign_only	63827|105371453|126568844	BCAN|BCAN-AS1|BCAN-AS2
GC_7593	3	1	0	1	benign_only	7593|100131691|130065245	LOC130065245|MZF1|MZF1-AS1
GC_10017	2	1	0	1	benign_only	10017|130057081	BCL2L10|LOC130057081
GC_10054	2	1	1	0	pathogenic_only	10054|130064190	LOC130064190|UBA2
GC_10127	2	1	0	1	benign_only	10127|91151	TIGD7|ZNF263
GC_10223	2	1	0	1	benign_only	10223|105371600	GPA33|GPA33-AS1
GC_10406	2	1	1	0	pathogenic_only	10406|130065964	LOC130065964|WFDC2
GC_10434	2	1	0	1	benign_only	10434|133039973	LYPLA1|LYPLA1-TCEA1
GC_10452	2	1	0	1	benign_only	10452|130064656	LOC130064656|TOMM40
GC_10525	2	1	0	1	benign_only	10525|130006884	HYOU1|LOC130006884
GC_10534	2	1	0	1	benign_only	10534|130006036	LOC130006036|ZNRD2
GC_10840	2	1	0	1	benign_only	10840|100874204	ALDH1L1|ALDH1L1-AS1
GC_10992	2	1	0	1	benign_only	10992|130006094	LOC130006094|SF3B2
GC_11043	2	1	0	1	benign_only	11043|101928335	LOC101928335|MID2
GC_11102	2	1	0	1	benign_only	11102|109703458	HTD2|RPP14
GC_1120	2	1	0	1	benign_only	1120|386593	CHKB|CHKB-CPT1B
GC_113457	2	1	0	1	benign_only	113457|653784	MZT2A|TUBA3D
GC_120400	2	1	0	1	benign_only	120400|120406	NXPE1|NXPE2
GC_1215	2	1	0	1	benign_only	1215|126861902	CMA1|LOC126861902
GC_122525	2	1	0	1	benign_only	122525|101927418	DORIP1|LOC101927418
GC_124152	2	1	0	1	benign_only	124152|105371115	IQCK|IQCK-AS1
GC_125	2	1	0	1	benign_only	125|126807122	ADH1B|LOC126807122
GC_125144	2	1	0	1	benign_only	125144|388341	LRRC75A|SNHG29
GC_125206	2	1	0	1	benign_only	125206|644815	FAM83G|SLC5A10
GC_1270	2	1	0	1	benign_only	1270|386607	CNTF|ZFP91-CNTF
GC_134353	2	1	0	1	benign_only	134353|129995145	LOC129995145|LSM11
GC_1351	2	1	0	1	benign_only	1351|130005904	COX8A|LOC130005904
GC_1392	2	1	0	1	benign_only	1392|130000523	CRH|LOC130000523
GC_1394	2	1	0	1	benign_only	1394|104909134	CRHR1|LINC02210-CRHR1
GC_144100	2	1	0	1	benign_only	144100|126861150	LOC126861150|PLEKHA7
GC_150681	2	1	0	1	benign_only	150681|126806582	LOC126806582|OR6B3
GC_151230	2	1	0	1	benign_only	151230|100526832	KLHL23|PHOSPHO2-KLHL23
GC_158062	2	1	0	1	benign_only	158062|100128593	LCN6|LOC100128593
GC_170575	2	1	0	1	benign_only	170575|100527949	GIMAP1|GIMAP1-GIMAP5
GC_181	2	1	0	1	benign_only	181|101927837	AGRP|ATP6V0D1-DT
GC_1841	2	1	0	1	benign_only	1841|129936029	DTYMK|LOC129936029
GC_1910	2	1	0	1	benign_only	1910|100505518	EDNRB|EDNRB-AS1
GC_196792	2	1	0	1	benign_only	196792|100533195	FAM24B|FAM24B-CUZD1
GC_1979	2	1	0	1	benign_only	1979|130004008	EIF4EBP2|LOC130004008
GC_201161	2	1	0	1	benign_only	201161|130060319	CENPV|LOC130060319
GC_2041	2	1	0	1	benign_only	2041|285965	EPHA1|EPHA1-AS1
GC_2119	2	1	0	1	benign_only	2119|100873934	ETV5|ETV5-AS1
GC_2181	2	1	0	1	benign_only	2181|105373904	ACSL3|ACSL3-AS1
GC_219743	2	1	0	1	benign_only	219743|130003996	LOC130003996|TYSND1
GC_2209	2	1	0	1	benign_only	2209|440689	FCGR1A|H2BC18
GC_221074	2	1	0	1	benign_only	221074|126860872	LOC126860872|SLC39A12
GC_226	2	1	1	0	pathogenic_only	226|112694756	ALDOA|LOC112694756
GC_22879	2	1	0	1	benign_only	22879|100130958	MON1B|SYCE1L
GC_22934	2	1	0	1	benign_only	22934|129934277	LOC129934277|RPIA
GC_23184	2	1	0	1	benign_only	23184|121530597	LOC121530597|MESD
GC_23196	2	1	0	1	benign_only	23196|158293	FAM120A|FAM120AOS
GC_23348	2	1	0	1	benign_only	23348|126861822	DOCK9|LOC126861822
GC_23484	2	1	0	1	benign_only	23484|619373	LEPROTL1|MBOAT4
GC_2356	2	1	0	1	benign_only	2356|130002663	FPGS|LOC130002663
GC_23654	2	1	0	1	benign_only	23654|126863184	LOC126863184|PLXNB2
GC_23671	2	1	0	1	benign_only	23671|105373813	CAVIN2-AS1|TMEFF2
GC_23705	2	1	0	1	benign_only	23705|126861346	CADM1|LOC126861346
GC_23779	2	1	0	1	benign_only	23779|553158	ARHGAP8|PRR5-ARHGAP8
GC_245911	2	1	0	1	benign_only	245911|122319435	DEFB108B|XNDC1N-ZNF705EP-ALG1L9P
GC_2524	2	1	0	1	benign_only	2524|105447645	FUT2|LOC105447645
GC_25764	2	1	0	1	benign_only	25764|100529067	HYPK|SERF2-C15ORF63
GC_25850	2	1	0	1	benign_only	25850|126862898	LOC126862898|ZNF345
GC_25924	2	1	0	1	benign_only	25924|440952	EIF1B-AS1|MYRIP
GC_2615	2	1	0	1	benign_only	2615|139355198	LRRC32|LRRC32-AS1
GC_2637	2	1	0	1	benign_only	2637|121853074	GBX2|GBX2-AS1
GC_2641	2	1	0	1	benign_only	2641|101929532	GCG|LOC101929532
GC_267012	2	1	0	1	benign_only	267012|282706	DAOA|DAOA-AS1
GC_27232	2	1	0	1	benign_only	27232|107080644	CNPY3-GNMT|GNMT
GC_2729	2	1	0	1	benign_only	2729|105375095	GCLC|GCLC-AS1
GC_2784	2	1	0	1	benign_only	2784|83461	CDCA3|GNB3
GC_282763	2	1	0	1	benign_only	282763|390064	OR51B5|OR51I2
GC_283459	2	1	0	1	benign_only	283459|112163529	GATC|LOC112163529
GC_2841	2	1	0	1	benign_only	2841|337867	GPR18|UBAC2
GC_284184	2	1	1	0	pathogenic_only	284184|130061928	LOC130061928|NDUFAF8
GC_285600	2	1	1	0	pathogenic_only	285600|126807453	KIAA0825|LOC126807453
GC_285962	2	1	0	1	benign_only	285962|494551	WEE2|WEE2-AS1
GC_29078	2	1	0	1	benign_only	29078|129996857	LOC129996857|NDUFAF4
GC_29079	2	1	0	1	benign_only	29079|100873965	MED4|MED4-AS1
GC_2967	2	1	0	1	benign_only	2967|130009115	GTF2H3|LOC130009115
GC_29986	2	1	0	1	benign_only	29986|126861883	LOC126861883|SLC39A2
GC_29992	2	1	0	1	benign_only	29992|129998933	LOC129998933|PILRA
GC_30000	2	1	0	1	benign_only	30000|126862859	LOC126862859|TNPO2
GC_3048	2	1	1	0	pathogenic_only	3048|106099065	HBG2|LOC106099065
GC_3167	2	1	0	1	benign_only	3167|124416925	HMX2|LOC124416925
GC_3187	2	1	1	0	pathogenic_only	3187|128966623	HNRNPH1|LOC128966623
GC_3716	2	1	0	1	benign_only	3716|129930680	JAK1|LOC129930680
GC_3763	2	1	0	1	benign_only	3763|105372799	KCNJ6|KCNJ6-AS1
GC_376497	2	1	0	1	benign_only	376497|100507551	PGLS-DT|SLC27A1
GC_3788	2	1	0	1	benign_only	3788|6788	KCNS2|STK3
GC_3875	2	1	0	1	benign_only	3875|106096416	KRT18|LOC106096416
GC_389816	2	1	0	1	benign_only	389816|130003088	LOC130003088|LRRC26
GC_400794	2	1	0	1	benign_only	400794|440699	LRRC52|LRRC52-AS1
GC_419	2	1	0	1	benign_only	419|3627	ART3|CXCL10
GC_4194	2	1	0	1	benign_only	4194|126805984	LOC126805984|MDM4
GC_4353	2	1	1	0	pathogenic_only	4353|106694316	LOC106694316|MPO
GC_4690	2	1	0	1	benign_only	4690|107986136	IL20RB-AS1|NCK1
GC_4694	2	1	0	1	benign_only	4694|130068621	LOC130068621|NDUFA1
GC_4710	2	1	0	1	benign_only	4710|129937339	LOC129937339|NDUFB4
GC_4804	2	1	0	1	benign_only	4804|100288866	NGFR|NGFR-AS1
GC_4820	2	1	0	1	benign_only	4820|101928323	NKTR|ZBTB47-AS1
GC_4832	2	1	0	1	benign_only	4832|130058181	LOC130058181|NME3
GC_4986	2	1	0	1	benign_only	4986|105375836	LOC105375836|OPRK1
GC_4990	2	1	0	1	benign_only	4990|317761	C14orf39|SIX6
GC_50846	2	1	0	1	benign_only	50846|105369759	DHH|DHH-AS1
GC_51079	2	1	1	0	pathogenic_only	51079|125371495	LOC125371495|NDUFA13
GC_51082	2	1	0	1	benign_only	51082|147380392	LOC147380392|POLR1D
GC_51237	2	1	0	1	benign_only	51237|129994763	LOC129994763|MZB1
GC_513	2	1	0	1	benign_only	513|130062903	ATP5F1D|LOC130062903
GC_51311	2	1	0	1	benign_only	51311|349408	TLR8|TLR8-AS1
GC_514	2	1	0	1	benign_only	514|100533975	ATP5F1E|SLMO2-ATP5E
GC_5143	2	1	0	1	benign_only	5143|126862877	LOC126862877|PDE4C
GC_51480	2	1	0	1	benign_only	51480|106029241	LOC106029241|VCX2
GC_51738	2	1	0	1	benign_only	51738|100126793	GHRL|GHRLOS
GC_5303	2	1	0	1	benign_only	5303|54821	ERCC6L|PIN4
GC_54663	2	1	0	1	benign_only	54663|105369332	STX5-DT|WDR74
GC_54674	2	1	0	1	benign_only	54674|83943	IMMP2L|LRRN3
GC_54676	2	1	0	1	benign_only	54676|129996523	GTPBP2|LOC129996523
GC_54842	2	1	0	1	benign_only	54842|100131211	MFSD6|NEMP2
GC_54930	2	1	0	1	benign_only	54930|101926933	HAUS4|PRMT5-DT
GC_54938	2	1	0	1	benign_only	54938|130064387	LOC130064387|SARS2
GC_55033	2	1	0	1	benign_only	55033|105375215	FKBP14|FKBP14-AS1
GC_55422	2	1	0	1	benign_only	55422|126862930	LOC126862930|ZNF331
GC_55544	2	1	0	1	benign_only	55544|100291105	RBM38|RBM38-AS1
GC_5646	2	1	0	1	benign_only	5646|101929688	PRSS3|UBE2R2-AS1
GC_57496	2	1	0	1	benign_only	57496|126862297	LOC126862297|MRTFB
GC_57552	2	1	0	1	benign_only	57552|112935910	LOC112935910|NCEH1
GC_57653	2	1	0	1	benign_only	57653|100499483	CCDC180|SUGT1P4-STRA6LP-CCDC180
GC_57715	2	1	0	1	benign_only	57715|84545	MRPL43|SEMA4G
GC_59348	2	1	0	1	benign_only	59348|101669766	ZNF350|ZNF350-AS1
GC_60412	2	1	0	1	benign_only	60412|101928861	EXOC4|LOC101928861
GC_608	2	1	0	1	benign_only	608|729978	NPIPB2|TNFRSF17
GC_6138	2	1	0	1	benign_only	6138|28512	NKIRAS1|RPL15
GC_6158	2	1	0	1	benign_only	6158|27338	RPL28|UBE2S
GC_6160	2	1	0	1	benign_only	6160|11138	RPL31|TBC1D8
GC_632	2	1	0	1	benign_only	632|100527963	BGLAP|PMF1-BGLAP
GC_6426	2	1	1	0	pathogenic_only	6426|126862603	LOC126862603|SRSF1
GC_644096	2	1	0	1	benign_only	644096|130064281	LOC130064281|SDHAF1
GC_6477	2	1	1	0	pathogenic_only	6477|83752	LONP2|SIAH1
GC_6790	2	1	0	1	benign_only	6790|126863064	AURKA|LOC126863064
GC_7069	2	1	0	1	benign_only	7069|100532726	NDUFC2-KCTD14|THRSP
GC_7386	2	1	0	1	benign_only	7386|130064118	LOC130064118|UQCRFS1
GC_7431	2	1	0	1	benign_only	7431|100507347	VIM|VIM-AS1
GC_7620	2	1	0	1	benign_only	7620|284390	ZNF69|ZNF763
GC_768211	2	1	0	1	benign_only	768211|129992398	LOC129992398|RELL1
GC_7791	2	1	0	1	benign_only	7791|9715	FAM131B|ZYX
GC_79400	2	1	0	1	benign_only	79400|134826889	NOX5|SPESP1-NOX5
GC_79586	2	1	0	1	benign_only	79586|129935658	CHPF|LOC129935658
GC_79644	2	1	0	1	benign_only	79644|100506462	SRD5A3|SRD5A3-AS1
GC_79717	2	1	1	0	pathogenic_only	79717|728621	CCDC30|PPCS
GC_80310	2	1	0	1	benign_only	80310|414301	DDI1|PDGFD
GC_8082	2	1	0	1	benign_only	8082|101928554	SSPN|SSPN-AS1
GC_81616	2	1	0	1	benign_only	81616|105372255	ACSBG2|LOC105372255
GC_8228	2	1	0	1	benign_only	8228|126863198	LOC126863198|PNPLA4
GC_8302	2	1	0	1	benign_only	8302|100528032	KLRC4|KLRC4-KLRK1
GC_83746	2	1	0	1	benign_only	83746|100506544	L3MBTL2|L3MBTL2-AS1
GC_84527	2	1	0	1	benign_only	84527|100529215	ZNF559|ZNF559-ZNF177
GC_84992	2	1	0	1	benign_only	84992|100996939	PIGY|PYURF
GC_8509	2	1	0	1	benign_only	8509|127814294	NDST2|NDST2-ZSWIM8-AS1
GC_8620	2	1	0	1	benign_only	8620|114108587	ATF7-NPFF|NPFF
GC_8651	2	1	0	1	benign_only	8651|116028	RMI2|SOCS1
GC_8681	2	1	0	1	benign_only	8681|100137047	JMJD7|JMJD7-PLA2G4B
GC_8789	2	1	0	1	benign_only	8789|101928099	FBP2|PCAT7
GC_8795	2	1	0	1	benign_only	8795|111255642	LOC111255642|TNFRSF10B
GC_8837	2	1	0	1	benign_only	8837|65072	CFLAR|CFLAR-AS1
GC_8858	2	1	0	1	benign_only	8858|55795	PCID2|PROZ
GC_8904	2	1	0	1	benign_only	8904|10137	CPNE1|RBM12
GC_8909	2	1	0	1	benign_only	8909|105369748	ENDOU|RPAP3-DT
GC_8916	2	1	0	1	benign_only	8916|266812	HERC3|NAP1L5
GC_89944	2	1	0	1	benign_only	89944|130007128	GLB1L2|LOC130007128
GC_9075	2	1	0	1	benign_only	9075|92129	CLDN2|RIPPLY1
GC_9189	2	1	0	1	benign_only	9189|207063	DHRSX|ZBED1
GC_9228	2	1	0	1	benign_only	9228|100507435	DLGAP2|DLGAP2-AS1
GC_9248	2	1	0	1	benign_only	9248|100128688	GPR50|GPR50-AS1
GC_9293	2	1	0	1	benign_only	9293|9910	GPR52|RABGAP1L
GC_93323	2	1	0	1	benign_only	93323|121627860	HAUS8|LOC121627860
GC_9377	2	1	0	1	benign_only	9377|130057573	COX5A|LOC130057573
GC_9446	2	1	0	1	benign_only	9446|130004657	GSTO1|LOC130004657
GC_953	2	1	0	1	benign_only	953|728558	ENTPD1|ENTPD1-AS1
GC_9582	2	1	0	1	benign_only	9582|200315	APOBEC3A|APOBEC3B
GC_9617	2	1	0	1	benign_only	9617|101929140	KBTBD6-DT|MTRF1
GC_9656	2	1	0	1	benign_only	9656|106478956	MDC1|MDC1-AS1
GC_9828	2	1	0	1	benign_only	9828|100287837	ARHGEF17|ARHGEF17-AS1
GC_10	1	1	0	1	benign_only	10	NAT2
GC_100101267	1	1	0	1	benign_only	100101267	POM121C
GC_10026	1	1	0	1	benign_only	10026	PIGK
GC_100293516	1	1	0	1	benign_only	100293516	ZNF587B
GC_10042	1	1	0	1	benign_only	10042	HMGXB4
GC_1005	1	1	0	1	benign_only	1005	CDH7
GC_1006	1	1	0	1	benign_only	1006	CDH8
GC_1007	1	1	0	1	benign_only	1007	CDH9
GC_10071	1	1	0	1	benign_only	10071	MUC12
GC_10077	1	1	0	1	benign_only	10077	TSPAN32
GC_10078	1	1	0	1	benign_only	10078	TSSC4
GC_10079	1	1	0	1	benign_only	10079	ATP9A
GC_10100	1	1	0	1	benign_only	10100	TSPAN2
GC_10101	1	1	0	1	benign_only	10101	NUBP2
GC_10114	1	1	0	1	benign_only	10114	HIPK3
GC_1014	1	1	0	1	benign_only	1014	CDH16
GC_10156	1	1	0	1	benign_only	10156	RASA4
GC_10163	1	1	0	1	benign_only	10163	WASF2
GC_10171	1	1	0	1	benign_only	10171	RCL1
GC_10180	1	1	0	1	benign_only	10180	RBM6
GC_10196	1	1	0	1	benign_only	10196	PRMT3
GC_10200	1	1	0	1	benign_only	10200	MPHOSPH6
GC_10205	1	1	1	0	pathogenic_only	10205	MPZL2
GC_1021	1	1	0	1	benign_only	1021	CDK6
GC_10221	1	1	0	1	benign_only	10221	TRIB1
GC_1024	1	1	1	0	pathogenic_only	1024	CDK8
GC_1025	1	1	1	0	pathogenic_only	1025	CDK9
GC_1026	1	1	0	1	benign_only	1026	CDKN1A
GC_10277	1	1	0	1	benign_only	10277	UBE4B
GC_10295	1	1	0	1	benign_only	10295	BCKDK
GC_10298	1	1	0	1	benign_only	10298	PAK4
GC_10316	1	1	0	1	benign_only	10316	NMUR1
GC_10318	1	1	0	1	benign_only	10318	TNIP1
GC_10327	1	1	0	1	benign_only	10327	AKR1A1
GC_10331	1	1	0	1	benign_only	10331	B3GNT3
GC_10365	1	1	0	1	benign_only	10365	KLF2
GC_10390	1	1	0	1	benign_only	10390	CEPT1
GC_10392	1	1	0	1	benign_only	10392	NOD1
GC_104	1	1	0	1	benign_only	104	ADARB1
GC_10401	1	1	0	1	benign_only	10401	PIAS3
GC_10420	1	1	0	1	benign_only	10420	TESK2
GC_10422	1	1	0	1	benign_only	10422	UBAC1
GC_10449	1	1	0	1	benign_only	10449	ACAA2
GC_10457	1	1	0	1	benign_only	10457	GPNMB
GC_10482	1	1	0	1	benign_only	10482	NXF1
GC_10484	1	1	0	1	benign_only	10484	SEC23A
GC_10492	1	1	0	1	benign_only	10492	SYNCRIP
GC_10499	1	1	0	1	benign_only	10499	NCOA2
GC_10500	1	1	0	1	benign_only	10500	SEMA6C
GC_10516	1	1	1	0	pathogenic_only	10516	FBLN5
GC_10517	1	1	0	1	benign_only	10517	FBXW10
GC_10526	1	1	0	1	benign_only	10526	IPO8
GC_10541	1	1	0	1	benign_only	10541	ANP32B
GC_10549	1	1	0	1	benign_only	10549	PRDX4
GC_10572	1	1	0	1	benign_only	10572	SIVA1
GC_10580	1	1	0	1	benign_only	10580	SORBS1
GC_10595	1	1	0	1	benign_only	10595	ERN2
GC_10598	1	1	0	1	benign_only	10598	AHSA1
GC_10606	1	1	1	0	pathogenic_only	10606	PAICS
GC_10611	1	1	0	1	benign_only	10611	PDLIM5
GC_10613	1	1	0	1	benign_only	10613	ERLIN1
GC_10615	1	1	0	1	benign_only	10615	SPAG5
GC_10623	1	1	0	1	benign_only	10623	POLR3C
GC_10626	1	1	0	1	benign_only	10626	TRIM16
GC_10630	1	1	0	1	benign_only	10630	PDPN
GC_10631	1	1	0	1	benign_only	10631	POSTN
GC_10641	1	1	0	1	benign_only	10641	NPRL2
GC_10642	1	1	0	1	benign_only	10642	IGF2BP1
GC_10668	1	1	0	1	benign_only	10668	CGRRF1
GC_10673	1	1	0	1	benign_only	10673	TNFSF13B
GC_1069	1	1	0	1	benign_only	1069	CETN2
GC_10694	1	1	0	1	benign_only	10694	CCT8
GC_10723	1	1	0	1	benign_only	10723	SLC12A7
GC_10725	1	1	0	1	benign_only	10725	NFAT5
GC_10736	1	1	0	1	benign_only	10736	SIX2
GC_10742	1	1	0	1	benign_only	10742	RAI2
GC_10755	1	1	0	1	benign_only	10755	GIPC1
GC_10769	1	1	0	1	benign_only	10769	PLK2
GC_10844	1	1	0	1	benign_only	10844	TUBGCP2
GC_10845	1	1	0	1	benign_only	10845	CLPX
GC_10850	1	1	0	1	benign_only	10850	CCL27
GC_10855	1	1	0	1	benign_only	10855	HPSE
GC_10859	1	1	0	1	benign_only	10859	LILRB1
GC_10868	1	1	0	1	benign_only	10868	USP20
GC_10886	1	1	0	1	benign_only	10886	NPFFR2
GC_10888	1	1	0	1	benign_only	10888	GPR83
GC_10899	1	1	0	1	benign_only	10899	JTB
GC_109	1	1	0	1	benign_only	109	ADCY3
GC_10901	1	1	0	1	benign_only	10901	DHRS4
GC_10911	1	1	0	1	benign_only	10911	UTS2
GC_10917	1	1	0	1	benign_only	10917	BTNL3
GC_10926	1	1	0	1	benign_only	10926	DBF4
GC_10928	1	1	0	1	benign_only	10928	RALBP1
GC_10956	1	1	0	1	benign_only	10956	OS9
GC_10970	1	1	0	1	benign_only	10970	CKAP4
GC_10982	1	1	1	0	pathogenic_only	10982	MAPRE2
GC_10989	1	1	0	1	benign_only	10989	IMMT
GC_10990	1	1	0	1	benign_only	10990	LILRB5
GC_11023	1	1	0	1	benign_only	11023	VAX1
GC_11047	1	1	0	1	benign_only	11047	ADRM1
GC_11055	1	1	0	1	benign_only	11055	ZPBP
GC_11073	1	1	0	1	benign_only	11073	TOPBP1
GC_11076	1	1	0	1	benign_only	11076	TPPP
GC_11081	1	1	1	0	pathogenic_only	11081	KERA
GC_1111	1	1	0	1	benign_only	1111	CHEK1
GC_11119	1	1	0	1	benign_only	11119	BTN3A1
GC_11120	1	1	0	1	benign_only	11120	BTN2A1
GC_11126	1	1	0	1	benign_only	11126	CD160
GC_11144	1	1	0	1	benign_only	11144	DMC1
GC_11151	1	1	0	1	benign_only	11151	CORO1A
GC_11174	1	1	0	1	benign_only	11174	ADAMTS6
GC_11177	1	1	0	1	benign_only	11177	BAZ1A
GC_11187	1	1	0	1	benign_only	11187	PKP3
GC_11197	1	1	0	1	benign_only	11197	WIF1
GC_112	1	1	0	1	benign_only	112	ADCY6
GC_11218	1	1	0	1	benign_only	11218	DDX20
GC_11228	1	1	0	1	benign_only	11228	RASSF8
GC_11235	1	1	0	1	benign_only	11235	PDCD10
GC_112399	1	1	0	1	benign_only	112399	EGLN3
GC_11240	1	1	0	1	benign_only	11240	PADI2
GC_112574	1	1	0	1	benign_only	112574	SNX18
GC_112609	1	1	0	1	benign_only	112609	MRAP2
GC_112770	1	1	0	1	benign_only	112770	GLMP
GC_11320	1	1	0	1	benign_only	11320	MGAT4A
GC_113201	1	1	0	1	benign_only	113201	GOLM2
GC_113277	1	1	0	1	benign_only	113277	TMEM106A
GC_11336	1	1	0	1	benign_only	11336	EXOC3
GC_1136	1	1	0	1	benign_only	1136	CHRNA3
GC_1139	1	1	0	1	benign_only	1139	CHRNA7
GC_1142	1	1	0	1	benign_only	1142	CHRNB3
GC_114336	1	1	0	1	benign_only	114336	CGB2
GC_114609	1	1	0	1	benign_only	114609	TIRAP
GC_114625	1	1	0	1	benign_only	114625	ERMAP
GC_114770	1	1	0	1	benign_only	114770	PGLYRP2
GC_114791	1	1	0	1	benign_only	114791	TUBGCP5
GC_114795	1	1	0	1	benign_only	114795	TMEM132B
GC_114798	1	1	0	1	benign_only	114798	SLITRK1
GC_114804	1	1	0	1	benign_only	114804	RNF157
GC_114826	1	1	0	1	benign_only	114826	SMYD4
GC_114907	1	1	0	1	benign_only	114907	FBXO32
GC_115111	1	1	0	1	benign_only	115111	SLC26A7
GC_115201	1	1	0	1	benign_only	115201	ATG4A
GC_1154	1	1	0	1	benign_only	1154	CISH
GC_115701	1	1	0	1	benign_only	115701	ALPK2
GC_1158	1	1	0	1	benign_only	1158	CKM
GC_1159	1	1	0	1	benign_only	1159	CKMT1B
GC_116115	1	1	0	1	benign_only	116115	ZNF526
GC_116255	1	1	0	1	benign_only	116255	MOGAT1
GC_116285	1	1	0	1	benign_only	116285	ACSM1
GC_116449	1	1	0	1	benign_only	116449	CLNK
GC_116496	1	1	0	1	benign_only	116496	NIBAN1
GC_116835	1	1	0	1	benign_only	116835	HSPA12B
GC_116841	1	1	0	1	benign_only	116841	SNAP47
GC_116969	1	1	0	1	benign_only	116969	ART5
GC_117159	1	1	0	1	benign_only	117159	DCD
GC_117195	1	1	0	1	benign_only	117195	MRGPRX3
GC_1173	1	1	1	0	pathogenic_only	1173	AP2M1
GC_117579	1	1	0	1	benign_only	117579	RLN3
GC_1178	1	1	0	1	benign_only	1178	CLC
GC_118	1	1	0	1	benign_only	118	ADD1
GC_118491	1	1	0	1	benign_only	118491	CFAP70
GC_1193	1	1	0	1	benign_only	1193	CLIC2
GC_119391	1	1	0	1	benign_only	119391	GSTO2
GC_119587	1	1	0	1	benign_only	119587	CPXM2
GC_1209	1	1	0	1	benign_only	1209	CLPTM1
GC_121601	1	1	0	1	benign_only	121601	ANO4
GC_122042	1	1	0	1	benign_only	122042	RXFP2
GC_122046	1	1	0	1	benign_only	122046	TEX26
GC_122402	1	1	0	1	benign_only	122402	TDRD9
GC_122553	1	1	0	1	benign_only	122553	TRAPPC6B
GC_122961	1	1	1	0	pathogenic_only	122961	ISCA2
GC_123016	1	1	0	1	benign_only	123016	TTC8
GC_1235	1	1	0	1	benign_only	1235	CCR6
GC_123624	1	1	0	1	benign_only	123624	AGBL1
GC_123720	1	1	0	1	benign_only	123720	WHAMM
GC_123904	1	1	0	1	benign_only	123904	NRN1L
GC_1240	1	1	0	1	benign_only	1240	CMKLR1
GC_124446	1	1	0	1	benign_only	124446	TMEM219
GC_124857	1	1	0	1	benign_only	124857	WFIKKN2
GC_124975	1	1	0	1	benign_only	124975	GGT6
GC_125981	1	1	0	1	benign_only	125981	ACER1
GC_126003	1	1	0	1	benign_only	126003	TRAPPC5
GC_126070	1	1	0	1	benign_only	126070	ZNF440
GC_126133	1	1	0	1	benign_only	126133	ALDH16A1
GC_126204	1	1	0	1	benign_only	126204	NLRP13
GC_126364	1	1	0	1	benign_only	126364	LRRC25
GC_126370	1	1	0	1	benign_only	126370	OR1I1
GC_126820	1	1	0	1	benign_only	126820	DNAI3
GC_1269	1	1	0	1	benign_only	1269	CNR2
GC_127018	1	1	0	1	benign_only	127018	LYPLAL1
GC_127385	1	1	0	1	benign_only	127385	OR10J5
GC_127829	1	1	0	1	benign_only	127829	ARL8A
GC_128229	1	1	0	1	benign_only	128229	TSACC
GC_128272	1	1	0	1	benign_only	128272	ARHGEF19
GC_128367	1	1	0	1	benign_only	128367	OR10X1
GC_128637	1	1	0	1	benign_only	128637	TBC1D20
GC_129521	1	1	0	1	benign_only	129521	NMS
GC_130120	1	1	0	1	benign_only	130120	REG3G
GC_130557	1	1	0	1	benign_only	130557	ZNF513
GC_1306	1	1	0	1	benign_only	1306	COL15A1
GC_131	1	1	0	1	benign_only	131	ADH7
GC_1312	1	1	0	1	benign_only	1312	COMT
GC_131450	1	1	0	1	benign_only	131450	CD200R1
GC_131583	1	1	0	1	benign_only	131583	FAM43A
GC_1316	1	1	0	1	benign_only	1316	KLF6
GC_1317	1	1	0	1	benign_only	1317	SLC31A1
GC_131870	1	1	0	1	benign_only	131870	NUDT16
GC_132014	1	1	0	1	benign_only	132014	IL17RE
GC_1327	1	1	0	1	benign_only	1327	COX4I1
GC_132949	1	1	0	1	benign_only	132949	AASDH
GC_133	1	1	0	1	benign_only	133	ADM
GC_133308	1	1	0	1	benign_only	133308	SLC9B2
GC_133396	1	1	0	1	benign_only	133396	IL31RA
GC_133584	1	1	0	1	benign_only	133584	EGFLAM
GC_133690	1	1	0	1	benign_only	133690	CAPSL
GC_134549	1	1	0	1	benign_only	134549	SHROOM1
GC_1349	1	1	0	1	benign_only	1349	COX7B
GC_134957	1	1	0	1	benign_only	134957	STXBP5
GC_135644	1	1	0	1	benign_only	135644	TRIM40
GC_135948	1	1	0	1	benign_only	135948	OR2F2
GC_136	1	1	0	1	benign_only	136	ADORA2B
GC_1360	1	1	0	1	benign_only	1360	CPB1
GC_1362	1	1	0	1	benign_only	1362	CPD
GC_136647	1	1	1	0	pathogenic_only	136647	MPLKIP
GC_1369	1	1	0	1	benign_only	1369	CPN1
GC_1378	1	1	0	1	benign_only	1378	CR1
GC_1388	1	1	0	1	benign_only	1388	ATF6B
GC_1390	1	1	0	1	benign_only	1390	CREM
GC_139081	1	1	0	1	benign_only	139081	MAGEC3
GC_139324	1	1	0	1	benign_only	139324	HDX
GC_139425	1	1	0	1	benign_only	139425	DCAF8L1
GC_1396	1	1	0	1	benign_only	1396	CRIP1
GC_139604	1	1	0	1	benign_only	139604	MAGEB16
GC_139716	1	1	0	1	benign_only	139716	GAB3
GC_1399	1	1	0	1	benign_only	1399	CRKL
GC_1400	1	1	0	1	benign_only	1400	CRMP1
GC_140453	1	1	0	1	benign_only	140453	MUC17
GC_140469	1	1	0	1	benign_only	140469	MYO3B
GC_140596	1	1	0	1	benign_only	140596	DEFB104A
GC_140679	1	1	0	1	benign_only	140679	SLC32A1
GC_140690	1	1	0	1	benign_only	140690	CTCFL
GC_140710	1	1	0	1	benign_only	140710	MTCL2
GC_140711	1	1	0	1	benign_only	140711	TLDC2
GC_140732	1	1	1	0	pathogenic_only	140732	SUN5
GC_140738	1	1	0	1	benign_only	140738	TMEM37
GC_140766	1	1	0	1	benign_only	140766	ADAMTS14
GC_140775	1	1	0	1	benign_only	140775	SMCR8
GC_142683	1	1	0	1	benign_only	142683	ITLN2
GC_1427	1	1	0	1	benign_only	1427	CRYGS
GC_1428	1	1	0	1	benign_only	1428	CRYM
GC_1429	1	1	0	1	benign_only	1429	CRYZ
GC_143098	1	1	0	1	benign_only	143098	MPP7
GC_143162	1	1	0	1	benign_only	143162	FRMPD2
GC_143502	1	1	0	1	benign_only	143502	OR52I2
GC_143630	1	1	0	1	benign_only	143630	UBQLNL
GC_1437	1	1	0	1	benign_only	1437	CSF2
GC_144233	1	1	0	1	benign_only	144233	BCDIN3D
GC_144453	1	1	0	1	benign_only	144453	BEST3
GC_144455	1	1	0	1	benign_only	144455	E2F7
GC_1445	1	1	0	1	benign_only	1445	CSK
GC_144577	1	1	0	1	benign_only	144577	KICS2
GC_145258	1	1	0	1	benign_only	145258	GSC
GC_145567	1	1	0	1	benign_only	145567	TTC7B
GC_145957	1	1	0	1	benign_only	145957	NRG4
GC_146212	1	1	0	1	benign_only	146212	KCTD19
GC_146433	1	1	0	1	benign_only	146433	IL34
GC_146547	1	1	0	1	benign_only	146547	PRSS36
GC_146713	1	1	0	1	benign_only	146713	RBFOX3
GC_146956	1	1	0	1	benign_only	146956	EME1
GC_1470	1	1	0	1	benign_only	1470	CST2
GC_147011	1	1	0	1	benign_only	147011	PROCA1
GC_147199	1	1	0	1	benign_only	147199	SCGB1C1
GC_147948	1	1	0	1	benign_only	147948	ZNF582
GC_148	1	1	0	1	benign_only	148	ADRA1A
GC_148345	1	1	0	1	benign_only	148345	CIROZ
GC_148641	1	1	0	1	benign_only	148641	SLC35F3
GC_1491	1	1	0	1	benign_only	1491	CTH
GC_15	1	1	0	1	benign_only	15	AANAT
GC_150160	1	1	0	1	benign_only	150160	CCT8L2
GC_150280	1	1	0	1	benign_only	150280	HORMAD2
GC_150465	1	1	0	1	benign_only	150465	TTL
GC_150572	1	1	0	1	benign_only	150572	SMYD1
GC_1506	1	1	0	1	benign_only	1506	CTRL
GC_150737	1	1	0	1	benign_only	150737	IFT70B
GC_151112	1	1	0	1	benign_only	151112	ZSWIM2
GC_151126	1	1	0	1	benign_only	151126	ZNF385B
GC_151188	1	1	0	1	benign_only	151188	ARL6IP6
GC_1512	1	1	0	1	benign_only	1512	CTSH
GC_151295	1	1	0	1	benign_only	151295	SLC23A3
GC_1514	1	1	0	1	benign_only	1514	CTSL
GC_151531	1	1	0	1	benign_only	151531	UPP2
GC_151636	1	1	0	1	benign_only	151636	DTX3L
GC_151651	1	1	0	1	benign_only	151651	EFHB
GC_151871	1	1	0	1	benign_only	151871	DPPA2
GC_153129	1	1	0	1	benign_only	153129	SLC38A9
GC_1540	1	1	0	1	benign_only	1540	CYLD
GC_1544	1	1	0	1	benign_only	1544	CYP1A2
GC_155051	1	1	0	1	benign_only	155051	CRYGN
GC_155185	1	1	0	1	benign_only	155185	AMZ1
GC_1555	1	1	0	1	benign_only	1555	CYP2B6
GC_1558	1	1	0	1	benign_only	1558	CYP2C8
GC_1571	1	1	0	1	benign_only	1571	CYP2E1
GC_157769	1	1	0	1	benign_only	157769	FAM91A1
GC_157848	1	1	0	1	benign_only	157848	NKX6-3
GC_157855	1	1	0	1	benign_only	157855	KCNU1
GC_158038	1	1	0	1	benign_only	158038	LINGO2
GC_158358	1	1	0	1	benign_only	158358	BRD10
GC_158584	1	1	0	1	benign_only	158584	FAAH2
GC_158724	1	1	0	1	benign_only	158724	FAM47A
GC_160065	1	1	0	1	benign_only	160065	PATE1
GC_160518	1	1	1	0	pathogenic_only	160518	DENND5B
GC_1606	1	1	0	1	benign_only	1606	DGKA
GC_161247	1	1	0	1	benign_only	161247	FITM1
GC_161253	1	1	0	1	benign_only	161253	REM2
GC_161357	1	1	0	1	benign_only	161357	MDGA2
GC_1615	1	1	0	1	benign_only	1615	DARS1
GC_161725	1	1	0	1	benign_only	161725	OTUD7A
GC_161835	1	1	0	1	benign_only	161835	FSIP1
GC_162515	1	1	0	1	benign_only	162515	SLC16A11
GC_162517	1	1	0	1	benign_only	162517	FBXO39
GC_1628	1	1	0	1	benign_only	1628	DBP
GC_163071	1	1	0	1	benign_only	163071	ZNF114
GC_1632	1	1	0	1	benign_only	1632	ECI1
GC_163227	1	1	0	1	benign_only	163227	ZNF100
GC_163486	1	1	0	1	benign_only	163486	DENND1B
GC_163589	1	1	0	1	benign_only	163589	TDRD5
GC_163688	1	1	0	1	benign_only	163688	CALML6
GC_1638	1	1	0	1	benign_only	1638	DCT
GC_1642	1	1	1	0	pathogenic_only	1642	DDB1
GC_1645	1	1	0	1	benign_only	1645	AKR1C1
GC_1646	1	1	0	1	benign_only	1646	AKR1C2
GC_165140	1	1	0	1	benign_only	165140	OXER1
GC_1657	1	1	0	1	benign_only	1657	DMXL1
GC_165721	1	1	0	1	benign_only	165721	DNAJB8
GC_1666	1	1	0	1	benign_only	1666	DECR1
GC_166752	1	1	0	1	benign_only	166752	FREM3
GC_166793	1	1	0	1	benign_only	166793	ZBTB49
GC_166824	1	1	0	1	benign_only	166824	RASSF6
GC_1670	1	1	0	1	benign_only	1670	DEFA5
GC_1671	1	1	0	1	benign_only	1671	DEFA6
GC_1673	1	1	0	1	benign_only	1673	DEFB4A
GC_1678	1	1	1	0	pathogenic_only	1678	TIMM8A
GC_168537	1	1	0	1	benign_only	168537	GIMAP7
GC_170261	1	1	0	1	benign_only	170261	ZCCHC12
GC_170384	1	1	0	1	benign_only	170384	FUT11
GC_170572	1	1	0	1	benign_only	170572	HTR3C
GC_170689	1	1	0	1	benign_only	170689	ADAMTS15
GC_170690	1	1	0	1	benign_only	170690	ADAMTS16
GC_170825	1	1	0	1	benign_only	170825	GSX2
GC_171019	1	1	0	1	benign_only	171019	ADAMTS19
GC_171483	1	1	0	1	benign_only	171483	FAM9B
GC_171558	1	1	0	1	benign_only	171558	PTCRA
GC_1725	1	1	1	0	pathogenic_only	1725	DHPS
GC_1728	1	1	0	1	benign_only	1728	NQO1
GC_1730	1	1	0	1	benign_only	1730	DIAPH2
GC_1739	1	1	0	1	benign_only	1739	DLG1
GC_1740	1	1	0	1	benign_only	1740	DLG2
GC_1743	1	1	0	1	benign_only	1743	DLST
GC_1748	1	1	0	1	benign_only	1748	DLX4
GC_1780	1	1	0	1	benign_only	1780	DYNC1I1
GC_1787	1	1	0	1	benign_only	1787	TRDMT1
GC_1808	1	1	0	1	benign_only	1808	DPYSL2
GC_1847	1	1	0	1	benign_only	1847	DUSP5
GC_1852	1	1	0	1	benign_only	1852	DUSP9
GC_187	1	1	0	1	benign_only	187	APLNR
GC_1871	1	1	0	1	benign_only	1871	E2F3
GC_1901	1	1	0	1	benign_only	1901	S1PR1
GC_1906	1	1	0	1	benign_only	1906	EDN1
GC_1908	1	1	0	1	benign_only	1908	EDN3
GC_1938	1	1	0	1	benign_only	1938	EEF2
GC_1942	1	1	0	1	benign_only	1942	EFNA1
GC_1949	1	1	0	1	benign_only	1949	EFNB3
GC_196264	1	1	0	1	benign_only	196264	MPZL3
GC_196513	1	1	0	1	benign_only	196513	DCP1B
GC_197259	1	1	0	1	benign_only	197259	MLKL
GC_197335	1	1	0	1	benign_only	197335	WDR90
GC_1974	1	1	1	0	pathogenic_only	1974	EIF4A2
GC_1984	1	1	1	0	pathogenic_only	1984	EIF5A
GC_199974	1	1	0	1	benign_only	199974	CYP4Z1
GC_200010	1	1	0	1	benign_only	200010	SLC5A9
GC_200014	1	1	0	1	benign_only	200014	CC2D1B
GC_200081	1	1	0	1	benign_only	200081	TXLNA
GC_2004	1	1	0	1	benign_only	2004	ELK3
GC_2013	1	1	0	1	benign_only	2013	EMP2
GC_201516	1	1	0	1	benign_only	201516	ZSCAN4
GC_2017	1	1	0	1	benign_only	2017	CTTN
GC_201973	1	1	0	1	benign_only	201973	PRIMPOL
GC_202309	1	1	0	1	benign_only	202309	GAPT
GC_203062	1	1	0	1	benign_only	203062	TSNARE1
GC_203102	1	1	0	1	benign_only	203102	ADAM32
GC_203190	1	1	0	1	benign_only	203190	LGI3
GC_203228	1	1	0	1	benign_only	203228	C9orf72
GC_203430	1	1	0	1	benign_only	203430	RTL3
GC_2051	1	1	0	1	benign_only	2051	EPHB6
GC_2053	1	1	0	1	benign_only	2053	EPHX2
GC_2054	1	1	0	1	benign_only	2054	STX2
GC_2069	1	1	0	1	benign_only	2069	EREG
GC_2071	1	1	0	1	benign_only	2071	ERCC3
GC_2081	1	1	0	1	benign_only	2081	ERN1
GC_2101	1	1	0	1	benign_only	2101	ESRRA
GC_2104	1	1	1	0	pathogenic_only	2104	ESRRG
GC_211	1	1	0	1	benign_only	211	ALAS1
GC_2113	1	1	0	1	benign_only	2113	ETS1
GC_2125	1	1	0	1	benign_only	2125	EVPL
GC_2145	1	1	1	0	pathogenic_only	2145	EZH1
GC_2149	1	1	0	1	benign_only	2149	F2R
GC_216	1	1	0	1	benign_only	216	ALDH1A1
GC_2169	1	1	0	1	benign_only	2169	FABP2
GC_218	1	1	0	1	benign_only	218	ALDH3A1
GC_2193	1	1	1	0	pathogenic_only	2193	FARSA
GC_219402	1	1	0	1	benign_only	219402	MTIF3
GC_219432	1	1	0	1	benign_only	219432	OR4C6
GC_219493	1	1	0	1	benign_only	219493	OR5AR1
GC_219854	1	1	1	0	pathogenic_only	219854	TMEM218
GC_219972	1	1	0	1	benign_only	219972	MPEG1
GC_219982	1	1	0	1	benign_only	219982	OR5A1
GC_219988	1	1	0	1	benign_only	219988	PATL1
GC_220108	1	1	0	1	benign_only	220108	FAM124A
GC_220202	1	1	0	1	benign_only	220202	ATOH7
GC_220963	1	1	0	1	benign_only	220963	SLC16A9
GC_221035	1	1	0	1	benign_only	221035	REEP3
GC_221044	1	1	0	1	benign_only	221044	UCMA
GC_221188	1	1	0	1	benign_only	221188	ADGRG5
GC_221191	1	1	0	1	benign_only	221191	PRSS54
GC_2213	1	1	0	1	benign_only	2213	FCGR2B
GC_221400	1	1	0	1	benign_only	221400	TDRD6
GC_221656	1	1	0	1	benign_only	221656	KDM1B
GC_2217	1	1	0	1	benign_only	2217	FCGRT
GC_221935	1	1	0	1	benign_only	221935	SDK1
GC_221981	1	1	0	1	benign_only	221981	THSD7A
GC_222183	1	1	0	1	benign_only	222183	SRRM3
GC_2222	1	1	0	1	benign_only	2222	FDFT1
GC_222229	1	1	0	1	benign_only	222229	LRWD1
GC_222256	1	1	0	1	benign_only	222256	CDHR3
GC_222663	1	1	1	0	pathogenic_only	222663	SCUBE3
GC_2242	1	1	0	1	benign_only	2242	FES
GC_2247	1	1	0	1	benign_only	2247	FGF2
GC_2251	1	1	0	1	benign_only	2251	FGF6
GC_2253	1	1	1	0	pathogenic_only	2253	FGF8
GC_2258	1	1	1	0	pathogenic_only	2258	FGF13
GC_2262	1	1	0	1	benign_only	2262	GPC5
GC_2264	1	1	0	1	benign_only	2264	FGFR4
GC_2275	1	1	0	1	benign_only	2275	FHL3
GC_22797	1	1	0	1	benign_only	22797	TFEC
GC_22807	1	1	0	1	benign_only	22807	IKZF2
GC_22820	1	1	0	1	benign_only	22820	COPG1
GC_22837	1	1	0	1	benign_only	22837	COBLL1
GC_22839	1	1	0	1	benign_only	22839	DLGAP4
GC_22848	1	1	0	1	benign_only	22848	AAK1
GC_22853	1	1	0	1	benign_only	22853	LMTK2
GC_22862	1	1	0	1	benign_only	22862	FNDC3A
GC_22870	1	1	0	1	benign_only	22870	PPP6R1
GC_22873	1	1	0	1	benign_only	22873	DZIP1
GC_22876	1	1	0	1	benign_only	22876	INPP5F
GC_22878	1	1	0	1	benign_only	22878	TRAPPC8
GC_22891	1	1	0	1	benign_only	22891	ZNF365
GC_22893	1	1	0	1	benign_only	22893	BAHD1
GC_22895	1	1	0	1	benign_only	22895	RPH3A
GC_22902	1	1	0	1	benign_only	22902	RUFY3
GC_22913	1	1	0	1	benign_only	22913	RALY
GC_22917	1	1	0	1	benign_only	22917	ZP1
GC_22929	1	1	1	0	pathogenic_only	22929	SEPHS1
GC_22931	1	1	0	1	benign_only	22931	RAB18
GC_22936	1	1	0	1	benign_only	22936	ELL2
GC_22977	1	1	0	1	benign_only	22977	AKR7A3
GC_22978	1	1	0	1	benign_only	22978	NT5C2
GC_2299	1	1	0	1	benign_only	2299	FOXI1
GC_22997	1	1	0	1	benign_only	22997	IGSF9B
GC_23002	1	1	0	1	benign_only	23002	DAAM1
GC_23015	1	1	0	1	benign_only	23015	GOLGA8A
GC_23023	1	1	0	1	benign_only	23023	TMCC1
GC_23030	1	1	1	0	pathogenic_only	23030	KDM4B
GC_2304	1	1	0	1	benign_only	2304	FOXE1
GC_23048	1	1	0	1	benign_only	23048	FNBP1
GC_2306	1	1	0	1	benign_only	2306	FOXD2
GC_23076	1	1	0	1	benign_only	23076	RRP1B
GC_23102	1	1	0	1	benign_only	23102	TBC1D2B
GC_23107	1	1	0	1	benign_only	23107	MRPS27
GC_23108	1	1	0	1	benign_only	23108	RAP1GAP2
GC_23113	1	1	0	1	benign_only	23113	CUL9
GC_23125	1	1	0	1	benign_only	23125	CAMTA2
GC_2313	1	1	0	1	benign_only	2313	FLI1
GC_23137	1	1	0	1	benign_only	23137	SMC5
GC_23139	1	1	0	1	benign_only	23139	MAST2
GC_23140	1	1	0	1	benign_only	23140	ZZEF1
GC_23143	1	1	0	1	benign_only	23143	LRCH1
GC_23151	1	1	0	1	benign_only	23151	GRAMD4
GC_23169	1	1	0	1	benign_only	23169	SLC35D1
GC_23171	1	1	0	1	benign_only	23171	GPD1L
GC_23181	1	1	0	1	benign_only	23181	DIP2A
GC_2319	1	1	0	1	benign_only	2319	FLOT2
GC_23219	1	1	1	0	pathogenic_only	23219	FBXO28
GC_23220	1	1	0	1	benign_only	23220	DTX4
GC_23223	1	1	0	1	benign_only	23223	RRP12
GC_23228	1	1	0	1	benign_only	23228	PLCL2
GC_23239	1	1	0	1	benign_only	23239	PHLPP1
GC_23240	1	1	0	1	benign_only	23240	TMEM131L
GC_23266	1	1	0	1	benign_only	23266	ADGRL2
GC_23271	1	1	0	1	benign_only	23271	CAMSAP2
GC_23272	1	1	0	1	benign_only	23272	TASOR
GC_23275	1	1	0	1	benign_only	23275	POFUT2
GC_23277	1	1	0	1	benign_only	23277	CLUH
GC_23288	1	1	0	1	benign_only	23288	IQCE
GC_23309	1	1	0	1	benign_only	23309	SIN3B
GC_23321	1	1	0	1	benign_only	23321	TRIM2
GC_23329	1	1	0	1	benign_only	23329	TBC1D30
GC_23332	1	1	0	1	benign_only	23332	CLASP1
GC_23358	1	1	0	1	benign_only	23358	USP24
GC_23361	1	1	0	1	benign_only	23361	ZNF629
GC_23365	1	1	0	1	benign_only	23365	ARHGEF12
GC_23401	1	1	0	1	benign_only	23401	FRAT2
GC_23409	1	1	0	1	benign_only	23409	SIRT4
GC_23428	1	1	0	1	benign_only	23428	SLC7A8
GC_23430	1	1	0	1	benign_only	23430	TPSD1
GC_23432	1	1	0	1	benign_only	23432	GPR161
GC_23436	1	1	0	1	benign_only	23436	CELA3B
GC_23451	1	1	1	0	pathogenic_only	23451	SF3B1
GC_23456	1	1	0	1	benign_only	23456	ABCB10
GC_23471	1	1	0	1	benign_only	23471	TRAM1
GC_23493	1	1	0	1	benign_only	23493	HEY2
GC_23505	1	1	0	1	benign_only	23505	TMEM131
GC_23513	1	1	0	1	benign_only	23513	SCRIB
GC_2352	1	1	0	1	benign_only	2352	FOLR3
GC_23533	1	1	0	1	benign_only	23533	PIK3R5
GC_23534	1	1	0	1	benign_only	23534	TNPO3
GC_23541	1	1	0	1	benign_only	23541	SEC14L2
GC_23544	1	1	0	1	benign_only	23544	SEZ6L
GC_23549	1	1	0	1	benign_only	23549	DNPEP
GC_23552	1	1	0	1	benign_only	23552	CDK20
GC_23557	1	1	1	0	pathogenic_only	23557	SNAPIN
GC_23566	1	1	0	1	benign_only	23566	LPAR3
GC_2358	1	1	0	1	benign_only	2358	FPR2
GC_23581	1	1	0	1	benign_only	23581	CASP14
GC_23583	1	1	0	1	benign_only	23583	SMUG1
GC_23587	1	1	0	1	benign_only	23587	ELP5
GC_23620	1	1	0	1	benign_only	23620	NTSR2
GC_23626	1	1	0	1	benign_only	23626	SPO11
GC_23627	1	1	0	1	benign_only	23627	PRND
GC_23630	1	1	0	1	benign_only	23630	KCNE5
GC_23676	1	1	1	0	pathogenic_only	23676	SMPX
GC_23677	1	1	0	1	benign_only	23677	SH3BP4
GC_23708	1	1	0	1	benign_only	23708	GSPT2
GC_23743	1	1	0	1	benign_only	23743	BHMT2
GC_23768	1	1	0	1	benign_only	23768	FLRT2
GC_23780	1	1	0	1	benign_only	23780	APOL2
GC_23786	1	1	0	1	benign_only	23786	BCL2L13
GC_24137	1	1	0	1	benign_only	24137	KIF4A
GC_24138	1	1	0	1	benign_only	24138	IFIT5
GC_24144	1	1	0	1	benign_only	24144	TFIP11
GC_245910	1	1	0	1	benign_only	245910	DEFB107A
GC_245972	1	1	0	1	benign_only	245972	ATP6V0D2
GC_246778	1	1	0	1	benign_only	246778	IL27
GC_2487	1	1	0	1	benign_only	2487	FRZB
GC_2494	1	1	0	1	benign_only	2494	NR5A2
GC_2525	1	1	0	1	benign_only	2525	FUT3
GC_253012	1	1	0	1	benign_only	253012	HEPACAM2
GC_2534	1	1	0	1	benign_only	2534	FYN
GC_253935	1	1	0	1	benign_only	253935	ANGPTL5
GC_254102	1	1	0	1	benign_only	254102	EHBP1L1
GC_254170	1	1	0	1	benign_only	254170	FBXO33
GC_254786	1	1	0	1	benign_only	254786	OR6C3
GC_254827	1	1	0	1	benign_only	254827	NAALADL2
GC_2550	1	1	1	0	pathogenic_only	2550	GABBR1
GC_255022	1	1	0	1	benign_only	255022	CALHM1
GC_2557	1	1	0	1	benign_only	2557	GABRA4
GC_255758	1	1	0	1	benign_only	255758	DYNLT2B
GC_2559	1	1	0	1	benign_only	2559	GABRA6
GC_256536	1	1	0	1	benign_only	256536	TCERG1L
GC_257	1	1	0	1	benign_only	257	ALX3
GC_257194	1	1	0	1	benign_only	257194	NEGR1
GC_25758	1	1	0	1	benign_only	25758	KIAA1549L
GC_25769	1	1	0	1	benign_only	25769	SLC24A2
GC_25790	1	1	0	1	benign_only	25790	CFAP45
GC_25805	1	1	0	1	benign_only	25805	BAMBI
GC_25806	1	1	0	1	benign_only	25806	VAX2
GC_25813	1	1	0	1	benign_only	25813	SAMM50
GC_25823	1	1	0	1	benign_only	25823	TPSG1
GC_25825	1	1	0	1	benign_only	25825	BACE2
GC_25849	1	1	0	1	benign_only	25849	PARM1
GC_25851	1	1	0	1	benign_only	25851	TECPR1
GC_25865	1	1	0	1	benign_only	25865	PRKD2
GC_25894	1	1	0	1	benign_only	25894	PLEKHG4
GC_25911	1	1	0	1	benign_only	25911	DPCD
GC_259197	1	1	0	1	benign_only	259197	NCR3
GC_259249	1	1	0	1	benign_only	259249	MRGPRX1
GC_25926	1	1	0	1	benign_only	25926	NOL11
GC_25980	1	1	0	1	benign_only	25980	AAR2
GC_25989	1	1	0	1	benign_only	25989	ULK3
GC_26	1	1	0	1	benign_only	26	AOC1
GC_26001	1	1	0	1	benign_only	26001	RNF167
GC_26003	1	1	0	1	benign_only	26003	GORASP2
GC_26013	1	1	0	1	benign_only	26013	L3MBTL1
GC_26015	1	1	0	1	benign_only	26015	RPAP1
GC_26019	1	1	0	1	benign_only	26019	UPF2
GC_26022	1	1	0	1	benign_only	26022	TMEM98
GC_26035	1	1	0	1	benign_only	26035	GLCE
GC_26057	1	1	0	1	benign_only	26057	ANKRD17
GC_26061	1	1	0	1	benign_only	26061	HACL1
GC_26064	1	1	0	1	benign_only	26064	RAI14
GC_26074	1	1	1	0	pathogenic_only	26074	CFAP61
GC_26149	1	1	0	1	benign_only	26149	ZNF658
GC_26267	1	1	0	1	benign_only	26267	FBXO10
GC_26269	1	1	0	1	benign_only	26269	FBXO8
GC_26273	1	1	0	1	benign_only	26273	FBXO3
GC_26280	1	1	0	1	benign_only	26280	IL1RAPL2
GC_26301	1	1	0	1	benign_only	26301	GBGT1
GC_2638	1	1	0	1	benign_only	2638	GC
GC_2649	1	1	0	1	benign_only	2649	NR6A1
GC_26504	1	1	0	1	benign_only	26504	CNNM4
GC_26507	1	1	0	1	benign_only	26507	CNNM1
GC_26512	1	1	0	1	benign_only	26512	INTS6
GC_26576	1	1	0	1	benign_only	26576	SRPK3
GC_26586	1	1	0	1	benign_only	26586	CKAP2
GC_26608	1	1	0	1	benign_only	26608	TBL2
GC_2662	1	1	0	1	benign_only	2662	GDF10
GC_2669	1	1	0	1	benign_only	2669	GEM
GC_266977	1	1	0	1	benign_only	266977	ADGRF1
GC_2674	1	1	0	1	benign_only	2674	GFRA1
GC_2675	1	1	0	1	benign_only	2675	GFRA2
GC_2683	1	1	0	1	benign_only	2683	B4GALT1
GC_2687	1	1	0	1	benign_only	2687	GGT5
GC_2693	1	1	0	1	benign_only	2693	GHSR
GC_270	1	1	0	1	benign_only	270	AMPD1
GC_27036	1	1	0	1	benign_only	27036	SIGLEC7
GC_27076	1	1	0	1	benign_only	27076	LYPD3
GC_27107	1	1	0	1	benign_only	27107	ZBTB11
GC_27115	1	1	0	1	benign_only	27115	PDE7B
GC_27122	1	1	0	1	benign_only	27122	DKK3
GC_27136	1	1	0	1	benign_only	27136	MORC1
GC_27143	1	1	0	1	benign_only	27143	PALD1
GC_27145	1	1	0	1	benign_only	27145	FILIP1
GC_27175	1	1	0	1	benign_only	27175	TUBG2
GC_27180	1	1	0	1	benign_only	27180	SIGLEC9
GC_27181	1	1	0	1	benign_only	27181	SIGLEC8
GC_27189	1	1	0	1	benign_only	27189	IL17C
GC_27237	1	1	0	1	benign_only	27237	ARHGEF16
GC_27238	1	1	0	1	benign_only	27238	GPKOW
GC_27242	1	1	0	1	benign_only	27242	TNFRSF21
GC_27252	1	1	1	0	pathogenic_only	27252	KLHL20
GC_27284	1	1	0	1	benign_only	27284	SULT1B1
GC_27285	1	1	0	1	benign_only	27285	TEKT2
GC_27293	1	1	0	1	benign_only	27293	SMPDL3B
GC_273	1	1	0	1	benign_only	273	AMPH
GC_27301	1	1	0	1	benign_only	27301	APEX2
GC_27324	1	1	0	1	benign_only	27324	TOX3
GC_27333	1	1	0	1	benign_only	27333	GOLIM4
GC_27349	1	1	0	1	benign_only	27349	MCAT
GC_27350	1	1	0	1	benign_only	27350	APOBEC3C
GC_2742	1	1	1	0	pathogenic_only	2742	GLRA2
GC_27433	1	1	0	1	benign_only	27433	TOR2A
GC_27436	1	1	0	1	benign_only	27436	EML4
GC_2747	1	1	0	1	benign_only	2747	GLUD2
GC_2752	1	1	1	0	pathogenic_only	2752	GLUL
GC_276	1	1	0	1	benign_only	276	AMY1A
GC_2765	1	1	0	1	benign_only	2765	GML
GC_2771	1	1	1	0	pathogenic_only	2771	GNAI2
GC_2779	1	1	0	1	benign_only	2779	GNAT1
GC_2780	1	1	0	1	benign_only	2780	GNAT2
GC_279	1	1	0	1	benign_only	279	AMY2A
GC_2797	1	1	0	1	benign_only	2797	GNRH2
GC_2802	1	1	0	1	benign_only	2802	GOLGA3
GC_2805	1	1	0	1	benign_only	2805	GOT1
GC_2813	1	1	0	1	benign_only	2813	GP2
GC_2817	1	1	0	1	benign_only	2817	GPC1
GC_2820	1	1	0	1	benign_only	2820	GPD2
GC_2825	1	1	0	1	benign_only	2825	CMKLR2
GC_282618	1	1	0	1	benign_only	282618	IFNL1
GC_283078	1	1	0	1	benign_only	283078	MKX
GC_2831	1	1	0	1	benign_only	2831	NPBWR1
GC_283116	1	1	0	1	benign_only	283116	TRIM49B
GC_283385	1	1	0	1	benign_only	283385	MORN3
GC_283417	1	1	0	1	benign_only	283417	DPY19L2
GC_283420	1	1	0	1	benign_only	283420	CLEC9A
GC_283600	1	1	0	1	benign_only	283600	SLC25A47
GC_283638	1	1	0	1	benign_only	283638	CEP170B
GC_283652	1	1	0	1	benign_only	283652	SLC24A5
GC_283659	1	1	0	1	benign_only	283659	PRTG
GC_283677	1	1	0	1	benign_only	283677	REC114
GC_2837	1	1	0	1	benign_only	2837	UTS2R
GC_283748	1	1	0	1	benign_only	283748	PLA2G4D
GC_2838	1	1	0	1	benign_only	2838	GPR15
GC_284	1	1	0	1	benign_only	284	ANGPT1
GC_284004	1	1	0	1	benign_only	284004	HEXD
GC_284076	1	1	0	1	benign_only	284076	TTLL6
GC_284086	1	1	0	1	benign_only	284086	NEK8
GC_284119	1	1	0	1	benign_only	284119	CAVIN1
GC_284131	1	1	0	1	benign_only	284131	ENDOV
GC_284194	1	1	0	1	benign_only	284194	LGALS9B
GC_284391	1	1	0	1	benign_only	284391	ZNF844
GC_284459	1	1	0	1	benign_only	284459	ZNF875
GC_28513	1	1	0	1	benign_only	28513	CDH19
GC_285220	1	1	0	1	benign_only	285220	EPHA6
GC_285513	1	1	0	1	benign_only	285513	GPRIN3
GC_2861	1	1	0	1	benign_only	2861	GPR37
GC_2863	1	1	0	1	benign_only	2863	GPR39
GC_286410	1	1	0	1	benign_only	286410	ATP11C
GC_286464	1	1	0	1	benign_only	286464	CFAP47
GC_286499	1	1	0	1	benign_only	286499	FAM133A
GC_2876	1	1	0	1	benign_only	2876	GPX1
GC_2887	1	1	0	1	benign_only	2887	GRB10
GC_2897	1	1	0	1	benign_only	2897	GRIK1
GC_28983	1	1	0	1	benign_only	28983	TMPRSS11E
GC_2901	1	1	0	1	benign_only	2901	GRIK5
GC_29095	1	1	0	1	benign_only	29095	ORMDL2
GC_29124	1	1	0	1	benign_only	29124	LGALS13
GC_2913	1	1	0	1	benign_only	2913	GRM3
GC_2919	1	1	0	1	benign_only	2919	CXCL1
GC_292	1	1	0	1	benign_only	292	SLC25A5
GC_2925	1	1	0	1	benign_only	2925	GRPR
GC_2961	1	1	0	1	benign_only	2961	GTF2E2
GC_2965	1	1	0	1	benign_only	2965	GTF2H1
GC_29780	1	1	0	1	benign_only	29780	PARVB
GC_29843	1	1	0	1	benign_only	29843	SENP1
GC_29851	1	1	0	1	benign_only	29851	ICOS
GC_29855	1	1	0	1	benign_only	29855	UBN1
GC_29886	1	1	0	1	benign_only	29886	SNX8
GC_29887	1	1	1	0	pathogenic_only	29887	SNX10
GC_29906	1	1	0	1	benign_only	29906	ST8SIA5
GC_29927	1	1	1	0	pathogenic_only	29927	SEC61A1
GC_29933	1	1	0	1	benign_only	29933	GPR132
GC_29948	1	1	0	1	benign_only	29948	OSGIN1
GC_29959	1	1	0	1	benign_only	29959	NRBP1
GC_2996	1	1	0	1	benign_only	2996	GYPE
GC_29974	1	1	0	1	benign_only	29974	A1CF
GC_29978	1	1	1	0	pathogenic_only	29978	UBQLN2
GC_29979	1	1	0	1	benign_only	29979	UBQLN1
GC_29985	1	1	0	1	benign_only	29985	SLC39A3
GC_30	1	1	0	1	benign_only	30	ACAA1
GC_3001	1	1	0	1	benign_only	3001	GZMA
GC_3002	1	1	0	1	benign_only	3002	GZMB
GC_302	1	1	0	1	benign_only	302	ANXA2
GC_3036	1	1	0	1	benign_only	3036	HAS1
GC_3038	1	1	0	1	benign_only	3038	HAS3
GC_3061	1	1	0	1	benign_only	3061	HCRTR1
GC_308	1	1	0	1	benign_only	308	ANXA5
GC_31	1	1	0	1	benign_only	31	ACACA
GC_3101	1	1	0	1	benign_only	3101	HK3
GC_3113	1	1	0	1	benign_only	3113	HLA-DPA1
GC_3133	1	1	0	1	benign_only	3133	HLA-E
GC_314	1	1	0	1	benign_only	314	AOC2
GC_3146	1	1	0	1	benign_only	3146	HMGB1
GC_3156	1	1	1	0	pathogenic_only	3156	HMGCR
GC_3164	1	1	0	1	benign_only	3164	NR4A1
GC_3176	1	1	1	0	pathogenic_only	3176	HNMT
GC_317703	1	1	0	1	benign_only	317703	VN1R4
GC_317719	1	1	0	1	benign_only	317719	KLHL10
GC_319	1	1	0	1	benign_only	319	APOF
GC_3218	1	1	0	1	benign_only	3218	HOXB8
GC_3219	1	1	0	1	benign_only	3219	HOXB9
GC_3225	1	1	0	1	benign_only	3225	HOXC9
GC_3236	1	1	0	1	benign_only	3236	HOXD10
GC_3250	1	1	0	1	benign_only	3250	HPR
GC_3283	1	1	0	1	benign_only	3283	HSD3B1
GC_329	1	1	0	1	benign_only	329	BIRC2
GC_33	1	1	0	1	benign_only	33	ACADL
GC_330	1	1	0	1	benign_only	330	BIRC3
GC_3308	1	1	0	1	benign_only	3308	HSPA4
GC_3309	1	1	0	1	benign_only	3309	HSPA5
GC_3310	1	1	0	1	benign_only	3310	HSPA6
GC_333926	1	1	0	1	benign_only	333926	PPM1J
GC_3346	1	1	0	1	benign_only	3346	HTN1
GC_3347	1	1	0	1	benign_only	3347	HTN3
GC_3352	1	1	0	1	benign_only	3352	HTR1D
GC_3354	1	1	0	1	benign_only	3354	HTR1E
GC_3356	1	1	0	1	benign_only	3356	HTR2A
GC_3360	1	1	0	1	benign_only	3360	HTR4
GC_3362	1	1	0	1	benign_only	3362	HTR6
GC_3363	1	1	0	1	benign_only	3363	HTR7
GC_338339	1	1	0	1	benign_only	338339	CLEC4D
GC_338442	1	1	0	1	benign_only	338442	HCAR2
GC_338707	1	1	0	1	benign_only	338707	B4GALNT4
GC_338773	1	1	0	1	benign_only	338773	TMEM119
GC_339175	1	1	0	1	benign_only	339175	METTL2A
GC_339541	1	1	0	1	benign_only	339541	ARMH1
GC_339761	1	1	0	1	benign_only	339761	CYP27C1
GC_339977	1	1	0	1	benign_only	339977	LRRC66
GC_340307	1	1	0	1	benign_only	340307	CTAGE6
GC_340419	1	1	0	1	benign_only	340419	RSPO2
GC_340441	1	1	0	1	benign_only	340441	POTEA
GC_340547	1	1	0	1	benign_only	340547	VSIG1
GC_341208	1	1	0	1	benign_only	341208	HEPHL1
GC_341676	1	1	0	1	benign_only	341676	NEK5
GC_342346	1	1	0	1	benign_only	342346	C16orf96
GC_342979	1	1	0	1	benign_only	342979	PALM3
GC_3430	1	1	0	1	benign_only	3430	IFI35
GC_343263	1	1	0	1	benign_only	343263	MYBPHL
GC_343637	1	1	0	1	benign_only	343637	RSPO4
GC_343990	1	1	0	1	benign_only	343990	CRACDL
GC_3442	1	1	0	1	benign_only	3442	IFNA5
GC_3448	1	1	0	1	benign_only	3448	IFNA14
GC_345643	1	1	0	1	benign_only	345643	MCIDAS
GC_346288	1	1	0	1	benign_only	346288	SEPTIN14
GC_347	1	1	0	1	benign_only	347	APOD
GC_347365	1	1	0	1	benign_only	347365	ITIH6
GC_347468	1	1	0	1	benign_only	347468	OR13H1
GC_3475	1	1	0	1	benign_only	3475	IFRD1
GC_347688	1	1	1	0	pathogenic_only	347688	TUBB8
GC_347735	1	1	0	1	benign_only	347735	SERINC2
GC_348158	1	1	0	1	benign_only	348158	ACSM2B
GC_3482	1	1	0	1	benign_only	3482	IGF2R
GC_3489	1	1	0	1	benign_only	3489	IGFBP6
GC_3491	1	1	0	1	benign_only	3491	CCN1
GC_349149	1	1	0	1	benign_only	349149	GJC3
GC_353133	1	1	0	1	benign_only	353133	LCE1C
GC_353500	1	1	0	1	benign_only	353500	BMP8A
GC_354	1	1	0	1	benign_only	354	KLK3
GC_3552	1	1	0	1	benign_only	3552	IL1A
GC_3556	1	1	0	1	benign_only	3556	IL1RAP
GC_3557	1	1	0	1	benign_only	3557	IL1RN
GC_3559	1	1	0	1	benign_only	3559	IL2RA
GC_356	1	1	0	1	benign_only	356	FASLG
GC_3562	1	1	0	1	benign_only	3562	IL3
GC_3563	1	1	0	1	benign_only	3563	IL3RA
GC_3568	1	1	0	1	benign_only	3568	IL5RA
GC_3569	1	1	0	1	benign_only	3569	IL6
GC_3613	1	1	0	1	benign_only	3613	IMPA2
GC_3623	1	1	0	1	benign_only	3623	INHA
GC_3626	1	1	0	1	benign_only	3626	INHBC
GC_3628	1	1	0	1	benign_only	3628	INPP1
GC_363	1	1	0	1	benign_only	363	AQP6
GC_3631	1	1	0	1	benign_only	3631	INPP4A
GC_3641	1	1	0	1	benign_only	3641	INSL4
GC_3656	1	1	0	1	benign_only	3656	IRAK2
GC_3662	1	1	0	1	benign_only	3662	IRF4
GC_3676	1	1	0	1	benign_only	3676	ITGA4
GC_3682	1	1	0	1	benign_only	3682	ITGAE
GC_3683	1	1	0	1	benign_only	3683	ITGAL
GC_3687	1	1	0	1	benign_only	3687	ITGAX
GC_3700	1	1	0	1	benign_only	3700	ITIH4
GC_374286	1	1	0	1	benign_only	374286	FBXW10B
GC_374768	1	1	0	1	benign_only	374768	SPEM1
GC_374868	1	1	0	1	benign_only	374868	ATP9B
GC_374879	1	1	0	1	benign_only	374879	ZNF699
GC_374907	1	1	0	1	benign_only	374907	B3GNT8
GC_374946	1	1	0	1	benign_only	374946	DRAXIN
GC_374973	1	1	0	1	benign_only	374973	TEX38
GC_375056	1	1	0	1	benign_only	375056	MIA3
GC_375318	1	1	0	1	benign_only	375318	AQP12A
GC_375341	1	1	0	1	benign_only	375341	C3orf62
GC_377	1	1	1	0	pathogenic_only	377	ARF3
GC_3772	1	1	0	1	benign_only	3772	KCNJ15
GC_3773	1	1	0	1	benign_only	3773	KCNJ16
GC_377841	1	1	0	1	benign_only	377841	ENTPD8
GC_3790	1	1	0	1	benign_only	3790	KCNS3
GC_3792	1	1	0	1	benign_only	3792	KEL
GC_3827	1	1	0	1	benign_only	3827	KNG1
GC_3866	1	1	0	1	benign_only	3866	KRT15
GC_387	1	1	1	0	pathogenic_only	387	RHOA
GC_387755	1	1	0	1	benign_only	387755	INSC
GC_388564	1	1	0	1	benign_only	388564	TMEM238
GC_388591	1	1	0	1	benign_only	388591	RNF207
GC_3890	1	1	0	1	benign_only	3890	KRT84
GC_389015	1	1	0	1	benign_only	389015	SLC9A4
GC_3898	1	1	0	1	benign_only	3898	LAD1
GC_389874	1	1	0	1	benign_only	389874	ZCCHC13
GC_389898	1	1	0	1	benign_only	389898	UBE2NL
GC_390077	1	1	0	1	benign_only	390077	OR52N2
GC_390201	1	1	0	1	benign_only	390201	OR10V1
GC_390259	1	1	0	1	benign_only	390259	BSX
GC_390321	1	1	0	1	benign_only	390321	OR6C1
GC_391195	1	1	0	1	benign_only	391195	OR2T33
GC_392	1	1	0	1	benign_only	392	ARHGAP1
GC_392465	1	1	0	1	benign_only	392465	GLOD5
GC_3933	1	1	0	1	benign_only	3933	LCN1
GC_3934	1	1	0	1	benign_only	3934	LCN2
GC_3936	1	1	0	1	benign_only	3936	LCP1
GC_3939	1	1	0	1	benign_only	3939	LDHA
GC_394	1	1	0	1	benign_only	394	ARHGAP5
GC_3948	1	1	0	1	benign_only	3948	LDHC
GC_3952	1	1	0	1	benign_only	3952	LEP
GC_3955	1	1	0	1	benign_only	3955	LFNG
GC_3957	1	1	0	1	benign_only	3957	LGALS2
GC_3958	1	1	0	1	benign_only	3958	LGALS3
GC_3959	1	1	0	1	benign_only	3959	LGALS3BP
GC_3960	1	1	0	1	benign_only	3960	LGALS4
GC_3964	1	1	0	1	benign_only	3964	LGALS8
GC_3965	1	1	0	1	benign_only	3965	LGALS9
GC_3976	1	1	0	1	benign_only	3976	LIF
GC_3982	1	1	1	0	pathogenic_only	3982	LIM2
GC_3987	1	1	0	1	benign_only	3987	LIMS1
GC_399939	1	1	0	1	benign_only	399939	TRIM49D1
GC_401138	1	1	0	1	benign_only	401138	AMTN
GC_401145	1	1	0	1	benign_only	401145	CCSER1
GC_4017	1	1	0	1	benign_only	4017	LOXL2
GC_401993	1	1	0	1	benign_only	401993	OR2T5
GC_402381	1	1	0	1	benign_only	402381	SOHLH1
GC_4025	1	1	0	1	benign_only	4025	LPO
GC_403	1	1	0	1	benign_only	403	ARL3
GC_4034	1	1	0	1	benign_only	4034	LRCH4
GC_4037	1	1	0	1	benign_only	4037	LRP3
GC_405	1	1	0	1	benign_only	405	ARNT
GC_4058	1	1	0	1	benign_only	4058	LTK
GC_4061	1	1	0	1	benign_only	4061	LY6E
GC_4064	1	1	0	1	benign_only	4064	CD180
GC_4077	1	1	0	1	benign_only	4077	NBR1
GC_4087	1	1	1	0	pathogenic_only	4087	SMAD2
GC_4092	1	1	0	1	benign_only	4092	SMAD7
GC_41	1	1	0	1	benign_only	41	ASIC1
GC_4103	1	1	0	1	benign_only	4103	MAGEA4
GC_4112	1	1	0	1	benign_only	4112	MAGEB1
GC_4113	1	1	0	1	benign_only	4113	MAGEB2
GC_4114	1	1	0	1	benign_only	4114	MAGEB3
GC_4122	1	1	0	1	benign_only	4122	MAN2A2
GC_4135	1	1	0	1	benign_only	4135	MAP6
GC_4139	1	1	0	1	benign_only	4139	MARK1
GC_4142	1	1	0	1	benign_only	4142	MAS1
GC_4146	1	1	0	1	benign_only	4146	MATN1
GC_4147	1	1	0	1	benign_only	4147	MATN2
GC_4151	1	1	1	0	pathogenic_only	4151	MB
GC_4153	1	1	0	1	benign_only	4153	MBL2
GC_4155	1	1	0	1	benign_only	4155	MBP
GC_4159	1	1	0	1	benign_only	4159	MC3R
GC_4162	1	1	0	1	benign_only	4162	MCAM
GC_4175	1	1	0	1	benign_only	4175	MCM6
GC_4176	1	1	1	0	pathogenic_only	4176	MCM7
GC_4189	1	1	0	1	benign_only	4189	DNAJB9
GC_4212	1	1	1	0	pathogenic_only	4212	MEIS2
GC_4215	1	1	1	0	pathogenic_only	4215	MAP3K3
GC_4216	1	1	0	1	benign_only	4216	MAP3K4
GC_4241	1	1	0	1	benign_only	4241	MELTF
GC_4247	1	1	1	0	pathogenic_only	4247	MGAT2
GC_4253	1	1	0	1	benign_only	4253	MIA2
GC_4291	1	1	0	1	benign_only	4291	MLF1
GC_4298	1	1	0	1	benign_only	4298	MLLT1
GC_4314	1	1	0	1	benign_only	4314	MMP3
GC_4316	1	1	0	1	benign_only	4316	MMP7
GC_431707	1	1	0	1	benign_only	431707	LHX8
GC_4319	1	1	0	1	benign_only	4319	MMP10
GC_4330	1	1	0	1	benign_only	4330	MN1
GC_4331	1	1	0	1	benign_only	4331	MNAT1
GC_438	1	1	0	1	benign_only	438	ASMT
GC_43849	1	1	0	1	benign_only	43849	KLK12
GC_439915	1	1	0	1	benign_only	439915	KRTAP5-5
GC_440073	1	1	0	1	benign_only	440073	IQSEC3
GC_440567	1	1	0	1	benign_only	440567	UQCRHL
GC_440590	1	1	0	1	benign_only	440590	ZYG11A
GC_440695	1	1	0	1	benign_only	440695	ETV3L
GC_441549	1	1	0	1	benign_only	441549	CDNF
GC_4430	1	1	0	1	benign_only	4430	MYO1B
GC_4438	1	1	1	0	pathogenic_only	4438	MSH4
GC_4478	1	1	1	0	pathogenic_only	4478	MSN
GC_4520	1	1	0	1	benign_only	4520	MTF1
GC_4540	1	1	1	0	pathogenic_only	4540	MT-ND5
GC_4543	1	1	0	1	benign_only	4543	MTNR1A
GC_4589	1	1	0	1	benign_only	4589	MUC7
GC_4608	1	1	0	1	benign_only	4608	MYBPH
GC_4632	1	1	0	1	benign_only	4632	MYL1
GC_4635	1	1	0	1	benign_only	4635	MYL4
GC_4661	1	1	0	1	benign_only	4661	MYT1
GC_4665	1	1	0	1	benign_only	4665	NAB2
GC_4668	1	1	0	1	benign_only	4668	NAGA
GC_4671	1	1	0	1	benign_only	4671	NAIP
GC_4680	1	1	0	1	benign_only	4680	CEACAM6
GC_4709	1	1	1	0	pathogenic_only	4709	NDUFB3
GC_4716	1	1	0	1	benign_only	4716	NDUFB10
GC_4724	1	1	1	0	pathogenic_only	4724	NDUFS4
GC_4731	1	1	0	1	benign_only	4731	NDUFV3
GC_4741	1	1	0	1	benign_only	4741	NEFM
GC_4752	1	1	0	1	benign_only	4752	NEK3
GC_4760	1	1	0	1	benign_only	4760	NEUROD1
GC_4761	1	1	0	1	benign_only	4761	NEUROD2
GC_4775	1	1	0	1	benign_only	4775	NFATC3
GC_4783	1	1	0	1	benign_only	4783	NFIL3
GC_4818	1	1	0	1	benign_only	4818	NKG7
GC_4829	1	1	0	1	benign_only	4829	NMBR
GC_4843	1	1	0	1	benign_only	4843	NOS2
GC_4856	1	1	0	1	benign_only	4856	CCN3
GC_4858	1	1	0	1	benign_only	4858	NOVA2
GC_4880	1	1	0	1	benign_only	4880	NPPC
GC_4881	1	1	0	1	benign_only	4881	NPR1
GC_4884	1	1	1	0	pathogenic_only	4884	NPTX1
GC_4886	1	1	0	1	benign_only	4886	NPY1R
GC_489	1	1	0	1	benign_only	489	ATP2A3
GC_49	1	1	0	1	benign_only	49	ACR
GC_4902	1	1	0	1	benign_only	4902	NRTN
GC_4919	1	1	0	1	benign_only	4919	ROR1
GC_493753	1	1	0	1	benign_only	493753	COA5
GC_494188	1	1	0	1	benign_only	494188	FBXO47
GC_4957	1	1	0	1	benign_only	4957	ODF2
GC_4968	1	1	0	1	benign_only	4968	OGG1
GC_5004	1	1	0	1	benign_only	5004	ORM1
GC_5015	1	1	0	1	benign_only	5015	OTX2
GC_5023	1	1	0	1	benign_only	5023	P2RX1
GC_5024	1	1	0	1	benign_only	5024	P2RX3
GC_50488	1	1	0	1	benign_only	50488	MINK1
GC_50489	1	1	0	1	benign_only	50489	CD207
GC_50616	1	1	0	1	benign_only	50616	IL22
GC_50649	1	1	0	1	benign_only	50649	ARHGEF4
GC_50651	1	1	0	1	benign_only	50651	SLC45A1
GC_5066	1	1	0	1	benign_only	5066	PAM
GC_50834	1	1	0	1	benign_only	50834	TAS2R1
GC_50853	1	1	0	1	benign_only	50853	VILL
GC_50945	1	1	0	1	benign_only	50945	TBX22
GC_5097	1	1	0	1	benign_only	5097	PCDH1
GC_5099	1	1	0	1	benign_only	5099	PCDH7
GC_50999	1	1	0	1	benign_only	50999	TMED5
GC_5100	1	1	0	1	benign_only	5100	PCDH8
GC_5104	1	1	0	1	benign_only	5104	SERPINA5
GC_51061	1	1	0	1	benign_only	51061	TXNDC11
GC_51092	1	1	0	1	benign_only	51092	SIDT2
GC_51098	1	1	0	1	benign_only	51098	IFT52
GC_5111	1	1	1	0	pathogenic_only	5111	PCNA
GC_51124	1	1	1	0	pathogenic_only	51124	IER3IP1
GC_51129	1	1	0	1	benign_only	51129	ANGPTL4
GC_51162	1	1	0	1	benign_only	51162	EGFL7
GC_51163	1	1	0	1	benign_only	51163	DBR1
GC_51176	1	1	0	1	benign_only	51176	LEF1
GC_5118	1	1	0	1	benign_only	5118	PCOLCE
GC_51194	1	1	0	1	benign_only	51194	IPO11
GC_51205	1	1	0	1	benign_only	51205	ACP6
GC_51218	1	1	0	1	benign_only	51218	GLRX5
GC_5127	1	1	0	1	benign_only	5127	CDK16
GC_51283	1	1	0	1	benign_only	51283	BFAR
GC_51297	1	1	0	1	benign_only	51297	BPIFA1
GC_51308	1	1	1	0	pathogenic_only	51308	REEP2
GC_51327	1	1	0	1	benign_only	51327	AHSP
GC_5133	1	1	0	1	benign_only	5133	PDCD1
GC_51338	1	1	0	1	benign_only	51338	MS4A4A
GC_51341	1	1	1	0	pathogenic_only	51341	ZBTB7A
GC_51343	1	1	0	1	benign_only	51343	FZR1
GC_51363	1	1	0	1	benign_only	51363	CHST15
GC_51365	1	1	0	1	benign_only	51365	PLA1A
GC_51366	1	1	0	1	benign_only	51366	UBR5
GC_51375	1	1	0	1	benign_only	51375	SNX7
GC_51384	1	1	0	1	benign_only	51384	WNT16
GC_51385	1	1	0	1	benign_only	51385	ZNF589
GC_51412	1	1	1	0	pathogenic_only	51412	ACTL6B
GC_5142	1	1	0	1	benign_only	5142	PDE4B
GC_51421	1	1	0	1	benign_only	51421	AMOTL2
GC_51429	1	1	0	1	benign_only	51429	SNX9
GC_51438	1	1	0	1	benign_only	51438	MAGEC2
GC_51449	1	1	0	1	benign_only	51449	PCYOX1
GC_51455	1	1	0	1	benign_only	51455	REV1
GC_51466	1	1	0	1	benign_only	51466	EVL
GC_5147	1	1	0	1	benign_only	5147	PDE6D
GC_51477	1	1	0	1	benign_only	51477	ISYNA1
GC_51478	1	1	0	1	benign_only	51478	HSD17B7
GC_51496	1	1	0	1	benign_only	51496	CTDSPL2
GC_51542	1	1	0	1	benign_only	51542	VPS54
GC_51548	1	1	0	1	benign_only	51548	SIRT6
GC_51550	1	1	0	1	benign_only	51550	CINP
GC_51569	1	1	1	0	pathogenic_only	51569	UFM1
GC_5157	1	1	0	1	benign_only	5157	PDGFRL
GC_51585	1	1	0	1	benign_only	51585	PCF11
GC_51599	1	1	0	1	benign_only	51599	LSR
GC_5161	1	1	1	0	pathogenic_only	5161	PDHA2
GC_51649	1	1	0	1	benign_only	51649	MRPS23
GC_5165	1	1	0	1	benign_only	5165	PDK3
GC_5166	1	1	0	1	benign_only	5166	PDK4
GC_51660	1	1	0	1	benign_only	51660	MPC1
GC_51667	1	1	0	1	benign_only	51667	NUB1
GC_51684	1	1	0	1	benign_only	51684	SUFU
GC_51705	1	1	0	1	benign_only	51705	EMCN
GC_5174	1	1	0	1	benign_only	5174	PDZK1
GC_51744	1	1	0	1	benign_only	51744	CD244
GC_51765	1	1	0	1	benign_only	51765	STK26
GC_51768	1	1	0	1	benign_only	51768	TM7SF3
GC_5179	1	1	0	1	benign_only	5179	PENK
GC_518	1	1	0	1	benign_only	518	ATP5MC3
GC_52	1	1	0	1	benign_only	52	ACP1
GC_5216	1	1	0	1	benign_only	5216	PFN1
GC_5253	1	1	0	1	benign_only	5253	PHF2
GC_5267	1	1	0	1	benign_only	5267	SERPINA4
GC_5281	1	1	0	1	benign_only	5281	PIGF
GC_5284	1	1	0	1	benign_only	5284	PIGR
GC_5291	1	1	0	1	benign_only	5291	PIK3CB
GC_5305	1	1	0	1	benign_only	5305	PIP4K2A
GC_5307	1	1	0	1	benign_only	5307	PITX1
GC_5319	1	1	0	1	benign_only	5319	PLA2G1B
GC_5320	1	1	0	1	benign_only	5320	PLA2G2A
GC_5324	1	1	0	1	benign_only	5324	PLAG1
GC_5325	1	1	0	1	benign_only	5325	PLAGL1
GC_5329	1	1	0	1	benign_only	5329	PLAUR
GC_5330	1	1	0	1	benign_only	5330	PLCB2
GC_53336	1	1	0	1	benign_only	53336	CPXCR1
GC_53347	1	1	0	1	benign_only	53347	UBASH3A
GC_5335	1	1	0	1	benign_only	5335	PLCG1
GC_53373	1	1	0	1	benign_only	53373	TPCN1
GC_5355	1	1	0	1	benign_only	5355	PLP2
GC_5358	1	1	0	1	benign_only	5358	PLS3
GC_53637	1	1	0	1	benign_only	53637	S1PR5
GC_53841	1	1	0	1	benign_only	53841	CDHR5
GC_53919	1	1	0	1	benign_only	53919	SLCO1C1
GC_54103	1	1	0	1	benign_only	54103	GSAP
GC_5411	1	1	0	1	benign_only	5411	PNN
GC_54112	1	1	0	1	benign_only	54112	GPR88
GC_54345	1	1	0	1	benign_only	54345	SOX18
GC_54346	1	1	0	1	benign_only	54346	UNC93A
GC_54386	1	1	0	1	benign_only	54386	TERF2IP
GC_54413	1	1	0	1	benign_only	54413	NLGN3
GC_54437	1	1	0	1	benign_only	54437	SEMA5B
GC_54457	1	1	0	1	benign_only	54457	TAF7L
GC_54469	1	1	0	1	benign_only	54469	ZFAND6
GC_54472	1	1	0	1	benign_only	54472	TOLLIP
GC_54474	1	1	0	1	benign_only	54474	KRT20
GC_5450	1	1	0	1	benign_only	5450	POU2AF1
GC_54503	1	1	0	1	benign_only	54503	ZDHHC13
GC_5451	1	1	0	1	benign_only	5451	POU2F1
GC_54514	1	1	0	1	benign_only	54514	DDX4
GC_54520	1	1	0	1	benign_only	54520	CCDC93
GC_5458	1	1	0	1	benign_only	5458	POU4F2
GC_54620	1	1	0	1	benign_only	54620	FBXL19
GC_5465	1	1	0	1	benign_only	5465	PPARA
GC_54729	1	1	0	1	benign_only	54729	NKX1-1
GC_54739	1	1	0	1	benign_only	54739	XAF1
GC_54763	1	1	0	1	benign_only	54763	ROPN1
GC_54765	1	1	0	1	benign_only	54765	TRIM44
GC_54776	1	1	0	1	benign_only	54776	PPP1R12C
GC_54778	1	1	0	1	benign_only	54778	RNF111
GC_5481	1	1	0	1	benign_only	5481	PPID
GC_54814	1	1	0	1	benign_only	54814	QPCTL
GC_54822	1	1	0	1	benign_only	54822	TRPM7
GC_54845	1	1	0	1	benign_only	54845	ESRP1
GC_54857	1	1	0	1	benign_only	54857	GDPD2
GC_54867	1	1	0	1	benign_only	54867	TMEM214
GC_54868	1	1	0	1	benign_only	54868	TMEM104
GC_54884	1	1	0	1	benign_only	54884	RETSAT
GC_54891	1	1	0	1	benign_only	54891	INO80D
GC_54899	1	1	0	1	benign_only	54899	PXK
GC_54901	1	1	0	1	benign_only	54901	CDKAL1
GC_54915	1	1	0	1	benign_only	54915	YTHDF1
GC_54932	1	1	0	1	benign_only	54932	EXD3
GC_54960	1	1	0	1	benign_only	54960	GEMIN8
GC_54963	1	1	0	1	benign_only	54963	UCKL1
GC_54970	1	1	0	1	benign_only	54970	TTC12
GC_54988	1	1	0	1	benign_only	54988	ACSM5
GC_54997	1	1	0	1	benign_only	54997	TESC
GC_55	1	1	0	1	benign_only	55	ACP3
GC_55002	1	1	0	1	benign_only	55002	TMCO3
GC_55024	1	1	0	1	benign_only	55024	BANK1
GC_55054	1	1	0	1	benign_only	55054	ATG16L1
GC_55055	1	1	0	1	benign_only	55055	ZWILCH
GC_55057	1	1	0	1	benign_only	55057	CRYBG2
GC_55075	1	1	0	1	benign_only	55075	UACA
GC_55101	1	1	0	1	benign_only	55101	DMAC2
GC_55119	1	1	0	1	benign_only	55119	PRPF38B
GC_55152	1	1	0	1	benign_only	55152	DALRD3
GC_55181	1	1	0	1	benign_only	55181	SMG8
GC_55182	1	1	1	0	pathogenic_only	55182	RNF220
GC_552	1	1	0	1	benign_only	552	AVPR1A
GC_55205	1	1	0	1	benign_only	55205	ZNF532
GC_55217	1	1	0	1	benign_only	55217	TMLHE
GC_55237	1	1	0	1	benign_only	55237	VRTN
GC_5524	1	1	0	1	benign_only	5524	PTPA
GC_55243	1	1	0	1	benign_only	55243	KIRREL1
GC_55244	1	1	0	1	benign_only	55244	SLC47A1
GC_55245	1	1	0	1	benign_only	55245	UQCC1
GC_55253	1	1	0	1	benign_only	55253	TYW1
GC_5526	1	1	0	1	benign_only	5526	PPP2R5B
GC_553	1	1	0	1	benign_only	553	AVPR1B
GC_55319	1	1	0	1	benign_only	55319	TMA16
GC_55329	1	1	0	1	benign_only	55329	MNS1
GC_55343	1	1	0	1	benign_only	55343	SLC35C1
GC_55345	1	1	0	1	benign_only	55345	ZGRF1
GC_55359	1	1	0	1	benign_only	55359	STYK1
GC_55366	1	1	0	1	benign_only	55366	LGR4
GC_55388	1	1	0	1	benign_only	55388	MCM10
GC_5545	1	1	0	1	benign_only	5545	PRB4
GC_5552	1	1	0	1	benign_only	5552	SRGN
GC_55561	1	1	0	1	benign_only	55561	CDC42BPG
GC_5557	1	1	0	1	benign_only	5557	PRIM1
GC_55586	1	1	0	1	benign_only	55586	MIOX
GC_55593	1	1	1	0	pathogenic_only	55593	OTUD5
GC_55600	1	1	0	1	benign_only	55600	ITLN1
GC_55610	1	1	0	1	benign_only	55610	VPS50
GC_55616	1	1	0	1	benign_only	55616	ASAP3
GC_55631	1	1	0	1	benign_only	55631	LRRC40
GC_55638	1	1	0	1	benign_only	55638	SYBU
GC_55658	1	1	0	1	benign_only	55658	RNF126
GC_55661	1	1	0	1	benign_only	55661	DDX27
GC_55666	1	1	0	1	benign_only	55666	NPLOC4
GC_5568	1	1	0	1	benign_only	5568	PRKACG
GC_55681	1	1	0	1	benign_only	55681	SCYL2
GC_55691	1	1	0	1	benign_only	55691	FRMD4A
GC_55700	1	1	0	1	benign_only	55700	MAP7D1
GC_55715	1	1	0	1	benign_only	55715	DOK4
GC_55731	1	1	0	1	benign_only	55731	FAM222B
GC_55740	1	1	0	1	benign_only	55740	ENAH
GC_55748	1	1	0	1	benign_only	55748	CNDP2
GC_55773	1	1	0	1	benign_only	55773	TBC1D23
GC_55778	1	1	0	1	benign_only	55778	ZNF839
GC_55785	1	1	0	1	benign_only	55785	FGD6
GC_55787	1	1	0	1	benign_only	55787	TXLNG
GC_5580	1	1	0	1	benign_only	5580	PRKCD
GC_55802	1	1	0	1	benign_only	55802	DCP1A
GC_55808	1	1	0	1	benign_only	55808	ST6GALNAC1
GC_55809	1	1	0	1	benign_only	55809	TRERF1
GC_5581	1	1	0	1	benign_only	5581	PRKCE
GC_55829	1	1	0	1	benign_only	55829	SELENOS
GC_55830	1	1	0	1	benign_only	55830	GLT8D1
GC_55837	1	1	0	1	benign_only	55837	EAPP
GC_5585	1	1	0	1	benign_only	5585	PKN1
GC_55884	1	1	0	1	benign_only	55884	WSB2
GC_55890	1	1	0	1	benign_only	55890	GPRC5C
GC_5590	1	1	0	1	benign_only	5590	PRKCZ
GC_55911	1	1	0	1	benign_only	55911	APOBR
GC_55917	1	1	0	1	benign_only	55917	CTTNBP2NL
GC_55930	1	1	0	1	benign_only	55930	MYO5C
GC_55964	1	1	0	1	benign_only	55964	SEPTIN3
GC_55968	1	1	0	1	benign_only	55968	NSFL1C
GC_5598	1	1	0	1	benign_only	5598	MAPK7
GC_56006	1	1	0	1	benign_only	56006	SMG9
GC_56034	1	1	0	1	benign_only	56034	PDGFC
GC_5611	1	1	0	1	benign_only	5611	DNAJC3
GC_56155	1	1	0	1	benign_only	56155	TEX14
GC_56159	1	1	0	1	benign_only	56159	TEX11
GC_56164	1	1	0	1	benign_only	56164	STK31
GC_56165	1	1	0	1	benign_only	56165	TDRD1
GC_56242	1	1	0	1	benign_only	56242	ZNF253
GC_56252	1	1	0	1	benign_only	56252	YLPM1
GC_56259	1	1	0	1	benign_only	56259	CTNNBL1
GC_56270	1	1	0	1	benign_only	56270	WDR45B
GC_56301	1	1	0	1	benign_only	56301	SLC7A10
GC_5650	1	1	0	1	benign_only	5650	KLK7
GC_5652	1	1	0	1	benign_only	5652	PRSS8
GC_5653	1	1	0	1	benign_only	5653	KLK6
GC_5657	1	1	0	1	benign_only	5657	PRTN3
GC_56605	1	1	0	1	benign_only	56605	ERO1B
GC_56649	1	1	0	1	benign_only	56649	TMPRSS4
GC_56656	1	1	0	1	benign_only	56656	OR2S2
GC_56731	1	1	0	1	benign_only	56731	SLC2A4RG
GC_5675	1	1	0	1	benign_only	5675	PSG6
GC_5676	1	1	0	1	benign_only	5676	PSG7
GC_5678	1	1	0	1	benign_only	5678	PSG9
GC_56896	1	1	1	0	pathogenic_only	56896	DPYSL5
GC_56902	1	1	0	1	benign_only	56902	PNO1
GC_56914	1	1	0	1	benign_only	56914	OTOR
GC_56946	1	1	0	1	benign_only	56946	EMSY
GC_56994	1	1	0	1	benign_only	56994	CHPT1
GC_56995	1	1	0	1	benign_only	56995	TULP4
GC_57007	1	1	0	1	benign_only	57007	ACKR3
GC_5705	1	1	1	0	pathogenic_only	5705	PSMC5
GC_57060	1	1	0	1	benign_only	57060	PCBP4
GC_57084	1	1	0	1	benign_only	57084	SLC17A6
GC_57085	1	1	0	1	benign_only	57085	AGTRAP
GC_57092	1	1	0	1	benign_only	57092	PCNP
GC_57101	1	1	0	1	benign_only	57101	ANO2
GC_57102	1	1	0	1	benign_only	57102	FERRY3
GC_57109	1	1	0	1	benign_only	57109	REXO4
GC_57118	1	1	0	1	benign_only	57118	CAMK1D
GC_57134	1	1	0	1	benign_only	57134	MAN1C1
GC_57152	1	1	1	0	pathogenic_only	57152	SLURP1
GC_5716	1	1	0	1	benign_only	5716	PSMD10
GC_57205	1	1	0	1	benign_only	57205	ATP10D
GC_57216	1	1	0	1	benign_only	57216	VANGL2
GC_5724	1	1	0	1	benign_only	5724	PTAFR
GC_5729	1	1	0	1	benign_only	5729	PTGDR
GC_573	1	1	0	1	benign_only	573	BAG1
GC_5732	1	1	0	1	benign_only	5732	PTGER2
GC_5734	1	1	0	1	benign_only	5734	PTGER4
GC_57369	1	1	0	1	benign_only	57369	GJD2
GC_5738	1	1	0	1	benign_only	5738	PTGFRN
GC_5740	1	1	0	1	benign_only	5740	PTGIS
GC_5742	1	1	0	1	benign_only	5742	PTGS1
GC_57455	1	1	0	1	benign_only	57455	REXO1
GC_57458	1	1	0	1	benign_only	57458	TMCC3
GC_57460	1	1	0	1	benign_only	57460	PPM1H
GC_57463	1	1	0	1	benign_only	57463	AMIGO1
GC_57471	1	1	0	1	benign_only	57471	ERMN
GC_57476	1	1	0	1	benign_only	57476	GRAMD1B
GC_57495	1	1	0	1	benign_only	57495	NWD2
GC_575	1	1	0	1	benign_only	575	ADGRB1
GC_57506	1	1	0	1	benign_only	57506	MAVS
GC_57512	1	1	0	1	benign_only	57512	GPR158
GC_5753	1	1	0	1	benign_only	5753	PTK6
GC_57531	1	1	0	1	benign_only	57531	HACE1
GC_57533	1	1	0	1	benign_only	57533	TBC1D14
GC_57537	1	1	0	1	benign_only	57537	SORCS2
GC_5754	1	1	0	1	benign_only	5754	PTK7
GC_57541	1	1	0	1	benign_only	57541	ZNF398
GC_57549	1	1	0	1	benign_only	57549	IGSF9
GC_57568	1	1	0	1	benign_only	57568	SIPA1L2
GC_57587	1	1	0	1	benign_only	57587	CFAP97
GC_57616	1	1	0	1	benign_only	57616	TSHZ3
GC_57617	1	1	0	1	benign_only	57617	VPS18
GC_57630	1	1	0	1	benign_only	57630	SH3RF1
GC_57633	1	1	0	1	benign_only	57633	LRRN1
GC_57643	1	1	0	1	benign_only	57643	ZSWIM5
GC_57662	1	1	0	1	benign_only	57662	CAMSAP3
GC_57666	1	1	0	1	benign_only	57666	FBRSL1
GC_57669	1	1	0	1	benign_only	57669	EPB41L5
GC_57692	1	1	0	1	benign_only	57692	MAGEE1
GC_57701	1	1	0	1	benign_only	57701	NCKAP5L
GC_57703	1	1	0	1	benign_only	57703	CWC22
GC_57706	1	1	0	1	benign_only	57706	DENND1A
GC_57713	1	1	0	1	benign_only	57713	SFMBT2
GC_57817	1	1	0	1	benign_only	57817	HAMP
GC_5782	1	1	0	1	benign_only	5782	PTPN12
GC_57823	1	1	0	1	benign_only	57823	SLAMF7
GC_57863	1	1	1	0	pathogenic_only	57863	CADM3
GC_57864	1	1	0	1	benign_only	57864	SLC46A2
GC_5796	1	1	0	1	benign_only	5796	PTPRK
GC_5797	1	1	0	1	benign_only	5797	PTPRM
GC_58190	1	1	0	1	benign_only	58190	CTDSP1
GC_58191	1	1	0	1	benign_only	58191	CXCL16
GC_5825	1	1	0	1	benign_only	5825	ABCD3
GC_5834	1	1	0	1	benign_only	5834	PYGB
GC_58495	1	1	0	1	benign_only	58495	OVOL2
GC_58506	1	1	0	1	benign_only	58506	SCAF1
GC_5861	1	1	0	1	benign_only	5861	RAB1A
GC_5864	1	1	1	0	pathogenic_only	5864	RAB3A
GC_5878	1	1	1	0	pathogenic_only	5878	RAB5C
GC_5880	1	1	1	0	pathogenic_only	5880	RAC2
GC_5891	1	1	0	1	benign_only	5891	MOK
GC_5893	1	1	0	1	benign_only	5893	RAD52
GC_5900	1	1	0	1	benign_only	5900	RALGDS
GC_5905	1	1	0	1	benign_only	5905	RANGAP1
GC_5916	1	1	0	1	benign_only	5916	RARG
GC_59271	1	1	0	1	benign_only	59271	EVA1C
GC_59277	1	1	0	1	benign_only	59277	NTN4
GC_5930	1	1	0	1	benign_only	5930	RBBP6
GC_5933	1	1	0	1	benign_only	5933	RBL1
GC_59335	1	1	0	1	benign_only	59335	PRDM12
GC_594857	1	1	0	1	benign_only	594857	NPS
GC_5954	1	1	0	1	benign_only	5954	RCN1
GC_5957	1	1	0	1	benign_only	5957	RCVRN
GC_5962	1	1	0	1	benign_only	5962	RDX
GC_5970	1	1	0	1	benign_only	5970	RELA
GC_5971	1	1	0	1	benign_only	5971	RELB
GC_5973	1	1	0	1	benign_only	5973	RENBP
GC_5976	1	1	0	1	benign_only	5976	UPF1
GC_5982	1	1	0	1	benign_only	5982	RFC2
GC_5991	1	1	0	1	benign_only	5991	RFX3
GC_5995	1	1	0	1	benign_only	5995	RGR
GC_5998	1	1	0	1	benign_only	5998	RGS3
GC_6019	1	1	0	1	benign_only	6019	RLN2
GC_6036	1	1	0	1	benign_only	6036	RNASE2
GC_6046	1	1	0	1	benign_only	6046	BRD2
GC_60484	1	1	0	1	benign_only	60484	HAPLN2
GC_60490	1	1	0	1	benign_only	60490	PPCDC
GC_6051	1	1	0	1	benign_only	6051	RNPEP
GC_60526	1	1	0	1	benign_only	60526	LDAH
GC_60675	1	1	0	1	benign_only	60675	PROK2
GC_60677	1	1	0	1	benign_only	60677	CELF6
GC_6093	1	1	0	1	benign_only	6093	ROCK1
GC_611	1	1	0	1	benign_only	611	OPN1SW
GC_6134	1	1	0	1	benign_only	6134	RPL10
GC_6184	1	1	0	1	benign_only	6184	RPN1
GC_6209	1	1	0	1	benign_only	6209	RPS15
GC_6218	1	1	1	0	pathogenic_only	6218	RPS17
GC_6224	1	1	0	1	benign_only	6224	RPS20
GC_624	1	1	0	1	benign_only	624	BDKRB2
GC_6240	1	1	1	0	pathogenic_only	6240	RRM1
GC_6242	1	1	0	1	benign_only	6242	RTKN
GC_6249	1	1	0	1	benign_only	6249	CLIP1
GC_6273	1	1	0	1	benign_only	6273	S100A2
GC_6277	1	1	0	1	benign_only	6277	S100A6
GC_6280	1	1	0	1	benign_only	6280	S100A9
GC_6301	1	1	0	1	benign_only	6301	SARS1
GC_6314	1	1	0	1	benign_only	6314	ATXN7
GC_6322	1	1	0	1	benign_only	6322	SCML1
GC_6355	1	1	0	1	benign_only	6355	CCL8
GC_6356	1	1	0	1	benign_only	6356	CCL11
GC_6367	1	1	0	1	benign_only	6367	CCL22
GC_6370	1	1	0	1	benign_only	6370	CCL25
GC_6383	1	1	0	1	benign_only	6383	SDC2
GC_63899	1	1	0	1	benign_only	63899	NSUN3
GC_63910	1	1	0	1	benign_only	63910	SLC17A9
GC_63923	1	1	0	1	benign_only	63923	TNN
GC_63929	1	1	0	1	benign_only	63929	XPNPEP3
GC_63931	1	1	1	0	pathogenic_only	63931	MRPS14
GC_63950	1	1	0	1	benign_only	63950	DMRTA2
GC_63977	1	1	1	0	pathogenic_only	63977	PRDM15
GC_6400	1	1	0	1	benign_only	6400	SEL1L
GC_6402	1	1	0	1	benign_only	6402	SELL
GC_6404	1	1	0	1	benign_only	6404	SELPLG
GC_64061	1	1	0	1	benign_only	64061	TSPYL2
GC_64078	1	1	0	1	benign_only	64078	SLC28A3
GC_64084	1	1	0	1	benign_only	64084	CLSTN2
GC_64097	1	1	0	1	benign_only	64097	EPB41L4A
GC_64137	1	1	0	1	benign_only	64137	ABCG4
GC_64210	1	1	0	1	benign_only	64210	MMS19
GC_6425	1	1	0	1	benign_only	6425	SFRP5
GC_642636	1	1	0	1	benign_only	642636	RAD21L1
GC_64285	1	1	0	1	benign_only	64285	RHBDF1
GC_64327	1	1	0	1	benign_only	64327	LMBR1
GC_64344	1	1	0	1	benign_only	64344	HIF3A
GC_643641	1	1	0	1	benign_only	643641	ZNF862
GC_643669	1	1	0	1	benign_only	643669	CCER2
GC_64395	1	1	0	1	benign_only	64395	GMCL1
GC_64397	1	1	0	1	benign_only	64397	ZNF106
GC_64399	1	1	0	1	benign_only	64399	HHIP
GC_644	1	1	0	1	benign_only	644	BLVRA
GC_64400	1	1	0	1	benign_only	64400	AKTIP
GC_64405	1	1	0	1	benign_only	64405	CDH22
GC_64418	1	1	0	1	benign_only	64418	TMEM168
GC_645104	1	1	0	1	benign_only	645104	CLRN2
GC_64599	1	1	0	1	benign_only	64599	GIGYF1
GC_646	1	1	0	1	benign_only	646	BNC1
GC_64601	1	1	0	1	benign_only	64601	VPS16
GC_64648	1	1	0	1	benign_only	64648	SPANXD
GC_64651	1	1	0	1	benign_only	64651	CSRNP1
GC_6472	1	1	0	1	benign_only	6472	SHMT2
GC_647589	1	1	0	1	benign_only	647589	ANHX
GC_64761	1	1	0	1	benign_only	64761	PARP12
GC_64772	1	1	0	1	benign_only	64772	ENGASE
GC_64778	1	1	0	1	benign_only	64778	FNDC3B
GC_64781	1	1	0	1	benign_only	64781	CERK
GC_64793	1	1	0	1	benign_only	64793	CEP85
GC_6482	1	1	0	1	benign_only	6482	ST3GAL1
GC_64924	1	1	0	1	benign_only	64924	SLC30A5
GC_6494	1	1	0	1	benign_only	6494	SIPA1
GC_6498	1	1	0	1	benign_only	6498	SKIL
GC_6510	1	1	0	1	benign_only	6510	SLC1A5
GC_65121	1	1	0	1	benign_only	65121	PRAMEF1
GC_6518	1	1	0	1	benign_only	6518	SLC2A5
GC_65243	1	1	0	1	benign_only	65243	ZFP69B
GC_65244	1	1	0	1	benign_only	65244	SPATS2
GC_6525	1	1	0	1	benign_only	6525	SMTN
GC_653073	1	1	0	1	benign_only	653073	GOLGA8J
GC_6531	1	1	0	1	benign_only	6531	SLC6A3
GC_6532	1	1	0	1	benign_only	6532	SLC6A4
GC_6538	1	1	0	1	benign_only	6538	SLC6A11
GC_6540	1	1	0	1	benign_only	6540	SLC6A13
GC_6541	1	1	0	1	benign_only	6541	SLC7A1
GC_6545	1	1	0	1	benign_only	6545	SLC7A4
GC_655	1	1	0	1	benign_only	655	BMP7
GC_6556	1	1	0	1	benign_only	6556	SLC11A1
GC_656	1	1	0	1	benign_only	656	BMP8B
GC_6564	1	1	0	1	benign_only	6564	SLC15A1
GC_6574	1	1	0	1	benign_only	6574	SLC20A1
GC_6591	1	1	0	1	benign_only	6591	SNAI2
GC_65981	1	1	0	1	benign_only	65981	CAPRIN2
GC_65985	1	1	0	1	benign_only	65985	AACS
GC_6602	1	1	0	1	benign_only	6602	SMARCD1
GC_6612	1	1	0	1	benign_only	6612	SUMO3
GC_6614	1	1	0	1	benign_only	6614	SIGLEC1
GC_6615	1	1	0	1	benign_only	6615	SNAI1
GC_6621	1	1	0	1	benign_only	6621	SNAPC4
GC_6623	1	1	0	1	benign_only	6623	SNCG
GC_6628	1	1	0	1	benign_only	6628	SNRPB
GC_6646	1	1	0	1	benign_only	6646	SOAT1
GC_6670	1	1	0	1	benign_only	6670	SP3
GC_6678	1	1	0	1	benign_only	6678	SPARC
GC_6700	1	1	0	1	benign_only	6700	SPRR2A
GC_6707	1	1	0	1	benign_only	6707	SPRR3
GC_6714	1	1	0	1	benign_only	6714	SRC
GC_6742	1	1	1	0	pathogenic_only	6742	SSBP1
GC_6748	1	1	0	1	benign_only	6748	SSR4
GC_6749	1	1	0	1	benign_only	6749	SSRP1
GC_6750	1	1	0	1	benign_only	6750	SST
GC_6756	1	1	0	1	benign_only	6756	SSX1
GC_6767	1	1	0	1	benign_only	6767	ST13
GC_6776	1	1	0	1	benign_only	6776	STAT5A
GC_6777	1	1	0	1	benign_only	6777	STAT5B
GC_6778	1	1	0	1	benign_only	6778	STAT6
GC_6809	1	1	0	1	benign_only	6809	STX3
GC_6822	1	1	0	1	benign_only	6822	SULT2A1
GC_6847	1	1	0	1	benign_only	6847	SYCP1
GC_685	1	1	0	1	benign_only	685	BTC
GC_6850	1	1	0	1	benign_only	6850	SYK
GC_6866	1	1	0	1	benign_only	6866	TAC3
GC_688	1	1	0	1	benign_only	688	KLF5
GC_6884	1	1	1	0	pathogenic_only	6884	TAF13
GC_6894	1	1	0	1	benign_only	6894	TARBP1
GC_6945	1	1	0	1	benign_only	6945	MLX
GC_699	1	1	0	1	benign_only	699	BUB1
GC_6997	1	1	0	1	benign_only	6997	CRIPTO
GC_7003	1	1	0	1	benign_only	7003	TEAD1
GC_7019	1	1	0	1	benign_only	7019	TFAM
GC_7023	1	1	0	1	benign_only	7023	TFAP4
GC_7026	1	1	1	0	pathogenic_only	7026	NR2F2
GC_7032	1	1	0	1	benign_only	7032	TFF2
GC_7039	1	1	0	1	benign_only	7039	TGFA
GC_7047	1	1	0	1	benign_only	7047	TGM4
GC_7057	1	1	0	1	benign_only	7057	THBS1
GC_7074	1	1	0	1	benign_only	7074	TIAM1
GC_7082	1	1	0	1	benign_only	7082	TJP1
GC_7092	1	1	0	1	benign_only	7092	TLL1
GC_7124	1	1	0	1	benign_only	7124	TNF
GC_713	1	1	0	1	benign_only	713	C1QB
GC_7161	1	1	0	1	benign_only	7161	TP73
GC_7165	1	1	0	1	benign_only	7165	TPD52L2
GC_7167	1	1	1	0	pathogenic_only	7167	TPI1
GC_7187	1	1	0	1	benign_only	7187	TRAF3
GC_7201	1	1	0	1	benign_only	7201	TRHR
GC_7205	1	1	0	1	benign_only	7205	TRIP6
GC_727832	1	1	0	1	benign_only	727832	GOLGA6L6
GC_727851	1	1	0	1	benign_only	727851	RGPD8
GC_727857	1	1	0	1	benign_only	727857	BHLHA9
GC_727936	1	1	0	1	benign_only	727936	GXYLT2
GC_728224	1	1	0	1	benign_only	728224	KRTAP4-8
GC_728458	1	1	0	1	benign_only	728458	OPN1MW2
GC_7286	1	1	0	1	benign_only	7286	TUFT1
GC_729085	1	1	0	1	benign_only	729085	GASK1A
GC_729330	1	1	0	1	benign_only	729330	OC90
GC_729359	1	1	0	1	benign_only	729359	PLIN4
GC_7318	1	1	0	1	benign_only	7318	UBA7
GC_734	1	1	0	1	benign_only	734	OSGIN2
GC_7345	1	1	0	1	benign_only	7345	UCHL1
GC_7350	1	1	0	1	benign_only	7350	UCP1
GC_7360	1	1	1	0	pathogenic_only	7360	UGP2
GC_7368	1	1	0	1	benign_only	7368	UGT8
GC_7374	1	1	0	1	benign_only	7374	UNG
GC_7379	1	1	0	1	benign_only	7379	UPK2
GC_740	1	1	1	0	pathogenic_only	740	MRPL49
GC_7405	1	1	0	1	benign_only	7405	UVRAG
GC_7408	1	1	0	1	benign_only	7408	VASP
GC_7412	1	1	0	1	benign_only	7412	VCAM1
GC_7423	1	1	0	1	benign_only	7423	VEGFB
GC_7425	1	1	0	1	benign_only	7425	VGF
GC_7430	1	1	0	1	benign_only	7430	EZR
GC_7434	1	1	0	1	benign_only	7434	VIPR2
GC_7456	1	1	0	1	benign_only	7456	WIPF1
GC_7461	1	1	0	1	benign_only	7461	CLIP2
GC_7465	1	1	0	1	benign_only	7465	WEE1
GC_7472	1	1	0	1	benign_only	7472	WNT2
GC_7476	1	1	1	0	pathogenic_only	7476	WNT7A
GC_7479	1	1	0	1	benign_only	7479	WNT8B
GC_7481	1	1	0	1	benign_only	7481	WNT11
GC_7538	1	1	0	1	benign_only	7538	ZFP36
GC_754	1	1	0	1	benign_only	754	PTTG1IP
GC_7543	1	1	1	0	pathogenic_only	7543	ZFX
GC_7546	1	1	0	1	benign_only	7546	ZIC2
GC_7582	1	1	0	1	benign_only	7582	ZNF33B
GC_7644	1	1	0	1	benign_only	7644	ZNF91
GC_767	1	1	0	1	benign_only	767	CA8
GC_7681	1	1	0	1	benign_only	7681	MKRN3
GC_7690	1	1	0	1	benign_only	7690	ZNF131
GC_7704	1	1	0	1	benign_only	7704	ZBTB16
GC_7706	1	1	0	1	benign_only	7706	TRIM25
GC_7707	1	1	0	1	benign_only	7707	ZNF148
GC_771	1	1	0	1	benign_only	771	CA12
GC_7712	1	1	0	1	benign_only	7712	ZNF157
GC_7764	1	1	0	1	benign_only	7764	ZNF217
GC_7768	1	1	0	1	benign_only	7768	ZNF225
GC_7771	1	1	0	1	benign_only	7771	ZNF112
GC_7772	1	1	0	1	benign_only	7772	ZNF229
GC_7783	1	1	0	1	benign_only	7783	ZP2
GC_7786	1	1	0	1	benign_only	7786	MAP3K12
GC_7802	1	1	0	1	benign_only	7802	DNALI1
GC_7804	1	1	0	1	benign_only	7804	LRP8
GC_785	1	1	0	1	benign_only	785	CACNB4
GC_7850	1	1	0	1	benign_only	7850	IL1R2
GC_7855	1	1	0	1	benign_only	7855	FZD5
GC_7866	1	1	0	1	benign_only	7866	IFRD2
GC_7869	1	1	0	1	benign_only	7869	SEMA3B
GC_7871	1	1	0	1	benign_only	7871	SLMAP
GC_79001	1	1	0	1	benign_only	79001	VKORC1
GC_79009	1	1	0	1	benign_only	79009	DDX50
GC_79017	1	1	0	1	benign_only	79017	GGCT
GC_79027	1	1	0	1	benign_only	79027	ZNF655
GC_79132	1	1	0	1	benign_only	79132	DHX58
GC_79135	1	1	0	1	benign_only	79135	APOO
GC_79143	1	1	0	1	benign_only	79143	MBOAT7
GC_79159	1	1	0	1	benign_only	79159	NOL12
GC_79168	1	1	0	1	benign_only	79168	LILRA6
GC_79345	1	1	0	1	benign_only	79345	OR51B2
GC_79411	1	1	0	1	benign_only	79411	GLB1L
GC_79412	1	1	0	1	benign_only	79412	KREMEN2
GC_79582	1	1	0	1	benign_only	79582	SPAG16
GC_79589	1	1	0	1	benign_only	79589	RNF128
GC_79594	1	1	0	1	benign_only	79594	MUL1
GC_79603	1	1	0	1	benign_only	79603	CERS4
GC_79605	1	1	0	1	benign_only	79605	PGBD5
GC_79643	1	1	0	1	benign_only	79643	CHMP6
GC_79649	1	1	0	1	benign_only	79649	MAP7D3
GC_79654	1	1	0	1	benign_only	79654	HECTD3
GC_79658	1	1	0	1	benign_only	79658	ARHGAP10
GC_79670	1	1	0	1	benign_only	79670	TUT7
GC_79671	1	1	0	1	benign_only	79671	NLRX1
GC_79683	1	1	0	1	benign_only	79683	ZDHHC14
GC_79742	1	1	0	1	benign_only	79742	DIPK2B
GC_79744	1	1	0	1	benign_only	79744	ZNF419
GC_79778	1	1	0	1	benign_only	79778	MICALL2
GC_7978	1	1	0	1	benign_only	7978	MTERF1
GC_79780	1	1	0	1	benign_only	79780	CCDC82
GC_79783	1	1	0	1	benign_only	79783	SUGCT
GC_7980	1	1	0	1	benign_only	7980	TFPI2
GC_79801	1	1	0	1	benign_only	79801	SHCBP1
GC_79802	1	1	0	1	benign_only	79802	HHIPL2
GC_79814	1	1	0	1	benign_only	79814	AGMAT
GC_7982	1	1	0	1	benign_only	7982	ST7
GC_79822	1	1	0	1	benign_only	79822	ARHGAP28
GC_79827	1	1	0	1	benign_only	79827	CLMP
GC_79831	1	1	0	1	benign_only	79831	KDM8
GC_79861	1	1	0	1	benign_only	79861	TUBAL3
GC_79885	1	1	0	1	benign_only	79885	HDAC11
GC_79891	1	1	0	1	benign_only	79891	ZNF671
GC_79895	1	1	0	1	benign_only	79895	ATP8B4
GC_79901	1	1	0	1	benign_only	79901	CYBRD1
GC_79903	1	1	0	1	benign_only	79903	NAA60
GC_79905	1	1	0	1	benign_only	79905	TMC7
GC_79908	1	1	0	1	benign_only	79908	BTNL8
GC_7991	1	1	0	1	benign_only	7991	TUSC3
GC_79922	1	1	0	1	benign_only	79922	MRM1
GC_79960	1	1	0	1	benign_only	79960	JADE1
GC_79974	1	1	0	1	benign_only	79974	CPED1
GC_79989	1	1	1	0	pathogenic_only	79989	IFT56
GC_80004	1	1	0	1	benign_only	80004	ESRP2
GC_80010	1	1	0	1	benign_only	80010	RMI1
GC_80018	1	1	0	1	benign_only	80018	NAA25
GC_80023	1	1	0	1	benign_only	80023	NRSN2
GC_80070	1	1	0	1	benign_only	80070	ADAMTS20
GC_80125	1	1	0	1	benign_only	80125	CCDC33
GC_80142	1	1	0	1	benign_only	80142	PTGES2
GC_80152	1	1	0	1	benign_only	80152	CENPT
GC_80168	1	1	0	1	benign_only	80168	MOGAT2
GC_80198	1	1	0	1	benign_only	80198	MUS81
GC_80209	1	1	0	1	benign_only	80209	PROSER1
GC_80224	1	1	1	0	pathogenic_only	80224	NUBPL
GC_80255	1	1	0	1	benign_only	80255	SLC35F5
GC_80274	1	1	0	1	benign_only	80274	SCUBE1
GC_80331	1	1	1	0	pathogenic_only	80331	DNAJC5
GC_80344	1	1	0	1	benign_only	80344	DCAF11
GC_80726	1	1	0	1	benign_only	80726	IQCN
GC_80760	1	1	0	1	benign_only	80760	ITIH5
GC_80831	1	1	0	1	benign_only	80831	APOL5
GC_80834	1	1	0	1	benign_only	80834	TAS1R2
GC_80856	1	1	0	1	benign_only	80856	LNPK
GC_8091	1	1	0	1	benign_only	8091	HMGA2
GC_81035	1	1	0	1	benign_only	81035	COLEC12
GC_81050	1	1	0	1	benign_only	81050	OR5AC2
GC_811	1	1	0	1	benign_only	811	CALR
GC_8111	1	1	0	1	benign_only	8111	GPR68
GC_8115	1	1	0	1	benign_only	8115	TCL1A
GC_81501	1	1	0	1	benign_only	81501	DCSTAMP
GC_81609	1	1	0	1	benign_only	81609	SNX27
GC_8161	1	1	0	1	benign_only	8161	COIL
GC_81615	1	1	1	0	pathogenic_only	81615	TMEM163
GC_817	1	1	0	1	benign_only	817	CAMK2D
GC_8178	1	1	0	1	benign_only	8178	ELL
GC_81793	1	1	0	1	benign_only	81793	TLR10
GC_818	1	1	1	0	pathogenic_only	818	CAMK2G
GC_81831	1	1	0	1	benign_only	81831	NETO2
GC_81832	1	1	0	1	benign_only	81832	NETO1
GC_81931	1	1	0	1	benign_only	81931	ZNF93
GC_8202	1	1	0	1	benign_only	8202	NCOA3
GC_824	1	1	0	1	benign_only	824	CAPN2
GC_8269	1	1	0	1	benign_only	8269	TMEM187
GC_827	1	1	0	1	benign_only	827	CAPN6
GC_8324	1	1	0	1	benign_only	8324	FZD7
GC_834	1	1	0	1	benign_only	834	CASP1
GC_83439	1	1	0	1	benign_only	83439	TCF7L1
GC_83452	1	1	0	1	benign_only	83452	RAB33B
GC_83481	1	1	0	1	benign_only	83481	EPPK1
GC_83538	1	1	0	1	benign_only	83538	ODAD4
GC_83541	1	1	0	1	benign_only	83541	FAM110A
GC_83607	1	1	0	1	benign_only	83607	AMMECR1L
GC_8364	1	1	1	0	pathogenic_only	8364	H4C3
GC_83641	1	1	0	1	benign_only	83641	FAM107B
GC_83692	1	1	0	1	benign_only	83692	CD99L2
GC_83695	1	1	0	1	benign_only	83695	RHNO1
GC_83743	1	1	0	1	benign_only	83743	GRWD1
GC_8379	1	1	0	1	benign_only	8379	MAD1L1
GC_8383	1	1	0	1	benign_only	8383	OR1A1
GC_83860	1	1	0	1	benign_only	83860	TAF3
GC_83874	1	1	0	1	benign_only	83874	TBC1D10A
GC_83882	1	1	0	1	benign_only	83882	TSPAN10
GC_83900	1	1	0	1	benign_only	83900	KRTAP9-3
GC_83992	1	1	0	1	benign_only	83992	CTTNBP2
GC_83998	1	1	0	1	benign_only	83998	REG4
GC_840	1	1	0	1	benign_only	840	CASP7
GC_8406	1	1	0	1	benign_only	8406	SRPX
GC_84072	1	1	0	1	benign_only	84072	HORMAD1
GC_84075	1	1	0	1	benign_only	84075	FSCB
GC_84083	1	1	0	1	benign_only	84083	ZRANB3
GC_8411	1	1	0	1	benign_only	8411	EEA1
GC_8412	1	1	0	1	benign_only	8412	BCAR3
GC_84148	1	1	1	0	pathogenic_only	84148	KAT8
GC_84152	1	1	0	1	benign_only	84152	PPP1R1B
GC_84153	1	1	1	0	pathogenic_only	84153	RNASEH2C
GC_84162	1	1	0	1	benign_only	84162	BLTP1
GC_84224	1	1	0	1	benign_only	84224	NBPF3
GC_84225	1	1	0	1	benign_only	84225	ZMYND15
GC_84230	1	1	0	1	benign_only	84230	LRRC8C
GC_84255	1	1	0	1	benign_only	84255	SLC37A3
GC_84256	1	1	0	1	benign_only	84256	FLYWCH1
GC_84263	1	1	0	1	benign_only	84263	HSDL2
GC_84268	1	1	0	1	benign_only	84268	RPAIN
GC_84313	1	1	0	1	benign_only	84313	VPS25
GC_84417	1	1	0	1	benign_only	84417	ECRG4
GC_84435	1	1	0	1	benign_only	84435	ADGRA1
GC_84441	1	1	0	1	benign_only	84441	MAML2
GC_84444	1	1	0	1	benign_only	84444	DOT1L
GC_84447	1	1	0	1	benign_only	84447	SYVN1
GC_8449	1	1	1	0	pathogenic_only	8449	DHX16
GC_84532	1	1	0	1	benign_only	84532	ACSS1
GC_84547	1	1	0	1	benign_only	84547	PGBD1
GC_84570	1	1	0	1	benign_only	84570	COL25A1
GC_84612	1	1	0	1	benign_only	84612	PARD6B
GC_84616	1	1	0	1	benign_only	84616	KRTAP4-4
GC_84618	1	1	0	1	benign_only	84618	NT5C1A
GC_84624	1	1	0	1	benign_only	84624	FNDC1
GC_84630	1	1	0	1	benign_only	84630	TTBK1
GC_84643	1	1	0	1	benign_only	84643	KIF2B
GC_84676	1	1	0	1	benign_only	84676	TRIM63
GC_84680	1	1	0	1	benign_only	84680	ACCS
GC_84687	1	1	0	1	benign_only	84687	PPP1R9B
GC_8470	1	1	0	1	benign_only	8470	SORBS2
GC_84707	1	1	0	1	benign_only	84707	BEX2
GC_84767	1	1	0	1	benign_only	84767	TRIM51
GC_84769	1	1	0	1	benign_only	84769	MPV17L2
GC_84775	1	1	0	1	benign_only	84775	ZNF607
GC_84803	1	1	0	1	benign_only	84803	GPAT3
GC_84811	1	1	0	1	benign_only	84811	BUD13
GC_84817	1	1	0	1	benign_only	84817	TXNDC17
GC_8482	1	1	0	1	benign_only	8482	SEMA7A
GC_84879	1	1	0	1	benign_only	84879	MFSD2A
GC_84920	1	1	0	1	benign_only	84920	ALG10
GC_84939	1	1	0	1	benign_only	84939	PWWP3A
GC_84944	1	1	0	1	benign_only	84944	MAEL
GC_8495	1	1	0	1	benign_only	8495	PPFIBP2
GC_84951	1	1	0	1	benign_only	84951	TNS4
GC_84952	1	1	0	1	benign_only	84952	CGNL1
GC_8496	1	1	0	1	benign_only	8496	PPFIBP1
GC_84969	1	1	0	1	benign_only	84969	TOX2
GC_8498	1	1	0	1	benign_only	8498	RANBP3
GC_8499	1	1	0	1	benign_only	8499	PPFIA2
GC_8500	1	1	0	1	benign_only	8500	PPFIA1
GC_8501	1	1	0	1	benign_only	8501	SLC43A1
GC_8504	1	1	0	1	benign_only	8504	PEX3
GC_8513	1	1	0	1	benign_only	8513	LIPF
GC_8522	1	1	0	1	benign_only	8522	GAS7
GC_8526	1	1	0	1	benign_only	8526	DGKE
GC_8528	1	1	0	1	benign_only	8528	DDO
GC_8529	1	1	0	1	benign_only	8529	CYP4F2
GC_8532	1	1	0	1	benign_only	8532	CPZ
GC_8538	1	1	0	1	benign_only	8538	BARX2
GC_85406	1	1	0	1	benign_only	85406	DNAJC14
GC_85416	1	1	0	1	benign_only	85416	ZIC5
GC_85438	1	1	0	1	benign_only	85438	CABS1
GC_85449	1	1	0	1	benign_only	85449	KIAA1755
GC_85458	1	1	0	1	benign_only	85458	DIXDC1
GC_85460	1	1	0	1	benign_only	85460	ZNF518B
GC_8548	1	1	0	1	benign_only	8548	BLZF1
GC_8563	1	1	0	1	benign_only	8563	THOC5
GC_8568	1	1	0	1	benign_only	8568	RRP1
GC_8574	1	1	0	1	benign_only	8574	AKR7A2
GC_8578	1	1	0	1	benign_only	8578	SCARF1
GC_858	1	1	0	1	benign_only	858	CAV2
GC_8602	1	1	0	1	benign_only	8602	NOP14
GC_8603	1	1	0	1	benign_only	8603	FAM193A
GC_8608	1	1	0	1	benign_only	8608	RDH16
GC_863	1	1	0	1	benign_only	863	CBFA2T3
GC_8665	1	1	1	0	pathogenic_only	8665	EIF3F
GC_8672	1	1	0	1	benign_only	8672	EIF4G3
GC_8727	1	1	0	1	benign_only	8727	CTNNAL1
GC_8743	1	1	0	1	benign_only	8743	TNFSF10
GC_8744	1	1	0	1	benign_only	8744	TNFSF9
GC_8766	1	1	1	0	pathogenic_only	8766	RAB11A
GC_8767	1	1	0	1	benign_only	8767	RIPK2
GC_8778	1	1	0	1	benign_only	8778	SIGLEC5
GC_8805	1	1	0	1	benign_only	8805	TRIM24
GC_8807	1	1	0	1	benign_only	8807	IL18RAP
GC_881	1	1	0	1	benign_only	881	CCIN
GC_8833	1	1	0	1	benign_only	8833	GMPS
GC_8840	1	1	0	1	benign_only	8840	CCN4
GC_8853	1	1	0	1	benign_only	8853	ASAP2
GC_8854	1	1	0	1	benign_only	8854	ALDH1A2
GC_8871	1	1	0	1	benign_only	8871	SYNJ2
GC_8877	1	1	0	1	benign_only	8877	SPHK1
GC_8882	1	1	0	1	benign_only	8882	ZPR1
GC_8905	1	1	0	1	benign_only	8905	AP1S2
GC_8940	1	1	0	1	benign_only	8940	TOP3B
GC_89780	1	1	0	1	benign_only	89780	WNT3A
GC_89792	1	1	0	1	benign_only	89792	GAL3ST3
GC_89796	1	1	0	1	benign_only	89796	NAV1
GC_8986	1	1	0	1	benign_only	8986	RPS6KA4
GC_89885	1	1	0	1	benign_only	89885	FATE1
GC_8991	1	1	0	1	benign_only	8991	SELENBP1
GC_8994	1	1	0	1	benign_only	8994	LIMD1
GC_89941	1	1	0	1	benign_only	89941	RHOT2
GC_89970	1	1	0	1	benign_only	89970	RSPRY1
GC_89978	1	1	0	1	benign_only	89978	DPH6
GC_9	1	1	0	1	benign_only	9	NAT1
GC_9002	1	1	0	1	benign_only	9002	F2RL3
GC_90139	1	1	0	1	benign_only	90139	TSPAN18
GC_90161	1	1	0	1	benign_only	90161	HS6ST2
GC_9026	1	1	0	1	benign_only	9026	HIP1R
GC_90342	1	1	0	1	benign_only	90342	FER1L5
GC_9038	1	1	0	1	benign_only	9038	TAAR5
GC_90390	1	1	0	1	benign_only	90390	MED30
GC_9046	1	1	0	1	benign_only	9046	DOK2
GC_9052	1	1	0	1	benign_only	9052	GPRC5A
GC_90523	1	1	0	1	benign_only	90523	MLIP
GC_9063	1	1	0	1	benign_only	9063	PIAS2
GC_90853	1	1	0	1	benign_only	90853	SPOCD1
GC_9095	1	1	0	1	benign_only	9095	TBX19
GC_9103	1	1	0	1	benign_only	9103	FCGR2C
GC_9104	1	1	0	1	benign_only	9104	RGN
GC_9112	1	1	0	1	benign_only	9112	MTA1
GC_9113	1	1	0	1	benign_only	9113	LATS1
GC_912	1	1	0	1	benign_only	912	CD1D
GC_9122	1	1	0	1	benign_only	9122	SLC16A4
GC_9123	1	1	0	1	benign_only	9123	SLC16A3
GC_913	1	1	0	1	benign_only	913	CD1E
GC_9141	1	1	0	1	benign_only	9141	PDCD5
GC_9146	1	1	0	1	benign_only	9146	HGS
GC_91464	1	1	0	1	benign_only	91464	ISX
GC_915	1	1	0	1	benign_only	915	CD3D
GC_91543	1	1	0	1	benign_only	91543	RSAD2
GC_91574	1	1	0	1	benign_only	91574	MTRFR
GC_91607	1	1	0	1	benign_only	91607	SLFN11
GC_91614	1	1	0	1	benign_only	91614	DEPDC7
GC_91664	1	1	0	1	benign_only	91664	ZNF845
GC_9177	1	1	0	1	benign_only	9177	HTR3B
GC_9181	1	1	0	1	benign_only	9181	ARHGEF2
GC_9194	1	1	0	1	benign_only	9194	SLC16A7
GC_91942	1	1	1	0	pathogenic_only	91942	NDUFAF2
GC_91947	1	1	0	1	benign_only	91947	ARRDC4
GC_91978	1	1	0	1	benign_only	91978	TPGS1
GC_92086	1	1	0	1	benign_only	92086	GGTLC1
GC_9209	1	1	0	1	benign_only	9209	LRRFIP2
GC_9212	1	1	0	1	benign_only	9212	AURKB
GC_9213	1	1	0	1	benign_only	9213	XPR1
GC_92140	1	1	0	1	benign_only	92140	MTDH
GC_9221	1	1	0	1	benign_only	9221	NOLC1
GC_9223	1	1	0	1	benign_only	9223	MAGI1
GC_92235	1	1	0	1	benign_only	92235	STYXL2
GC_92421	1	1	0	1	benign_only	92421	CHMP4C
GC_92482	1	1	0	1	benign_only	92482	BBIP1
GC_92565	1	1	0	1	benign_only	92565	FANK1
GC_9258	1	1	0	1	benign_only	9258	MFHAS1
GC_9263	1	1	0	1	benign_only	9263	STK17A
GC_92737	1	1	0	1	benign_only	92737	DNER
GC_92745	1	1	0	1	benign_only	92745	SLC38A5
GC_9276	1	1	0	1	benign_only	9276	COPB2
GC_9290	1	1	0	1	benign_only	9290	GPR55
GC_92949	1	1	0	1	benign_only	92949	ADAMTSL1
GC_9311	1	1	0	1	benign_only	9311	ASIC3
GC_9319	1	1	0	1	benign_only	9319	TRIP13
GC_9326	1	1	1	0	pathogenic_only	9326	ZNHIT3
GC_9331	1	1	0	1	benign_only	9331	B4GALT6
GC_93377	1	1	0	1	benign_only	93377	OPALIN
GC_9364	1	1	1	0	pathogenic_only	9364	RAB28
GC_9369	1	1	0	1	benign_only	9369	NRXN3
GC_9392	1	1	0	1	benign_only	9392	TGFBRAP1
GC_93953	1	1	0	1	benign_only	93953	GCNA
GC_94056	1	1	0	1	benign_only	94056	SYAP1
GC_941	1	1	0	1	benign_only	941	CD80
GC_9411	1	1	0	1	benign_only	9411	ARHGAP29
GC_94122	1	1	0	1	benign_only	94122	SYTL5
GC_9421	1	1	0	1	benign_only	9421	HAND1
GC_94233	1	1	0	1	benign_only	94233	OPN4
GC_94240	1	1	0	1	benign_only	94240	EPSTI1
GC_947	1	1	0	1	benign_only	947	CD34
GC_9475	1	1	0	1	benign_only	9475	ROCK2
GC_9476	1	1	0	1	benign_only	9476	NAPSA
GC_9479	1	1	0	1	benign_only	9479	MAPK8IP1
GC_948	1	1	0	1	benign_only	948	CD36
GC_9491	1	1	0	1	benign_only	9491	PSMF1
GC_9500	1	1	0	1	benign_only	9500	MAGED1
GC_9513	1	1	0	1	benign_only	9513	FXR2
GC_9514	1	1	0	1	benign_only	9514	GAL3ST1
GC_9518	1	1	0	1	benign_only	9518	GDF15
GC_9536	1	1	0	1	benign_only	9536	PTGES
GC_954	1	1	0	1	benign_only	954	ENTPD2
GC_9542	1	1	0	1	benign_only	9542	NRG2
GC_9543	1	1	0	1	benign_only	9543	IGDCC3
GC_9552	1	1	0	1	benign_only	9552	SPAG7
GC_9575	1	1	0	1	benign_only	9575	CLOCK
GC_9592	1	1	0	1	benign_only	9592	IER2
GC_9601	1	1	0	1	benign_only	9601	PDIA4
GC_9607	1	1	0	1	benign_only	9607	CARTPT
GC_9610	1	1	0	1	benign_only	9610	RIN1
GC_9618	1	1	0	1	benign_only	9618	TRAF4
GC_962	1	1	0	1	benign_only	962	CD48
GC_9630	1	1	0	1	benign_only	9630	GNA14
GC_9632	1	1	0	1	benign_only	9632	SEC24C
GC_9638	1	1	0	1	benign_only	9638	FEZ1
GC_9644	1	1	0	1	benign_only	9644	SH3PXD2A
GC_9647	1	1	0	1	benign_only	9647	PPM1F
GC_966	1	1	1	0	pathogenic_only	966	CD59
GC_9666	1	1	0	1	benign_only	9666	DZIP3
GC_9668	1	1	0	1	benign_only	9668	ZNF432
GC_9669	1	1	0	1	benign_only	9669	EIF5B
GC_9671	1	1	0	1	benign_only	9671	WSCD2
GC_9672	1	1	0	1	benign_only	9672	SDC3
GC_968	1	1	0	1	benign_only	968	CD68
GC_9682	1	1	0	1	benign_only	9682	KDM4A
GC_9706	1	1	0	1	benign_only	9706	ULK2
GC_9754	1	1	0	1	benign_only	9754	STARD8
GC_976	1	1	0	1	benign_only	976	ADGRE5
GC_9765	1	1	0	1	benign_only	9765	ZFYVE16
GC_977	1	1	0	1	benign_only	977	CD151
GC_9774	1	1	0	1	benign_only	9774	BCLAF1
GC_9856	1	1	0	1	benign_only	9856	KIAA0319
GC_9859	1	1	0	1	benign_only	9859	CEP170
GC_9862	1	1	0	1	benign_only	9862	MED24
GC_9891	1	1	0	1	benign_only	9891	NUAK1
GC_9901	1	1	0	1	benign_only	9901	SRGAP3
GC_991	1	1	0	1	benign_only	991	CDC20
GC_9911	1	1	0	1	benign_only	9911	TMCC2
GC_9921	1	1	0	1	benign_only	9921	RNF10
GC_9924	1	1	0	1	benign_only	9924	PAN2
GC_993	1	1	0	1	benign_only	993	CDC25A
GC_9950	1	1	0	1	benign_only	9950	GOLGA5
GC_9953	1	1	0	1	benign_only	9953	HS3ST3B1
GC_9960	1	1	0	1	benign_only	9960	USP3
GC_9966	1	1	0	1	benign_only	9966	TNFSF15
GC_9971	1	1	0	1	benign_only	9971	NR1H4
GC_9982	1	1	0	1	benign_only	9982	FGFBP1
