gene_symbol	gene_id	total_records	pathogenic_records	benign_records	pathogenic_fraction	benchmark_record_fraction	class_profile	chromosome_count	chromosomes
FBN1	2200	600	578	22	0.963333	0.009199	mixed	1	15
LDLR	3949	519	506	13	0.974952	0.007957	mixed	1	19
PAH	5053	427	425	2	0.995316	0.006547	mixed	1	12
TTN	7273	370	9	361	0.024324	0.005673	mixed	1	2
BRCA1	672	368	166	202	0.451087	0.005642	mixed	1	17
GCK	2645	316	306	10	0.968354	0.004845	mixed	1	7
BRCA2	675	313	97	216	0.309904	0.004799	mixed	1	13
NF1	4763	308	282	26	0.915584	0.004722	mixed	1	17
ABCA4	24	300	287	13	0.956667	0.004600	mixed	1	1
SCN1A	6323	294	271	23	0.921769	0.004508	mixed	1	2
TP53	7157	288	209	79	0.725694	0.004416	mixed	1	17
KMT2D	8085	260	24	236	0.092308	0.003986	mixed	1	12
RPL36A-HNRNPH2	100529097	254	251	3	0.988189	0.003894	mixed	1	X
GLA	2717	251	248	3	0.988048	0.003848	mixed	1	X
COL4A5	1287	242	215	27	0.888430	0.003710	mixed	1	X
USH2A	7399	236	149	87	0.631356	0.003618	mixed	1	1
ALPL	249	213	206	7	0.967136	0.003266	mixed	1	1
PTEN	5728	206	191	15	0.927184	0.003158	mixed	1	10
MYH7	4625	201	189	12	0.940299	0.003082	mixed	1	14
MECP2	4204	196	73	123	0.372449	0.003005	mixed	1	X
COL1A2	1278	194	183	11	0.943299	0.002974	mixed	1	7
MSH2	4436	185	127	58	0.686486	0.002836	mixed	1	2
GAA	2548	182	165	17	0.906593	0.002790	mixed	1	17
TSC2	7249	182	72	110	0.395604	0.002790	mixed	1	16
CFTR	1080	181	178	3	0.983425	0.002775	mixed	1	7
CDKL5	6792	178	114	64	0.640449	0.002729	mixed	1	X
MLH1	4292	175	143	32	0.817143	0.002683	mixed	1	3
COL7A1	1294	157	121	36	0.770701	0.002407	mixed	1	3
RYR1	6261	157	109	48	0.694268	0.002407	mixed	1	19
TTN-AS1	100506866	157	6	151	0.038217	0.002407	mixed	1	2
HNF1A	6927	156	122	34	0.782051	0.002392	mixed	1	12
NOTCH3	4854	156	111	45	0.711538	0.002392	mixed	1	19
CCDST	339400	154	0	154	0.000000	0.002361	benign_only	1	1
COL3A1	1281	153	140	13	0.915033	0.002346	mixed	1	2
COL1A1	1277	150	132	18	0.880000	0.002300	mixed	1	17
COL4A3	1285	146	126	20	0.863014	0.002239	mixed	1	2
FLG	2312	145	0	145	0.000000	0.002223	benign_only	1	1
DMD	1756	144	9	135	0.062500	0.002208	mixed	1	X
KCNQ2	3785	143	129	14	0.902098	0.002193	mixed	1	20
KCNQ1	3784	141	132	9	0.936170	0.002162	mixed	1	11
LOC102724058	102724058	141	130	11	0.921986	0.002162	mixed	1	2
MFF-DT	654841	141	123	18	0.872340	0.002162	mixed	1	2
DNAH11	8701	138	8	130	0.057971	0.002116	mixed	1	7
F8	2157	134	114	20	0.850746	0.002055	mixed	1	X
ANKRD11	29123	131	8	123	0.061069	0.002009	mixed	1	16
SLC26A4	5172	131	117	14	0.893130	0.002009	mixed	1	7
COL2A1	1280	130	117	13	0.900000	0.001993	mixed	1	12
KAT6A	7994	129	1	128	0.007752	0.001978	mixed	1	8
OBSCN	84033	128	0	128	0.000000	0.001963	benign_only	1	1
ATP7B	540	127	116	11	0.913386	0.001947	mixed	1	13
SCN2A	6326	126	112	14	0.888889	0.001932	mixed	1	2
IDS	3423	124	105	19	0.846774	0.001901	mixed	1	X
NSD1	64324	123	30	93	0.243902	0.001886	mixed	1	5
PKD1	5310	123	37	86	0.300813	0.001886	mixed	1	16
KMT2C	58508	122	0	122	0.000000	0.001871	benign_only	1	7
CACNA1E	777	120	6	114	0.050000	0.001840	mixed	1	1
VWF	7450	117	88	29	0.752137	0.001794	mixed	1	12
BEST1	7439	114	106	8	0.929825	0.001748	mixed	1	11
GCDH	2639	114	110	4	0.964912	0.001748	mixed	1	19
PKHD1	5314	114	83	31	0.728070	0.001748	mixed	1	6
RAI1	10743	114	0	114	0.000000	0.001748	benign_only	1	17
VHL	7428	114	106	8	0.929825	0.001748	mixed	1	3
DYSF	8291	113	86	27	0.761062	0.001733	mixed	1	2
NPC1	4864	112	101	11	0.901786	0.001717	mixed	1	18
RS1	6247	111	80	31	0.720721	0.001702	mixed	1	X
ADGRV1	84059	110	5	105	0.045455	0.001687	mixed	1	5
SYNE2	23224	110	0	110	0.000000	0.001687	benign_only	1	14
ATM	472	109	75	34	0.688073	0.001671	mixed	1	11
MSH6	2956	109	51	58	0.467890	0.001671	mixed	1	2
COL4A4	1286	108	88	20	0.814815	0.001656	mixed	1	2
RPE65	6121	106	100	6	0.943396	0.001625	mixed	1	1
KMT2B	9757	105	6	99	0.057143	0.001610	mixed	1	19
PTPN11	5781	105	98	7	0.933333	0.001610	mixed	1	12
ACVRL1	94	104	96	8	0.923077	0.001595	mixed	1	12
HIVEP2	3097	102	0	102	0.000000	0.001564	benign_only	1	6
CHD7	55636	101	17	84	0.168317	0.001549	mixed	1	8
MYO7A	4647	101	87	14	0.861386	0.001549	mixed	1	11
EHMT1	79813	100	8	92	0.080000	0.001533	mixed	1	9
SLC12A3	6559	100	92	8	0.920000	0.001533	mixed	1	16
ARID1B	57492	99	3	96	0.030303	0.001518	mixed	1	6
ABCD1	215	98	77	21	0.785714	0.001503	mixed	1	X
DICER1	23405	98	19	79	0.193878	0.001503	mixed	1	14
RP1L1	94137	97	2	95	0.020619	0.001487	mixed	1	8
EP300	2033	96	5	91	0.052083	0.001472	mixed	1	22
ZNF469	84627	96	0	96	0.000000	0.001472	benign_only	1	16
DYNC1H1	1778	95	36	59	0.378947	0.001457	mixed	1	14
PTCH1	5727	95	15	80	0.157895	0.001457	mixed	1	9
IDUA	3425	94	71	23	0.755319	0.001441	mixed	1	4
NEB	4703	94	8	86	0.085106	0.001441	mixed	1	2
APOB	338	93	4	89	0.043011	0.001426	mixed	1	2
CACNA1A	773	93	62	31	0.666667	0.001426	mixed	1	19
KCNH2	3757	92	77	15	0.836957	0.001411	mixed	1	7
LAMA5	3911	92	0	92	0.000000	0.001411	benign_only	1	20
TNXB	7148	92	2	90	0.021739	0.001411	mixed	1	6
CDH1	999	91	15	76	0.164835	0.001395	mixed	1	16
LMNA	4000	91	84	7	0.923077	0.001395	mixed	1	1
SYNE1	23345	91	0	91	0.000000	0.001395	benign_only	1	6
CREBBP	1387	90	29	61	0.322222	0.001380	mixed	1	16
MUC5B	727897	90	0	90	0.000000	0.001380	benign_only	1	11
ARSA	410	89	85	4	0.955056	0.001365	mixed	1	22
CAPN3	825	89	80	9	0.898876	0.001365	mixed	1	15
ENG	2022	89	45	44	0.505618	0.001365	mixed	1	9
SMPD1	6609	89	75	14	0.842697	0.001365	mixed	1	11
DNAH5	1767	87	16	71	0.183908	0.001334	mixed	1	5
FH	2271	87	84	3	0.965517	0.001334	mixed	1	1
FLNA	2316	85	9	76	0.105882	0.001303	mixed	1	X
GLB1	2720	85	75	10	0.882353	0.001303	mixed	1	3
MACF1	23499	85	1	84	0.011765	0.001303	mixed	1	1
SCN8A	6334	85	75	10	0.882353	0.001303	mixed	1	12
FANCA	2175	84	38	46	0.452381	0.001288	mixed	1	16
G6PD	2539	84	82	2	0.976190	0.001288	mixed	1	X
GALT	2592	84	84	0	1.000000	0.001288	pathogenic_only	1	9
GJB2	2706	83	75	8	0.903614	0.001273	mixed	1	13
RYR2	6262	83	60	23	0.722892	0.001273	mixed	1	1
SETBP1	26040	83	8	75	0.096386	0.001273	mixed	1	18
TYR	7299	83	83	0	1.000000	0.001273	pathogenic_only	1	11
CRB1	23418	82	74	8	0.902439	0.001257	mixed	1	1
FOXG1	2290	82	49	33	0.597561	0.001257	mixed	1	14
ITGA2B	3674	82	73	9	0.890244	0.001257	mixed	1	17
CDH23	64072	81	35	46	0.432099	0.001242	mixed	1	10
MMUT	4594	81	77	4	0.950617	0.001242	mixed	1	6
MED13L	23389	80	9	71	0.112500	0.001227	mixed	1	12
SCN5A	6331	80	64	16	0.800000	0.001227	mixed	1	3
TUBA1A	7846	80	80	0	1.000000	0.001227	pathogenic_only	1	12
BRAF	673	78	71	7	0.910256	0.001196	mixed	1	7
RUNX1	861	78	44	34	0.564103	0.001196	mixed	1	21
ACADM	34	77	76	1	0.987013	0.001181	mixed	1	1
GRIN2A	2903	77	42	35	0.545455	0.001181	mixed	1	16
GRIN2B	2904	77	51	26	0.662338	0.001181	mixed	1	12
MEN1	4221	77	71	6	0.922078	0.001181	mixed	1	11
RPGR	6103	77	25	52	0.324675	0.001181	mixed	1	X
SCN4A	6329	77	60	17	0.779221	0.001181	mixed	1	17
TTR	7276	77	75	2	0.974026	0.001181	mixed	1	18
ACADVL	37	73	68	5	0.931507	0.001119	mixed	1	17
CACNA1H	8912	73	0	73	0.000000	0.001119	benign_only	1	16
DHCR7	1717	73	71	2	0.972603	0.001119	mixed	1	11
POLG	5428	73	63	10	0.863014	0.001119	mixed	1	15
RHO	6010	73	72	1	0.986301	0.001119	mixed	1	3
ATRX	546	72	13	59	0.180556	0.001104	mixed	1	X
F9	2158	72	61	11	0.847222	0.001104	mixed	1	X
KCNT1	57582	72	26	46	0.361111	0.001104	mixed	1	9
KMT2A	4297	72	10	62	0.138889	0.001104	mixed	1	11
PMS2	5395	72	36	36	0.500000	0.001104	mixed	1	7
ITGB3	3690	71	61	10	0.859155	0.001089	mixed	1	17
MYOC	4653	71	46	25	0.647887	0.001089	mixed	1	1
ABCC8	6833	70	66	4	0.942857	0.001073	mixed	1	11
ACTA1	58	70	70	0	1.000000	0.001073	pathogenic_only	1	1
CASR	846	70	62	8	0.885714	0.001073	mixed	1	3
CLCN1	1180	70	63	7	0.900000	0.001073	mixed	1	7
GJB1	2705	70	68	2	0.971429	0.001073	mixed	1	X
RNF213	57674	70	0	70	0.000000	0.001073	benign_only	1	17
GBA1	2629	69	67	2	0.971014	0.001058	mixed	1	1
INF2	64423	69	13	56	0.188406	0.001058	mixed	1	14
PCNT	5116	69	0	69	0.000000	0.001058	benign_only	1	21
ARID1A	8289	67	7	60	0.104478	0.001027	mixed	1	1
BTD	686	67	63	4	0.940299	0.001027	mixed	1	3
LOC106627981	106627981	67	67	0	1.000000	0.001027	pathogenic_only	1	1
PLEC	5339	67	1	66	0.014925	0.001027	mixed	1	8
SPAST	6683	67	58	9	0.865672	0.001027	mixed	1	2
FAT1	2195	66	0	66	0.000000	0.001012	benign_only	1	4
HNF4A	3172	66	57	9	0.863636	0.001012	mixed	1	20
HSPG2	3339	66	2	64	0.030303	0.001012	mixed	1	1
ASXL1	171023	65	0	65	0.000000	0.000997	benign_only	1	20
COL4A1	1282	65	48	17	0.738462	0.000997	mixed	1	13
GALNS	2588	65	57	8	0.876923	0.000997	mixed	1	16
HMCN1	83872	65	0	65	0.000000	0.000997	benign_only	1	1
AHDC1	27245	64	0	64	0.000000	0.000981	benign_only	1	1
RET	5979	64	52	12	0.812500	0.000981	mixed	1	10
ASXL3	80816	63	0	63	0.000000	0.000966	benign_only	1	18
FGFR3	2261	62	35	27	0.564516	0.000951	mixed	1	4
GH-LCR	106128904	62	51	11	0.822581	0.000951	mixed	1	17
KANSL1	284058	62	0	62	0.000000	0.000951	benign_only	1	17
LOC106050102	106050102	62	50	12	0.806452	0.000951	mixed	1	X
MYO15A	51168	62	35	27	0.564516	0.000951	mixed	1	17
NAGLU	4669	62	58	4	0.935484	0.000951	mixed	1	17
NOTCH1	4851	62	2	60	0.032258	0.000951	mixed	1	9
OCA2	4948	62	50	12	0.806452	0.000951	mixed	1	15
PMM2	5373	62	59	3	0.951613	0.000951	mixed	1	16
TGM1	7051	62	54	8	0.870968	0.000951	mixed	1	14
ABCC6	368	61	34	27	0.557377	0.000935	mixed	1	16
APC	324	61	14	47	0.229508	0.000935	mixed	1	5
SGSH	6448	61	42	19	0.688525	0.000935	mixed	1	17
CBS	875	60	58	2	0.966667	0.000920	mixed	1	21
ETFDH	2110	60	59	1	0.983333	0.000920	mixed	1	4
KCNB1	3745	60	32	28	0.533333	0.000920	mixed	1	20
PRPH2	5961	60	55	5	0.916667	0.000920	mixed	1	6
SOS1	6654	60	36	24	0.600000	0.000920	mixed	1	2
TRIOBP	11078	60	0	60	0.000000	0.000920	benign_only	1	22
FGFR2	2263	59	53	6	0.898305	0.000905	mixed	1	10
GLDC	2731	59	50	9	0.847458	0.000905	mixed	1	9
LOC107303340	107303340	59	56	3	0.949153	0.000905	mixed	1	3
SMARCA2	6595	59	26	33	0.440678	0.000905	mixed	1	9
SON	6651	59	0	59	0.000000	0.000905	benign_only	1	21
AGXT	189	58	48	10	0.827586	0.000889	mixed	1	2
AKAP9	10142	58	0	58	0.000000	0.000889	benign_only	1	7
ANK2	287	58	0	58	0.000000	0.000889	benign_only	1	4
CDK13	8621	58	15	43	0.258621	0.000889	mixed	1	7
CUBN	8029	58	1	57	0.017241	0.000889	mixed	1	10
KAT6B	23522	58	0	58	0.000000	0.000889	benign_only	1	10
OTOG	340990	58	1	57	0.017241	0.000889	mixed	1	11
SDHB	6390	58	54	4	0.931034	0.000889	mixed	1	1
SLC22A5	6584	58	53	5	0.913793	0.000889	mixed	1	5
CDKN2A	1029	57	38	19	0.666667	0.000874	mixed	1	9
COL6A3	1293	57	10	47	0.175439	0.000874	mixed	1	2
FBN2	2201	57	11	46	0.192982	0.000874	mixed	1	5
MFN2	9927	57	53	4	0.929825	0.000874	mixed	1	1
MTOR	2475	57	19	38	0.333333	0.000874	mixed	1	1
RB1	5925	57	22	35	0.385965	0.000874	mixed	1	13
ASL	435	56	55	1	0.982143	0.000859	mixed	1	7
C11orf65	160140	56	50	6	0.892857	0.000859	mixed	1	11
PIEZO1	9780	56	10	46	0.178571	0.000859	mixed	1	16
RAG1	5896	56	44	12	0.785714	0.000859	mixed	1	11
TSC1	7248	56	7	49	0.125000	0.000859	mixed	1	9
ABCB11	8647	55	46	9	0.836364	0.000843	mixed	1	2
ASS1	445	55	52	3	0.945455	0.000843	mixed	1	9
FAT4	79633	55	0	55	0.000000	0.000843	benign_only	1	4
GALC	2581	55	49	6	0.890909	0.000843	mixed	1	14
TCF20	6942	55	0	55	0.000000	0.000843	benign_only	1	22
DST	667	54	0	54	0.000000	0.000828	benign_only	1	6
FBN3	84467	54	0	54	0.000000	0.000828	benign_only	1	19
LRRC56	115399	54	20	34	0.370370	0.000828	mixed	1	11
MPZ	4359	54	54	0	1.000000	0.000828	pathogenic_only	1	1
ALMS1	7840	53	3	50	0.056604	0.000813	mixed	1	2
ATP7A	538	53	8	45	0.150943	0.000813	mixed	1	X
COL6A2	1292	53	28	25	0.528302	0.000813	mixed	1	21
MUC5B-AS1	112577518	53	0	53	0.000000	0.000813	benign_only	1	11
PCLO	27445	53	0	53	0.000000	0.000813	benign_only	1	7
SCN10A	6336	53	0	53	0.000000	0.000813	benign_only	1	3
WFS1	7466	53	34	19	0.641509	0.000813	mixed	1	4
RAF1	5894	52	36	16	0.692308	0.000797	mixed	1	3
SOD1	6647	52	52	0	1.000000	0.000797	pathogenic_only	1	21
ARSB	411	51	46	5	0.901961	0.000782	mixed	1	5
DNAH1	25981	51	1	50	0.019608	0.000782	mixed	1	3
LRP2	4036	51	1	50	0.019608	0.000782	mixed	1	2
MBD5	55777	51	0	51	0.000000	0.000782	benign_only	1	2
SETD2	29072	51	2	49	0.039216	0.000782	mixed	1	3
CNGA3	1261	50	46	4	0.920000	0.000767	mixed	1	2
FRAS1	80144	50	1	49	0.020000	0.000767	mixed	1	4
PHEX	5251	50	45	5	0.900000	0.000767	mixed	1	X
SRCAP	10847	50	0	50	0.000000	0.000767	benign_only	1	16
TRIO	7204	50	8	42	0.160000	0.000767	mixed	1	5
AR	367	49	42	7	0.857143	0.000751	mixed	1	X
NEXMIF	340533	49	0	49	0.000000	0.000751	benign_only	1	X
OTC	5009	49	47	2	0.959184	0.000751	mixed	1	X
PIK3CA	5290	49	46	3	0.938776	0.000751	mixed	1	3
PSEN1	5663	49	48	1	0.979592	0.000751	mixed	1	14
TCF4	6925	49	23	26	0.469388	0.000751	mixed	1	18
ABL1	25	48	9	39	0.187500	0.000736	mixed	1	9
CACNA1C	775	48	21	27	0.437500	0.000736	mixed	1	12
CFTR-AS2	140577507	48	48	0	1.000000	0.000736	pathogenic_only	1	7
COL6A1	1291	48	28	20	0.583333	0.000736	mixed	1	21
GAMT	2593	48	34	14	0.708333	0.000736	mixed	1	19
PLXNB3-AS1	102723591	48	37	11	0.770833	0.000736	mixed	1	X
ACAN	176	47	1	46	0.021277	0.000721	mixed	1	15
CACNA1G	8913	47	2	45	0.042553	0.000721	mixed	1	17
EYS	346007	47	17	30	0.361702	0.000721	mixed	1	6
TCOF1	6949	47	1	46	0.021277	0.000721	mixed	1	5
ATP1A3	478	46	45	1	0.978261	0.000705	mixed	1	19
COL5A1	1289	46	3	43	0.065217	0.000705	mixed	1	9
FLNB	2317	46	7	39	0.152174	0.000705	mixed	1	3
GPHN	10243	46	38	8	0.826087	0.000705	mixed	1	14
GUCY2D	3000	46	32	14	0.695652	0.000705	mixed	1	17
NHS	4810	46	0	46	0.000000	0.000705	benign_only	1	X
SETX	23064	46	7	39	0.152174	0.000705	mixed	1	9
SLC2A1	6513	46	42	4	0.913043	0.000705	mixed	1	1
AMER1	139285	45	0	45	0.000000	0.000690	benign_only	1	X
BMPR2	659	45	27	18	0.600000	0.000690	mixed	1	2
CENPF	1063	45	0	45	0.000000	0.000690	benign_only	1	1
COL4A2	1284	45	2	43	0.044444	0.000690	mixed	1	13
GNAS	2778	45	27	18	0.600000	0.000690	mixed	1	20
LAMA1	284217	45	0	45	0.000000	0.000690	benign_only	1	18
NPHS1	4868	45	33	12	0.733333	0.000690	mixed	1	19
PCDH19	57526	45	32	13	0.711111	0.000690	mixed	1	X
SETD5	55209	45	2	43	0.044444	0.000690	mixed	1	3
SLC6A8	6535	45	19	26	0.422222	0.000690	mixed	1	X
ZEB2	9839	45	8	37	0.177778	0.000690	mixed	1	2
BICD2	23299	44	8	36	0.181818	0.000675	mixed	1	9
FAT2	2196	44	0	44	0.000000	0.000675	benign_only	1	5
FLNC	2318	44	7	37	0.159091	0.000675	mixed	1	7
HBB	3043	44	38	6	0.863636	0.000675	mixed	1	11
LOC107133510	107133510	44	38	6	0.863636	0.000675	mixed	1	11
RANBP2	5903	44	9	35	0.204545	0.000675	mixed	1	2
STXBP1	6812	44	35	9	0.795455	0.000675	mixed	1	9
DYNC2H1	79659	43	24	19	0.558140	0.000659	mixed	1	11
FN1	2335	43	5	38	0.116279	0.000659	mixed	1	2
GLI3	2737	43	2	41	0.046512	0.000659	mixed	1	7
HEXA	3073	43	40	3	0.930233	0.000659	mixed	1	15
COL18A1	80781	42	0	42	0.000000	0.000644	benign_only	1	21
DMP1-AS1	138842265	42	2	40	0.047619	0.000644	mixed	1	4
HUWE1	10075	42	13	29	0.309524	0.000644	mixed	1	X
MED12	9968	42	13	29	0.309524	0.000644	mixed	1	X
MUTYH	4595	42	28	14	0.666667	0.000644	mixed	1	1
MYH9	4627	42	20	22	0.476190	0.000644	mixed	1	22
NBAS	51594	42	5	37	0.119048	0.000644	mixed	1	2
TGFBR2	7048	42	34	8	0.809524	0.000644	mixed	1	3
VCAN	1462	42	0	42	0.000000	0.000644	benign_only	1	5
ABCA12	26154	41	13	28	0.317073	0.000629	mixed	1	2
AUTS2	26053	41	1	40	0.024390	0.000629	mixed	1	7
COMP	1311	41	36	5	0.878049	0.000629	mixed	1	19
F11	2160	41	37	4	0.902439	0.000629	mixed	1	4
G6PC1	2538	41	36	5	0.878049	0.000629	mixed	1	17
MYBPC3	4607	41	19	22	0.463415	0.000629	mixed	1	11
PDGFRB	5159	41	7	34	0.170732	0.000629	mixed	1	5
SERPINC1	462	41	34	7	0.829268	0.000629	mixed	1	1
SOS2	6655	41	6	35	0.146341	0.000629	mixed	1	14
SPTAN1	6709	41	3	38	0.073171	0.000629	mixed	1	9
A2ML1	144568	40	0	40	0.000000	0.000613	benign_only	1	12
ADA	100	40	33	7	0.825000	0.000613	mixed	1	20
DNAH9	1770	40	0	40	0.000000	0.000613	benign_only	1	17
LOC126861898	126861898	40	39	1	0.975000	0.000613	mixed	1	14
ASPA	443	39	35	4	0.897436	0.000598	mixed	1	17
CACNA1S	779	39	7	32	0.179487	0.000598	mixed	1	1
CHD8	57680	39	0	39	0.000000	0.000598	benign_only	1	14
CYP1B1	1545	39	31	8	0.794872	0.000598	mixed	1	2
DOK7	285489	39	6	33	0.153846	0.000598	mixed	1	4
KIF1A	547	39	36	3	0.923077	0.000598	mixed	1	2
OTOF	9381	39	18	21	0.461538	0.000598	mixed	1	2
SPATA22	84690	39	35	4	0.897436	0.000598	mixed	1	17
ADAMTS13	11093	38	16	22	0.421053	0.000583	mixed	1	9
BCKDHB	594	38	35	3	0.921053	0.000583	mixed	1	6
COL27A1	85301	38	1	37	0.026316	0.000583	mixed	1	9
CPLANE1	65250	38	13	25	0.342105	0.000583	mixed	1	5
CYP17A1	1586	38	37	1	0.973684	0.000583	mixed	1	10
DYRK1A	1859	38	10	28	0.263158	0.000583	mixed	1	21
FMN1	342184	38	0	38	0.000000	0.000583	benign_only	1	15
GNE	10020	38	37	1	0.973684	0.000583	mixed	1	9
MAGEL2	54551	38	0	38	0.000000	0.000583	benign_only	1	15
PCCB	5096	38	36	2	0.947368	0.000583	mixed	1	3
PLA2G6	8398	38	34	4	0.894737	0.000583	mixed	1	22
RDH12	145226	38	37	1	0.973684	0.000583	mixed	1	14
SACS	26278	38	20	18	0.526316	0.000583	mixed	1	13
SDHD	6392	38	21	17	0.552632	0.000583	mixed	1	11
TGM6	343641	38	0	38	0.000000	0.000583	benign_only	1	20
CYP11B1	1584	37	30	7	0.810811	0.000567	mixed	1	8
DCHS1	8642	37	1	36	0.027027	0.000567	mixed	1	11
GLI2	2736	37	0	37	0.000000	0.000567	benign_only	1	2
IFIH1	64135	37	6	31	0.162162	0.000567	mixed	1	2
NIPBL	25836	37	17	20	0.459459	0.000567	mixed	1	5
RECQL4	9401	37	3	34	0.081081	0.000567	mixed	1	8
RHOBTB2	23221	37	7	30	0.189189	0.000567	mixed	1	8
SDHC	6391	37	16	21	0.432432	0.000567	mixed	1	1
HRAS	3265	36	20	16	0.555556	0.000552	mixed	1	11
IVD	3712	36	31	5	0.861111	0.000552	mixed	1	15
KRAS	3845	36	35	1	0.972222	0.000552	mixed	1	12
LOC126862571	126862571	36	0	36	0.000000	0.000552	benign_only	1	17
PDHA1	5160	36	25	11	0.694444	0.000552	mixed	1	X
PRF1	5551	36	33	3	0.916667	0.000552	mixed	1	10
PROC	5624	36	31	5	0.861111	0.000552	mixed	1	2
PTCHD1-AS	100873065	36	31	5	0.861111	0.000552	mixed	1	X
RAG2	5897	36	32	4	0.888889	0.000552	mixed	1	11
SGCA	6442	36	35	1	0.972222	0.000552	mixed	1	17
SIK1	150094	36	0	36	0.000000	0.000552	benign_only	1	21
TRPV4	59341	36	18	18	0.500000	0.000552	mixed	1	12
TRRAP	8295	36	4	32	0.111111	0.000552	mixed	1	7
ADNP	23394	35	0	35	0.000000	0.000537	benign_only	1	20
ALG13	79868	35	1	34	0.028571	0.000537	mixed	1	X
CHD2	1106	35	9	26	0.257143	0.000537	mixed	1	15
CPS1	1373	35	27	8	0.771429	0.000537	mixed	1	2
DSP	1832	35	7	28	0.200000	0.000537	mixed	1	6
EDA	1896	35	34	1	0.971429	0.000537	mixed	1	X
FGFR1	2260	35	26	9	0.742857	0.000537	mixed	1	8
L1CAM	3897	35	12	23	0.342857	0.000537	mixed	1	X
LMF1	64788	35	2	33	0.057143	0.000537	mixed	1	16
MAN2B1	4125	35	19	16	0.542857	0.000537	mixed	1	19
NLRP1	22861	35	1	34	0.028571	0.000537	mixed	1	17
PHKA2	5256	35	11	24	0.314286	0.000537	mixed	1	X
SCN11A	11280	35	4	31	0.114286	0.000537	mixed	1	3
VPS13C	54832	35	1	34	0.028571	0.000537	mixed	1	15
AGRN	375790	34	2	32	0.058824	0.000521	mixed	1	1
ASPM	259266	34	0	34	0.000000	0.000521	benign_only	1	1
C2CD3	26005	34	0	34	0.000000	0.000521	benign_only	1	11
DSPP	1834	34	1	33	0.029412	0.000521	mixed	1	4
FREM2	341640	34	0	34	0.000000	0.000521	benign_only	1	13
GFAP	2670	34	18	16	0.529412	0.000521	mixed	1	17
GNAO1	2775	34	24	10	0.705882	0.000521	mixed	1	16
OTOGL	283310	34	1	33	0.029412	0.000521	mixed	1	12
RERE	473	34	8	26	0.235294	0.000521	mixed	1	1
ABCA3	21	33	24	9	0.727273	0.000506	mixed	1	16
ATP1A2	477	33	27	6	0.818182	0.000506	mixed	1	1
DNHD1	144132	33	0	33	0.000000	0.000506	benign_only	1	11
HGD	3081	33	28	5	0.848485	0.000506	mixed	1	3
IGHMBP2	3508	33	18	15	0.545455	0.000506	mixed	1	11
KANK1	23189	33	0	33	0.000000	0.000506	benign_only	1	9
KRT5	3852	33	22	11	0.666667	0.000506	mixed	1	12
NTRK1	4914	33	18	15	0.545455	0.000506	mixed	1	1
PIK3CD	5293	33	12	21	0.363636	0.000506	mixed	1	1
SLC6A1	6529	33	23	10	0.696970	0.000506	mixed	1	3
TNC	3371	33	0	33	0.000000	0.000506	benign_only	1	9
ACAT1	38	32	31	1	0.968750	0.000491	mixed	1	11
BCKDHA	593	32	29	3	0.906250	0.000491	mixed	1	19
BDP1	55814	32	0	32	0.000000	0.000491	benign_only	1	5
CHAT	1103	32	16	16	0.500000	0.000491	mixed	1	10
CLCNKB	1188	32	12	20	0.375000	0.000491	mixed	1	1
EIF2B5	8893	32	28	4	0.875000	0.000491	mixed	1	3
ITPR1	3708	32	21	11	0.656250	0.000491	mixed	1	3
LPL	4023	32	29	3	0.906250	0.000491	mixed	1	8
MCCC2	64087	32	31	1	0.968750	0.000491	mixed	1	5
MYO18B	84700	32	0	32	0.000000	0.000491	benign_only	1	22
NOTCH2	4853	32	0	32	0.000000	0.000491	benign_only	1	1
PCDH15	65217	32	2	30	0.062500	0.000491	mixed	1	10
PYGM	5837	32	27	5	0.843750	0.000491	mixed	1	11
SLX4	84464	32	0	32	0.000000	0.000491	benign_only	1	16
SRD5A2	6716	32	30	2	0.937500	0.000491	mixed	1	2
TG	7038	32	4	28	0.125000	0.000491	mixed	1	8
TPP1	1200	32	25	7	0.781250	0.000491	mixed	1	11
COL5A2	1290	31	1	30	0.032258	0.000475	mixed	1	2
DNAH10	196385	31	0	31	0.000000	0.000475	benign_only	1	12
GPR179	440435	31	0	31	0.000000	0.000475	benign_only	1	17
HCFC1	3054	31	1	30	0.032258	0.000475	mixed	1	X
HECW2	57520	31	9	22	0.290323	0.000475	mixed	1	2
IFT140	9742	31	8	23	0.258065	0.000475	mixed	1	16
LAMA2	3908	31	5	26	0.161290	0.000475	mixed	1	6
LOC106501713	106501713	31	12	19	0.387097	0.000475	mixed	1	1
MUC16	94025	31	0	31	0.000000	0.000475	benign_only	1	19
MVK	4598	31	28	3	0.903226	0.000475	mixed	1	12
PTPRQ	374462	31	0	31	0.000000	0.000475	benign_only	1	12
PTS	5805	31	31	0	1.000000	0.000475	pathogenic_only	1	11
SPTBN2	6712	31	4	27	0.129032	0.000475	mixed	1	11
WDR87	83889	31	0	31	0.000000	0.000475	benign_only	1	19
WNK1	65125	31	1	30	0.032258	0.000475	mixed	1	12
ZNF292	23036	31	0	31	0.000000	0.000475	benign_only	1	6
ABCA1	19	30	4	26	0.133333	0.000460	mixed	1	9
CIC	23152	30	1	29	0.033333	0.000460	mixed	1	19
CSF1R	1436	30	9	21	0.300000	0.000460	mixed	1	5
DNAH7	56171	30	0	30	0.000000	0.000460	benign_only	1	2
DNM2	1785	30	20	10	0.666667	0.000460	mixed	1	19
KATNIP	23247	30	0	30	0.000000	0.000460	benign_only	1	16
LAMC3	10319	30	0	30	0.000000	0.000460	benign_only	1	9
LOC106099062	106099062	30	27	3	0.900000	0.000460	mixed	1	11
LOC111674472	111674472	30	30	0	1.000000	0.000460	pathogenic_only	1	7
LRRK2	120892	30	4	26	0.133333	0.000460	mixed	1	12
MYLK	4638	30	0	30	0.000000	0.000460	benign_only	1	3
RIT1	6016	30	29	1	0.966667	0.000460	mixed	1	1
RUNX1-AS1	124905014	30	30	0	1.000000	0.000460	pathogenic_only	1	21
SCN1A-AS1	101929680	30	13	17	0.433333	0.000460	mixed	1	2
SYNGAP1	8831	30	11	19	0.366667	0.000460	mixed	1	6
TRPS1	7227	30	7	23	0.233333	0.000460	mixed	1	8
WNK4	65266	30	0	30	0.000000	0.000460	benign_only	1	17
AHNAK2	113146	29	0	29	0.000000	0.000445	benign_only	1	14
ALDH7A1	501	29	25	4	0.862069	0.000445	mixed	1	5
ASXL2	55252	29	0	29	0.000000	0.000445	benign_only	1	2
CCDC40	55036	29	1	28	0.034483	0.000445	mixed	1	17
CCDC88C	440193	29	0	29	0.000000	0.000445	benign_only	1	14
CHRNA4	1137	29	3	26	0.103448	0.000445	mixed	1	20
DNAH8	1769	29	0	29	0.000000	0.000445	benign_only	1	6
FOXP1	27086	29	12	17	0.413793	0.000445	mixed	1	3
FREM1	158326	29	2	27	0.068966	0.000445	mixed	1	9
HOGA1	112817	29	26	3	0.896552	0.000445	mixed	1	10
LAMA4	3910	29	0	29	0.000000	0.000445	benign_only	1	6
LOC106799833	106799833	29	25	4	0.862069	0.000445	mixed	1	8
MYH14	79784	29	1	28	0.034483	0.000445	mixed	1	19
PACS2	23241	29	1	28	0.034483	0.000445	mixed	1	14
PKD1L1	168507	29	0	29	0.000000	0.000445	benign_only	1	7
SCN9A	6335	29	9	20	0.310345	0.000445	mixed	1	2
SLC36A1	206358	29	0	29	0.000000	0.000445	benign_only	1	5
ALK	238	28	1	27	0.035714	0.000429	mixed	1	2
AVPR2	554	28	15	13	0.535714	0.000429	mixed	1	X
CHD3	1107	28	19	9	0.678571	0.000429	mixed	1	17
CYP21A2	1589	28	23	5	0.821429	0.000429	mixed	1	6
DDX3X	1654	28	26	2	0.928571	0.000429	mixed	1	X
ERCC6	2074	28	6	22	0.214286	0.000429	mixed	1	10
F5	2153	28	4	24	0.142857	0.000429	mixed	1	1
FYCO1	79443	28	0	28	0.000000	0.000429	benign_only	1	3
GP6	51206	28	0	28	0.000000	0.000429	benign_only	1	19
GSN	2934	28	3	25	0.107143	0.000429	mixed	1	9
LIPA	3988	28	21	7	0.750000	0.000429	mixed	1	10
LOC102723566	102723566	28	14	14	0.500000	0.000429	mixed	1	9
LOC106780800	106780800	28	23	5	0.821429	0.000429	mixed	1	6
LOC126861615	126861615	28	28	0	1.000000	0.000429	pathogenic_only	1	12
LRP5	4041	28	21	7	0.750000	0.000429	mixed	1	11
MMACHC	25974	28	25	3	0.892857	0.000429	mixed	1	1
MPDZ	8777	28	0	28	0.000000	0.000429	benign_only	1	9
PRKDC	5591	28	0	28	0.000000	0.000429	benign_only	1	8
RYR3	6263	28	0	28	0.000000	0.000429	benign_only	1	15
ACTB	60	27	27	0	1.000000	0.000414	pathogenic_only	1	7
AHNAK	79026	27	0	27	0.000000	0.000414	benign_only	1	11
BCOR	54880	27	0	27	0.000000	0.000414	benign_only	1	X
CAMK2B	816	27	4	23	0.148148	0.000414	mixed	1	7
CDON	50937	27	0	27	0.000000	0.000414	benign_only	1	11
COL12A1	1303	27	3	24	0.111111	0.000414	mixed	1	6
CPAMD8	27151	27	0	27	0.000000	0.000414	benign_only	1	19
DCTN1	1639	27	3	24	0.111111	0.000414	mixed	1	2
EPG5	57724	27	2	25	0.074074	0.000414	mixed	1	18
EPHB4	2050	27	4	23	0.148148	0.000414	mixed	1	7
EVC2	132884	27	1	26	0.037037	0.000414	mixed	1	4
FKRP	79147	27	25	2	0.925926	0.000414	mixed	1	19
GBE1	2632	27	17	10	0.629630	0.000414	mixed	1	3
HSD17B4	3295	27	17	10	0.629630	0.000414	mixed	1	5
IL2RG	3561	27	16	11	0.592593	0.000414	mixed	1	X
KDM6A	7403	27	2	25	0.074074	0.000414	mixed	1	X
KIAA1549	57670	27	0	27	0.000000	0.000414	benign_only	1	7
LAMA3	3909	27	1	26	0.037037	0.000414	mixed	1	18
MLC1	23209	27	20	7	0.740741	0.000414	mixed	1	22
MYHAS	100128560	27	2	25	0.074074	0.000414	mixed	1	17
PCCA	5095	27	23	4	0.851852	0.000414	mixed	1	13
POMT1	10585	27	13	14	0.481481	0.000414	mixed	1	9
PRR12	57479	27	1	26	0.037037	0.000414	mixed	1	19
RBM20	282996	27	8	19	0.296296	0.000414	mixed	1	10
RELN	5649	27	0	27	0.000000	0.000414	benign_only	1	7
SLC26A1	10861	27	13	14	0.481481	0.000414	mixed	1	4
STAT3	6774	27	23	4	0.851852	0.000414	mixed	1	17
SYNGAP1-AS1	112390310	27	10	17	0.370370	0.000414	mixed	1	6
TMEM67	91147	27	21	6	0.777778	0.000414	mixed	1	8
TUBGCP6	85378	27	0	27	0.000000	0.000414	benign_only	1	22
ZFYVE26	23503	27	8	19	0.296296	0.000414	mixed	1	14
ABCC2	1244	26	7	19	0.269231	0.000399	mixed	1	10
AHI1	54806	26	9	17	0.346154	0.000399	mixed	1	6
AIPL1	23746	26	15	11	0.576923	0.000399	mixed	1	17
AIRE	326	26	18	8	0.692308	0.000399	mixed	1	21
ALDH5A1	7915	26	17	9	0.653846	0.000399	mixed	1	6
ANO5	203859	26	19	7	0.730769	0.000399	mixed	1	11
ASAH1	427	26	15	11	0.576923	0.000399	mixed	1	8
BPTF	2186	26	0	26	0.000000	0.000399	benign_only	1	17
BTK	695	26	20	6	0.769231	0.000399	mixed	1	X
CAMTA1	23261	26	1	25	0.038462	0.000399	mixed	1	1
DSG2	1829	26	4	22	0.153846	0.000399	mixed	1	18
EVC	2121	26	4	22	0.153846	0.000399	mixed	1	4
EXPH5	23086	26	0	26	0.000000	0.000399	benign_only	1	11
FAH	2184	26	23	3	0.884615	0.000399	mixed	1	15
FLT4	2324	26	5	21	0.192308	0.000399	mixed	1	5
GNPTAB	79158	26	19	7	0.730769	0.000399	mixed	1	12
IGSF10	285313	26	0	26	0.000000	0.000399	benign_only	1	3
KDM6B	23135	26	0	26	0.000000	0.000399	benign_only	1	17
MAPT	4137	26	9	17	0.346154	0.000399	mixed	1	17
MTHFR	4524	26	24	2	0.923077	0.000399	mixed	1	1
MYO5B	4645	26	4	22	0.153846	0.000399	mixed	1	18
NOD2	64127	26	5	21	0.192308	0.000399	mixed	1	16
PEX6	5190	26	12	14	0.461538	0.000399	mixed	1	6
PLCG2	5336	26	1	25	0.038462	0.000399	mixed	1	16
SAMD9	54809	26	7	19	0.269231	0.000399	mixed	1	7
SATB2	23314	26	16	10	0.615385	0.000399	mixed	1	2
SPEG	10290	26	0	26	0.000000	0.000399	benign_only	1	2
STXBP2	6813	26	12	14	0.461538	0.000399	mixed	1	19
THRB	7068	26	24	2	0.923077	0.000399	mixed	1	3
TRPM1	4308	26	3	23	0.115385	0.000399	mixed	1	15
VPS13D	55187	26	2	24	0.076923	0.000399	mixed	1	1
ZNF462	58499	26	0	26	0.000000	0.000399	benign_only	1	9
BRAT1	221927	25	2	23	0.080000	0.000383	mixed	1	7
CC2D2A	57545	25	18	7	0.720000	0.000383	mixed	1	4
CYP27A1	1593	25	19	6	0.760000	0.000383	mixed	1	2
DDC	1644	25	18	7	0.720000	0.000383	mixed	1	7
DNAAF1	123872	25	0	25	0.000000	0.000383	benign_only	1	16
DNAH17	8632	25	0	25	0.000000	0.000383	benign_only	1	17
ELANE	1991	25	19	6	0.760000	0.000383	mixed	1	19
ERCC2	2068	25	20	5	0.800000	0.000383	mixed	1	19
GABRB3	2562	25	17	8	0.680000	0.000383	mixed	1	15
GATA2	2624	25	19	6	0.760000	0.000383	mixed	1	3
GRIN1	2902	25	22	3	0.880000	0.000383	mixed	1	9
HERC1	8925	25	0	25	0.000000	0.000383	benign_only	1	15
HPS1	3257	25	7	18	0.280000	0.000383	mixed	1	10
ITGB4	3691	25	6	19	0.240000	0.000383	mixed	1	17
KCNH1	3756	25	7	18	0.280000	0.000383	mixed	1	1
KMT2E	55904	25	0	25	0.000000	0.000383	benign_only	1	7
NALCN	259232	25	21	4	0.840000	0.000383	mixed	1	13
NRAP	4892	25	0	25	0.000000	0.000383	benign_only	1	10
OBSL1	23363	25	0	25	0.000000	0.000383	benign_only	1	2
OFD1	8481	25	1	24	0.040000	0.000383	mixed	1	X
PACS1	55690	25	1	24	0.040000	0.000383	mixed	1	11
PDE6B	5158	25	15	10	0.600000	0.000383	mixed	1	4
PIEZO2	63895	25	6	19	0.240000	0.000383	mixed	1	18
POLA1	5422	25	1	24	0.040000	0.000383	mixed	1	X
POLE	5426	25	2	23	0.080000	0.000383	mixed	1	12
PPT1	5538	25	23	2	0.920000	0.000383	mixed	1	1
RP1	6101	25	4	21	0.160000	0.000383	mixed	1	8
SDHA	6389	25	20	5	0.800000	0.000383	mixed	1	5
SPECC1L-ADORA2A	101730217	25	1	24	0.040000	0.000383	mixed	1	22
SPG7	6687	25	20	5	0.800000	0.000383	mixed	1	16
TH	7054	25	23	2	0.920000	0.000383	mixed	1	11
TMPRSS3	64699	25	20	5	0.800000	0.000383	mixed	1	21
TP63	8626	25	22	3	0.880000	0.000383	mixed	1	3
VPS13B	157680	25	0	25	0.000000	0.000383	benign_only	1	8
ZNF276	92822	25	7	18	0.280000	0.000383	mixed	1	16
ACE	1636	24	3	21	0.125000	0.000368	mixed	1	17
ADAMTS18	170692	24	0	24	0.000000	0.000368	benign_only	1	16
CARD14	79092	24	2	22	0.083333	0.000368	mixed	1	17
CLN3	1201	24	14	10	0.583333	0.000368	mixed	1	16
CPT2	1376	24	18	6	0.750000	0.000368	mixed	1	1
CRB2	286204	24	2	22	0.083333	0.000368	mixed	1	9
DOCK6	57572	24	0	24	0.000000	0.000368	benign_only	1	19
HNRNPU	3192	24	1	23	0.041667	0.000368	mixed	1	1
HR	55806	24	1	23	0.041667	0.000368	mixed	1	8
JAG1	182	24	6	18	0.250000	0.000368	mixed	1	20
JAK3	3718	24	11	13	0.458333	0.000368	mixed	1	19
KIF11	3832	24	2	22	0.083333	0.000368	mixed	1	10
MCPH1	79648	24	1	23	0.041667	0.000368	mixed	1	8
MYOM1	8736	24	0	24	0.000000	0.000368	benign_only	1	18
NR2E3	10002	24	18	6	0.750000	0.000368	mixed	1	15
ODAD2	55130	24	1	23	0.041667	0.000368	mixed	1	10
PAX3	5077	24	19	5	0.791667	0.000368	mixed	1	2
PIGG	54872	24	2	22	0.083333	0.000368	mixed	1	4
RARS2	57038	24	20	4	0.833333	0.000368	mixed	1	6
SCN3A	6328	24	10	14	0.416667	0.000368	mixed	1	2
SPECC1L	23384	24	1	23	0.041667	0.000368	mixed	1	22
SPTA1	6708	24	5	19	0.208333	0.000368	mixed	1	1
ZBTB20	26137	24	13	11	0.541667	0.000368	mixed	1	3
ACADS	35	23	19	4	0.826087	0.000353	mixed	1	12
ALPK3	57538	23	0	23	0.000000	0.000353	benign_only	1	15
ARHGAP31	57514	23	0	23	0.000000	0.000353	benign_only	1	3
CEP164	22897	23	1	22	0.043478	0.000353	mixed	1	11
CTLA4	1493	23	11	12	0.478261	0.000353	mixed	1	2
CTNS	1497	23	16	7	0.695652	0.000353	mixed	1	17
DMXL2	23312	23	0	23	0.000000	0.000353	benign_only	1	15
DNM1	1759	23	13	10	0.565217	0.000353	mixed	1	9
EXT1	2131	23	19	4	0.826087	0.000353	mixed	1	8
FANCB	2187	23	0	23	0.000000	0.000353	benign_only	1	X
FASN	2194	23	0	23	0.000000	0.000353	benign_only	1	17
IQSEC2	23096	23	4	19	0.173913	0.000353	mixed	1	X
KCNJ11	3767	23	21	2	0.913043	0.000353	mixed	1	11
NBEA	26960	23	1	22	0.043478	0.000353	mixed	1	13
NLRP3	114548	23	17	6	0.739130	0.000353	mixed	1	1
NPHS2	7827	23	21	2	0.913043	0.000353	mixed	1	1
OCRL	4952	23	9	14	0.391304	0.000353	mixed	1	X
ODAD1	93233	23	1	22	0.043478	0.000353	mixed	1	19
PKLR	5313	23	23	0	1.000000	0.000353	pathogenic_only	1	1
PRNP	5621	23	11	12	0.478261	0.000353	mixed	1	20
RTEL1-TNFRSF6B	100533107	23	2	21	0.086957	0.000353	mixed	1	20
SHANK3	85358	23	1	22	0.043478	0.000353	mixed	1	22
SKI	6497	23	11	12	0.478261	0.000353	mixed	1	1
SLC4A1	6521	23	15	8	0.652174	0.000353	mixed	1	17
SRRM2	23524	23	0	23	0.000000	0.000353	benign_only	1	16
SZT2	23334	23	1	22	0.043478	0.000353	mixed	1	1
TAF1	6872	23	7	16	0.304348	0.000353	mixed	1	X
TNNT2	7139	23	21	2	0.913043	0.000353	mixed	1	1
TRDN	10345	23	1	22	0.043478	0.000353	mixed	1	6
TRMU	55687	23	11	12	0.478261	0.000353	mixed	1	22
UMOD	7369	23	17	6	0.739130	0.000353	mixed	1	16
VCAN-AS1	105379054	23	0	23	0.000000	0.000353	benign_only	1	5
WDR62	284403	23	4	19	0.173913	0.000353	mixed	1	19
AMT	275	22	19	3	0.863636	0.000337	mixed	1	3
BIVM-ERCC5	100533467	22	3	19	0.136364	0.000337	mixed	1	13
CBL	867	22	10	12	0.454545	0.000337	mixed	1	11
CEP290	80184	22	10	12	0.454545	0.000337	mixed	1	12
CFTR-AS1	111082987	22	20	2	0.909091	0.000337	mixed	1	7
CHD4	1108	22	15	7	0.681818	0.000337	mixed	1	12
DCLRE1C	64421	22	10	12	0.454545	0.000337	mixed	1	10
DES	1674	22	21	1	0.954545	0.000337	mixed	1	2
DNMT3A	1788	22	14	8	0.636364	0.000337	mixed	1	2
DSG1	1828	22	0	22	0.000000	0.000337	benign_only	1	18
DUOX2	50506	22	8	14	0.363636	0.000337	mixed	1	15
EPM2A	7957	22	8	14	0.363636	0.000337	mixed	1	6
GFM1	85476	22	8	14	0.363636	0.000337	mixed	1	3
GP1BA	2811	22	15	7	0.681818	0.000337	mixed	1	17
HCN4	10021	22	7	15	0.318182	0.000337	mixed	1	15
HEXB	3074	22	14	8	0.636364	0.000337	mixed	1	5
KCNJ2	3759	22	20	2	0.909091	0.000337	mixed	1	17
KCNQ5	56479	22	3	19	0.136364	0.000337	mixed	1	6
KIAA0586	9786	22	1	21	0.045455	0.000337	mixed	1	14
LAMB2	3913	22	3	19	0.136364	0.000337	mixed	1	3
LYST	1130	22	1	21	0.045455	0.000337	mixed	1	1
MAP2K1	5604	22	20	2	0.909091	0.000337	mixed	1	15
MTM1	4534	22	18	4	0.818182	0.000337	mixed	1	X
NEFH	4744	22	0	22	0.000000	0.000337	benign_only	1	22
OAT	4942	22	21	1	0.954545	0.000337	mixed	1	10
PITRM1	10531	22	1	21	0.045455	0.000337	mixed	1	10
PKP2	5318	22	7	15	0.318182	0.000337	mixed	1	12
RTEL1	51750	22	2	20	0.090909	0.000337	mixed	1	20
RTTN	25914	22	1	21	0.045455	0.000337	mixed	1	18
TERT	7015	22	14	8	0.636364	0.000337	mixed	1	5
TNNI3	7137	22	21	1	0.954545	0.000337	mixed	1	19
WDR45	11152	22	7	15	0.318182	0.000337	mixed	1	X
ACAD9	28976	21	16	5	0.761905	0.000322	mixed	1	3
ADA2	51816	21	16	5	0.761905	0.000322	mixed	1	22
ALPK1	80216	21	1	20	0.047619	0.000322	mixed	1	4
CACNA1C-AS1	100652846	21	0	21	0.000000	0.000322	benign_only	1	12
CDAN1	146059	21	7	14	0.333333	0.000322	mixed	1	15
CHRNE	1145	21	18	3	0.857143	0.000322	mixed	1	17
CNGB1	1258	21	5	16	0.238095	0.000322	mixed	1	16
CUL7	9820	21	3	18	0.142857	0.000322	mixed	1	6
CUX2	23316	21	1	20	0.047619	0.000322	mixed	1	12
DCX	1641	21	20	1	0.952381	0.000322	mixed	1	X
DDX11	1663	21	1	20	0.047619	0.000322	mixed	1	12
DEPDC5	9681	21	0	21	0.000000	0.000322	benign_only	1	22
DSG1-AS1	101927718	21	0	21	0.000000	0.000322	benign_only	1	18
GJA8	2703	21	16	5	0.761905	0.000322	mixed	1	1
GNB1	2782	21	17	4	0.809524	0.000322	mixed	1	1
HDAC4	9759	21	2	19	0.095238	0.000322	mixed	1	2
HLCS	3141	21	13	8	0.619048	0.000322	mixed	1	21
HNF1B	6928	21	16	5	0.761905	0.000322	mixed	1	17
MAP2K2	5605	21	13	8	0.619048	0.000322	mixed	1	19
MLH3	27030	21	0	21	0.000000	0.000322	benign_only	1	14
MYH6	4624	21	0	21	0.000000	0.000322	benign_only	1	14
NPHP4	261734	21	0	21	0.000000	0.000322	benign_only	1	1
NSD2	7468	21	1	20	0.047619	0.000322	mixed	1	4
OPA1	4976	21	14	7	0.666667	0.000322	mixed	1	3
PCSK9	255738	21	4	17	0.190476	0.000322	mixed	1	1
PEX1	5189	21	13	8	0.619048	0.000322	mixed	1	7
PLEKHG2	64857	21	0	21	0.000000	0.000322	benign_only	1	19
PMP22	5376	21	18	3	0.857143	0.000322	mixed	1	17
PRDM16	63976	21	0	21	0.000000	0.000322	benign_only	1	1
REST	5978	21	0	21	0.000000	0.000322	benign_only	1	4
SAMD9L	219285	21	1	20	0.047619	0.000322	mixed	1	7
SLC2A10	81031	21	10	11	0.476190	0.000322	mixed	1	20
SLC37A4	2542	21	19	2	0.904762	0.000322	mixed	1	11
SMC1A	8243	21	18	3	0.857143	0.000322	mixed	1	X
SPG11	80208	21	6	15	0.285714	0.000322	mixed	1	15
SPTBN5	51332	21	0	21	0.000000	0.000322	benign_only	1	15
STK11	6794	21	19	2	0.904762	0.000322	mixed	1	19
SUMF1	285362	21	17	4	0.809524	0.000322	mixed	1	3
TBCEL-TECTA	116804918	21	6	15	0.285714	0.000322	mixed	1	11
TBX5	6910	21	5	16	0.238095	0.000322	mixed	1	12
TECTA	7007	21	6	15	0.285714	0.000322	mixed	1	11
TEK	7010	21	8	13	0.380952	0.000322	mixed	1	9
ABCA13	154664	20	0	20	0.000000	0.000307	benign_only	1	7
ABCD4	5826	20	3	17	0.150000	0.000307	mixed	1	14
ACTG1	71	20	20	0	1.000000	0.000307	pathogenic_only	1	17
AGL	178	20	4	16	0.200000	0.000307	mixed	1	1
ALDH3A2	224	20	15	5	0.750000	0.000307	mixed	1	17
ANK3	288	20	0	20	0.000000	0.000307	benign_only	1	10
ATP8B1	5205	20	11	9	0.550000	0.000307	mixed	1	18
CARD11	84433	20	4	16	0.200000	0.000307	mixed	1	7
CELSR2	1952	20	0	20	0.000000	0.000307	benign_only	1	1
CEP250	11190	20	0	20	0.000000	0.000307	benign_only	1	20
CTC1	80169	20	7	13	0.350000	0.000307	mixed	1	17
DOCK8	81704	20	1	19	0.050000	0.000307	mixed	1	9
DVL1	1855	20	0	20	0.000000	0.000307	benign_only	1	1
ERCC5	2073	20	3	17	0.150000	0.000307	mixed	1	13
FANCI	55215	20	1	19	0.050000	0.000307	mixed	1	15
GARS1	2617	20	9	11	0.450000	0.000307	mixed	1	7
GEMIN4	50628	20	1	19	0.050000	0.000307	mixed	1	17
HCN1	348980	20	6	14	0.300000	0.000307	mixed	1	5
INPP5E	56623	20	15	5	0.750000	0.000307	mixed	1	9
KNL1	57082	20	0	20	0.000000	0.000307	benign_only	1	15
LAMB3	3914	20	4	16	0.200000	0.000307	mixed	1	1
MYPN	84665	20	0	20	0.000000	0.000307	benign_only	1	10
NEDD4L	23327	20	3	17	0.150000	0.000307	mixed	1	18
PALB2	79728	20	6	14	0.300000	0.000307	mixed	1	16
PANK2	80025	20	15	5	0.750000	0.000307	mixed	1	20
PCARE	388939	20	0	20	0.000000	0.000307	benign_only	1	2
PIGQ	9091	20	2	18	0.100000	0.000307	mixed	1	16
PLP1	5354	20	19	1	0.950000	0.000307	mixed	1	X
PRKN	5071	20	12	8	0.600000	0.000307	mixed	1	6
RAB9B	51209	20	19	1	0.950000	0.000307	mixed	1	X
RIPOR2	9750	20	0	20	0.000000	0.000307	benign_only	1	6
RNF213-AS1	100294362	20	0	20	0.000000	0.000307	benign_only	1	17
SELENON	57190	20	12	8	0.600000	0.000307	mixed	1	1
SPINK5	11005	20	1	19	0.050000	0.000307	mixed	1	5
STARD9	57519	20	0	20	0.000000	0.000307	benign_only	1	15
TBC1D24	57465	20	16	4	0.800000	0.000307	mixed	1	16
TBCD	6904	20	5	15	0.250000	0.000307	mixed	1	17
TK2	7084	20	19	1	0.950000	0.000307	mixed	1	16
TRIP11	9321	20	0	20	0.000000	0.000307	benign_only	1	14
TSEN54	283989	20	3	17	0.150000	0.000307	mixed	1	17
TUBB3	10381	20	19	1	0.950000	0.000307	mixed	1	16
WAS	7454	20	13	7	0.650000	0.000307	mixed	1	X
XIRP2	129446	20	0	20	0.000000	0.000307	benign_only	1	2
AARS2	57505	19	4	15	0.210526	0.000291	mixed	1	6
ALG1	56052	19	12	7	0.631579	0.000291	mixed	1	16
ASH1L	55870	19	0	19	0.000000	0.000291	benign_only	1	1
CFHR4	10877	19	0	19	0.000000	0.000291	benign_only	1	1
COL17A1	1308	19	1	18	0.052632	0.000291	mixed	1	10
COL9A3	1299	19	0	19	0.000000	0.000291	benign_only	1	20
COQ8A	56997	19	14	5	0.736842	0.000291	mixed	1	1
CPT1A	1374	19	12	7	0.631579	0.000291	mixed	1	11
CYP11B2	1585	19	7	12	0.368421	0.000291	mixed	1	8
F7	2155	19	18	1	0.947368	0.000291	mixed	1	13
FANCD2	2177	19	4	15	0.210526	0.000291	mixed	1	3
FOCAD	54914	19	0	19	0.000000	0.000291	benign_only	1	9
G6PC3	92579	19	6	13	0.315789	0.000291	mixed	1	17
GABRG2	2566	19	14	5	0.736842	0.000291	mixed	1	5
GPC3	2719	19	2	17	0.105263	0.000291	mixed	1	X
IFT172	26160	19	4	15	0.210526	0.000291	mixed	1	2
IL7R	3575	19	6	13	0.315789	0.000291	mixed	1	5
JMJD1C	221037	19	0	19	0.000000	0.000291	benign_only	1	10
KCNQ3	3786	19	7	12	0.368421	0.000291	mixed	1	8
KIAA0753	9851	19	0	19	0.000000	0.000291	benign_only	1	17
KIF1B	23095	19	0	19	0.000000	0.000291	benign_only	1	1
KRT14	3861	19	13	6	0.684211	0.000291	mixed	1	17
LDB3	11155	19	2	17	0.105263	0.000291	mixed	1	10
LOC100507346	100507346	19	2	17	0.105263	0.000291	mixed	1	9
LOC106799834	106799834	19	7	12	0.368421	0.000291	mixed	1	8
MPL	4352	19	12	7	0.631579	0.000291	mixed	1	1
MYH11	4629	19	0	19	0.000000	0.000291	benign_only	1	16
PAX6	5080	19	18	1	0.947368	0.000291	mixed	1	11
PHIP	55023	19	7	12	0.368421	0.000291	mixed	1	6
PIK3R2	5296	19	3	16	0.157895	0.000291	mixed	1	19
PNPLA1	285848	19	10	9	0.526316	0.000291	mixed	1	6
POGZ	23126	19	1	18	0.052632	0.000291	mixed	1	1
PRX	57716	19	0	19	0.000000	0.000291	benign_only	1	19
SALL1	6299	19	0	19	0.000000	0.000291	benign_only	1	16
SERPING1	710	19	13	6	0.684211	0.000291	mixed	1	11
SGCB	6443	19	17	2	0.894737	0.000291	mixed	1	4
SIPA1L3	23094	19	0	19	0.000000	0.000291	benign_only	1	19
SLC34A3	142680	19	7	12	0.368421	0.000291	mixed	1	9
SLC45A2	51151	19	16	3	0.842105	0.000291	mixed	1	5
SLC4A11	83959	19	15	4	0.789474	0.000291	mixed	1	20
SMAD3	4088	19	17	2	0.894737	0.000291	mixed	1	15
TELO2	9894	19	2	17	0.105263	0.000291	mixed	1	16
TGFBR1	7046	19	17	2	0.894737	0.000291	mixed	1	9
TJP2	9414	19	3	16	0.157895	0.000291	mixed	1	9
TPO	7173	19	8	11	0.421053	0.000291	mixed	1	2
TUBB4A	10382	19	18	1	0.947368	0.000291	mixed	1	19
TYMP	1890	19	14	5	0.736842	0.000291	mixed	1	22
UBA1	7317	19	0	19	0.000000	0.000291	benign_only	1	X
ABCB4	5244	18	14	4	0.777778	0.000276	mixed	1	7
ADSL	158	18	15	3	0.833333	0.000276	mixed	1	22
ANKRD26	22852	18	0	18	0.000000	0.000276	benign_only	1	10
ARID2	196528	18	0	18	0.000000	0.000276	benign_only	1	12
ASIC4-AS1	105373885	18	0	18	0.000000	0.000276	benign_only	1	2
ATL1	51062	18	17	1	0.944444	0.000276	mixed	1	14
BAP1	8314	18	10	8	0.555556	0.000276	mixed	1	3
BCS1L	617	18	17	1	0.944444	0.000276	mixed	1	2
COL11A2	1302	18	3	15	0.166667	0.000276	mixed	1	6
COL4A6	1288	18	0	18	0.000000	0.000276	benign_only	1	X
CTDP1	9150	18	0	18	0.000000	0.000276	benign_only	1	18
CTU2	348180	18	0	18	0.000000	0.000276	benign_only	1	16
CYP27B1	1594	18	16	2	0.888889	0.000276	mixed	1	12
DBT	1629	18	11	7	0.611111	0.000276	mixed	1	1
DEAF1	10522	18	10	8	0.555556	0.000276	mixed	1	11
DLC1	10395	18	0	18	0.000000	0.000276	benign_only	1	8
DNAAF5	54919	18	3	15	0.166667	0.000276	mixed	1	7
DNAH5-AS1	139355228	18	0	18	0.000000	0.000276	benign_only	1	5
DNMT1	1786	18	2	16	0.111111	0.000276	mixed	1	19
ECHS1	1892	18	16	2	0.888889	0.000276	mixed	1	10
EGF	1950	18	0	18	0.000000	0.000276	benign_only	1	4
ELN	2006	18	1	17	0.055556	0.000276	mixed	1	7
FANCM	57697	18	0	18	0.000000	0.000276	benign_only	1	14
FMO3	2328	18	9	9	0.500000	0.000276	mixed	1	1
FOXN1	8456	18	6	12	0.333333	0.000276	mixed	1	17
GABRB2	2561	18	10	8	0.555556	0.000276	mixed	1	5
GALK1	2584	18	12	6	0.666667	0.000276	mixed	1	17
HBA2	3040	18	17	1	0.944444	0.000276	mixed	1	16
HMBS	3145	18	15	3	0.833333	0.000276	mixed	1	11
HSALR1	100289580	18	2	16	0.111111	0.000276	mixed	1	16
IL12RB1	3594	18	1	17	0.055556	0.000276	mixed	1	19
KBTBD13	390594	18	1	17	0.055556	0.000276	mixed	1	15
KCNJ1	3758	18	15	3	0.833333	0.000276	mixed	1	11
KDM5C	8242	18	9	9	0.500000	0.000276	mixed	1	X
LOC106804612	106804612	18	17	1	0.944444	0.000276	mixed	1	16
LONP1	9361	18	1	17	0.055556	0.000276	mixed	1	19
LRRK1	79705	18	0	18	0.000000	0.000276	benign_only	1	15
MAF	4094	18	10	8	0.555556	0.000276	mixed	1	16
MAX	4149	18	3	15	0.166667	0.000276	mixed	1	14
MED13	9969	18	2	16	0.111111	0.000276	mixed	1	17
MET	4233	18	4	14	0.222222	0.000276	mixed	1	7
MMAB	326625	18	15	3	0.833333	0.000276	mixed	1	12
MTRR	4552	18	4	14	0.222222	0.000276	mixed	1	5
MYH3	4621	18	5	13	0.277778	0.000276	mixed	1	17
MYH7B	57644	18	0	18	0.000000	0.000276	benign_only	1	20
NLRP12	91662	18	1	17	0.055556	0.000276	mixed	1	19
NRIP1	8204	18	0	18	0.000000	0.000276	benign_only	1	21
PEPD	5184	18	9	9	0.500000	0.000276	mixed	1	19
PIGN	23556	18	8	10	0.444444	0.000276	mixed	1	18
PLEKHG5	57449	18	0	18	0.000000	0.000276	benign_only	1	1
POLD1	5424	18	2	16	0.111111	0.000276	mixed	1	19
SETD1B	23067	18	6	12	0.333333	0.000276	mixed	1	12
SH3TC2	79628	18	9	9	0.500000	0.000276	mixed	1	5
SLC19A1	6573	18	0	18	0.000000	0.000276	benign_only	1	21
SORL1	6653	18	0	18	0.000000	0.000276	benign_only	1	11
SOX11	6664	18	14	4	0.777778	0.000276	mixed	1	2
SPTB	6710	18	4	14	0.222222	0.000276	mixed	1	14
STK36	27148	18	0	18	0.000000	0.000276	benign_only	1	2
TMPO	7112	18	0	18	0.000000	0.000276	benign_only	1	12
TULP1	7287	18	15	3	0.833333	0.000276	mixed	1	6
TWNK	56652	18	17	1	0.944444	0.000276	mixed	1	10
UNC80	285175	18	0	18	0.000000	0.000276	benign_only	1	2
WWOX	51741	18	2	16	0.111111	0.000276	mixed	1	16
AGA	175	17	11	6	0.647059	0.000261	mixed	1	4
ARG1	383	17	16	1	0.941176	0.000261	mixed	1	6
ATP13A2	23400	17	1	16	0.058824	0.000261	mixed	1	1
BBS10	79738	17	13	4	0.764706	0.000261	mixed	1	12
CCDC78	124093	17	0	17	0.000000	0.000261	benign_only	1	16
CEL	1056	17	0	17	0.000000	0.000261	benign_only	1	9
CFH	3075	17	4	13	0.235294	0.000261	mixed	1	1
CHAMP1	283489	17	0	17	0.000000	0.000261	benign_only	1	13
CMYA5	202333	17	0	17	0.000000	0.000261	benign_only	1	5
COL11A1	1301	17	5	12	0.294118	0.000261	mixed	1	1
CRX	1406	17	11	6	0.647059	0.000261	mixed	1	19
CSRP3	8048	17	1	16	0.058824	0.000261	mixed	1	11
DNAH14	127602	17	0	17	0.000000	0.000261	benign_only	1	1
DNAH6	1768	17	0	17	0.000000	0.000261	benign_only	1	2
DNAI1	27019	17	5	12	0.294118	0.000261	mixed	1	9
ELP1	8518	17	1	16	0.058824	0.000261	mixed	1	9
ERCC6L2	375748	17	0	17	0.000000	0.000261	benign_only	1	9
ESPN	83715	17	0	17	0.000000	0.000261	benign_only	1	1
FAM111A	63901	17	1	16	0.058824	0.000261	mixed	1	11
HERC2	8924	17	0	17	0.000000	0.000261	benign_only	1	15
HSD17B3	3293	17	15	2	0.882353	0.000261	mixed	1	9
HSPB1	3315	17	16	1	0.941176	0.000261	mixed	1	7
IGLL1	3543	17	0	17	0.000000	0.000261	benign_only	1	22
KANK2	25959	17	0	17	0.000000	0.000261	benign_only	1	19
KIF14	9928	17	0	17	0.000000	0.000261	benign_only	1	1
KRT10	3858	17	5	12	0.294118	0.000261	mixed	1	17
KRT74	121391	17	0	17	0.000000	0.000261	benign_only	1	12
LRBA	987	17	2	15	0.117647	0.000261	mixed	1	4
MCCC1	56922	17	12	5	0.705882	0.000261	mixed	1	3
MOCOS	55034	17	1	16	0.058824	0.000261	mixed	1	18
MYH8	4626	17	1	16	0.058824	0.000261	mixed	1	17
NEU1	4758	17	16	1	0.941176	0.000261	mixed	1	6
RIF1	55183	17	2	15	0.117647	0.000261	mixed	1	2
RINT1	60561	17	0	17	0.000000	0.000261	benign_only	1	7
ROBO3	64221	17	4	13	0.235294	0.000261	mixed	1	11
SETD1A	9739	17	1	16	0.058824	0.000261	mixed	1	16
SLC12A1	6557	17	9	8	0.529412	0.000261	mixed	1	15
SLC16A2	6567	17	4	13	0.235294	0.000261	mixed	1	X
SLC26A2	1836	17	13	4	0.764706	0.000261	mixed	1	5
SLC26A3	1811	17	5	12	0.294118	0.000261	mixed	1	7
SLC29A3	55315	17	6	11	0.352941	0.000261	mixed	1	10
SLC35A2	7355	17	3	14	0.176471	0.000261	mixed	1	X
SLC35D2-HSD17B3	127748585	17	15	2	0.882353	0.000261	mixed	1	9
SLC6A5	9152	17	3	14	0.176471	0.000261	mixed	1	11
SMARCA4	6597	17	12	5	0.705882	0.000261	mixed	1	19
SMARCAL1	50485	17	10	7	0.588235	0.000261	mixed	1	2
TCIRG1	10312	17	6	11	0.352941	0.000261	mixed	1	11
TET2	54790	17	0	17	0.000000	0.000261	benign_only	1	4
TET2-AS1	104384744	17	0	17	0.000000	0.000261	benign_only	1	4
WNT10A	80326	17	13	4	0.764706	0.000261	mixed	1	2
ZFPM2	23414	17	0	17	0.000000	0.000261	benign_only	1	8
ACTA2	59	16	16	0	1.000000	0.000245	pathogenic_only	1	10
ADAMTS10	81794	16	0	16	0.000000	0.000245	benign_only	1	19
ARHGEF28	64283	16	0	16	0.000000	0.000245	benign_only	1	5
ARMC9	80210	16	1	15	0.062500	0.000245	mixed	1	2
BAG3	9531	16	4	12	0.250000	0.000245	mixed	1	10
BBS2	583	16	13	3	0.812500	0.000245	mixed	1	16
BLM	641	16	5	11	0.312500	0.000245	mixed	1	15
BRWD3	254065	16	0	16	0.000000	0.000245	benign_only	1	X
CACNA1B	774	16	0	16	0.000000	0.000245	benign_only	1	9
CACNA2D4	93589	16	0	16	0.000000	0.000245	benign_only	1	12
CASZ1	54897	16	0	16	0.000000	0.000245	benign_only	1	1
CHRNA2	1135	16	0	16	0.000000	0.000245	benign_only	1	8
CLCN7	1186	16	12	4	0.750000	0.000245	mixed	1	16
CLCNKA	1187	16	0	16	0.000000	0.000245	benign_only	1	1
CP	1356	16	5	11	0.312500	0.000245	mixed	1	3
CYFIP2	26999	16	4	12	0.250000	0.000245	mixed	1	5
DYNC2LI1	51626	16	3	13	0.187500	0.000245	mixed	1	2
EPAS1	2034	16	2	14	0.125000	0.000245	mixed	1	2
FLCN	201163	16	6	10	0.375000	0.000245	mixed	1	17
FRMPD4	9758	16	0	16	0.000000	0.000245	benign_only	1	X
GABBR2	9568	16	4	12	0.250000	0.000245	mixed	1	9
GEN1	348654	16	0	16	0.000000	0.000245	benign_only	1	2
HTT	3064	16	0	16	0.000000	0.000245	benign_only	1	4
KCNA2	3737	16	13	3	0.812500	0.000245	mixed	1	1
KIF7	374654	16	0	16	0.000000	0.000245	benign_only	1	15
KRT6A	3853	16	6	10	0.375000	0.000245	mixed	1	12
LARS2	23395	16	10	6	0.625000	0.000245	mixed	1	3
LOC106780803	106780803	16	0	16	0.000000	0.000245	benign_only	1	6
LOC107303338	107303338	16	3	13	0.187500	0.000245	mixed	1	3
LOXHD1	125336	16	5	11	0.312500	0.000245	mixed	1	18
LTBP4	8425	16	0	16	0.000000	0.000245	benign_only	1	19
MCM3AP	8888	16	1	15	0.062500	0.000245	mixed	1	21
MERTK	10461	16	5	11	0.312500	0.000245	mixed	1	2
MORC2	22880	16	10	6	0.625000	0.000245	mixed	1	22
MSTO1	55154	16	3	13	0.187500	0.000245	mixed	1	1
MTTP	4547	16	2	14	0.125000	0.000245	mixed	1	4
NEBL	10529	16	0	16	0.000000	0.000245	benign_only	1	10
NIN	51199	16	0	16	0.000000	0.000245	benign_only	1	14
NR2F1	7025	16	15	1	0.937500	0.000245	mixed	1	5
PALLD	23022	16	0	16	0.000000	0.000245	benign_only	1	4
PAX5	5079	16	1	15	0.062500	0.000245	mixed	1	9
PIKFYVE	200576	16	0	16	0.000000	0.000245	benign_only	1	2
POLR1A	25885	16	0	16	0.000000	0.000245	benign_only	1	2
PTPN23	25930	16	0	16	0.000000	0.000245	benign_only	1	3
RPGRIP1L	23322	16	4	12	0.250000	0.000245	mixed	1	16
RREB1	6239	16	0	16	0.000000	0.000245	benign_only	1	6
SH3BP2	6452	16	6	10	0.375000	0.000245	mixed	1	4
SLC39A4	55630	16	5	11	0.312500	0.000245	mixed	1	8
SMAD4	4089	16	13	3	0.812500	0.000245	mixed	1	18
SOX9	6662	16	9	7	0.562500	0.000245	mixed	1	17
SP110	3431	16	0	16	0.000000	0.000245	benign_only	1	2
SPEF2	79925	16	0	16	0.000000	0.000245	benign_only	1	5
STAR	6770	16	15	1	0.937500	0.000245	mixed	1	8
TAP1	6890	16	0	16	0.000000	0.000245	benign_only	1	6
TRAPPC11	60684	16	1	15	0.062500	0.000245	mixed	1	4
UBE3A	7337	16	10	6	0.625000	0.000245	mixed	1	15
UGT1A	7361	16	10	6	0.625000	0.000245	mixed	1	2
UGT1A10	54575	16	10	6	0.625000	0.000245	mixed	1	2
UGT1A7	54577	16	10	6	0.625000	0.000245	mixed	1	2
UGT1A8	54576	16	10	6	0.625000	0.000245	mixed	1	2
UGT1A9	54600	16	10	6	0.625000	0.000245	mixed	1	2
VARS2	57176	16	1	15	0.062500	0.000245	mixed	1	6
VPS13A	23230	16	0	16	0.000000	0.000245	benign_only	1	9
XIRP1	165904	16	0	16	0.000000	0.000245	benign_only	1	3
XPC	7508	16	2	14	0.125000	0.000245	mixed	1	3
ZDBF2	57683	16	0	16	0.000000	0.000245	benign_only	1	2
ZMIZ1	57178	16	1	15	0.062500	0.000245	mixed	1	10
ABCA7	10347	15	0	15	0.000000	0.000230	benign_only	1	19
ACTG2	72	15	15	0	1.000000	0.000230	pathogenic_only	1	2
ADAMTSL4	54507	15	1	14	0.066667	0.000230	mixed	1	1
ADGRA3	166647	15	0	15	0.000000	0.000230	benign_only	1	4
AFF4	27125	15	4	11	0.266667	0.000230	mixed	1	5
ALOX12B	242	15	12	3	0.800000	0.000230	mixed	1	17
ANXA11	311	15	3	12	0.200000	0.000230	mixed	1	10
APC2	10297	15	0	15	0.000000	0.000230	benign_only	1	19
ARX	170302	15	8	7	0.533333	0.000230	mixed	1	X
ASNS	440	15	13	2	0.866667	0.000230	mixed	1	7
ATP6V0A4	50617	15	6	9	0.400000	0.000230	mixed	1	7
ATR	545	15	0	15	0.000000	0.000230	benign_only	1	3
C17orf107	100130311	15	14	1	0.933333	0.000230	mixed	1	17
C5	727	15	0	15	0.000000	0.000230	benign_only	1	9
C6	729	15	0	15	0.000000	0.000230	benign_only	1	5
CENPE	1062	15	0	15	0.000000	0.000230	benign_only	1	4
CLCN4	1183	15	8	7	0.533333	0.000230	mixed	1	X
CLN6	54982	15	12	3	0.800000	0.000230	mixed	1	15
CLPB	81570	15	2	13	0.133333	0.000230	mixed	1	11
COL10A1	1300	15	2	13	0.133333	0.000230	mixed	1	6
CSMD1	64478	15	0	15	0.000000	0.000230	benign_only	1	8
CYP24A1	1591	15	9	6	0.600000	0.000230	mixed	1	20
CYP4V2	285440	15	11	4	0.733333	0.000230	mixed	1	4
CZ1P-ASNS	107986827	15	13	2	0.866667	0.000230	mixed	1	7
EBF3	253738	15	13	2	0.866667	0.000230	mixed	1	10
FHOD3	80206	15	1	14	0.066667	0.000230	mixed	1	18
GFM2	84340	15	0	15	0.000000	0.000230	benign_only	1	5
GJA3	2700	15	11	4	0.733333	0.000230	mixed	1	13
GRHPR	9380	15	9	6	0.600000	0.000230	mixed	1	9
GUCA1A	2978	15	14	1	0.933333	0.000230	mixed	1	6
GUCA1ANB-GUCA1A	118142757	15	14	1	0.933333	0.000230	mixed	1	6
GYS2	2998	15	3	12	0.200000	0.000230	mixed	1	12
HBA1	3039	15	13	2	0.866667	0.000230	mixed	1	16
HGSNAT	138050	15	9	6	0.600000	0.000230	mixed	1	8
HPS4	89781	15	0	15	0.000000	0.000230	benign_only	1	22
HSD3B2	3284	15	11	4	0.733333	0.000230	mixed	1	1
KIZ	55857	15	2	13	0.133333	0.000230	mixed	1	20
KRT2	3849	15	2	13	0.133333	0.000230	mixed	1	12
LAMB1	3912	15	0	15	0.000000	0.000230	benign_only	1	7
LOC106804613	106804613	15	13	2	0.866667	0.000230	mixed	1	16
MEFV	4210	15	9	6	0.600000	0.000230	mixed	1	16
MLPH	79083	15	1	14	0.066667	0.000230	mixed	1	2
MYO9A	4649	15	0	15	0.000000	0.000230	benign_only	1	15
NRAS	4893	15	15	0	1.000000	0.000230	pathogenic_only	1	1
NT5DC1	221294	15	2	13	0.133333	0.000230	mixed	1	6
PIGA	5277	15	6	9	0.400000	0.000230	mixed	1	X
PLCE1	51196	15	1	14	0.066667	0.000230	mixed	1	10
PPP2R1A	5518	15	13	2	0.866667	0.000230	mixed	1	19
RAPSN	5913	15	12	3	0.800000	0.000230	mixed	1	11
RP2	6102	15	7	8	0.466667	0.000230	mixed	1	X
RPGRIP1	57096	15	4	11	0.266667	0.000230	mixed	1	14
RPS19	6223	15	10	5	0.666667	0.000230	mixed	1	19
RSPH3	83861	15	0	15	0.000000	0.000230	benign_only	1	6
SAMD11	148398	15	0	15	0.000000	0.000230	benign_only	1	1
SERPINI1	5274	15	1	14	0.066667	0.000230	mixed	1	3
SHROOM4	57477	15	0	15	0.000000	0.000230	benign_only	1	X
SI	6476	15	2	13	0.133333	0.000230	mixed	1	3
SLC17A5	26503	15	10	5	0.666667	0.000230	mixed	1	6
SLC3A1	6519	15	14	1	0.933333	0.000230	mixed	1	2
SLC40A1	30061	15	10	5	0.666667	0.000230	mixed	1	2
SPEN	23013	15	0	15	0.000000	0.000230	benign_only	1	1
TNFRSF1A	7132	15	10	5	0.666667	0.000230	mixed	1	12
TPM1	7168	15	12	3	0.800000	0.000230	mixed	1	15
TRPM2	7226	15	0	15	0.000000	0.000230	benign_only	1	21
TRPM4	54795	15	2	13	0.133333	0.000230	mixed	1	19
TRPV3	162514	15	2	13	0.133333	0.000230	mixed	1	17
TSHR	7253	15	10	5	0.666667	0.000230	mixed	1	14
USH2A-AS2	102723833	15	12	3	0.800000	0.000230	mixed	1	1
WDR19	57728	15	6	9	0.400000	0.000230	mixed	1	4
WDR81	124997	15	1	14	0.066667	0.000230	mixed	1	17
WT1	7490	15	10	5	0.666667	0.000230	mixed	1	11
ZFPM2-AS1	102723356	15	0	15	0.000000	0.000230	benign_only	1	8
ALAS2	212	14	5	9	0.357143	0.000215	mixed	1	X
AMACR	23600	14	1	13	0.071429	0.000215	mixed	1	5
AQP2	359	14	14	0	1.000000	0.000215	pathogenic_only	1	12
ARSL	415	14	3	11	0.214286	0.000215	mixed	1	X
BARD1	580	14	2	12	0.142857	0.000215	mixed	1	2
BBS1	582	14	11	3	0.785714	0.000215	mixed	1	11
BBS12	166379	14	4	10	0.285714	0.000215	mixed	1	4
C1QTNF3-AMACR	100534612	14	1	13	0.071429	0.000215	mixed	1	5
CC2D1A	54862	14	0	14	0.000000	0.000215	benign_only	1	19
CCDC141	285025	14	0	14	0.000000	0.000215	benign_only	1	2
CFI	3426	14	2	12	0.142857	0.000215	mixed	1	4
CHCHD10	400916	14	2	12	0.142857	0.000215	mixed	1	22
CLCN2	1181	14	3	11	0.214286	0.000215	mixed	1	3
CLTCL1	8218	14	0	14	0.000000	0.000215	benign_only	1	22
CNGB3	54714	14	3	11	0.214286	0.000215	mixed	1	8
CSNK2A1	1457	14	13	1	0.928571	0.000215	mixed	1	20
CTNS-AS1	105371492	14	11	3	0.785714	0.000215	mixed	1	17
DGUOK	1716	14	13	1	0.928571	0.000215	mixed	1	2
DHX37	57647	14	2	12	0.142857	0.000215	mixed	1	12
DISP1	84976	14	0	14	0.000000	0.000215	benign_only	1	1
DNAH2	146754	14	0	14	0.000000	0.000215	benign_only	1	17
DSG2-AS1	100652770	14	0	14	0.000000	0.000215	benign_only	1	18
EFL1	79631	14	0	14	0.000000	0.000215	benign_only	1	15
EHHADH	1962	14	0	14	0.000000	0.000215	benign_only	1	3
EMC1	23065	14	2	12	0.142857	0.000215	mixed	1	1
FAM186B	84070	14	0	14	0.000000	0.000215	benign_only	1	12
FPGT-TNNI3K	100526835	14	1	13	0.071429	0.000215	mixed	1	1
GDAP1	54332	14	14	0	1.000000	0.000215	pathogenic_only	1	8
GLIS3	169792	14	0	14	0.000000	0.000215	benign_only	1	9
GLRA1	2741	14	8	6	0.571429	0.000215	mixed	1	5
GNRHR	2798	14	14	0	1.000000	0.000215	pathogenic_only	1	4
GP9	2815	14	10	4	0.714286	0.000215	mixed	1	3
GPR143	4935	14	9	5	0.642857	0.000215	mixed	1	X
GRM6	2916	14	2	12	0.142857	0.000215	mixed	1	5
HADHB	3032	14	13	1	0.928571	0.000215	mixed	1	2
HDAC8	55869	14	6	8	0.428571	0.000215	mixed	1	X
IL10RA	3587	14	1	13	0.071429	0.000215	mixed	1	11
IL17RC	84818	14	0	14	0.000000	0.000215	benign_only	1	3
IRF6	3664	14	11	3	0.785714	0.000215	mixed	1	1
ITGA2	3673	14	0	14	0.000000	0.000215	benign_only	1	5
ITGB2	3689	14	7	7	0.500000	0.000215	mixed	1	21
KANK4	163782	14	0	14	0.000000	0.000215	benign_only	1	1
KCNC3	3748	14	2	12	0.142857	0.000215	mixed	1	19
KCNQ4	9132	14	8	6	0.571429	0.000215	mixed	1	1
KCNV2	169522	14	3	11	0.214286	0.000215	mixed	1	9
KIF5A	3798	14	12	2	0.857143	0.000215	mixed	1	12
KIT	3815	14	9	5	0.642857	0.000215	mixed	1	4
KRT1	3848	14	7	7	0.500000	0.000215	mixed	1	12
LAMC2	3918	14	1	13	0.071429	0.000215	mixed	1	1
LIG1	3978	14	0	14	0.000000	0.000215	benign_only	1	19
LIG4	3981	14	7	7	0.500000	0.000215	mixed	1	13
LIPE	3991	14	0	14	0.000000	0.000215	benign_only	1	19
LIPE-AS1	100996307	14	0	14	0.000000	0.000215	benign_only	1	19
LOC106501712	106501712	14	0	14	0.000000	0.000215	benign_only	1	1
LOC110006319	110006319	14	11	3	0.785714	0.000215	mixed	1	11
LOC126862586	126862586	14	14	0	1.000000	0.000215	pathogenic_only	1	17
MKI67	4288	14	0	14	0.000000	0.000215	benign_only	1	10
MKKS	8195	14	7	7	0.500000	0.000215	mixed	1	20
MUSK	4593	14	3	11	0.214286	0.000215	mixed	1	9
NFIX	4784	14	12	2	0.857143	0.000215	mixed	1	19
NLRP2	55655	14	0	14	0.000000	0.000215	benign_only	1	19
NPHP3-ACAD11	100532724	14	6	8	0.428571	0.000215	mixed	1	3
NR2F1-AS1	441094	14	13	1	0.928571	0.000215	mixed	1	5
NSDHL	50814	14	0	14	0.000000	0.000215	benign_only	1	X
OPHN1	4983	14	1	13	0.071429	0.000215	mixed	1	X
OPLAH	26873	14	0	14	0.000000	0.000215	benign_only	1	8
ORC1	4998	14	3	11	0.214286	0.000215	mixed	1	1
PCDH12	51294	14	0	14	0.000000	0.000215	benign_only	1	5
PDE6A	5145	14	9	5	0.642857	0.000215	mixed	1	5
PLOD1	5351	14	2	12	0.142857	0.000215	mixed	1	1
PLXNA2	5362	14	0	14	0.000000	0.000215	benign_only	1	1
POMGNT1	55624	14	10	4	0.714286	0.000215	mixed	1	1
PPP1R3A	5506	14	0	14	0.000000	0.000215	benign_only	1	7
PPP2R5D	5528	14	13	1	0.928571	0.000215	mixed	1	6
PSTPIP1	9051	14	2	12	0.142857	0.000215	mixed	1	15
RIN2	54453	14	0	14	0.000000	0.000215	benign_only	1	20
SCN7A	6332	14	0	14	0.000000	0.000215	benign_only	1	2
SEC23B	10483	14	8	6	0.571429	0.000215	mixed	1	20
SEC24D	9871	14	1	13	0.071429	0.000215	mixed	1	4
SHROOM3	57619	14	0	14	0.000000	0.000215	benign_only	1	4
SLC1A2	6506	14	1	13	0.071429	0.000215	mixed	1	11
SLC2A9	56606	14	2	12	0.142857	0.000215	mixed	1	4
SLC7A9	11136	14	10	4	0.714286	0.000215	mixed	1	19
SNRNP200	23020	14	7	7	0.500000	0.000215	mixed	1	2
SPRED1	161742	14	4	10	0.285714	0.000215	mixed	1	15
SUN1	23353	14	0	14	0.000000	0.000215	benign_only	1	7
TMC6	11322	14	0	14	0.000000	0.000215	benign_only	1	17
TMEM43	79188	14	1	13	0.071429	0.000215	mixed	1	3
TNNI3K	51086	14	1	13	0.071429	0.000215	mixed	1	1
TRPM6	140803	14	0	14	0.000000	0.000215	benign_only	1	9
TSPEAR	54084	14	2	12	0.142857	0.000215	mixed	1	21
TTC7A	57217	14	2	12	0.142857	0.000215	mixed	1	2
UBR1	197131	14	2	12	0.142857	0.000215	mixed	1	15
USP9X	8239	14	2	12	0.142857	0.000215	mixed	1	X
VCP	7415	14	13	1	0.928571	0.000215	mixed	1	9
WRN	7486	14	2	12	0.142857	0.000215	mixed	1	8
XDH	7498	14	0	14	0.000000	0.000215	benign_only	1	2
ZBTB18	10472	14	10	4	0.714286	0.000215	mixed	1	1
ZNF407	55628	14	0	14	0.000000	0.000215	benign_only	1	18
ADAMTS2	9509	13	0	13	0.000000	0.000199	benign_only	1	5
AFG2A	166378	13	6	7	0.461538	0.000199	mixed	1	4
AIFM1	9131	13	3	10	0.230769	0.000199	mixed	1	X
AIP	9049	13	3	10	0.230769	0.000199	mixed	1	11
ARHGEF10	9639	13	0	13	0.000000	0.000199	benign_only	1	8
ARHGEF15	22899	13	0	13	0.000000	0.000199	benign_only	1	17
ARVCF	421	13	0	13	0.000000	0.000199	benign_only	1	22
ASB10	136371	13	0	13	0.000000	0.000199	benign_only	1	7
BLOC1S1-RDH5	100528022	13	10	3	0.769231	0.000199	mixed	1	12
CABIN1	23523	13	0	13	0.000000	0.000199	benign_only	1	22
CACNA1D	776	13	2	11	0.153846	0.000199	mixed	1	3
CCDC39	339829	13	0	13	0.000000	0.000199	benign_only	1	3
CDT1	81620	13	1	12	0.076923	0.000199	mixed	1	16
CELSR1	9620	13	0	13	0.000000	0.000199	benign_only	1	22
CEP104	9731	13	0	13	0.000000	0.000199	benign_only	1	1
CEP120	153241	13	1	12	0.076923	0.000199	mixed	1	5
CEP152	22995	13	1	12	0.076923	0.000199	mixed	1	15
CFHR5	81494	13	0	13	0.000000	0.000199	benign_only	1	1
CIITA	4261	13	0	13	0.000000	0.000199	benign_only	1	16
CLN8	2055	13	10	3	0.769231	0.000199	mixed	1	8
COCH	1690	13	6	7	0.461538	0.000199	mixed	1	14
CSF3R	1441	13	2	11	0.153846	0.000199	mixed	1	1
DBH	1621	13	0	13	0.000000	0.000199	benign_only	1	9
DHTKD1	55526	13	0	13	0.000000	0.000199	benign_only	1	10
DRC1	92749	13	0	13	0.000000	0.000199	benign_only	1	2
DSE	29940	13	0	13	0.000000	0.000199	benign_only	1	6
DYNC2I1	55112	13	0	13	0.000000	0.000199	benign_only	1	7
EBP	10682	13	7	6	0.538462	0.000199	mixed	1	X
EFHC1	114327	13	0	13	0.000000	0.000199	benign_only	1	6
EPHA2	1969	13	0	13	0.000000	0.000199	benign_only	1	1
ERMARD	55780	13	0	13	0.000000	0.000199	benign_only	1	6
ETHE1	23474	13	11	2	0.846154	0.000199	mixed	1	19
F11-AS1	285441	13	11	2	0.846154	0.000199	mixed	1	4
FGD1	2245	13	3	10	0.230769	0.000199	mixed	1	X
FRMD7	90167	13	7	6	0.538462	0.000199	mixed	1	X
GANAB	23193	13	1	12	0.076923	0.000199	mixed	1	11
GHRHR	2692	13	8	5	0.615385	0.000199	mixed	1	7
GMPPB	29925	13	10	3	0.769231	0.000199	mixed	1	3
GP1BB	2812	13	10	3	0.769231	0.000199	mixed	1	22
KCNA1	3736	13	12	1	0.923077	0.000199	mixed	1	12
LMOD3	56203	13	1	12	0.076923	0.000199	mixed	1	3
LMX1B	4010	13	10	3	0.769231	0.000199	mixed	1	9
LOC105371046	105371046	13	6	7	0.461538	0.000199	mixed	1	16
LOC129994126	129994126	13	12	1	0.923077	0.000199	mixed	1	5
LRIT3	345193	13	0	13	0.000000	0.000199	benign_only	1	4
LRP4	4038	13	1	12	0.076923	0.000199	mixed	1	11
LSS	4047	13	2	11	0.153846	0.000199	mixed	1	21
MAMLD1	10046	13	0	13	0.000000	0.000199	benign_only	1	X
MAP1B	4131	13	0	13	0.000000	0.000199	benign_only	1	5
MCM2	4171	13	0	13	0.000000	0.000199	benign_only	1	3
MED23	9439	13	12	1	0.923077	0.000199	mixed	1	6
MHRT	104564225	13	10	3	0.769231	0.000199	mixed	1	14
MID1	4281	13	1	12	0.076923	0.000199	mixed	1	X
MOCS1	4337	13	5	8	0.384615	0.000199	mixed	1	6
MYO1A	4640	13	0	13	0.000000	0.000199	benign_only	1	12
NAA10	8260	13	13	0	1.000000	0.000199	pathogenic_only	1	X
NCF2	4688	13	3	10	0.230769	0.000199	mixed	1	1
NDE1	54820	13	0	13	0.000000	0.000199	benign_only	1	16
NID1	4811	13	0	13	0.000000	0.000199	benign_only	1	1
PDGFRA	5156	13	0	13	0.000000	0.000199	benign_only	1	4
PDZD7	79955	13	2	11	0.153846	0.000199	mixed	1	10
PKD1-AS1	105371049	13	7	6	0.538462	0.000199	mixed	1	16
PKD2	5311	13	6	7	0.461538	0.000199	mixed	1	4
PLD1	5337	13	1	12	0.076923	0.000199	mixed	1	3
POLR1C	9533	13	9	4	0.692308	0.000199	mixed	1	6
PRPF8	10594	13	13	0	1.000000	0.000199	pathogenic_only	1	17
PSAP	5660	13	8	5	0.615385	0.000199	mixed	1	10
RAB33A	9363	13	3	10	0.230769	0.000199	mixed	1	X
RAD51L3-RFFL	100529207	13	1	12	0.076923	0.000199	mixed	1	17
RDH5	5959	13	10	3	0.769231	0.000199	mixed	1	12
RHBDF2	79651	13	1	12	0.076923	0.000199	mixed	1	17
RNF43	54894	13	0	13	0.000000	0.000199	benign_only	1	17
SEPT5-GP1BB	100526833	13	10	3	0.769231	0.000199	mixed	1	22
SHROOM3-AS1	105377289	13	0	13	0.000000	0.000199	benign_only	1	4
SLCO5A1	81796	13	0	13	0.000000	0.000199	benign_only	1	8
SPTBN4	57731	13	0	13	0.000000	0.000199	benign_only	1	19
STING1	340061	13	3	10	0.230769	0.000199	mixed	1	5
STON1-GTF2A1L	286749	13	6	7	0.461538	0.000199	mixed	1	2
SYNJ1	8867	13	1	12	0.076923	0.000199	mixed	1	21
TARDBP	23435	13	10	3	0.769231	0.000199	mixed	1	1
TBXAS1	6916	13	1	12	0.076923	0.000199	mixed	1	7
TCF3	6929	13	1	12	0.076923	0.000199	mixed	1	19
TCN2	6948	13	0	13	0.000000	0.000199	benign_only	1	22
TEX15	56154	13	0	13	0.000000	0.000199	benign_only	1	8
TGFBI	7045	13	8	5	0.615385	0.000199	mixed	1	5
TMEM231	79583	13	3	10	0.230769	0.000199	mixed	1	16
TONSL	4796	13	1	12	0.076923	0.000199	mixed	1	8
TSHR-AS1	101928462	13	10	3	0.769231	0.000199	mixed	1	14
TXNRD2	10587	13	0	13	0.000000	0.000199	benign_only	1	22
UNC45B	146862	13	2	11	0.153846	0.000199	mixed	1	17
USH1C	10083	13	3	10	0.230769	0.000199	mixed	1	11
ZNF335	63925	13	0	13	0.000000	0.000199	benign_only	1	20
ZSWIM6	57688	13	1	12	0.076923	0.000199	mixed	1	5
AAAS	8086	12	9	3	0.750000	0.000184	mixed	1	12
ADCY10	55811	12	0	12	0.000000	0.000184	benign_only	1	1
AFF2	2334	12	0	12	0.000000	0.000184	benign_only	1	X
ALOXE3	59344	12	4	8	0.333333	0.000184	mixed	1	17
AMH	268	12	4	8	0.333333	0.000184	mixed	1	19
ANO10	55129	12	1	11	0.083333	0.000184	mixed	1	3
APP	351	12	8	4	0.666667	0.000184	mixed	1	21
ARHGEF9	23229	12	5	7	0.416667	0.000184	mixed	1	X
ATP10A	57194	12	0	12	0.000000	0.000184	benign_only	1	15
BRIP1	83990	12	6	6	0.500000	0.000184	mixed	1	17
C8A	731	12	0	12	0.000000	0.000184	benign_only	1	1
CACNA1F	778	12	2	10	0.166667	0.000184	mixed	1	X
CCDC8	83987	12	0	12	0.000000	0.000184	benign_only	1	19
CCN6	8838	12	6	6	0.500000	0.000184	mixed	1	6
CDSN	1041	12	0	12	0.000000	0.000184	benign_only	1	6
CERKL	375298	12	7	5	0.583333	0.000184	mixed	1	2
CFAP410	755	12	5	7	0.416667	0.000184	mixed	1	21
CFB	629	12	1	11	0.083333	0.000184	mixed	1	6
CHRNB2	1141	12	4	8	0.333333	0.000184	mixed	1	1
CKAP2L	150468	12	0	12	0.000000	0.000184	benign_only	1	2
CLCN5	1184	12	4	8	0.333333	0.000184	mixed	1	X
CLIC5	53405	12	0	12	0.000000	0.000184	benign_only	1	6
COL4A2-AS1	100874203	12	1	11	0.083333	0.000184	mixed	1	13
COL9A2	1298	12	0	12	0.000000	0.000184	benign_only	1	1
COQ4	51117	12	4	8	0.333333	0.000184	mixed	1	9
COQ6	51004	12	1	11	0.083333	0.000184	mixed	1	14
CPAP	55835	12	1	11	0.083333	0.000184	mixed	1	13
CSPP1	79848	12	1	11	0.083333	0.000184	mixed	1	8
CTCF	10664	12	10	2	0.833333	0.000184	mixed	1	16
CTSC	1075	12	9	3	0.750000	0.000184	mixed	1	11
CTSK	1513	12	11	1	0.916667	0.000184	mixed	1	1
CUX1	1523	12	0	12	0.000000	0.000184	benign_only	1	7
CYBB	1536	12	9	3	0.750000	0.000184	mixed	1	X
CYP4F22	126410	12	7	5	0.583333	0.000184	mixed	1	19
DIAPH3	81624	12	0	12	0.000000	0.000184	benign_only	1	13
DLAT	1737	12	1	11	0.083333	0.000184	mixed	1	11
DLL3	10683	12	2	10	0.166667	0.000184	mixed	1	19
ECEL1	9427	12	5	7	0.416667	0.000184	mixed	1	2
EEF1A2	1917	12	11	1	0.916667	0.000184	mixed	1	20
ELP2	55250	12	2	10	0.166667	0.000184	mixed	1	18
EMC1-AS1	101927895	12	0	12	0.000000	0.000184	benign_only	1	1
ENPP1	5167	12	8	4	0.666667	0.000184	mixed	1	6
EPRS1	2058	12	0	12	0.000000	0.000184	benign_only	1	1
ERBB2	2064	12	0	12	0.000000	0.000184	benign_only	1	17
ERBIN	55914	12	0	12	0.000000	0.000184	benign_only	1	5
FA2H	79152	12	8	4	0.666667	0.000184	mixed	1	16
FAS	355	12	8	4	0.666667	0.000184	mixed	1	10
FBXL4	26235	12	11	1	0.916667	0.000184	mixed	1	6
FBXO11	80204	12	6	6	0.500000	0.000184	mixed	1	2
FKTN	2218	12	7	5	0.583333	0.000184	mixed	1	9
FLNC-AS1	110806300	12	2	10	0.166667	0.000184	mixed	1	7
GABRA1	2554	12	10	2	0.833333	0.000184	mixed	1	5
GDF5	8200	12	4	8	0.333333	0.000184	mixed	1	20
GJA1	2697	12	11	1	0.916667	0.000184	mixed	1	6
GRHL3	57822	12	1	11	0.083333	0.000184	mixed	1	1
HYLS1	219844	12	2	10	0.166667	0.000184	mixed	1	11
ITGA7	3679	12	0	12	0.000000	0.000184	benign_only	1	12
KARS1	3735	12	5	7	0.416667	0.000184	mixed	1	16
KIF21A	55605	12	2	10	0.166667	0.000184	mixed	1	12
KL	9365	12	0	12	0.000000	0.000184	benign_only	1	13
KLHL40	131377	12	4	8	0.333333	0.000184	mixed	1	3
KRT16	3868	12	5	7	0.416667	0.000184	mixed	1	17
KRT6B	3854	12	2	10	0.166667	0.000184	mixed	1	12
KRT83	3889	12	1	11	0.083333	0.000184	mixed	1	12
LAMP2	3920	12	3	9	0.250000	0.000184	mixed	1	X
LHCGR	3973	12	6	6	0.500000	0.000184	mixed	1	2
LOC126862124	126862124	12	12	0	1.000000	0.000184	pathogenic_only	1	15
LRP1	4035	12	0	12	0.000000	0.000184	benign_only	1	12
LZTR1	8216	12	9	3	0.750000	0.000184	mixed	1	22
MAP3K1	4214	12	1	11	0.083333	0.000184	mixed	1	5
MAPK8IP3	23162	12	4	8	0.333333	0.000184	mixed	1	16
MAPKBP1	23005	12	0	12	0.000000	0.000184	benign_only	1	15
MAT1A	4143	12	12	0	1.000000	0.000184	pathogenic_only	1	10
MC1R	4157	12	0	12	0.000000	0.000184	benign_only	1	16
MTFMT	123263	12	2	10	0.166667	0.000184	mixed	1	15
MTR	4548	12	1	11	0.083333	0.000184	mixed	1	1
MVP-DT	112268170	12	3	9	0.250000	0.000184	mixed	1	16
MXRA5	25878	12	0	12	0.000000	0.000184	benign_only	1	X
MYO1C	4641	12	0	12	0.000000	0.000184	benign_only	1	17
MYO3A	53904	12	1	11	0.083333	0.000184	mixed	1	10
MYOT	9499	12	5	7	0.416667	0.000184	mixed	1	5
NBEAL2	23218	12	1	11	0.083333	0.000184	mixed	1	3
NDP	4693	12	11	1	0.916667	0.000184	mixed	1	X
NDP-AS1	100873919	12	11	1	0.916667	0.000184	mixed	1	X
NEFL	4747	12	8	4	0.666667	0.000184	mixed	1	8
NMNAT1	64802	12	11	1	0.916667	0.000184	mixed	1	1
P2RX2	22953	12	1	11	0.083333	0.000184	mixed	1	12
PKD2L2-DT	101928005	12	5	7	0.416667	0.000184	mixed	1	5
PLCB4	5332	12	3	9	0.250000	0.000184	mixed	1	20
PNPLA6	10908	12	7	5	0.583333	0.000184	mixed	1	19
PNPO	55163	12	11	1	0.916667	0.000184	mixed	1	17
POLQ	10721	12	0	12	0.000000	0.000184	benign_only	1	3
POLR3A	11128	12	7	5	0.583333	0.000184	mixed	1	10
POMT2	29954	12	8	4	0.666667	0.000184	mixed	1	14
PPL	5493	12	0	12	0.000000	0.000184	benign_only	1	16
PRKAG2	51422	12	7	5	0.583333	0.000184	mixed	1	7
PRODH	5625	12	0	12	0.000000	0.000184	benign_only	1	22
PROP1	5626	12	9	3	0.750000	0.000184	mixed	1	5
PRRT2	112476	12	3	9	0.250000	0.000184	mixed	1	16
PSORS1C1	170679	12	0	12	0.000000	0.000184	benign_only	1	6
PURA	5813	12	11	1	0.916667	0.000184	mixed	1	5
PUS3	83480	12	2	10	0.166667	0.000184	mixed	1	11
RASA1	5921	12	0	12	0.000000	0.000184	benign_only	1	5
RNF14	9604	12	0	12	0.000000	0.000184	benign_only	1	5
ROR2	4920	12	0	12	0.000000	0.000184	benign_only	1	9
SCN1B	6324	12	4	8	0.333333	0.000184	mixed	1	19
SH3PXD2B	285590	12	1	11	0.083333	0.000184	mixed	1	5
SKIC3	9652	12	1	11	0.083333	0.000184	mixed	1	5
SLC20A2	6575	12	4	8	0.333333	0.000184	mixed	1	8
SLC25A15	10166	12	11	1	0.916667	0.000184	mixed	1	13
SLC6A1-AS1	100874090	12	11	1	0.916667	0.000184	mixed	1	3
SMARCB1	6598	12	11	1	0.916667	0.000184	mixed	1	22
SP140	11262	12	0	12	0.000000	0.000184	benign_only	1	2
SPAG1	6674	12	0	12	0.000000	0.000184	benign_only	1	8
SPTLC1	10558	12	6	6	0.500000	0.000184	mixed	1	9
STIM1	6786	12	3	9	0.250000	0.000184	mixed	1	11
SUN2	25777	12	0	12	0.000000	0.000184	benign_only	1	22
SURF1	6834	12	9	3	0.750000	0.000184	mixed	1	9
SVIL	6840	12	0	12	0.000000	0.000184	benign_only	1	10
TANC2	26115	12	0	12	0.000000	0.000184	benign_only	1	17
TAP2	6891	12	0	12	0.000000	0.000184	benign_only	1	6
TECPR2	9895	12	0	12	0.000000	0.000184	benign_only	1	14
TGM5	9333	12	2	10	0.166667	0.000184	mixed	1	15
TTBK2	146057	12	0	12	0.000000	0.000184	benign_only	1	15
TTC21B	79809	12	1	11	0.083333	0.000184	mixed	1	2
TUBB2A	7280	12	10	2	0.833333	0.000184	mixed	1	6
TUBB2B	347733	12	11	1	0.916667	0.000184	mixed	1	6
TYK2	7297	12	0	12	0.000000	0.000184	benign_only	1	19
UGT1A5	54579	12	10	2	0.833333	0.000184	mixed	1	2
UGT1A6	54578	12	10	2	0.833333	0.000184	mixed	1	2
WHRN	25861	12	0	12	0.000000	0.000184	benign_only	1	9
ZFHX4	79776	12	0	12	0.000000	0.000184	benign_only	1	8
AARS1	16	11	2	9	0.181818	0.000169	mixed	1	16
ACTN2	88	11	3	8	0.272727	0.000169	mixed	1	1
ADAMTSL3	57188	11	0	11	0.000000	0.000169	benign_only	1	15
ADGRG1	9289	11	4	7	0.363636	0.000169	mixed	1	16
ANKLE2	23141	11	0	11	0.000000	0.000169	benign_only	1	12
ANKZF1	55139	11	0	11	0.000000	0.000169	benign_only	1	2
AP4B1-AS1	100287722	11	0	11	0.000000	0.000169	benign_only	1	1
ARHGEF18	23370	11	0	11	0.000000	0.000169	benign_only	1	19
ARSG	22901	11	0	11	0.000000	0.000169	benign_only	1	17
ATP1A1	476	11	7	4	0.636364	0.000169	mixed	1	1
BBS9	27241	11	0	11	0.000000	0.000169	benign_only	1	7
C1R	715	11	3	8	0.272727	0.000169	mixed	1	12
CARMIL2	146206	11	1	10	0.090909	0.000169	mixed	1	16
CARS2	79587	11	1	10	0.090909	0.000169	mixed	1	13
CASK	8573	11	6	5	0.545455	0.000169	mixed	1	X
CCDC50	152137	11	0	11	0.000000	0.000169	benign_only	1	3
CD33	945	11	0	11	0.000000	0.000169	benign_only	1	19
CDK5RAP2	55755	11	0	11	0.000000	0.000169	benign_only	1	9
CDKN1C	1028	11	4	7	0.363636	0.000169	mixed	1	11
CHD1L	9557	11	0	11	0.000000	0.000169	benign_only	1	1
CHM	1121	11	2	9	0.181818	0.000169	mixed	1	X
CIZ1	25792	11	3	8	0.272727	0.000169	mixed	1	9
CLDN16	10686	11	7	4	0.636364	0.000169	mixed	1	3
CLDN19	149461	11	4	7	0.363636	0.000169	mixed	1	1
COCH-AS1	100506071	11	6	5	0.545455	0.000169	mixed	1	14
COL6A6	131873	11	0	11	0.000000	0.000169	benign_only	1	3
CRELD1	78987	11	0	11	0.000000	0.000169	benign_only	1	3
CYB5R3	1727	11	7	4	0.636364	0.000169	mixed	1	22
DARS2	55157	11	7	4	0.636364	0.000169	mixed	1	1
DHDDS	79947	11	10	1	0.909091	0.000169	mixed	1	1
DIAPH1	1729	11	0	11	0.000000	0.000169	benign_only	1	5
DNAAF2	55172	11	0	11	0.000000	0.000169	benign_only	1	14
DNAAF4-CCPG1	100533483	11	2	9	0.181818	0.000169	mixed	1	15
DNAJC13	23317	11	0	11	0.000000	0.000169	benign_only	1	3
EGR2	1959	11	9	2	0.818182	0.000169	mixed	1	10
EIF2AK3	9451	11	2	9	0.181818	0.000169	mixed	1	2
EXOSC3	51010	11	6	5	0.545455	0.000169	mixed	1	9
EXT2	2132	11	3	8	0.272727	0.000169	mixed	1	11
FAM20C	56975	11	1	10	0.090909	0.000169	mixed	1	7
FARS2	10667	11	7	4	0.636364	0.000169	mixed	1	6
FBXO38	81545	11	0	11	0.000000	0.000169	benign_only	1	5
FMN2	56776	11	1	10	0.090909	0.000169	mixed	1	1
FOXP3	50943	11	6	5	0.545455	0.000169	mixed	1	X
GCM2	9247	11	1	10	0.090909	0.000169	mixed	1	6
H6PD	9563	11	0	11	0.000000	0.000169	benign_only	1	1
HK1	3098	11	7	4	0.636364	0.000169	mixed	1	10
HTRA1	5654	11	7	4	0.636364	0.000169	mixed	1	10
KIF2A	3796	11	4	7	0.363636	0.000169	mixed	1	5
LCAT	3931	11	8	3	0.727273	0.000169	mixed	1	16
LINS1	55180	11	0	11	0.000000	0.000169	benign_only	1	15
LOC123956210	123956210	11	9	2	0.818182	0.000169	mixed	1	7
LOC129931597	129931597	11	11	0	1.000000	0.000169	pathogenic_only	1	1
LRP1B	53353	11	0	11	0.000000	0.000169	benign_only	1	2
LRRC37A2	474170	11	2	9	0.181818	0.000169	mixed	1	17
LRSAM1	90678	11	3	8	0.272727	0.000169	mixed	1	9
MAFB	9935	11	6	5	0.545455	0.000169	mixed	1	20
MAN1B1	11253	11	2	9	0.181818	0.000169	mixed	1	9
MASP2	10747	11	1	10	0.090909	0.000169	mixed	1	1
MAX-AS1	100506321	11	1	10	0.090909	0.000169	mixed	1	14
MC4R	4160	11	9	2	0.818182	0.000169	mixed	1	18
MFSD8	256471	11	8	3	0.727273	0.000169	mixed	1	4
MOGS	7841	11	0	11	0.000000	0.000169	benign_only	1	2
MYT1L	23040	11	4	7	0.363636	0.000169	mixed	1	2
NCAPD3	23310	11	0	11	0.000000	0.000169	benign_only	1	11
NGLY1	55768	11	3	8	0.272727	0.000169	mixed	1	3
NLRC4	58484	11	3	8	0.272727	0.000169	mixed	1	2
NLRP7	199713	11	2	9	0.181818	0.000169	mixed	1	19
NPHP3	27031	11	5	6	0.454545	0.000169	mixed	1	3
NR5A1	2516	11	9	2	0.818182	0.000169	mixed	1	9
PCGF2	7703	11	2	9	0.181818	0.000169	mixed	1	17
PIGB	9488	11	2	9	0.181818	0.000169	mixed	1	15
PIGT	51604	11	5	6	0.454545	0.000169	mixed	1	20
PLB1	151056	11	0	11	0.000000	0.000169	benign_only	1	2
PNP	4860	11	7	4	0.636364	0.000169	mixed	1	14
PPA2	27068	11	4	7	0.363636	0.000169	mixed	1	4
PRDM5	11107	11	2	9	0.181818	0.000169	mixed	1	4
PRKAR1A	5573	11	3	8	0.272727	0.000169	mixed	1	17
PRKCG	5582	11	9	2	0.818182	0.000169	mixed	1	19
PRKCSH	5589	11	0	11	0.000000	0.000169	benign_only	1	19
PRSS1	5644	11	7	4	0.636364	0.000169	mixed	1	7
PTCH2	8643	11	0	11	0.000000	0.000169	benign_only	1	1
PTDSS1	9791	11	1	10	0.090909	0.000169	mixed	1	8
PTPRC	5788	11	0	11	0.000000	0.000169	benign_only	1	1
PYCR1	5831	11	7	4	0.636364	0.000169	mixed	1	17
RAD51C	5889	11	8	3	0.727273	0.000169	mixed	1	17
RAD51D	5892	11	1	10	0.090909	0.000169	mixed	1	17
REEP1	65055	11	4	7	0.363636	0.000169	mixed	1	2
RUNX2	860	11	9	2	0.818182	0.000169	mixed	1	6
SCO2	9997	11	5	6	0.454545	0.000169	mixed	1	22
SLC19A3	80704	11	6	5	0.545455	0.000169	mixed	1	2
SNAP25	6616	11	9	2	0.818182	0.000169	mixed	1	20
STRC	161497	11	2	9	0.181818	0.000169	mixed	1	15
SUOX	6821	11	6	5	0.545455	0.000169	mixed	1	12
TAFAZZIN	6901	11	10	1	0.909091	0.000169	mixed	1	X
TANGO2	128989	11	5	6	0.454545	0.000169	mixed	1	22
TENM3	55714	11	0	11	0.000000	0.000169	benign_only	1	4
TEP1	7011	11	0	11	0.000000	0.000169	benign_only	1	14
TFAP2A	7020	11	11	0	1.000000	0.000169	pathogenic_only	1	6
TMC1	117531	11	9	2	0.818182	0.000169	mixed	1	9
TMPRSS6	164656	11	2	9	0.181818	0.000169	mixed	1	22
TOP1MT	116447	11	0	11	0.000000	0.000169	benign_only	1	8
TOPORS	10210	11	0	11	0.000000	0.000169	benign_only	1	9
TPSAB1	7177	11	0	11	0.000000	0.000169	benign_only	1	16
TRB	6957	11	7	4	0.636364	0.000169	mixed	1	7
TREM2	54209	11	3	8	0.272727	0.000169	mixed	1	6
TRPC6	7225	11	6	5	0.545455	0.000169	mixed	1	11
TSPAN1	10103	11	9	2	0.818182	0.000169	mixed	1	1
TSPOAP1	9256	11	0	11	0.000000	0.000169	benign_only	1	17
UGT1A3	54659	11	10	1	0.909091	0.000169	mixed	1	2
UGT1A4	54657	11	10	1	0.909091	0.000169	mixed	1	2
USP8	9101	11	0	11	0.000000	0.000169	benign_only	1	15
WASHC5	9897	11	6	5	0.545455	0.000169	mixed	1	8
WDR35	57539	11	1	10	0.090909	0.000169	mixed	1	2
XYLT1	64131	11	1	10	0.090909	0.000169	mixed	1	16
ABCG8	64241	10	2	8	0.200000	0.000153	mixed	1	2
AEBP1	165	10	0	10	0.000000	0.000153	benign_only	1	7
ALDOB	229	10	8	2	0.800000	0.000153	mixed	1	9
ANO7	50636	10	0	10	0.000000	0.000153	benign_only	1	2
ANOS1	3730	10	1	9	0.100000	0.000153	mixed	1	X
AP5Z1	9907	10	0	10	0.000000	0.000153	benign_only	1	7
APOL1	8542	10	0	10	0.000000	0.000153	benign_only	1	22
ATG2B	55102	10	0	10	0.000000	0.000153	benign_only	1	14
ATIC	471	10	0	10	0.000000	0.000153	benign_only	1	2
ATP6V1B1	525	10	6	4	0.600000	0.000153	mixed	1	2
ATRIP	84126	10	2	8	0.200000	0.000153	mixed	1	3
ATRIP-TREX1	111822955	10	2	8	0.200000	0.000153	mixed	1	3
AXIN2	8313	10	0	10	0.000000	0.000153	benign_only	1	17
BAZ2B	29994	10	1	9	0.100000	0.000153	mixed	1	2
BLK	640	10	0	10	0.000000	0.000153	benign_only	1	8
BMPR1A	657	10	9	1	0.900000	0.000153	mixed	1	10
BRD4	23476	10	1	9	0.100000	0.000153	mixed	1	19
BSCL2	26580	10	4	6	0.400000	0.000153	mixed	1	11
C1QTNF5	114902	10	4	6	0.400000	0.000153	mixed	1	11
C7	730	10	1	9	0.100000	0.000153	mixed	1	5
C9	735	10	0	10	0.000000	0.000153	benign_only	1	5
CACNB2	783	10	0	10	0.000000	0.000153	benign_only	1	10
CCND2	894	10	7	3	0.700000	0.000153	mixed	1	12
CD40LG	959	10	6	4	0.600000	0.000153	mixed	1	X
CDC42	998	10	10	0	1.000000	0.000153	pathogenic_only	1	1
CDC42BPB	9578	10	4	6	0.400000	0.000153	mixed	1	14
CERT1	10087	10	1	9	0.100000	0.000153	mixed	1	5
CETP	1071	10	0	10	0.000000	0.000153	benign_only	1	16
CHMP1A	5119	10	0	10	0.000000	0.000153	benign_only	1	16
CIT	11113	10	0	10	0.000000	0.000153	benign_only	1	12
CNOT3	4849	10	1	9	0.100000	0.000153	mixed	1	19
CR2	1380	10	0	10	0.000000	0.000153	benign_only	1	1
CSF2RA	1438	10	0	10	0.000000	0.000153	benign_only	1	X
CSGALNACT1	55790	10	1	9	0.100000	0.000153	mixed	1	8
CTNNA3	29119	10	0	10	0.000000	0.000153	benign_only	1	10
CYBA	1535	10	7	3	0.700000	0.000153	mixed	1	16
DGKZ	8525	10	0	10	0.000000	0.000153	benign_only	1	11
DLD	1738	10	7	3	0.700000	0.000153	mixed	1	7
DLG4	1742	10	5	5	0.500000	0.000153	mixed	1	17
DLL1	28514	10	0	10	0.000000	0.000153	benign_only	1	6
DNAAF3	352909	10	1	9	0.100000	0.000153	mixed	1	19
DNAI2	64446	10	1	9	0.100000	0.000153	mixed	1	17
DNAJB6	10049	10	7	3	0.700000	0.000153	mixed	1	7
DNMT3B	1789	10	8	2	0.800000	0.000153	mixed	1	20
DOCK6-AS1	105372273	10	0	10	0.000000	0.000153	benign_only	1	19
DPYS	1807	10	6	4	0.600000	0.000153	mixed	1	8
DSG4	147409	10	0	10	0.000000	0.000153	benign_only	1	18
DTHD1	401124	10	0	10	0.000000	0.000153	benign_only	1	4
DZIP1L	199221	10	0	10	0.000000	0.000153	benign_only	1	3
EARS2	124454	10	5	5	0.500000	0.000153	mixed	1	16
EDAR	10913	10	8	2	0.800000	0.000153	mixed	1	2
EGFR	1956	10	0	10	0.000000	0.000153	benign_only	1	7
EIF2AK4	440275	10	0	10	0.000000	0.000153	benign_only	1	15
EIF2B2	8892	10	9	1	0.900000	0.000153	mixed	1	14
ELMOD3	84173	10	0	10	0.000000	0.000153	benign_only	1	2
ERCC4	2072	10	3	7	0.300000	0.000153	mixed	1	16
ESCO2	157570	10	1	9	0.100000	0.000153	mixed	1	8
FAM83H	286077	10	0	10	0.000000	0.000153	benign_only	1	8
FAN1	22909	10	0	10	0.000000	0.000153	benign_only	1	15
FCSK	197258	10	0	10	0.000000	0.000153	benign_only	1	16
FDXR	2232	10	4	6	0.400000	0.000153	mixed	1	17
FGA	2243	10	5	5	0.500000	0.000153	mixed	1	4
FHL1	2273	10	4	6	0.400000	0.000153	mixed	1	X
FLVCR1	28982	10	6	4	0.600000	0.000153	mixed	1	1
FTCD	10841	10	0	10	0.000000	0.000153	benign_only	1	21
FUCA1	2517	10	2	8	0.200000	0.000153	mixed	1	1
FUS	2521	10	7	3	0.700000	0.000153	mixed	1	16
GATM	2628	10	4	6	0.400000	0.000153	mixed	1	15
GDF2	2658	10	1	9	0.100000	0.000153	mixed	1	10
GRIN2D	2906	10	2	8	0.200000	0.000153	mixed	1	19
GRM1	2911	10	0	10	0.000000	0.000153	benign_only	1	6
HADHA	3030	10	7	3	0.700000	0.000153	mixed	1	2
HJV	148738	10	8	2	0.800000	0.000153	mixed	1	1
HNRNPUL2-BSCL2	100534595	10	4	6	0.400000	0.000153	mixed	1	11
HPS5	11234	10	0	10	0.000000	0.000153	benign_only	1	11
HRG	3273	10	0	10	0.000000	0.000153	benign_only	1	3
IFNAR2-IL10RB	127882475	10	0	10	0.000000	0.000153	benign_only	1	21
IFT122	55764	10	1	9	0.100000	0.000153	mixed	1	3
IGSF1	3547	10	0	10	0.000000	0.000153	benign_only	1	X
IL12RB2	3595	10	0	10	0.000000	0.000153	benign_only	1	1
IL17RA	23765	10	0	10	0.000000	0.000153	benign_only	1	22
IL1RAPL1	11141	10	0	10	0.000000	0.000153	benign_only	1	X
ILDR1	286676	10	1	9	0.100000	0.000153	mixed	1	3
IMPG1	3617	10	0	10	0.000000	0.000153	benign_only	1	6
ITPA	3704	10	1	9	0.100000	0.000153	mixed	1	20
KATNB1	10300	10	0	10	0.000000	0.000153	benign_only	1	16
KLF11	8462	10	0	10	0.000000	0.000153	benign_only	1	2
KLKB1	3818	10	1	9	0.100000	0.000153	mixed	1	4
KRIT1	889	10	4	6	0.400000	0.000153	mixed	1	7
KRT71	112802	10	0	10	0.000000	0.000153	benign_only	1	12
L2HGDH	79944	10	5	5	0.500000	0.000153	mixed	1	14
LALTOP	138842258	10	6	4	0.600000	0.000153	mixed	1	2
LDLR-AS1	115271120	10	9	1	0.900000	0.000153	mixed	1	19
LETM1	3954	10	0	10	0.000000	0.000153	benign_only	1	4
LIFR	3977	10	1	9	0.100000	0.000153	mixed	1	5
LOC113939944	113939944	10	10	0	1.000000	0.000153	pathogenic_only	1	15
LOC126862264	126862264	10	6	4	0.600000	0.000153	mixed	1	16
LRPPRC	10128	10	1	9	0.100000	0.000153	mixed	1	2
LTBP2	4053	10	1	9	0.100000	0.000153	mixed	1	14
MASTL	84930	10	0	10	0.000000	0.000153	benign_only	1	10
MCTP2	55784	10	0	10	0.000000	0.000153	benign_only	1	15
MEGF8	1954	10	0	10	0.000000	0.000153	benign_only	1	19
MFRP	83552	10	4	6	0.400000	0.000153	mixed	1	11
MIPEP	4285	10	1	9	0.100000	0.000153	mixed	1	13
MIR4713HG	109729174	10	5	5	0.500000	0.000153	mixed	1	15
MPI	4351	10	7	3	0.700000	0.000153	mixed	1	15
MPV17	4358	10	10	0	1.000000	0.000153	pathogenic_only	1	2
MRTFA	57591	10	0	10	0.000000	0.000153	benign_only	1	22
MSH3	4437	10	1	9	0.100000	0.000153	mixed	1	5
NME8	51314	10	0	10	0.000000	0.000153	benign_only	1	7
NR3C2	4306	10	0	10	0.000000	0.000153	benign_only	1	4
NRL	4901	10	4	6	0.400000	0.000153	mixed	1	14
OAS1	4938	10	0	10	0.000000	0.000153	benign_only	1	12
OR2W3	343171	10	0	10	0.000000	0.000153	benign_only	1	1
PC	5091	10	4	6	0.400000	0.000153	mixed	1	11
PDHX	8050	10	0	10	0.000000	0.000153	benign_only	1	11
PEG3	5178	10	0	10	0.000000	0.000153	benign_only	1	19
PGK1	5230	10	1	9	0.100000	0.000153	mixed	1	X
PGM1	5236	10	5	5	0.500000	0.000153	mixed	1	1
PHF21A	51317	10	0	10	0.000000	0.000153	benign_only	1	11
PHGDH	26227	10	7	3	0.700000	0.000153	mixed	1	1
PIRC66	100313865	10	5	5	0.500000	0.000153	mixed	1	15
PKP1	5317	10	0	10	0.000000	0.000153	benign_only	1	1
PLXND1	23129	10	0	10	0.000000	0.000153	benign_only	1	3
PMS1	5378	10	0	10	0.000000	0.000153	benign_only	1	2
PNKD	25953	10	2	8	0.200000	0.000153	mixed	1	2
PNPT1	87178	10	4	6	0.400000	0.000153	mixed	1	2
PPM1D	8493	10	0	10	0.000000	0.000153	benign_only	1	17
PREPL	9581	10	1	9	0.100000	0.000153	mixed	1	2
PYGL	5836	10	4	6	0.400000	0.000153	mixed	1	14
RARS1	5917	10	5	5	0.500000	0.000153	mixed	1	5
RBFOX1	54715	10	0	10	0.000000	0.000153	benign_only	1	16
ROBO2	6092	10	0	10	0.000000	0.000153	benign_only	1	3
RSPH4A	345895	10	0	10	0.000000	0.000153	benign_only	1	6
SCAPER	49855	10	0	10	0.000000	0.000153	benign_only	1	15
SCNN1B	6338	10	3	7	0.300000	0.000153	mixed	1	16
SERPINA1	5265	10	6	4	0.600000	0.000153	mixed	1	14
SGCG	6445	10	7	3	0.700000	0.000153	mixed	1	13
SHH	6469	10	7	3	0.700000	0.000153	mixed	1	7
SKIC2	6499	10	0	10	0.000000	0.000153	benign_only	1	6
SLC25A13	10165	10	10	0	1.000000	0.000153	pathogenic_only	1	7
SLC52A2	79581	10	8	2	0.800000	0.000153	mixed	1	8
SLC9A6	10479	10	0	10	0.000000	0.000153	benign_only	1	X
SLCO2A1	6578	10	4	6	0.400000	0.000153	mixed	1	3
SLFN14	342618	10	1	9	0.100000	0.000153	mixed	1	17
SOD1-DT	102724449	10	10	0	1.000000	0.000153	pathogenic_only	1	21
SPATA7	55812	10	1	9	0.100000	0.000153	mixed	1	14
ST14	6768	10	0	10	0.000000	0.000153	benign_only	1	11
STAT1	6772	10	10	0	1.000000	0.000153	pathogenic_only	1	2
STRA6	64220	10	1	9	0.100000	0.000153	mixed	1	15
SYNM	23336	10	0	10	0.000000	0.000153	benign_only	1	15
TBCE	6905	10	1	9	0.100000	0.000153	mixed	1	1
TBCK	93627	10	0	10	0.000000	0.000153	benign_only	1	4
TGFB2	7042	10	6	4	0.600000	0.000153	mixed	1	1
THTPA	79178	10	0	10	0.000000	0.000153	benign_only	1	14
TNFAIP3	7128	10	0	10	0.000000	0.000153	benign_only	1	6
TRAK1	22906	10	0	10	0.000000	0.000153	benign_only	1	3
TRAP1	10131	10	0	10	0.000000	0.000153	benign_only	1	16
TTF2	8458	10	0	10	0.000000	0.000153	benign_only	1	1
TTLL5	23093	10	1	9	0.100000	0.000153	mixed	1	14
TWIST1	7291	10	9	1	0.900000	0.000153	mixed	1	7
UGT1A1	54658	10	10	0	1.000000	0.000153	pathogenic_only	1	2
WAC	51322	10	0	10	0.000000	0.000153	benign_only	1	10
WDFY3	23001	10	2	8	0.200000	0.000153	mixed	1	4
XPA	7507	10	4	6	0.400000	0.000153	mixed	1	9
ZFHX2	85446	10	0	10	0.000000	0.000153	benign_only	1	14
ZIM2	23619	10	0	10	0.000000	0.000153	benign_only	1	19
ZNF804B	219578	10	0	10	0.000000	0.000153	benign_only	1	7
ABCC9	10060	9	6	3	0.666667	0.000138	mixed	1	12
ABCG5	64240	9	2	7	0.222222	0.000138	mixed	1	2
ACSF3	197322	9	3	6	0.333333	0.000138	mixed	1	16
ACTN1	87	9	6	3	0.666667	0.000138	mixed	1	14
ADAM17	6868	9	0	9	0.000000	0.000138	benign_only	1	2
ADAMTS17	170691	9	0	9	0.000000	0.000138	benign_only	1	15
AICDA	57379	9	8	1	0.888889	0.000138	mixed	1	12
AKAP11	11215	9	0	9	0.000000	0.000138	benign_only	1	13
ALDH18A1	5832	9	6	3	0.666667	0.000138	mixed	1	10
ALG3	10195	9	7	2	0.777778	0.000138	mixed	1	3
ALS2	57679	9	3	6	0.333333	0.000138	mixed	1	2
AP4B1	10717	9	0	9	0.000000	0.000138	benign_only	1	1
APOA4	337	9	0	9	0.000000	0.000138	benign_only	1	11
ASTN2	23245	9	2	7	0.222222	0.000138	mixed	1	9
ATN1	1822	9	3	6	0.333333	0.000138	mixed	1	12
AXDND1	126859	9	9	0	1.000000	0.000138	pathogenic_only	1	1
B3GALT6	126792	9	6	3	0.666667	0.000138	mixed	1	1
BICC1	80114	9	0	9	0.000000	0.000138	benign_only	1	10
BIRC6	57448	9	0	9	0.000000	0.000138	benign_only	1	2
BSND	7809	9	7	2	0.777778	0.000138	mixed	1	1
CAD	790	9	2	7	0.222222	0.000138	mixed	1	2
CAST	831	9	0	9	0.000000	0.000138	benign_only	1	5
CDC14A	8556	9	2	7	0.222222	0.000138	mixed	1	1
CEACAM5	1048	9	0	9	0.000000	0.000138	benign_only	1	19
CEP135	9662	9	0	9	0.000000	0.000138	benign_only	1	4
CEP55	55165	9	0	9	0.000000	0.000138	benign_only	1	10
CEP89	84902	9	0	9	0.000000	0.000138	benign_only	1	19
CFAP44	55779	9	0	9	0.000000	0.000138	benign_only	1	3
CFHR3	10878	9	0	9	0.000000	0.000138	benign_only	1	1
CHST6	4166	9	7	2	0.777778	0.000138	mixed	1	16
CLCC1	23155	9	1	8	0.111111	0.000138	mixed	1	1
CLRN1	7401	9	9	0	1.000000	0.000138	pathogenic_only	1	3
CNTN2	6900	9	0	9	0.000000	0.000138	benign_only	1	1
COG8	84342	9	1	8	0.111111	0.000138	mixed	1	16
COLQ	8292	9	6	3	0.666667	0.000138	mixed	1	3
COPA	1314	9	2	7	0.222222	0.000138	mixed	1	1
COQ2	27235	9	3	6	0.333333	0.000138	mixed	1	4
CSNK2B	1460	9	9	0	1.000000	0.000138	pathogenic_only	1	6
CTSB	1508	9	0	9	0.000000	0.000138	benign_only	1	8
CYP19A1	1588	9	5	4	0.555556	0.000138	mixed	1	15
D2HGDH	728294	9	1	8	0.111111	0.000138	mixed	1	2
DAB1	1600	9	0	9	0.000000	0.000138	benign_only	1	1
DNAAF3-AS1	101930593	9	1	8	0.111111	0.000138	mixed	1	19
DNAAF4	161582	9	1	8	0.111111	0.000138	mixed	1	15
DNM1L	10059	9	8	1	0.888889	0.000138	mixed	1	12
DOCK7	85440	9	0	9	0.000000	0.000138	benign_only	1	1
DRC2	85478	9	0	9	0.000000	0.000138	benign_only	1	12
DSC2	1824	9	0	9	0.000000	0.000138	benign_only	1	18
EFCAB10	100130771	9	0	9	0.000000	0.000138	benign_only	1	7
EIF2B3	8891	9	6	3	0.666667	0.000138	mixed	1	1
EPCAM	4072	9	1	8	0.111111	0.000138	mixed	1	2
ERCC8	1161	9	8	1	0.888889	0.000138	mixed	1	5
EZH2	2146	9	6	3	0.666667	0.000138	mixed	1	7
FANCL	55120	9	3	6	0.333333	0.000138	mixed	1	2
FLT3	2322	9	0	9	0.000000	0.000138	benign_only	1	13
FOXC1	2296	9	7	2	0.777778	0.000138	mixed	1	6
FOXE3	2301	9	1	8	0.111111	0.000138	mixed	1	1
FSCN2	25794	9	0	9	0.000000	0.000138	benign_only	1	17
GALNT12	79695	9	0	9	0.000000	0.000138	benign_only	1	9
GATA4	2626	9	2	7	0.222222	0.000138	mixed	1	8
GDF5-AS1	554250	9	4	5	0.444444	0.000138	mixed	1	20
GNB4	59345	9	2	7	0.222222	0.000138	mixed	1	3
GPAA1	8733	9	2	7	0.222222	0.000138	mixed	1	8
GTPBP3	84705	9	0	9	0.000000	0.000138	benign_only	1	19
HMGCL	3155	9	8	1	0.888889	0.000138	mixed	1	1
HMGCS2	3158	9	8	1	0.888889	0.000138	mixed	1	1
HPS3	84343	9	2	7	0.222222	0.000138	mixed	1	3
IARS1	3376	9	0	9	0.000000	0.000138	benign_only	1	9
IFITM5	387733	9	2	7	0.222222	0.000138	mixed	1	11
INSL6	11172	9	1	8	0.111111	0.000138	mixed	1	9
ITGA6	3655	9	0	9	0.000000	0.000138	benign_only	1	2
IYD	389434	9	4	5	0.444444	0.000138	mixed	1	6
KCNC1	3746	9	5	4	0.555556	0.000138	mixed	1	11
KCNMA1	3778	9	4	5	0.444444	0.000138	mixed	1	10
KIF15	56992	9	0	9	0.000000	0.000138	benign_only	1	3
KIF1C	10749	9	3	6	0.333333	0.000138	mixed	1	17
KIF22	3835	9	3	6	0.333333	0.000138	mixed	1	16
KLF1	10661	9	2	7	0.222222	0.000138	mixed	1	19
KRT10-AS1	147184	9	5	4	0.555556	0.000138	mixed	1	17
KRT6C	286887	9	1	8	0.111111	0.000138	mixed	1	12
LARS1	51520	9	0	9	0.000000	0.000138	benign_only	1	5
LBR	3930	9	4	5	0.444444	0.000138	mixed	1	1
LCT	3938	9	0	9	0.000000	0.000138	benign_only	1	2
LINC01389	102724077	9	1	8	0.111111	0.000138	mixed	1	1
LITAF	9516	9	3	6	0.333333	0.000138	mixed	1	16
LOC110121288	110121288	9	0	9	0.000000	0.000138	benign_only	1	3
LOC111674475	111674475	9	8	1	0.888889	0.000138	mixed	1	7
LOC111811965	111811965	9	9	0	1.000000	0.000138	pathogenic_only	1	17
LOC112486223	112486223	9	6	3	0.666667	0.000138	mixed	1	16
LOC115308161	115308161	9	0	9	0.000000	0.000138	benign_only	1	6
LOC121740638	121740638	9	9	0	1.000000	0.000138	pathogenic_only	1	6
LOC126860392	126860392	9	0	9	0.000000	0.000138	benign_only	1	8
LOC126860469	126860469	9	0	9	0.000000	0.000138	benign_only	1	8
LOC130062945	130062945	9	7	2	0.777778	0.000138	mixed	1	19
LPIN2	9663	9	2	7	0.222222	0.000138	mixed	1	18
LRRCC1	85444	9	0	9	0.000000	0.000138	benign_only	1	8
LRRK1-AS1	105371026	9	0	9	0.000000	0.000138	benign_only	1	15
LZTS1	11178	9	0	9	0.000000	0.000138	benign_only	1	8
MAST1	22983	9	2	7	0.222222	0.000138	mixed	1	19
MAST3	23031	9	2	7	0.222222	0.000138	mixed	1	19
MIR4733HG	105371722	9	9	0	1.000000	0.000138	pathogenic_only	1	17
MLXIPL	51085	9	0	9	0.000000	0.000138	benign_only	1	7
MMAA	166785	9	8	1	0.888889	0.000138	mixed	1	4
MOCS2	4338	9	2	7	0.222222	0.000138	mixed	1	5
MTHFD1	4522	9	2	7	0.222222	0.000138	mixed	1	14
MYBBP1A	10514	9	0	9	0.000000	0.000138	benign_only	1	17
NDUFV1	4723	9	8	1	0.888889	0.000138	mixed	1	11
NKX2-1	7080	9	7	2	0.777778	0.000138	mixed	1	14
NLRP5	126206	9	0	9	0.000000	0.000138	benign_only	1	19
NOS3	4846	9	0	9	0.000000	0.000138	benign_only	1	7
NPAP1	23742	9	0	9	0.000000	0.000138	benign_only	1	15
NUP133	55746	9	1	8	0.111111	0.000138	mixed	1	1
NUP205	23165	9	0	9	0.000000	0.000138	benign_only	1	7
P3H1	64175	9	2	7	0.222222	0.000138	mixed	1	1
PEX10	5192	9	5	4	0.555556	0.000138	mixed	1	1
PFKM	5213	9	4	5	0.444444	0.000138	mixed	1	12
PGAP3	93210	9	6	3	0.666667	0.000138	mixed	1	17
PIBF1	10464	9	1	8	0.111111	0.000138	mixed	1	13
PIGO	84720	9	2	7	0.222222	0.000138	mixed	1	9
PLG	5340	9	2	7	0.222222	0.000138	mixed	1	6
PNKP	11284	9	4	5	0.444444	0.000138	mixed	1	19
POLH	5429	9	1	8	0.111111	0.000138	mixed	1	6
POLR2F	5435	9	5	4	0.555556	0.000138	mixed	1	22
POT1	25913	9	5	4	0.555556	0.000138	mixed	1	7
PRUNE1	58497	9	3	6	0.333333	0.000138	mixed	1	1
PSEN2	5664	9	2	7	0.222222	0.000138	mixed	1	1
PTPRN2	5799	9	0	9	0.000000	0.000138	benign_only	1	7
PXDNL	137902	9	0	9	0.000000	0.000138	benign_only	1	8
RAB3GAP1	22930	9	1	8	0.111111	0.000138	mixed	1	2
RBM10	8241	9	1	8	0.111111	0.000138	mixed	1	X
REV3L	5980	9	0	9	0.000000	0.000138	benign_only	1	6
RFX6	222546	9	1	8	0.111111	0.000138	mixed	1	6
RFX7	64864	9	2	7	0.222222	0.000138	mixed	1	15
RIGI	23586	9	0	9	0.000000	0.000138	benign_only	1	9
ROBO1	6091	9	0	9	0.000000	0.000138	benign_only	1	3
RPS6KA3	6197	9	3	6	0.333333	0.000138	mixed	1	X
RPS6KC1	26750	9	0	9	0.000000	0.000138	benign_only	1	1
RSPH9	221421	9	0	9	0.000000	0.000138	benign_only	1	6
SALL4	57167	9	0	9	0.000000	0.000138	benign_only	1	20
SBF1	6305	9	1	8	0.111111	0.000138	mixed	1	22
SEC16A	9919	9	0	9	0.000000	0.000138	benign_only	1	9
SHANK2	22941	9	0	9	0.000000	0.000138	benign_only	1	11
SHOC2	8036	9	3	6	0.333333	0.000138	mixed	1	10
SLC27A5	10998	9	0	9	0.000000	0.000138	benign_only	1	19
SLC44A4	80736	9	0	9	0.000000	0.000138	benign_only	1	6
SLC52A3	113278	9	1	8	0.111111	0.000138	mixed	1	20
SLC7A7	9056	9	7	2	0.777778	0.000138	mixed	1	14
SLCO1B3-SLCO1B7	115072896	9	0	9	0.000000	0.000138	benign_only	1	12
SMC3	9126	9	6	3	0.666667	0.000138	mixed	1	10
SNCAIP	9627	9	0	9	0.000000	0.000138	benign_only	1	5
SNHG14	104472715	9	8	1	0.888889	0.000138	mixed	1	15
SNHG31	101928103	9	2	7	0.222222	0.000138	mixed	1	2
SOX10	6663	9	5	4	0.555556	0.000138	mixed	1	22
SPICE1-CFAP44	127898559	9	0	9	0.000000	0.000138	benign_only	1	3
SPTLC2	9517	9	3	6	0.333333	0.000138	mixed	1	14
SQSTM1	8878	9	3	6	0.333333	0.000138	mixed	1	5
STAG1	10274	9	3	6	0.333333	0.000138	mixed	1	3
SUCLA2	8803	9	3	6	0.333333	0.000138	mixed	1	13
TAT	6898	9	6	3	0.666667	0.000138	mixed	1	16
TBC1D32	221322	9	0	9	0.000000	0.000138	benign_only	1	6
TBC1D4	9882	9	0	9	0.000000	0.000138	benign_only	1	13
TBK1	29110	9	1	8	0.111111	0.000138	mixed	1	12
TBL1XR1	79718	9	9	0	1.000000	0.000138	pathogenic_only	1	3
TBX1	6899	9	1	8	0.111111	0.000138	mixed	1	22
TBX4	9496	9	1	8	0.111111	0.000138	mixed	1	17
TENM4	26011	9	0	9	0.000000	0.000138	benign_only	1	11
TFAP2A-AS2	109729173	9	9	0	1.000000	0.000138	pathogenic_only	1	6
TINF2	26277	9	4	5	0.444444	0.000138	mixed	1	14
TMEM127	55654	9	6	3	0.666667	0.000138	mixed	1	2
TPRN	286262	9	0	9	0.000000	0.000138	benign_only	1	9
TRAF3IP1	26146	9	0	9	0.000000	0.000138	benign_only	1	2
TSFM	10102	9	2	7	0.222222	0.000138	mixed	1	12
TUBB1	81027	9	2	7	0.222222	0.000138	mixed	1	20
UNC13D	201294	9	4	5	0.444444	0.000138	mixed	1	17
USH2A-AS1	105372918	9	8	1	0.888889	0.000138	mixed	1	1
VWA3B	200403	9	0	9	0.000000	0.000138	benign_only	1	2
WDR37	22884	9	5	4	0.555556	0.000138	mixed	1	10
XYLT2	64132	9	1	8	0.111111	0.000138	mixed	1	17
YY1AP1	55249	9	0	9	0.000000	0.000138	benign_only	1	1
ZC4H2	55906	9	5	4	0.555556	0.000138	mixed	1	X
ZMYND10	51364	9	2	7	0.222222	0.000138	mixed	1	3
ZMYND11	10771	9	3	6	0.333333	0.000138	mixed	1	10
ZNF142	7701	9	0	9	0.000000	0.000138	benign_only	1	2
ZNF341	84905	9	0	9	0.000000	0.000138	benign_only	1	20
ZNF454	285676	9	1	8	0.111111	0.000138	mixed	1	5
ABCB7	22	8	0	8	0.000000	0.000123	benign_only	1	X
ABRAXAS1	84142	8	0	8	0.000000	0.000123	benign_only	1	4
ACADSB	36	8	5	3	0.625000	0.000123	mixed	1	10
ADAMTS9	56999	8	0	8	0.000000	0.000123	benign_only	1	3
ADAR	103	8	3	5	0.375000	0.000123	mixed	1	1
ADCY5	111	8	4	4	0.500000	0.000123	mixed	1	3
ADGRE2	30817	8	0	8	0.000000	0.000123	benign_only	1	19
AK2	204	8	4	4	0.500000	0.000123	mixed	1	1
ALDH4A1	8659	8	0	8	0.000000	0.000123	benign_only	1	1
ALG11	440138	8	3	5	0.375000	0.000123	mixed	1	13
ALG6	29929	8	3	5	0.375000	0.000123	mixed	1	1
ALG8	79053	8	2	6	0.250000	0.000123	mixed	1	11
ANK1	286	8	0	8	0.000000	0.000123	benign_only	1	8
ANKS6	203286	8	0	8	0.000000	0.000123	benign_only	1	9
ANLN	54443	8	1	7	0.125000	0.000123	mixed	1	7
AQP5-AS1	101927318	8	8	0	1.000000	0.000123	pathogenic_only	1	12
ARMC5	79798	8	0	8	0.000000	0.000123	benign_only	1	16
ATF6	22926	8	1	7	0.125000	0.000123	mixed	1	1
ATP1A1-AS1	84852	8	5	3	0.625000	0.000123	mixed	1	1
ATP2A2	488	8	6	2	0.750000	0.000123	mixed	1	12
ATP2B2	491	8	3	5	0.375000	0.000123	mixed	1	3
ATRN	8455	8	0	8	0.000000	0.000123	benign_only	1	20
B4GALNT1	2583	8	3	5	0.375000	0.000123	mixed	1	12
BCHE	590	8	8	0	1.000000	0.000123	pathogenic_only	1	3
BCL11B	64919	8	1	7	0.125000	0.000123	mixed	1	14
BFSP1	631	8	0	8	0.000000	0.000123	benign_only	1	20
BNC2	54796	8	0	8	0.000000	0.000123	benign_only	1	9
BPI	671	8	0	8	0.000000	0.000123	benign_only	1	20
BUB1B	701	8	0	8	0.000000	0.000123	benign_only	1	15
C10orf55	414236	8	0	8	0.000000	0.000123	benign_only	1	10
C2	717	8	0	8	0.000000	0.000123	benign_only	1	6
C3	718	8	4	4	0.500000	0.000123	mixed	1	19
CACNA2D1	781	8	0	8	0.000000	0.000123	benign_only	1	7
CANT1	124583	8	6	2	0.750000	0.000123	mixed	1	17
CARD8	22900	8	0	8	0.000000	0.000123	benign_only	1	19
CCDC22	28952	8	0	8	0.000000	0.000123	benign_only	1	X
CDH15	1013	8	0	8	0.000000	0.000123	benign_only	1	16
CDH3	1001	8	1	7	0.125000	0.000123	mixed	1	16
CELSR3	1951	8	0	8	0.000000	0.000123	benign_only	1	3
CEP295	85459	8	0	8	0.000000	0.000123	benign_only	1	11
CEP78	84131	8	3	5	0.375000	0.000123	mixed	1	9
CHEK2	11200	8	6	2	0.750000	0.000123	mixed	1	22
CNKSR1	10256	8	0	8	0.000000	0.000123	benign_only	1	1
COL14A1	7373	8	0	8	0.000000	0.000123	benign_only	1	8
COQ8B	79934	8	3	5	0.375000	0.000123	mixed	1	19
CPA1	1357	8	1	7	0.125000	0.000123	mixed	1	7
CPOX	1371	8	2	6	0.250000	0.000123	mixed	1	3
CRADD	8738	8	1	7	0.125000	0.000123	mixed	1	12
CREB3L1	90993	8	0	8	0.000000	0.000123	benign_only	1	11
CRYAA	1409	8	8	0	1.000000	0.000123	pathogenic_only	1	21
CSF2RB	1439	8	0	8	0.000000	0.000123	benign_only	1	22
CTNND2	1501	8	0	8	0.000000	0.000123	benign_only	1	5
CYP2U1	113612	8	4	4	0.500000	0.000123	mixed	1	4
CYP7B1	9420	8	6	2	0.750000	0.000123	mixed	1	8
DDX59	83479	8	1	7	0.125000	0.000123	mixed	1	1
DMP1	1758	8	1	7	0.125000	0.000123	mixed	1	4
DNA2	1763	8	1	7	0.125000	0.000123	mixed	1	10
DNAAF11	23639	8	2	6	0.250000	0.000123	mixed	1	8
DNASE1	1773	8	0	8	0.000000	0.000123	benign_only	1	16
DOCK2	1794	8	0	8	0.000000	0.000123	benign_only	1	5
DRC4	2622	8	0	8	0.000000	0.000123	benign_only	1	16
DYNC2I2	89891	8	3	5	0.375000	0.000123	mixed	1	9
ECM1	1893	8	1	7	0.125000	0.000123	mixed	1	1
EFTUD2	9343	8	5	3	0.625000	0.000123	mixed	1	17
EIF2B4	8890	8	5	3	0.625000	0.000123	mixed	1	2
ENTPD5	957	8	1	7	0.125000	0.000123	mixed	1	14
EP400	57634	8	0	8	0.000000	0.000123	benign_only	1	12
ERF	2077	8	3	5	0.375000	0.000123	mixed	1	19
ETV6	2120	8	5	3	0.625000	0.000123	mixed	1	12
EYA1	2138	8	2	6	0.250000	0.000123	mixed	1	8
F13A1	2162	8	4	4	0.500000	0.000123	mixed	1	6
FBP1	2203	8	5	3	0.625000	0.000123	mixed	1	9
FBXO7	25793	8	1	7	0.125000	0.000123	mixed	1	22
FCHO1	23149	8	0	8	0.000000	0.000123	benign_only	1	19
FECH	2235	8	6	2	0.750000	0.000123	mixed	1	18
FLG2	388698	8	0	8	0.000000	0.000123	benign_only	1	1
FOXL2	668	8	7	1	0.875000	0.000123	mixed	1	3
FPR1	2357	8	0	8	0.000000	0.000123	benign_only	1	19
FZD4	8322	8	5	3	0.625000	0.000123	mixed	1	11
GALE	2582	8	8	0	1.000000	0.000123	pathogenic_only	1	1
GATA1	2623	8	4	4	0.500000	0.000123	mixed	1	X
GATAD1	57798	8	5	3	0.625000	0.000123	mixed	1	7
GHR	2690	8	3	5	0.375000	0.000123	mixed	1	5
GJB4	127534	8	0	8	0.000000	0.000123	benign_only	1	1
GJB6	10804	8	3	5	0.375000	0.000123	mixed	1	13
GLE1	2733	8	5	3	0.625000	0.000123	mixed	1	9
GLUD1	2746	8	6	2	0.750000	0.000123	mixed	1	10
GOT2	2806	8	2	6	0.250000	0.000123	mixed	1	16
GREB1L	80000	8	0	8	0.000000	0.000123	benign_only	1	18
GRN	2896	8	1	7	0.125000	0.000123	mixed	1	17
GSDME	1687	8	0	8	0.000000	0.000123	benign_only	1	7
GUSB	2990	8	7	1	0.875000	0.000123	mixed	1	7
GYG2	8908	8	0	8	0.000000	0.000123	benign_only	1	X
H1-4	3008	8	0	8	0.000000	0.000123	benign_only	1	6
H3-3A	3020	8	8	0	1.000000	0.000123	pathogenic_only	1	1
HARS1	3035	8	1	7	0.125000	0.000123	mixed	1	5
HCN2	610	8	1	7	0.125000	0.000123	mixed	1	19
HHAT	55733	8	0	8	0.000000	0.000123	benign_only	1	1
HIBCH	26275	8	4	4	0.500000	0.000123	mixed	1	2
IARS2	55699	8	1	7	0.125000	0.000123	mixed	1	1
IGF1R	3480	8	1	7	0.125000	0.000123	mixed	1	15
IKBKB	3551	8	1	7	0.125000	0.000123	mixed	1	8
IL2RB	3560	8	0	8	0.000000	0.000123	benign_only	1	22
IL6ST	3572	8	0	8	0.000000	0.000123	benign_only	1	5
INCENP	3619	8	0	8	0.000000	0.000123	benign_only	1	11
INS-IGF2	723961	8	7	1	0.875000	0.000123	mixed	1	11
IRAK1BP1	134728	8	0	8	0.000000	0.000123	benign_only	1	6
ITGA3	3675	8	1	7	0.125000	0.000123	mixed	1	17
JAK2	3717	8	1	7	0.125000	0.000123	mixed	1	9
JPH2	57158	8	1	7	0.125000	0.000123	mixed	1	20
KCND2	3751	8	3	5	0.375000	0.000123	mixed	1	7
KCND3	3752	8	5	3	0.625000	0.000123	mixed	1	1
KCNK4	50801	8	2	6	0.250000	0.000123	mixed	1	11
KCNK4-CATSPERZ	106780802	8	2	6	0.250000	0.000123	mixed	1	11
KDR	3791	8	0	8	0.000000	0.000123	benign_only	1	4
KIF23	9493	8	0	8	0.000000	0.000123	benign_only	1	15
KIF5C	3800	8	4	4	0.500000	0.000123	mixed	1	2
KLHL41	10324	8	0	8	0.000000	0.000123	benign_only	1	2
KRT17	3872	8	4	4	0.500000	0.000123	mixed	1	17
KRT4	3851	8	0	8	0.000000	0.000123	benign_only	1	12
KRT9	3857	8	6	2	0.750000	0.000123	mixed	1	17
LHB	3972	8	0	8	0.000000	0.000123	benign_only	1	19
LMNB2	84823	8	1	7	0.125000	0.000123	mixed	1	19
LOC100507443	100507443	8	2	6	0.250000	0.000123	mixed	1	2
LOC101927055	101927055	8	0	8	0.000000	0.000123	benign_only	1	2
LOC126806432	126806432	8	0	8	0.000000	0.000123	benign_only	1	2
LOC126807137	126807137	8	0	8	0.000000	0.000123	benign_only	1	4
LOC126807255	126807255	8	0	8	0.000000	0.000123	benign_only	1	4
LOC126859690	126859690	8	7	1	0.875000	0.000123	mixed	1	6
LOC126861897	126861897	8	7	1	0.875000	0.000123	mixed	1	14
LOC126862279	126862279	8	0	8	0.000000	0.000123	benign_only	1	16
LOC126863256	126863256	8	4	4	0.500000	0.000123	mixed	1	X
LOC128772254	128772254	8	5	3	0.625000	0.000123	mixed	1	2
LOC130001683	130001683	8	8	0	1.000000	0.000123	pathogenic_only	1	9
LOC130060903	130060903	8	8	0	1.000000	0.000123	pathogenic_only	1	17
LOX	4015	8	1	7	0.125000	0.000123	mixed	1	5
LOXL3	84695	8	0	8	0.000000	0.000123	benign_only	1	2
LRIG1	26018	8	0	8	0.000000	0.000123	benign_only	1	3
MANBA	4126	8	1	7	0.125000	0.000123	mixed	1	4
MBTPS2	51360	8	2	6	0.250000	0.000123	mixed	1	X
MED12L	116931	8	1	7	0.125000	0.000123	mixed	1	3
MEF2C	4208	8	8	0	1.000000	0.000123	pathogenic_only	1	5
MEGF6	1953	8	0	8	0.000000	0.000123	benign_only	1	1
MGA	23269	8	0	8	0.000000	0.000123	benign_only	1	15
MITF	4286	8	4	4	0.500000	0.000123	mixed	1	3
MLYCD	23417	8	2	6	0.250000	0.000123	mixed	1	16
MMADHC	27249	8	2	6	0.250000	0.000123	mixed	1	2
MMP9	4318	8	0	8	0.000000	0.000123	benign_only	1	20
MTO1	25821	8	3	5	0.375000	0.000123	mixed	1	6
MYCN	4613	8	3	5	0.375000	0.000123	mixed	1	2
MYO1F	4542	8	0	8	0.000000	0.000123	benign_only	1	19
MYO6	4646	8	2	6	0.250000	0.000123	mixed	1	6
NACC1	112939	8	1	7	0.125000	0.000123	mixed	1	19
NARS2	79731	8	1	7	0.125000	0.000123	mixed	1	11
NAXD	55739	8	0	8	0.000000	0.000123	benign_only	1	13
NEDD4	4734	8	0	8	0.000000	0.000123	benign_only	1	15
NEK9	91754	8	0	8	0.000000	0.000123	benign_only	1	14
NFATC1	4772	8	0	8	0.000000	0.000123	benign_only	1	18
NFKB1	4790	8	0	8	0.000000	0.000123	benign_only	1	4
NIPAL4	348938	8	3	5	0.375000	0.000123	mixed	1	5
NKX2-5	1482	8	2	6	0.250000	0.000123	mixed	1	5
NLRP14	338323	8	0	8	0.000000	0.000123	benign_only	1	11
NOBOX	135935	8	0	8	0.000000	0.000123	benign_only	1	7
NPR2	4882	8	5	3	0.625000	0.000123	mixed	1	9
NPRL3	8131	8	0	8	0.000000	0.000123	benign_only	1	16
NTRK2	4915	8	2	6	0.250000	0.000123	mixed	1	9
NUMA1	4926	8	0	8	0.000000	0.000123	benign_only	1	11
NUP188	23511	8	0	8	0.000000	0.000123	benign_only	1	9
ODAD3	115948	8	0	8	0.000000	0.000123	benign_only	1	19
OSGEP	55644	8	7	1	0.875000	0.000123	mixed	1	14
PASK	23178	8	0	8	0.000000	0.000123	benign_only	1	2
PAX8	7849	8	2	6	0.250000	0.000123	mixed	1	2
PDE4D	5144	8	2	6	0.250000	0.000123	mixed	1	5
PEX7	5191	8	7	1	0.875000	0.000123	mixed	1	6
PINK1	65018	8	3	5	0.375000	0.000123	mixed	1	1
PLAU	5328	8	0	8	0.000000	0.000123	benign_only	1	10
PLIN1	5346	8	0	8	0.000000	0.000123	benign_only	1	15
POC1B-DUSP6	133039968	8	1	7	0.125000	0.000123	mixed	1	12
PODXL	5420	8	0	8	0.000000	0.000123	benign_only	1	7
POR	5447	8	6	2	0.750000	0.000123	mixed	1	7
PORCN	64840	8	1	7	0.125000	0.000123	mixed	1	X
PRKRA	8575	8	2	6	0.250000	0.000123	mixed	1	2
PROS1	5627	8	8	0	1.000000	0.000123	pathogenic_only	1	3
PRPS1	5631	8	8	0	1.000000	0.000123	pathogenic_only	1	X
PRUNE2	158471	8	0	8	0.000000	0.000123	benign_only	1	9
PTPN14	5784	8	0	8	0.000000	0.000123	benign_only	1	1
QDPR	5860	8	8	0	1.000000	0.000123	pathogenic_only	1	4
RAD51B	5890	8	0	8	0.000000	0.000123	benign_only	1	14
RFT1	91869	8	3	5	0.375000	0.000123	mixed	1	3
RMND1	55005	8	2	6	0.250000	0.000123	mixed	1	6
RNF168	165918	8	0	8	0.000000	0.000123	benign_only	1	3
SAMHD1	25939	8	7	1	0.875000	0.000123	mixed	1	20
SCYL1	57410	8	0	8	0.000000	0.000123	benign_only	1	11
SEMA6B	10501	8	1	7	0.125000	0.000123	mixed	1	19
SEPSECS	51091	8	4	4	0.500000	0.000123	mixed	1	4
SERAC1	84947	8	1	7	0.125000	0.000123	mixed	1	6
SFTA3	253970	8	7	1	0.875000	0.000123	mixed	1	14
SIAE	54414	8	0	8	0.000000	0.000123	benign_only	1	11
SIL1	64374	8	0	8	0.000000	0.000123	benign_only	1	5
SIX5	147912	8	0	8	0.000000	0.000123	benign_only	1	19
SLC19A2	10560	8	5	3	0.625000	0.000123	mixed	1	1
SLC26A4-AS1	286002	8	7	1	0.875000	0.000123	mixed	1	7
SLC27A4	10999	8	3	5	0.375000	0.000123	mixed	1	9
SLC2A2	6514	8	3	5	0.375000	0.000123	mixed	1	3
SLC34A1	6569	8	2	6	0.250000	0.000123	mixed	1	5
SLC38A8	146167	8	3	5	0.375000	0.000123	mixed	1	16
SLC4A3	6508	8	0	8	0.000000	0.000123	benign_only	1	2
SLC5A1	6523	8	4	4	0.500000	0.000123	mixed	1	22
SLC6A18	348932	8	0	8	0.000000	0.000123	benign_only	1	5
SLC6A19	340024	8	5	3	0.625000	0.000123	mixed	1	5
SLCO1B1	10599	8	0	8	0.000000	0.000123	benign_only	1	12
SLCO1B3	28234	8	0	8	0.000000	0.000123	benign_only	1	12
SMN1	6606	8	8	0	1.000000	0.000123	pathogenic_only	1	5
SORBS3	10174	8	0	8	0.000000	0.000123	benign_only	1	8
SORD	6652	8	2	6	0.250000	0.000123	mixed	1	15
SRFBP1	153443	8	1	7	0.125000	0.000123	mixed	1	5
STAB2	55576	8	0	8	0.000000	0.000123	benign_only	1	12
STIL	6491	8	0	8	0.000000	0.000123	benign_only	1	1
SYNE4	163183	8	0	8	0.000000	0.000123	benign_only	1	19
TACC2	10579	8	0	8	0.000000	0.000123	benign_only	1	10
TCTN3	26123	8	3	5	0.375000	0.000123	mixed	1	10
TF	7018	8	0	8	0.000000	0.000123	benign_only	1	3
TFR2	7036	8	4	4	0.500000	0.000123	mixed	1	7
TGS1	96764	8	0	8	0.000000	0.000123	benign_only	1	8
TOP3A	7156	8	0	8	0.000000	0.000123	benign_only	1	17
TRAPPC12	51112	8	1	7	0.125000	0.000123	mixed	1	2
TRNT1	51095	8	4	4	0.500000	0.000123	mixed	1	3
TUBB	203068	8	8	0	1.000000	0.000123	pathogenic_only	1	6
UNC93B1	81622	8	0	8	0.000000	0.000123	benign_only	1	11
UROS	7390	8	4	4	0.500000	0.000123	mixed	1	10
WDR4	10785	8	1	7	0.125000	0.000123	mixed	1	21
YARS1	8565	8	3	5	0.375000	0.000123	mixed	1	1
ZDHHC24	254359	8	6	2	0.750000	0.000123	mixed	1	11
ZNF600	162966	8	0	8	0.000000	0.000123	benign_only	1	19
ABCA5	23461	7	0	7	0.000000	0.000107	benign_only	1	17
ADAM22	53616	7	0	7	0.000000	0.000107	benign_only	1	7
ADAMTSL4-AS2	100289061	7	0	7	0.000000	0.000107	benign_only	1	1
ADGRG6	57211	7	1	6	0.142857	0.000107	mixed	1	6
AFG3L2	10939	7	7	0	1.000000	0.000107	pathogenic_only	1	18
AHCY	191	7	4	3	0.571429	0.000107	mixed	1	20
ALG12	79087	7	3	4	0.428571	0.000107	mixed	1	22
ALX4	60529	7	0	7	0.000000	0.000107	benign_only	1	11
ANKDD1B	728780	7	0	7	0.000000	0.000107	benign_only	1	5
ANO3	63982	7	4	3	0.571429	0.000107	mixed	1	11
ANTXR2	118429	7	2	5	0.285714	0.000107	mixed	1	4
APOL3	80833	7	0	7	0.000000	0.000107	benign_only	1	22
ARL13B	200894	7	3	4	0.428571	0.000107	mixed	1	3
ARL6	84100	7	6	1	0.857143	0.000107	mixed	1	3
ASCC1	51008	7	0	7	0.000000	0.000107	benign_only	1	10
ATAD3A	55210	7	2	5	0.285714	0.000107	mixed	1	1
ATF4	468	7	0	7	0.000000	0.000107	benign_only	1	22
ATP2B4	493	7	0	7	0.000000	0.000107	benign_only	1	1
ATP2C2	9914	7	0	7	0.000000	0.000107	benign_only	1	16
ATP6V0A2	23545	7	1	6	0.142857	0.000107	mixed	1	12
BACH2	60468	7	0	7	0.000000	0.000107	benign_only	1	6
BCR	613	7	0	7	0.000000	0.000107	benign_only	1	22
BLOC1S3	388552	7	0	7	0.000000	0.000107	benign_only	1	19
BMPR1B	658	7	1	6	0.142857	0.000107	mixed	1	4
BRPF1	7862	7	0	7	0.000000	0.000107	benign_only	1	3
C10orf105	414152	7	2	5	0.285714	0.000107	mixed	1	10
C4BPA	722	7	0	7	0.000000	0.000107	benign_only	1	1
CAPN1	823	7	1	6	0.142857	0.000107	mixed	1	11
CASQ2	845	7	4	3	0.571429	0.000107	mixed	1	1
CD101	9398	7	0	7	0.000000	0.000107	benign_only	1	1
CD2AP	23607	7	0	7	0.000000	0.000107	benign_only	1	6
CDH13	1012	7	0	7	0.000000	0.000107	benign_only	1	16
CDH2	1000	7	1	6	0.142857	0.000107	mixed	1	18
CEACAM16	388551	7	0	7	0.000000	0.000107	benign_only	1	19
CEACAM16-AS1	107985305	7	0	7	0.000000	0.000107	benign_only	1	19
CFHR1	3078	7	0	7	0.000000	0.000107	benign_only	1	1
CHL1	10752	7	0	7	0.000000	0.000107	benign_only	1	3
CHRNA1	1134	7	4	3	0.571429	0.000107	mixed	1	2
CHSY1	22856	7	0	7	0.000000	0.000107	benign_only	1	15
CLMN	79789	7	0	7	0.000000	0.000107	benign_only	1	14
CLN5	1203	7	6	1	0.857143	0.000107	mixed	1	13
COA8	84334	7	0	7	0.000000	0.000107	benign_only	1	14
COG1	9382	7	0	7	0.000000	0.000107	benign_only	1	17
COG6	57511	7	0	7	0.000000	0.000107	benign_only	1	13
COL9A1	1297	7	0	7	0.000000	0.000107	benign_only	1	6
COX10	1352	7	2	5	0.285714	0.000107	mixed	1	17
CROCC	9696	7	0	7	0.000000	0.000107	benign_only	1	1
CRPPA	729920	7	0	7	0.000000	0.000107	benign_only	1	7
CTNNA1	1495	7	0	7	0.000000	0.000107	benign_only	1	5
CWF19L1	55280	7	1	6	0.142857	0.000107	mixed	1	10
CYP11A1	1583	7	4	3	0.571429	0.000107	mixed	1	15
CYSLTR2	57105	7	0	7	0.000000	0.000107	benign_only	1	13
DDC-AS1	100129427	7	7	0	1.000000	0.000107	pathogenic_only	1	7
DHX30	22907	7	3	4	0.428571	0.000107	mixed	1	3
DHX38	9785	7	0	7	0.000000	0.000107	benign_only	1	16
DKC1	1736	7	4	3	0.571429	0.000107	mixed	1	X
DLG5	9231	7	0	7	0.000000	0.000107	benign_only	1	10
DMBT1	1755	7	0	7	0.000000	0.000107	benign_only	1	10
DMGDH	29958	7	1	6	0.142857	0.000107	mixed	1	5
DNAH17-AS1	100996295	7	0	7	0.000000	0.000107	benign_only	1	17
DNAH3	55567	7	0	7	0.000000	0.000107	benign_only	1	16
EFEMP2	30008	7	4	3	0.571429	0.000107	mixed	1	11
ELAC2	60528	7	1	6	0.142857	0.000107	mixed	1	17
ETFA	2108	7	6	1	0.857143	0.000107	mixed	1	15
ETFB	2109	7	2	5	0.285714	0.000107	mixed	1	19
FANCC	2176	7	2	5	0.285714	0.000107	mixed	1	9
FANCG	2189	7	2	5	0.285714	0.000107	mixed	1	9
FERMT1	55612	7	0	7	0.000000	0.000107	benign_only	1	20
FGD4	121512	7	0	7	0.000000	0.000107	benign_only	1	12
FGF23	8074	7	5	2	0.714286	0.000107	mixed	1	12
FNIP1	96459	7	0	7	0.000000	0.000107	benign_only	1	5
GALNT3	2591	7	4	3	0.571429	0.000107	mixed	1	2
GAREM2	150946	7	5	2	0.714286	0.000107	mixed	1	2
GBA2	57704	7	2	5	0.285714	0.000107	mixed	1	9
GCH1	2643	7	7	0	1.000000	0.000107	pathogenic_only	1	14
GGN	199720	7	0	7	0.000000	0.000107	benign_only	1	19
GLI1	2735	7	0	7	0.000000	0.000107	benign_only	1	12
GLMN	11146	7	0	7	0.000000	0.000107	benign_only	1	1
GLYCTK	132158	7	0	7	0.000000	0.000107	benign_only	1	3
GNPAT	8443	7	2	5	0.285714	0.000107	mixed	1	1
GPR35	2859	7	0	7	0.000000	0.000107	benign_only	1	2
GTF3C2-AS2	105374363	7	4	3	0.571429	0.000107	mixed	1	2
HBA-LCR	106144573	7	0	7	0.000000	0.000107	benign_only	1	16
HCCS	3052	7	1	6	0.142857	0.000107	mixed	1	X
HDAC6	10013	7	0	7	0.000000	0.000107	benign_only	1	X
HEPACAM	220296	7	3	4	0.428571	0.000107	mixed	1	11
HYCC1	84668	7	0	7	0.000000	0.000107	benign_only	1	7
IBA57	200205	7	4	3	0.571429	0.000107	mixed	1	1
IFNAR2	3455	7	0	7	0.000000	0.000107	benign_only	1	21
IFNL3	282617	7	0	7	0.000000	0.000107	benign_only	1	19
IFT74	80173	7	1	6	0.142857	0.000107	mixed	1	9
IFT88	8100	7	0	7	0.000000	0.000107	benign_only	1	13
IL23R	149233	7	0	7	0.000000	0.000107	benign_only	1	1
INVS	27130	7	0	7	0.000000	0.000107	benign_only	1	9
ITGA8	8516	7	0	7	0.000000	0.000107	benign_only	1	10
JAG2	3714	7	1	6	0.142857	0.000107	mixed	1	14
KCNJ5	3762	7	1	6	0.142857	0.000107	mixed	1	11
KDM5A	5927	7	0	7	0.000000	0.000107	benign_only	1	12
KIF26B	55083	7	0	7	0.000000	0.000107	benign_only	1	1
KLB	152831	7	0	7	0.000000	0.000107	benign_only	1	4
KREMEN1	83999	7	0	7	0.000000	0.000107	benign_only	1	22
KRT86	3892	7	0	7	0.000000	0.000107	benign_only	1	12
KRTCAP3	200634	7	3	4	0.428571	0.000107	mixed	1	2
LAMC1	3915	7	0	7	0.000000	0.000107	benign_only	1	1
LBHD1	79081	7	0	7	0.000000	0.000107	benign_only	1	11
LCA5	167691	7	4	3	0.571429	0.000107	mixed	1	6
LEPR	3953	7	1	6	0.142857	0.000107	mixed	1	1
LMNB1	4001	7	3	4	0.428571	0.000107	mixed	1	5
LOC101448202	101448202	7	2	5	0.285714	0.000107	mixed	1	9
LOC101930071	101930071	7	0	7	0.000000	0.000107	benign_only	1	19
LOC107303343	107303343	7	5	2	0.714286	0.000107	mixed	1	20
LOC107988032	107988032	7	0	7	0.000000	0.000107	benign_only	1	X
LOC126805793	126805793	7	7	0	1.000000	0.000107	pathogenic_only	1	1
LOC126806068	126806068	7	6	1	0.857143	0.000107	mixed	1	1
LOC126861525	126861525	7	7	0	1.000000	0.000107	pathogenic_only	1	12
LOC126862720	126862720	7	0	7	0.000000	0.000107	benign_only	1	18
LOC129934333	129934333	7	6	1	0.857143	0.000107	mixed	1	2
LOC129992118	129992118	7	0	7	0.000000	0.000107	benign_only	1	4
LOC130002133	130002133	7	0	7	0.000000	0.000107	benign_only	1	9
LTBP1	4052	7	0	7	0.000000	0.000107	benign_only	1	2
LYZ	4069	7	0	7	0.000000	0.000107	benign_only	1	12
MAG	4099	7	0	7	0.000000	0.000107	benign_only	1	19
MAP3K20	51776	7	0	7	0.000000	0.000107	benign_only	1	2
MAP3K20-AS1	339751	7	0	7	0.000000	0.000107	benign_only	1	2
MASP1	5648	7	0	7	0.000000	0.000107	benign_only	1	3
MBD4	8930	7	0	7	0.000000	0.000107	benign_only	1	3
MC2R	4158	7	4	3	0.571429	0.000107	mixed	1	18
MCM3AP-AS1	114044	7	0	7	0.000000	0.000107	benign_only	1	21
MCM8	84515	7	0	7	0.000000	0.000107	benign_only	1	20
MECOM	2122	7	3	4	0.428571	0.000107	mixed	1	3
MEPE	56955	7	0	7	0.000000	0.000107	benign_only	1	4
MESP1	55897	7	0	7	0.000000	0.000107	benign_only	1	15
MICAL1	64780	7	0	7	0.000000	0.000107	benign_only	1	6
MILR1	284021	7	1	6	0.142857	0.000107	mixed	1	17
MTMR2	8898	7	0	7	0.000000	0.000107	benign_only	1	11
MYBPC1	4604	7	4	3	0.571429	0.000107	mixed	1	12
MYL2	4633	7	7	0	1.000000	0.000107	pathogenic_only	1	12
MYO10	4651	7	0	7	0.000000	0.000107	benign_only	1	5
MYSM1	114803	7	0	7	0.000000	0.000107	benign_only	1	1
NAF1	92345	7	0	7	0.000000	0.000107	benign_only	1	4
NAGS	162417	7	3	4	0.428571	0.000107	mixed	1	17
NBN	4683	7	0	7	0.000000	0.000107	benign_only	1	8
NCAPH2	29781	7	3	4	0.428571	0.000107	mixed	1	22
NDUFAF5	79133	7	6	1	0.857143	0.000107	mixed	1	20
NEK1	4750	7	0	7	0.000000	0.000107	benign_only	1	4
NELL1	4745	7	0	7	0.000000	0.000107	benign_only	1	11
NID2	22795	7	0	7	0.000000	0.000107	benign_only	1	14
NNT	23530	7	0	7	0.000000	0.000107	benign_only	1	5
NPAT	4863	7	0	7	0.000000	0.000107	benign_only	1	11
NPHP1	4867	7	1	6	0.142857	0.000107	mixed	1	2
PAX2	5076	7	7	0	1.000000	0.000107	pathogenic_only	1	10
PCK1	5105	7	0	7	0.000000	0.000107	benign_only	1	20
PDK1-AS1	124900513	7	0	7	0.000000	0.000107	benign_only	1	2
PEX16	9409	7	3	4	0.428571	0.000107	mixed	1	11
PHF3	23469	7	6	1	0.857143	0.000107	mixed	1	6
PHYH	5264	7	4	3	0.571429	0.000107	mixed	1	10
PIK3AP1	118788	7	0	7	0.000000	0.000107	benign_only	1	10
PINK1-AS	100861548	7	3	4	0.428571	0.000107	mixed	1	1
PITPNM3	83394	7	0	7	0.000000	0.000107	benign_only	1	17
PKD1L1-AS1	80099	7	0	7	0.000000	0.000107	benign_only	1	7
PLD3	23646	7	0	7	0.000000	0.000107	benign_only	1	19
PLOD3	8985	7	0	7	0.000000	0.000107	benign_only	1	7
PLPBP	11212	7	2	5	0.285714	0.000107	mixed	1	8
PNPLA2	57104	7	1	6	0.142857	0.000107	mixed	1	11
POLG2	11232	7	1	6	0.142857	0.000107	mixed	1	17
POLR3B	55703	7	4	3	0.571429	0.000107	mixed	1	12
POLRMT	5442	7	0	7	0.000000	0.000107	benign_only	1	19
POMGNT2	84892	7	1	6	0.142857	0.000107	mixed	1	3
PPARG	5468	7	6	1	0.857143	0.000107	mixed	1	3
PPP1CB	5500	7	7	0	1.000000	0.000107	pathogenic_only	1	2
PPP3CA	5530	7	5	2	0.714286	0.000107	mixed	1	4
PRPF3	9129	7	4	3	0.571429	0.000107	mixed	1	1
PRSS23	11098	7	5	2	0.714286	0.000107	mixed	1	11
PTPRO	5800	7	0	7	0.000000	0.000107	benign_only	1	12
PUF60	22827	7	6	1	0.857143	0.000107	mixed	1	8
RAD51	5888	7	2	5	0.285714	0.000107	mixed	1	15
RECQL	5965	7	0	7	0.000000	0.000107	benign_only	1	12
RIPK4	54101	7	0	7	0.000000	0.000107	benign_only	1	21
RLIM	51132	7	3	4	0.428571	0.000107	mixed	1	X
RNASEH2B	79621	7	5	2	0.714286	0.000107	mixed	1	13
RNF135	84282	7	0	7	0.000000	0.000107	benign_only	1	17
RNF17	56163	7	1	6	0.142857	0.000107	mixed	1	13
ROBO4	54538	7	0	7	0.000000	0.000107	benign_only	1	11
ROS1	6098	7	0	7	0.000000	0.000107	benign_only	1	6
RRM2B	50484	7	5	2	0.714286	0.000107	mixed	1	8
RTL1	388015	7	0	7	0.000000	0.000107	benign_only	1	14
RUBCN	9711	7	0	7	0.000000	0.000107	benign_only	1	3
SASS6	163786	7	0	7	0.000000	0.000107	benign_only	1	1
SCARF2	91179	7	0	7	0.000000	0.000107	benign_only	1	22
SCNN1A	6337	7	0	7	0.000000	0.000107	benign_only	1	12
SEMA3E	9723	7	0	7	0.000000	0.000107	benign_only	1	7
SEPTIN9	10801	7	1	6	0.142857	0.000107	mixed	1	17
SFTPA1	653509	7	0	7	0.000000	0.000107	benign_only	1	10
SIX1	6495	7	6	1	0.857143	0.000107	mixed	1	14
SLC25A20	788	7	6	1	0.857143	0.000107	mixed	1	3
SLC25A46	91137	7	1	6	0.142857	0.000107	mixed	1	5
SLC34A2	10568	7	0	7	0.000000	0.000107	benign_only	1	4
SLC5A5	6528	7	5	2	0.714286	0.000107	mixed	1	19
SLC7A13	157724	7	0	7	0.000000	0.000107	benign_only	1	8
SLC7A14	57709	7	0	7	0.000000	0.000107	benign_only	1	3
SLC9A3	6550	7	1	6	0.142857	0.000107	mixed	1	5
SMARCC2	6601	7	2	5	0.285714	0.000107	mixed	1	12
SMS	6611	7	4	3	0.571429	0.000107	mixed	1	X
SOX5	6660	7	6	1	0.857143	0.000107	mixed	1	12
SPAG8	26206	7	3	4	0.428571	0.000107	mixed	1	9
SPATA16	83893	7	0	7	0.000000	0.000107	benign_only	1	3
SPTBN1	6711	7	1	6	0.142857	0.000107	mixed	1	2
STAG2	10735	7	0	7	0.000000	0.000107	benign_only	1	X
SULF1	23213	7	0	7	0.000000	0.000107	benign_only	1	8
SYT1	6857	7	7	0	1.000000	0.000107	pathogenic_only	1	12
TAF2	6873	7	0	7	0.000000	0.000107	benign_only	1	8
TARS2	80222	7	0	7	0.000000	0.000107	benign_only	1	1
TCF7L2	6934	7	1	6	0.142857	0.000107	mixed	1	10
TDP1	55775	7	1	6	0.142857	0.000107	mixed	1	14
TET1	80312	7	0	7	0.000000	0.000107	benign_only	1	10
TGFB1	7040	7	3	4	0.428571	0.000107	mixed	1	19
THBD	7056	7	0	7	0.000000	0.000107	benign_only	1	20
THPO	7066	7	1	6	0.142857	0.000107	mixed	1	3
TMEM70	54968	7	0	7	0.000000	0.000107	benign_only	1	8
TMPRSS5	80975	7	0	7	0.000000	0.000107	benign_only	1	11
TNFRSF11A	8792	7	0	7	0.000000	0.000107	benign_only	1	18
TNK2	10188	7	0	7	0.000000	0.000107	benign_only	1	3
TOP2B	7155	7	0	7	0.000000	0.000107	benign_only	1	3
TPM3	7170	7	6	1	0.857143	0.000107	mixed	1	1
TRAF7	84231	7	6	1	0.857143	0.000107	mixed	1	16
TRAPPC9	83696	7	0	7	0.000000	0.000107	benign_only	1	8
TRIM8	81603	7	0	7	0.000000	0.000107	benign_only	1	10
TRIT1	54802	7	3	4	0.428571	0.000107	mixed	1	1
TTPA	7274	7	7	0	1.000000	0.000107	pathogenic_only	1	8
UPF3B	65109	7	0	7	0.000000	0.000107	benign_only	1	X
UQCC3	790955	7	0	7	0.000000	0.000107	benign_only	1	11
URB1	9875	7	0	7	0.000000	0.000107	benign_only	1	21
VWA2	340706	7	0	7	0.000000	0.000107	benign_only	1	10
WDPCP	51057	7	0	7	0.000000	0.000107	benign_only	1	2
WDR72	256764	7	0	7	0.000000	0.000107	benign_only	1	15
WWC3	55841	7	0	7	0.000000	0.000107	benign_only	1	X
XRCC4	7518	7	1	6	0.142857	0.000107	mixed	1	5
ZEB1	6935	7	1	6	0.142857	0.000107	mixed	1	10
ZFYVE27	118813	7	0	7	0.000000	0.000107	benign_only	1	10
ZIC3	7547	7	1	6	0.142857	0.000107	mixed	1	X
ZNF41	7592	7	0	7	0.000000	0.000107	benign_only	1	X
ZP3	7784	7	0	7	0.000000	0.000107	benign_only	1	7
ABCA2	20	6	0	6	0.000000	0.000092	benign_only	1	9
ABCB1	5243	6	0	6	0.000000	0.000092	benign_only	1	7
ABCB6	10058	6	0	6	0.000000	0.000092	benign_only	1	2
ABCC11	85320	6	0	6	0.000000	0.000092	benign_only	1	16
ACAD8	27034	6	4	2	0.666667	0.000092	mixed	1	11
ACBD5	91452	6	0	6	0.000000	0.000092	benign_only	1	10
ACOX1	51	6	1	5	0.166667	0.000092	mixed	1	17
ACP5	54	6	2	4	0.333333	0.000092	mixed	1	19
ACTC1	70	6	6	0	1.000000	0.000092	pathogenic_only	1	15
ACTN4	81	6	1	5	0.166667	0.000092	mixed	1	19
ACVR1	90	6	3	3	0.500000	0.000092	mixed	1	2
ADAM7-AS1	101929294	6	0	6	0.000000	0.000092	benign_only	1	8
ADAMTS12	81792	6	0	6	0.000000	0.000092	benign_only	1	5
ADAMTS3	9508	6	0	6	0.000000	0.000092	benign_only	1	4
ADSS1	122622	6	1	5	0.166667	0.000092	mixed	1	14
AFAP1L2	84632	6	0	6	0.000000	0.000092	benign_only	1	10
AGBL5	60509	6	0	6	0.000000	0.000092	benign_only	1	2
AKAP13	11214	6	0	6	0.000000	0.000092	benign_only	1	15
AKAP8	10270	6	0	6	0.000000	0.000092	benign_only	1	19
ANKAR	150709	6	0	6	0.000000	0.000092	benign_only	1	2
AOC3	8639	6	0	6	0.000000	0.000092	benign_only	1	17
AOPEP	84909	6	1	5	0.166667	0.000092	mixed	1	9
AP3B1	8546	6	0	6	0.000000	0.000092	benign_only	1	5
AP4E1	23431	6	0	6	0.000000	0.000092	benign_only	1	15
AP4M1	9179	6	2	4	0.333333	0.000092	mixed	1	7
APPL1	26060	6	0	6	0.000000	0.000092	benign_only	1	3
APRT	353	6	5	1	0.833333	0.000092	mixed	1	16
ARHGAP24	83478	6	0	6	0.000000	0.000092	benign_only	1	4
ATP5F1A	498	6	3	3	0.500000	0.000092	mixed	1	18
ATP6AP1	537	6	1	5	0.166667	0.000092	mixed	1	X
ATP6V1B2	526	6	3	3	0.500000	0.000092	mixed	1	8
B3GLCT	145173	6	1	5	0.166667	0.000092	mixed	1	13
BAAT	570	6	0	6	0.000000	0.000092	benign_only	1	9
BBS5	129880	6	5	1	0.833333	0.000092	mixed	1	2
BIN1	274	6	2	4	0.333333	0.000092	mixed	1	2
BMP1	649	6	1	5	0.166667	0.000092	mixed	1	8
BMS1	9790	6	0	6	0.000000	0.000092	benign_only	1	10
BRF1	2972	6	2	4	0.333333	0.000092	mixed	1	14
C19orf12	83636	6	4	2	0.666667	0.000092	mixed	1	19
C1S	716	6	0	6	0.000000	0.000092	benign_only	1	12
C8B	732	6	0	6	0.000000	0.000092	benign_only	1	1
CA5A	763	6	1	5	0.166667	0.000092	mixed	1	16
CABP2	51475	6	0	6	0.000000	0.000092	benign_only	1	11
CABP4	57010	6	0	6	0.000000	0.000092	benign_only	1	11
CALD1	800	6	0	6	0.000000	0.000092	benign_only	1	7
CAPN10	11132	6	0	6	0.000000	0.000092	benign_only	1	2
CARD9	64170	6	0	6	0.000000	0.000092	benign_only	1	9
CASD1	64921	6	2	4	0.333333	0.000092	mixed	1	7
CASP8	841	6	1	5	0.166667	0.000092	mixed	1	2
CATIP-AS2	103689911	6	0	6	0.000000	0.000092	benign_only	1	2
CATSPER1	117144	6	0	6	0.000000	0.000092	benign_only	1	11
CBLIF	2694	6	1	5	0.166667	0.000092	mixed	1	11
CCDC88A	55704	6	0	6	0.000000	0.000092	benign_only	1	2
CCNH	902	6	0	6	0.000000	0.000092	benign_only	1	5
CD55	1604	6	0	6	0.000000	0.000092	benign_only	1	1
CDCA7L	55536	6	1	5	0.166667	0.000092	mixed	1	7
CDH11	1009	6	1	5	0.166667	0.000092	mixed	1	16
CDHR1	92211	6	0	6	0.000000	0.000092	benign_only	1	10
CEACAM3	1084	6	0	6	0.000000	0.000092	benign_only	1	19
CEP63	80254	6	0	6	0.000000	0.000092	benign_only	1	3
CERS3	204219	6	0	6	0.000000	0.000092	benign_only	1	15
CFAP53	220136	6	0	6	0.000000	0.000092	benign_only	1	18
CFHR2	3080	6	0	6	0.000000	0.000092	benign_only	1	1
CHD5	26038	6	3	3	0.500000	0.000092	mixed	1	1
CHRM2	1129	6	0	6	0.000000	0.000092	benign_only	1	7
CHRNG	1146	6	3	3	0.500000	0.000092	mixed	1	2
CHST3	9469	6	2	4	0.333333	0.000092	mixed	1	10
CILK1	22858	6	0	6	0.000000	0.000092	benign_only	1	6
CLUAP1	23059	6	0	6	0.000000	0.000092	benign_only	1	16
CNNM2	54805	6	4	2	0.666667	0.000092	mixed	1	10
CNOT1	23019	6	1	5	0.166667	0.000092	mixed	1	16
CNTN4	152330	6	0	6	0.000000	0.000092	benign_only	1	3
CNTN5	53942	6	0	6	0.000000	0.000092	benign_only	1	11
CNTRL	11064	6	0	6	0.000000	0.000092	benign_only	1	9
COASY	80347	6	2	4	0.333333	0.000092	mixed	1	17
COG2	22796	6	0	6	0.000000	0.000092	benign_only	1	1
COG4	25839	6	2	4	0.333333	0.000092	mixed	1	16
COL13A1	1305	6	0	6	0.000000	0.000092	benign_only	1	10
CRYBA4	1413	6	1	5	0.166667	0.000092	mixed	1	22
CTBP1	1487	6	1	5	0.166667	0.000092	mixed	1	4
CTSA	5476	6	5	1	0.833333	0.000092	mixed	1	20
CYP1A1	1543	6	0	6	0.000000	0.000092	benign_only	1	15
CYP26B1	56603	6	1	5	0.166667	0.000092	mixed	1	2
CYP2A7	1549	6	0	6	0.000000	0.000092	benign_only	1	19
DACT1	51339	6	0	6	0.000000	0.000092	benign_only	1	14
DAG1	1605	6	0	6	0.000000	0.000092	benign_only	1	3
DAP3	7818	6	0	6	0.000000	0.000092	benign_only	1	1
DDHD2	23259	6	1	5	0.166667	0.000092	mixed	1	8
DEGS1	8560	6	4	2	0.666667	0.000092	mixed	1	1
DHX34	9704	6	0	6	0.000000	0.000092	benign_only	1	19
DNAH8-AS1	100131047	6	0	6	0.000000	0.000092	benign_only	1	6
DNAJC6	9829	6	0	6	0.000000	0.000092	benign_only	1	1
DONSON	29980	6	1	5	0.166667	0.000092	mixed	1	21
DOP1B	9980	6	0	6	0.000000	0.000092	benign_only	1	21
DRP2	1821	6	0	6	0.000000	0.000092	benign_only	1	X
DTNBP1	84062	6	0	6	0.000000	0.000092	benign_only	1	6
EFNB1	1947	6	3	3	0.500000	0.000092	mixed	1	X
EGLN1	54583	6	0	6	0.000000	0.000092	benign_only	1	1
EIF4G1	1981	6	0	6	0.000000	0.000092	benign_only	1	3
ELOVL4	6785	6	3	3	0.500000	0.000092	mixed	1	6
ELP4	26610	6	1	5	0.166667	0.000092	mixed	1	11
EME2	197342	6	0	6	0.000000	0.000092	benign_only	1	16
EPB41L3	23136	6	0	6	0.000000	0.000092	benign_only	1	18
EPOR	2057	6	0	6	0.000000	0.000092	benign_only	1	19
EPS8	2059	6	0	6	0.000000	0.000092	benign_only	1	12
ERBB3	2065	6	0	6	0.000000	0.000092	benign_only	1	12
ESR1	2099	6	0	6	0.000000	0.000092	benign_only	1	6
F10	2159	6	3	3	0.500000	0.000092	mixed	1	13
F2	2147	6	5	1	0.833333	0.000092	mixed	1	11
FAM161A	84140	6	1	5	0.166667	0.000092	mixed	1	2
FAM20A	54757	6	0	6	0.000000	0.000092	benign_only	1	17
FARSB	10056	6	1	5	0.166667	0.000092	mixed	1	2
FAT3	120114	6	0	6	0.000000	0.000092	benign_only	1	11
FGG	2266	6	4	2	0.666667	0.000092	mixed	1	4
FLVCR2	55640	6	1	5	0.166667	0.000092	mixed	1	14
FNBP4	23360	6	0	6	0.000000	0.000092	benign_only	1	11
FTH1	2495	6	5	1	0.833333	0.000092	mixed	1	11
FZD2	2535	6	2	4	0.333333	0.000092	mixed	1	17
GABRD	2563	6	2	4	0.333333	0.000092	mixed	1	1
GAS2L2	246176	6	0	6	0.000000	0.000092	benign_only	1	17
GATA3	2625	6	3	3	0.500000	0.000092	mixed	1	10
GATA5	140628	6	0	6	0.000000	0.000092	benign_only	1	20
GATA6	2627	6	2	4	0.333333	0.000092	mixed	1	18
GATAD2B	57459	6	1	5	0.166667	0.000092	mixed	1	1
GCNT2	2651	6	1	5	0.166667	0.000092	mixed	1	6
GEMIN5	25929	6	2	4	0.333333	0.000092	mixed	1	5
GFI1	2672	6	1	5	0.166667	0.000092	mixed	1	1
GFI1B	8328	6	0	6	0.000000	0.000092	benign_only	1	9
GGCX	2677	6	3	3	0.500000	0.000092	mixed	1	2
GH1	2688	6	2	4	0.333333	0.000092	mixed	1	17
GJD2-DT	101928174	6	6	0	1.000000	0.000092	pathogenic_only	1	15
GLDN	342035	6	3	3	0.500000	0.000092	mixed	1	15
GLIS2	84662	6	0	6	0.000000	0.000092	benign_only	1	16
GPC6	10082	6	1	5	0.166667	0.000092	mixed	1	13
GPI	2821	6	4	2	0.666667	0.000092	mixed	1	19
GPLD1	2822	6	1	5	0.166667	0.000092	mixed	1	6
GPR101	83550	6	0	6	0.000000	0.000092	benign_only	1	X
GRID2	2895	6	2	4	0.333333	0.000092	mixed	1	4
GRIN2C	2905	6	0	6	0.000000	0.000092	benign_only	1	17
GSR	2936	6	0	6	0.000000	0.000092	benign_only	1	8
GSS	2937	6	6	0	1.000000	0.000092	pathogenic_only	1	20
GTPBP1	9567	6	0	6	0.000000	0.000092	benign_only	1	22
GUF1	60558	6	0	6	0.000000	0.000092	benign_only	1	4
GYG1	2992	6	1	5	0.166667	0.000092	mixed	1	3
GZF1	64412	6	0	6	0.000000	0.000092	benign_only	1	20
HABP2	3026	6	0	6	0.000000	0.000092	benign_only	1	10
HAP1	9001	6	0	6	0.000000	0.000092	benign_only	1	17
HERC5-AS1	102723458	6	0	6	0.000000	0.000092	benign_only	1	4
HPD	3242	6	1	5	0.166667	0.000092	mixed	1	12
HSD3B7	80270	6	1	5	0.166667	0.000092	mixed	1	16
HSPB8	26353	6	1	5	0.166667	0.000092	mixed	1	12
HYDIN	54768	6	0	6	0.000000	0.000092	benign_only	1	16
ICE1	23379	6	0	6	0.000000	0.000092	benign_only	1	5
IGFALS	3483	6	1	5	0.166667	0.000092	mixed	1	16
IKZF1	10320	6	3	3	0.500000	0.000092	mixed	1	7
IL11RA	3590	6	2	4	0.333333	0.000092	mixed	1	9
IL17RD	54756	6	0	6	0.000000	0.000092	benign_only	1	3
IL18BP	10068	6	0	6	0.000000	0.000092	benign_only	1	11
IL33R	9173	6	0	6	0.000000	0.000092	benign_only	1	2
INS	3630	6	6	0	1.000000	0.000092	pathogenic_only	1	11
INSR	3643	6	2	4	0.333333	0.000092	mixed	1	19
IQSEC1	9922	6	1	5	0.166667	0.000092	mixed	1	3
IRAK4	51135	6	0	6	0.000000	0.000092	benign_only	1	12
IRF2BPL	64207	6	1	5	0.166667	0.000092	mixed	1	14
IVL	3713	6	0	6	0.000000	0.000092	benign_only	1	1
KCNA5	3741	6	0	6	0.000000	0.000092	benign_only	1	12
KCNK18	338567	6	0	6	0.000000	0.000092	benign_only	1	10
KDF1	126695	6	0	6	0.000000	0.000092	benign_only	1	1
KIDINS220	57498	6	0	6	0.000000	0.000092	benign_only	1	2
KIF12	113220	6	1	5	0.166667	0.000092	mixed	1	9
KRT12	3859	6	1	5	0.166667	0.000092	mixed	1	17
KRT13	3860	6	0	6	0.000000	0.000092	benign_only	1	17
LARGE1	9215	6	1	5	0.166667	0.000092	mixed	1	22
LBP	3929	6	0	6	0.000000	0.000092	benign_only	1	20
LEFTY2	7044	6	0	6	0.000000	0.000092	benign_only	1	1
LIPI	149998	6	0	6	0.000000	0.000092	benign_only	1	21
LIPN	643418	6	0	6	0.000000	0.000092	benign_only	1	10
LOC117125594	117125594	6	6	0	1.000000	0.000092	pathogenic_only	1	19
LOC125446261	125446261	6	6	0	1.000000	0.000092	pathogenic_only	1	22
LOC126805612	126805612	6	1	5	0.166667	0.000092	mixed	1	1
LOC126860124	126860124	6	2	4	0.333333	0.000092	mixed	1	7
LOC126861520	126861520	6	0	6	0.000000	0.000092	benign_only	1	12
LOC126861526	126861526	6	4	2	0.666667	0.000092	mixed	1	12
LOC126862860	126862860	6	4	2	0.666667	0.000092	mixed	1	19
LOC126863239	126863239	6	0	6	0.000000	0.000092	benign_only	1	X
LOC129995978	129995978	6	1	5	0.166667	0.000092	mixed	1	6
LOC130004408	130004408	6	3	3	0.500000	0.000092	mixed	1	10
LOC349160	349160	6	0	6	0.000000	0.000092	benign_only	1	7
LRIG2	9860	6	0	6	0.000000	0.000092	benign_only	1	1
LRRC10	376132	6	0	6	0.000000	0.000092	benign_only	1	12
MADD	8567	6	0	6	0.000000	0.000092	benign_only	1	11
MAK	4117	6	3	3	0.500000	0.000092	mixed	1	6
MAP3K14	9020	6	0	6	0.000000	0.000092	benign_only	1	17
MAPK1	5594	6	6	0	1.000000	0.000092	pathogenic_only	1	22
MBTPS1	8720	6	0	6	0.000000	0.000092	benign_only	1	16
MCF2L	23263	6	0	6	0.000000	0.000092	benign_only	1	13
MCOLN1	57192	6	5	1	0.833333	0.000092	mixed	1	19
MED17	9440	6	2	4	0.333333	0.000092	mixed	1	11
MGME1	92667	6	0	6	0.000000	0.000092	benign_only	1	20
MIS18BP1	55320	6	0	6	0.000000	0.000092	benign_only	1	14
MME	4311	6	2	4	0.333333	0.000092	mixed	1	3
MMP13	4322	6	3	3	0.500000	0.000092	mixed	1	11
MMP14	4323	6	0	6	0.000000	0.000092	benign_only	1	14
MMP2	4313	6	0	6	0.000000	0.000092	benign_only	1	16
MMP20	9313	6	1	5	0.166667	0.000092	mixed	1	11
MMP8	4317	6	0	6	0.000000	0.000092	benign_only	1	11
MRE11	4361	6	1	5	0.166667	0.000092	mixed	1	11
MSLN	10232	6	0	6	0.000000	0.000092	benign_only	1	16
MUC4	4585	6	0	6	0.000000	0.000092	benign_only	1	3
MYH2	4620	6	1	5	0.166667	0.000092	mixed	1	17
MYLK3	91807	6	0	6	0.000000	0.000092	benign_only	1	16
NADSYN1	55191	6	2	4	0.333333	0.000092	mixed	1	11
NCAPD2	9918	6	0	6	0.000000	0.000092	benign_only	1	12
NCKAP5	344148	6	0	6	0.000000	0.000092	benign_only	1	2
NDUFAF1	51103	6	0	6	0.000000	0.000092	benign_only	1	15
NDUFS1	4719	6	6	0	1.000000	0.000092	pathogenic_only	1	2
NES	10763	6	0	6	0.000000	0.000092	benign_only	1	1
NFU1	27247	6	3	3	0.500000	0.000092	mixed	1	2
NHLRC1	378884	6	5	1	0.833333	0.000092	mixed	1	6
NLGN4X	57502	6	1	5	0.166667	0.000092	mixed	1	X
NR0B1	190	6	3	3	0.500000	0.000092	mixed	1	X
NUP107	57122	6	1	5	0.166667	0.000092	mixed	1	12
NUP214	8021	6	1	5	0.166667	0.000092	mixed	1	9
OCLN	100506658	6	0	6	0.000000	0.000092	benign_only	1	5
OMA1	115209	6	0	6	0.000000	0.000092	benign_only	1	1
OSBPL2	9885	6	0	6	0.000000	0.000092	benign_only	1	20
OSMR	9180	6	1	5	0.166667	0.000092	mixed	1	5
OTULIN	90268	6	0	6	0.000000	0.000092	benign_only	1	5
P2RX7	5027	6	0	6	0.000000	0.000092	benign_only	1	12
P2RY11	5032	6	0	6	0.000000	0.000092	benign_only	1	19
PAX1	5075	6	0	6	0.000000	0.000092	benign_only	1	20
PAX4	5078	6	0	6	0.000000	0.000092	benign_only	1	7
PCK2	5106	6	0	6	0.000000	0.000092	benign_only	1	14
PCSK5	5125	6	0	6	0.000000	0.000092	benign_only	1	9
PCYT1A	5130	6	3	3	0.500000	0.000092	mixed	1	3
PDE3A	5139	6	0	6	0.000000	0.000092	benign_only	1	12
PDE6C	5146	6	2	4	0.333333	0.000092	mixed	1	10
PDYN	5173	6	0	6	0.000000	0.000092	benign_only	1	20
PDYN-AS1	727993	6	0	6	0.000000	0.000092	benign_only	1	20
PER3	8863	6	0	6	0.000000	0.000092	benign_only	1	1
PET100	100131801	6	2	4	0.333333	0.000092	mixed	1	19
PGM3	5238	6	1	5	0.166667	0.000092	mixed	1	6
PHKB	5257	6	0	6	0.000000	0.000092	benign_only	1	16
PIGV	55650	6	4	2	0.666667	0.000092	mixed	1	1
PIK3C2A	5286	6	0	6	0.000000	0.000092	benign_only	1	11
PIP5K1C	23396	6	1	5	0.166667	0.000092	mixed	1	19
PITX2	5308	6	5	1	0.833333	0.000092	mixed	1	4
PLEKHM2	23207	6	0	6	0.000000	0.000092	benign_only	1	1
PLK4	10733	6	0	6	0.000000	0.000092	benign_only	1	4
PLXNA1	5361	6	0	6	0.000000	0.000092	benign_only	1	3
PLXNA3	55558	6	0	6	0.000000	0.000092	benign_only	1	X
PMEL	6490	6	0	6	0.000000	0.000092	benign_only	1	12
PMPCB	9512	6	1	5	0.166667	0.000092	mixed	1	7
PNPLA3	80339	6	0	6	0.000000	0.000092	benign_only	1	22
POC5	134359	6	0	6	0.000000	0.000092	benign_only	1	5
POLGARF	125316803	6	4	2	0.666667	0.000092	mixed	1	15
POP1	10940	6	1	5	0.166667	0.000092	mixed	1	8
POPDC1	11149	6	1	5	0.166667	0.000092	mixed	1	6
POU1F1	5449	6	4	2	0.666667	0.000092	mixed	1	3
PPAN-P2RY11	692312	6	0	6	0.000000	0.000092	benign_only	1	19
PPP1R15B	84919	6	0	6	0.000000	0.000092	benign_only	1	1
PPP2CA	5515	6	5	1	0.833333	0.000092	mixed	1	5
PRDM13	59336	6	0	6	0.000000	0.000092	benign_only	1	6
PRSS12	8492	6	0	6	0.000000	0.000092	benign_only	1	4
PSD3	23362	6	0	6	0.000000	0.000092	benign_only	1	8
PSPH	5723	6	0	6	0.000000	0.000092	benign_only	1	7
PTPRJ	5795	6	0	6	0.000000	0.000092	benign_only	1	11
PTPRT	11122	6	0	6	0.000000	0.000092	benign_only	1	20
PXDN	7837	6	0	6	0.000000	0.000092	benign_only	1	2
QARS1	5859	6	2	4	0.333333	0.000092	mixed	1	3
RAB3GAP2	25782	6	1	5	0.166667	0.000092	mixed	1	1
RAC1	5879	6	6	0	1.000000	0.000092	pathogenic_only	1	7
RAD54L	8438	6	1	5	0.166667	0.000092	mixed	1	1
RBM28	55131	6	0	6	0.000000	0.000092	benign_only	1	7
RBP3	5949	6	0	6	0.000000	0.000092	benign_only	1	10
RIMS1	22999	6	0	6	0.000000	0.000092	benign_only	1	6
RLBP1	6017	6	5	1	0.833333	0.000092	mixed	1	15
RNASEH2A	10535	6	3	3	0.500000	0.000092	mixed	1	19
RNASET2	8635	6	0	6	0.000000	0.000092	benign_only	1	6
RNF216	54476	6	0	6	0.000000	0.000092	benign_only	1	7
RNF31	55072	6	0	6	0.000000	0.000092	benign_only	1	14
RRAS2	22800	6	6	0	1.000000	0.000092	pathogenic_only	1	11
RRBP1	6238	6	0	6	0.000000	0.000092	benign_only	1	20
RTN2	6253	6	0	6	0.000000	0.000092	benign_only	1	19
RTN4	57142	6	0	6	0.000000	0.000092	benign_only	1	2
RUSC2	9853	6	0	6	0.000000	0.000092	benign_only	1	9
RXYLT1	10329	6	2	4	0.333333	0.000092	mixed	1	12
SBF2	81846	6	0	6	0.000000	0.000092	benign_only	1	11
SCLT1	132320	6	1	5	0.166667	0.000092	mixed	1	4
SDR9C7	121214	6	2	4	0.333333	0.000092	mixed	1	12
SEMA4A	64218	6	0	6	0.000000	0.000092	benign_only	1	1
SERPINB6	5269	6	0	6	0.000000	0.000092	benign_only	1	6
SFTPB	6439	6	0	6	0.000000	0.000092	benign_only	1	2
SFTPC	6440	6	3	3	0.500000	0.000092	mixed	1	8
SGCE	8910	6	2	4	0.333333	0.000092	mixed	1	7
SH2B3	10019	6	0	6	0.000000	0.000092	benign_only	1	12
SIGMAR1	10280	6	3	3	0.500000	0.000092	mixed	1	9
SIM1	6492	6	0	6	0.000000	0.000092	benign_only	1	6
SIN3A	25942	6	0	6	0.000000	0.000092	benign_only	1	15
SLC10A2	6555	6	0	6	0.000000	0.000092	benign_only	1	13
SLC11A2	4891	6	0	6	0.000000	0.000092	benign_only	1	12
SLC24A1	9187	6	0	6	0.000000	0.000092	benign_only	1	15
SLC25A38	54977	6	3	3	0.500000	0.000092	mixed	1	3
SLC39A13	91252	6	0	6	0.000000	0.000092	benign_only	1	11
SLC52A1	55065	6	0	6	0.000000	0.000092	benign_only	1	17
SMAD6	4091	6	0	6	0.000000	0.000092	benign_only	1	15
SMCHD1	23347	6	0	6	0.000000	0.000092	benign_only	1	18
SOX3	6658	6	0	6	0.000000	0.000092	benign_only	1	X
SPINT2	10653	6	1	5	0.166667	0.000092	mixed	1	19
SPPL2A	84888	6	0	6	0.000000	0.000092	benign_only	1	15
STAT2	6773	6	0	6	0.000000	0.000092	benign_only	1	12
STS	412	6	1	5	0.166667	0.000092	mixed	1	X
SUCLG2	8801	6	0	6	0.000000	0.000092	benign_only	1	3
SVIL-AS1	102724316	6	0	6	0.000000	0.000092	benign_only	1	10
SYCE2	256126	6	4	2	0.666667	0.000092	mixed	1	19
SYCP2	10388	6	0	6	0.000000	0.000092	benign_only	1	20
SYN3	8224	6	2	4	0.333333	0.000092	mixed	1	22
TBC1D2	55357	6	0	6	0.000000	0.000092	benign_only	1	9
TCTN1	79600	6	0	6	0.000000	0.000092	benign_only	1	12
TET3	200424	6	1	5	0.166667	0.000092	mixed	1	2
TFG	10342	6	3	3	0.500000	0.000092	mixed	1	3
TLR3	7098	6	0	6	0.000000	0.000092	benign_only	1	4
TLR5	7100	6	0	6	0.000000	0.000092	benign_only	1	1
TM4SF20	79853	6	0	6	0.000000	0.000092	benign_only	1	2
TMEM126B	55863	6	2	4	0.333333	0.000092	mixed	1	11
TMEM132E	124842	6	0	6	0.000000	0.000092	benign_only	1	17
TMEM94	9772	6	0	6	0.000000	0.000092	benign_only	1	17
TMPRSS15	5651	6	0	6	0.000000	0.000092	benign_only	1	21
TNFRSF13B	23495	6	2	4	0.333333	0.000092	mixed	1	17
TNS1	7145	6	0	6	0.000000	0.000092	benign_only	1	2
TPM2	7169	6	6	0	1.000000	0.000092	pathogenic_only	1	9
TRAF3IP2	10758	6	0	6	0.000000	0.000092	benign_only	1	6
TRAF3IP2-AS1	643749	6	0	6	0.000000	0.000092	benign_only	1	6
TRPA1	8989	6	0	6	0.000000	0.000092	benign_only	1	8
TSNAX-DISC1	100303453	6	0	6	0.000000	0.000092	benign_only	1	1
ULK4	54986	6	0	6	0.000000	0.000092	benign_only	1	3
UROC1	131669	6	0	6	0.000000	0.000092	benign_only	1	3
UROD	7389	6	6	0	1.000000	0.000092	pathogenic_only	1	1
UTP14C	9724	6	3	3	0.500000	0.000092	mixed	1	13
VMA12	147007	6	1	5	0.166667	0.000092	mixed	1	17
VPS11	55823	6	1	5	0.166667	0.000092	mixed	1	11
VPS53	55275	6	1	5	0.166667	0.000092	mixed	1	17
VSX1	30813	6	0	6	0.000000	0.000092	benign_only	1	20
WARS2	10352	6	2	4	0.333333	0.000092	mixed	1	1
WDR36	134430	6	0	6	0.000000	0.000092	benign_only	1	5
XRCC1	7515	6	0	6	0.000000	0.000092	benign_only	1	19
YARS2	51067	6	3	3	0.500000	0.000092	mixed	1	12
YWHAG	7532	6	5	1	0.833333	0.000092	mixed	1	7
ZAN	7455	6	0	6	0.000000	0.000092	benign_only	1	7
ZFP57	346171	6	0	6	0.000000	0.000092	benign_only	1	6
ZNF644	84146	6	0	6	0.000000	0.000092	benign_only	1	1
ZNF81	347344	6	0	6	0.000000	0.000092	benign_only	1	X
ZNF831	128611	6	0	6	0.000000	0.000092	benign_only	1	20
ABAT	18	5	2	3	0.400000	0.000077	mixed	1	16
ABCC4	10257	5	0	5	0.000000	0.000077	benign_only	1	13
ACACB	32	5	0	5	0.000000	0.000077	benign_only	1	12
ACYP2	98	5	0	5	0.000000	0.000077	benign_only	1	2
ADAMDEC1	27299	5	0	5	0.000000	0.000077	benign_only	1	8
ADAMTSL2	9719	5	3	2	0.600000	0.000077	mixed	1	9
ADGRB2	576	5	0	5	0.000000	0.000077	benign_only	1	1
AGO2	27161	5	5	0	1.000000	0.000077	pathogenic_only	1	8
AKAP1	8165	5	0	5	0.000000	0.000077	benign_only	1	17
ALDH1A3	220	5	2	3	0.400000	0.000077	mixed	1	15
ALDH1B1	219	5	0	5	0.000000	0.000077	benign_only	1	9
ALG2	85365	5	0	5	0.000000	0.000077	benign_only	1	9
ALG9	79796	5	1	4	0.200000	0.000077	mixed	1	11
ALOX15	246	5	0	5	0.000000	0.000077	benign_only	1	17
ALPG	251	5	0	5	0.000000	0.000077	benign_only	1	2
AMN	81693	5	1	4	0.200000	0.000077	mixed	1	14
ANKRD18A	253650	5	0	5	0.000000	0.000077	benign_only	1	9
ANO6	196527	5	0	5	0.000000	0.000077	benign_only	1	12
AP2S1	1175	5	3	2	0.600000	0.000077	mixed	1	19
AP3B2	8120	5	0	5	0.000000	0.000077	benign_only	1	15
AP3D1	8943	5	0	5	0.000000	0.000077	benign_only	1	19
APOA5	116519	5	0	5	0.000000	0.000077	benign_only	1	11
APTX	54840	5	2	3	0.400000	0.000077	mixed	1	9
ARFGEF1	10565	5	1	4	0.200000	0.000077	mixed	1	8
ARHGAP21	57584	5	0	5	0.000000	0.000077	benign_only	1	10
ARHGAP45	23526	5	0	5	0.000000	0.000077	benign_only	1	19
ATF7IP	55729	5	0	5	0.000000	0.000077	benign_only	1	12
ATL3	25923	5	0	5	0.000000	0.000077	benign_only	1	11
ATP13A3	79572	5	1	4	0.200000	0.000077	mixed	1	3
ATP13A4	84239	5	0	5	0.000000	0.000077	benign_only	1	3
ATP2C2-AS1	105371374	5	0	5	0.000000	0.000077	benign_only	1	16
ATP6V1A	523	5	5	0	1.000000	0.000077	pathogenic_only	1	3
ATP8A2	51761	5	1	4	0.200000	0.000077	mixed	1	13
ATP8B1-AS1	100505549	5	1	4	0.200000	0.000077	mixed	1	18
AVP	551	5	2	3	0.400000	0.000077	mixed	1	20
B3GAT3	26229	5	3	2	0.600000	0.000077	mixed	1	11
B9D1	27077	5	2	3	0.400000	0.000077	mixed	1	17
BBS4	585	5	2	3	0.400000	0.000077	mixed	1	15
BBS7	55212	5	5	0	1.000000	0.000077	pathogenic_only	1	4
BCAR1	9564	5	0	5	0.000000	0.000077	benign_only	1	16
BCORL1	63035	5	0	5	0.000000	0.000077	benign_only	1	X
BMPER	168667	5	0	5	0.000000	0.000077	benign_only	1	7
BRSK2	9024	5	1	4	0.200000	0.000077	mixed	1	11
BUB1B-PAK6	106821730	5	0	5	0.000000	0.000077	benign_only	1	15
C10orf71	118461	5	0	5	0.000000	0.000077	benign_only	1	10
CA4	762	5	0	5	0.000000	0.000077	benign_only	1	17
CALM2	805	5	5	0	1.000000	0.000077	pathogenic_only	1	2
CAPN5	726	5	2	3	0.400000	0.000077	mixed	1	11
CARS1	833	5	0	5	0.000000	0.000077	benign_only	1	11
CASQ1	844	5	1	4	0.200000	0.000077	mixed	1	1
CBX2	84733	5	0	5	0.000000	0.000077	benign_only	1	17
CCDC102B	79839	5	0	5	0.000000	0.000077	benign_only	1	18
CCDC168	643677	5	0	5	0.000000	0.000077	benign_only	1	13
CCM2	83605	5	1	4	0.200000	0.000077	mixed	1	7
CD163	9332	5	0	5	0.000000	0.000077	benign_only	1	12
CD177	57126	5	0	5	0.000000	0.000077	benign_only	1	19
CD1B	910	5	0	5	0.000000	0.000077	benign_only	1	1
CD40	958	5	0	5	0.000000	0.000077	benign_only	1	20
CDK12	51755	5	0	5	0.000000	0.000077	benign_only	1	17
CEMIP	57214	5	0	5	0.000000	0.000077	benign_only	1	15
CEP126	57562	5	0	5	0.000000	0.000077	benign_only	1	11
CEP83	51134	5	0	5	0.000000	0.000077	benign_only	1	12
CFAP43	80217	5	0	5	0.000000	0.000077	benign_only	1	10
CFAP69	79846	5	0	5	0.000000	0.000077	benign_only	1	7
CFP	5199	5	0	5	0.000000	0.000077	benign_only	1	X
CGN	57530	5	0	5	0.000000	0.000077	benign_only	1	1
CHIT1	1118	5	0	5	0.000000	0.000077	benign_only	1	1
CHRND	1144	5	3	2	0.600000	0.000077	mixed	1	2
CHST14	113189	5	2	3	0.400000	0.000077	mixed	1	15
CISD3	284106	5	0	5	0.000000	0.000077	benign_only	1	17
CNDP1	84735	5	0	5	0.000000	0.000077	benign_only	1	18
CNTN1	1272	5	0	5	0.000000	0.000077	benign_only	1	12
CNTNAP2	26047	5	0	5	0.000000	0.000077	benign_only	1	7
CNTNAP5	129684	5	0	5	0.000000	0.000077	benign_only	1	2
COG5	10466	5	1	4	0.200000	0.000077	mixed	1	7
COL4A2-AS2	100129836	5	0	5	0.000000	0.000077	benign_only	1	13
COL6A5	256076	5	0	5	0.000000	0.000077	benign_only	1	3
COL8A2	1296	5	0	5	0.000000	0.000077	benign_only	1	1
COLEC11	78989	5	0	5	0.000000	0.000077	benign_only	1	2
COQ9	57017	5	0	5	0.000000	0.000077	benign_only	1	16
CPEB1-AS1	283692	5	0	5	0.000000	0.000077	benign_only	1	15
CRYBB2	1415	5	3	2	0.600000	0.000077	mixed	1	22
CRYBG3	131544	5	0	5	0.000000	0.000077	benign_only	1	3
CRYZL2P-SEC16B	111240474	5	0	5	0.000000	0.000077	benign_only	1	1
CTNNB1	1499	5	3	2	0.600000	0.000077	mixed	1	3
CTR9	9646	5	3	2	0.600000	0.000077	mixed	1	11
CYP2F1	1572	5	0	5	0.000000	0.000077	benign_only	1	19
CYP4B1	1580	5	0	5	0.000000	0.000077	benign_only	1	1
DAB2	1601	5	0	5	0.000000	0.000077	benign_only	1	5
DCC	1630	5	0	5	0.000000	0.000077	benign_only	1	18
DCDC1	341019	5	0	5	0.000000	0.000077	benign_only	1	11
DCDC2	51473	5	0	5	0.000000	0.000077	benign_only	1	6
DENND5A	23258	5	0	5	0.000000	0.000077	benign_only	1	11
DHFR	1719	5	0	5	0.000000	0.000077	benign_only	1	5
DHODH	1723	5	2	3	0.400000	0.000077	mixed	1	16
DIDO1	11083	5	0	5	0.000000	0.000077	benign_only	1	20
DISC1	27185	5	0	5	0.000000	0.000077	benign_only	1	1
DLK1	8788	5	0	5	0.000000	0.000077	benign_only	1	14
DLL4	54567	5	2	3	0.400000	0.000077	mixed	1	15
DMRT2	10655	5	0	5	0.000000	0.000077	benign_only	1	9
DMRT3	58524	5	0	5	0.000000	0.000077	benign_only	1	9
DNAH12	201625	5	0	5	0.000000	0.000077	benign_only	1	3
DNASE1L3	1776	5	0	5	0.000000	0.000077	benign_only	1	3
DOCK4	9732	5	0	5	0.000000	0.000077	benign_only	1	7
DPAGT1	1798	5	4	1	0.800000	0.000077	mixed	1	11
DPH1	1801	5	1	4	0.200000	0.000077	mixed	1	17
DPP6	1804	5	0	5	0.000000	0.000077	benign_only	1	7
DPYD	1806	5	4	1	0.800000	0.000077	mixed	1	1
DSG3	1830	5	0	5	0.000000	0.000077	benign_only	1	18
EGFL6	25975	5	0	5	0.000000	0.000077	benign_only	1	X
EIF2AK2	5610	5	1	4	0.200000	0.000077	mixed	1	2
EMD	2010	5	2	3	0.400000	0.000077	mixed	1	X
EMILIN2	84034	5	0	5	0.000000	0.000077	benign_only	1	18
ENAM	10117	5	0	5	0.000000	0.000077	benign_only	1	4
ENO3	2027	5	0	5	0.000000	0.000077	benign_only	1	17
ENTREP2	23359	5	1	4	0.200000	0.000077	mixed	1	15
ESPL1	9700	5	0	5	0.000000	0.000077	benign_only	1	12
EXO5	64789	5	0	5	0.000000	0.000077	benign_only	1	1
EXOC3L2	90332	5	0	5	0.000000	0.000077	benign_only	1	19
F12	2161	5	1	4	0.200000	0.000077	mixed	1	5
FANCE	2178	5	0	5	0.000000	0.000077	benign_only	1	6
FBLN1	2192	5	0	5	0.000000	0.000077	benign_only	1	22
FCER1A	2205	5	0	5	0.000000	0.000077	benign_only	1	1
FER1L6	654463	5	0	5	0.000000	0.000077	benign_only	1	8
FGF12	2257	5	2	3	0.400000	0.000077	mixed	1	3
FGFRL1	53834	5	0	5	0.000000	0.000077	benign_only	1	4
FIG4	9896	5	1	4	0.200000	0.000077	mixed	1	6
FLAD1	80308	5	1	4	0.200000	0.000077	mixed	1	1
FMR1	2332	5	0	5	0.000000	0.000077	benign_only	1	X
FOXA2	3170	5	0	5	0.000000	0.000077	benign_only	1	20
FTO	79068	5	0	5	0.000000	0.000077	benign_only	1	16
FTSJ1	24140	5	1	4	0.200000	0.000077	mixed	1	X
FXN	2395	5	2	3	0.400000	0.000077	mixed	1	9
GABRA2	2555	5	3	2	0.600000	0.000077	mixed	1	4
GAS6	2621	5	0	5	0.000000	0.000077	benign_only	1	13
GAS6-AS1	650669	5	0	5	0.000000	0.000077	benign_only	1	13
GCKR	2646	5	0	5	0.000000	0.000077	benign_only	1	2
GIGYF2	26058	5	2	3	0.400000	0.000077	mixed	1	2
GJB3	2707	5	0	5	0.000000	0.000077	benign_only	1	1
GLP2R	9340	5	0	5	0.000000	0.000077	benign_only	1	17
GM2A	2760	5	0	5	0.000000	0.000077	benign_only	1	5
GNAI1	2770	5	4	1	0.800000	0.000077	mixed	1	7
GNB5	10681	5	3	2	0.600000	0.000077	mixed	1	15
GNPTG	84572	5	1	4	0.200000	0.000077	mixed	1	16
GOLGA4	2803	5	0	5	0.000000	0.000077	benign_only	1	3
GOSR2	9570	5	1	4	0.200000	0.000077	mixed	1	17
GPIHBP1	338328	5	3	2	0.600000	0.000077	mixed	1	8
GPSM2	29899	5	0	5	0.000000	0.000077	benign_only	1	1
GPT	2875	5	0	5	0.000000	0.000077	benign_only	1	8
GRIA3	2892	5	2	3	0.400000	0.000077	mixed	1	X
GRIP1	23426	5	0	5	0.000000	0.000077	benign_only	1	12
GRM8	2918	5	0	5	0.000000	0.000077	benign_only	1	7
GRXCR1	389207	5	0	5	0.000000	0.000077	benign_only	1	4
GTSE1	51512	5	0	5	0.000000	0.000077	benign_only	1	22
GUCY2C	2984	5	0	5	0.000000	0.000077	benign_only	1	12
HACD1	9200	5	0	5	0.000000	0.000077	benign_only	1	10
HEATR4	399671	5	0	5	0.000000	0.000077	benign_only	1	14
HFM1	164045	5	0	5	0.000000	0.000077	benign_only	1	1
HINT1	3094	5	5	0	1.000000	0.000077	pathogenic_only	1	5
HLTF	6596	5	0	5	0.000000	0.000077	benign_only	1	3
HNRNPDL	9987	5	2	3	0.400000	0.000077	mixed	1	4
HOMER2	9455	5	0	5	0.000000	0.000077	benign_only	1	15
HPSE2	60495	5	0	5	0.000000	0.000077	benign_only	1	10
HPX	3263	5	0	5	0.000000	0.000077	benign_only	1	11
HS6ST1	9394	5	0	5	0.000000	0.000077	benign_only	1	2
HTRA2	27429	5	0	5	0.000000	0.000077	benign_only	1	2
HYAL1	3373	5	0	5	0.000000	0.000077	benign_only	1	3
IDH1	3417	5	2	3	0.400000	0.000077	mixed	1	2
IFNGR1	3459	5	1	4	0.200000	0.000077	mixed	1	6
IFNGR2	3460	5	1	4	0.200000	0.000077	mixed	1	21
IFT27	11020	5	1	4	0.200000	0.000077	mixed	1	22
IFT57	55081	5	0	5	0.000000	0.000077	benign_only	1	3
IFT80	57560	5	0	5	0.000000	0.000077	benign_only	1	3
IHH	3549	5	3	2	0.600000	0.000077	mixed	1	2
IL12B	3593	5	0	5	0.000000	0.000077	benign_only	1	5
IL32	9235	5	0	5	0.000000	0.000077	benign_only	1	16
INPP5B	3633	5	0	5	0.000000	0.000077	benign_only	1	1
INPP5K	51763	5	0	5	0.000000	0.000077	benign_only	1	17
INPPL1	3636	5	0	5	0.000000	0.000077	benign_only	1	11
INSRR	3645	5	0	5	0.000000	0.000077	benign_only	1	1
INTS1	26173	5	0	5	0.000000	0.000077	benign_only	1	7
ITGAM	3684	5	0	5	0.000000	0.000077	benign_only	1	16
ITPKB	3707	5	0	5	0.000000	0.000077	benign_only	1	1
ITSN2	50618	5	0	5	0.000000	0.000077	benign_only	1	2
JARID2	3720	5	0	5	0.000000	0.000077	benign_only	1	6
JUP	3728	5	0	5	0.000000	0.000077	benign_only	1	17
KCNH5	27133	5	3	2	0.600000	0.000077	mixed	1	14
KCTD17	79734	5	1	4	0.200000	0.000077	mixed	1	22
KDM2B	84678	5	2	3	0.400000	0.000077	mixed	1	12
KDM3B	51780	5	2	3	0.400000	0.000077	mixed	1	5
KIAA1217	56243	5	0	5	0.000000	0.000077	benign_only	1	10
KIF24	347240	5	0	5	0.000000	0.000077	benign_only	1	9
KISS1	3814	5	0	5	0.000000	0.000077	benign_only	1	1
KLHL3	26249	5	5	0	1.000000	0.000077	pathogenic_only	1	5
KMT5B	51111	5	0	5	0.000000	0.000077	benign_only	1	11
KRT3	3850	5	0	5	0.000000	0.000077	benign_only	1	12
KRT8	3856	5	0	5	0.000000	0.000077	benign_only	1	12
LGI1	9211	5	3	2	0.600000	0.000077	mixed	1	10
LIPT2	387787	5	1	4	0.200000	0.000077	mixed	1	11
LLGL2	3993	5	1	4	0.200000	0.000077	mixed	1	17
LOC101929270	101929270	5	5	0	1.000000	0.000077	pathogenic_only	1	9
LOC113839516	113839516	5	3	2	0.600000	0.000077	mixed	1	9
LOC114827827	114827827	5	0	5	0.000000	0.000077	benign_only	1	1
LOC126805916	126805916	5	2	3	0.400000	0.000077	mixed	1	1
LOC126806427	126806427	5	0	5	0.000000	0.000077	benign_only	1	2
LOC126806462	126806462	5	2	3	0.400000	0.000077	mixed	1	2
LOC126806590	126806590	5	5	0	1.000000	0.000077	pathogenic_only	1	3
LOC126806951	126806951	5	1	4	0.200000	0.000077	mixed	1	4
LOC126807136	126807136	5	0	5	0.000000	0.000077	benign_only	1	4
LOC126807254	126807254	5	0	5	0.000000	0.000077	benign_only	1	4
LOC126859961	126859961	5	0	5	0.000000	0.000077	benign_only	1	7
LOC126862361	126862361	5	5	0	1.000000	0.000077	pathogenic_only	1	16
LOC126862484	126862484	5	0	5	0.000000	0.000077	benign_only	1	17
LOC126862935	126862935	5	0	5	0.000000	0.000077	benign_only	1	19
LOC129935730	129935730	5	3	2	0.600000	0.000077	mixed	1	2
LOC129992137	129992137	5	0	5	0.000000	0.000077	benign_only	1	4
LOC129998021	129998021	5	5	0	1.000000	0.000077	pathogenic_only	1	7
LOC130006765	130006765	5	5	0	1.000000	0.000077	pathogenic_only	1	11
LOC130056217	130056217	5	5	0	1.000000	0.000077	pathogenic_only	1	14
LOC130057352	130057352	5	5	0	1.000000	0.000077	pathogenic_only	1	15
LOC130061900	130061900	5	5	0	1.000000	0.000077	pathogenic_only	1	17
LOC130067862	130067862	5	2	3	0.400000	0.000077	mixed	1	22
LOC130068854	130068854	5	4	1	0.800000	0.000077	mixed	1	X
LPIN1	23175	5	0	5	0.000000	0.000077	benign_only	1	2
LPP	4026	5	0	5	0.000000	0.000077	benign_only	1	3
LRP4-AS1	100507401	5	0	5	0.000000	0.000077	benign_only	1	11
LXN	56925	5	0	5	0.000000	0.000077	benign_only	1	3
LY75	4065	5	0	5	0.000000	0.000077	benign_only	1	2
LY75-CD302	100526664	5	0	5	0.000000	0.000077	benign_only	1	2
LZTFL1	54585	5	1	4	0.200000	0.000077	mixed	1	3
MACROD2	140733	5	0	5	0.000000	0.000077	benign_only	1	20
MAGEC1	9947	5	0	5	0.000000	0.000077	benign_only	1	X
MAN2B2	23324	5	0	5	0.000000	0.000077	benign_only	1	4
MAP2	4133	5	0	5	0.000000	0.000077	benign_only	1	2
MAP3K6	9064	5	0	5	0.000000	0.000077	benign_only	1	1
MAPT-AS1	100128977	5	0	5	0.000000	0.000077	benign_only	1	17
MARS1	4141	5	0	5	0.000000	0.000077	benign_only	1	12
MATN3	4148	5	2	3	0.400000	0.000077	mixed	1	2
MCM5	4174	5	0	5	0.000000	0.000077	benign_only	1	22
MDH2	4191	5	1	4	0.200000	0.000077	mixed	1	7
MECR	51102	5	2	3	0.400000	0.000077	mixed	1	1
MED25	81857	5	1	4	0.200000	0.000077	mixed	1	19
MEI1	150365	5	1	4	0.200000	0.000077	mixed	1	22
MESP2	145873	5	0	5	0.000000	0.000077	benign_only	1	15
MKS1	54903	5	2	3	0.400000	0.000077	mixed	1	17
MMP19	4327	5	0	5	0.000000	0.000077	benign_only	1	12
MRPS2	51116	5	1	4	0.200000	0.000077	mixed	1	9
MSTN	2660	5	0	5	0.000000	0.000077	benign_only	1	2
MSX1	4487	5	0	5	0.000000	0.000077	benign_only	1	4
MTCL1	23255	5	0	5	0.000000	0.000077	benign_only	1	18
MYLK2	85366	5	0	5	0.000000	0.000077	benign_only	1	20
MYO19	80179	5	0	5	0.000000	0.000077	benign_only	1	17
MYO1H	283446	5	0	5	0.000000	0.000077	benign_only	1	12
MYO5A	4644	5	0	5	0.000000	0.000077	benign_only	1	15
MYOF	26509	5	0	5	0.000000	0.000077	benign_only	1	10
MYORG	57462	5	0	5	0.000000	0.000077	benign_only	1	9
NCAPG2	54892	5	0	5	0.000000	0.000077	benign_only	1	7
NCKAP1L	3071	5	2	3	0.400000	0.000077	mixed	1	12
NCOA4	8031	5	0	5	0.000000	0.000077	benign_only	1	10
NEXN	91624	5	0	5	0.000000	0.000077	benign_only	1	1
NF2	4771	5	3	2	0.600000	0.000077	mixed	1	22
NFASC	23114	5	0	5	0.000000	0.000077	benign_only	1	1
NFE2L2	4780	5	0	5	0.000000	0.000077	benign_only	1	2
NFKB2	4791	5	1	4	0.200000	0.000077	mixed	1	10
NGF	4803	5	0	5	0.000000	0.000077	benign_only	1	1
NGF-AS1	112840934	5	0	5	0.000000	0.000077	benign_only	1	1
NOG	9241	5	3	2	0.600000	0.000077	mixed	1	17
NOS1	4842	5	0	5	0.000000	0.000077	benign_only	1	12
NPC2	10577	5	3	2	0.600000	0.000077	mixed	1	14
NPPA	4878	5	0	5	0.000000	0.000077	benign_only	1	1
NPPA-AS1	100379251	5	0	5	0.000000	0.000077	benign_only	1	1
NRXN1	9378	5	0	5	0.000000	0.000077	benign_only	1	2
NRXN2	9379	5	0	5	0.000000	0.000077	benign_only	1	11
NSD3	54904	5	0	5	0.000000	0.000077	benign_only	1	8
NSMCE3	56160	5	1	4	0.200000	0.000077	mixed	1	15
NSUN2	54888	5	0	5	0.000000	0.000077	benign_only	1	5
NTHL1	4913	5	1	4	0.200000	0.000077	mixed	1	16
NUP160	23279	5	0	5	0.000000	0.000077	benign_only	1	11
NUP93	9688	5	1	4	0.200000	0.000077	mixed	1	16
NUP98	4928	5	0	5	0.000000	0.000077	benign_only	1	11
NWD1	284434	5	0	5	0.000000	0.000077	benign_only	1	19
NYX	60506	5	1	4	0.200000	0.000077	mixed	1	X
OR10H1	26539	5	0	5	0.000000	0.000077	benign_only	1	19
OTOA	146183	5	0	5	0.000000	0.000077	benign_only	1	16
OVGP1	5016	5	0	5	0.000000	0.000077	benign_only	1	1
OXTR	5021	5	1	4	0.200000	0.000077	mixed	1	3
P2RY12	64805	5	1	4	0.200000	0.000077	mixed	1	3
P4HA2	8974	5	2	3	0.400000	0.000077	mixed	1	5
PAK1	5058	5	5	0	1.000000	0.000077	pathogenic_only	1	11
PALM2AKAP2	445815	5	0	5	0.000000	0.000077	benign_only	1	9
PANX1	24145	5	0	5	0.000000	0.000077	benign_only	1	11
PAPPA	5069	5	0	5	0.000000	0.000077	benign_only	1	9
PAPPA2	60676	5	0	5	0.000000	0.000077	benign_only	1	1
PBX1	5087	5	3	2	0.600000	0.000077	mixed	1	1
PDE10A	10846	5	4	1	0.800000	0.000077	mixed	1	6
PDE11A	50940	5	0	5	0.000000	0.000077	benign_only	1	2
PDGFB	5155	5	0	5	0.000000	0.000077	benign_only	1	22
PDZD2	23037	5	0	5	0.000000	0.000077	benign_only	1	5
PDZD9	255762	5	1	4	0.200000	0.000077	mixed	1	16
PEX14	5195	5	0	5	0.000000	0.000077	benign_only	1	1
PEX26	55670	5	4	1	0.800000	0.000077	mixed	1	22
PEX5	5830	5	2	3	0.400000	0.000077	mixed	1	12
PFAS	5198	5	2	3	0.400000	0.000077	mixed	1	17
PGAP2	27315	5	3	2	0.600000	0.000077	mixed	1	11
PHKA2-AS1	100132163	5	2	3	0.400000	0.000077	mixed	1	X
PHKG2	5261	5	5	0	1.000000	0.000077	pathogenic_only	1	16
PHLDB2	90102	5	0	5	0.000000	0.000077	benign_only	1	3
PI4KA	5297	5	2	3	0.400000	0.000077	mixed	1	22
PIDD1	55367	5	1	4	0.200000	0.000077	mixed	1	11
PIF1	80119	5	0	5	0.000000	0.000077	benign_only	1	15
PIGS	94005	5	0	5	0.000000	0.000077	benign_only	1	17
PIGW	284098	5	0	5	0.000000	0.000077	benign_only	1	17
PIK3CG	5294	5	0	5	0.000000	0.000077	benign_only	1	7
PLD2	5338	5	0	5	0.000000	0.000077	benign_only	1	17
PLEKHG3	26030	5	0	5	0.000000	0.000077	benign_only	1	14
PLOD2	5352	5	0	5	0.000000	0.000077	benign_only	1	3
PLVAP	83483	5	0	5	0.000000	0.000077	benign_only	1	19
PLXNA4	91584	5	0	5	0.000000	0.000077	benign_only	1	7
PMP2	5375	5	2	3	0.400000	0.000077	mixed	1	8
POC1A	25886	5	2	3	0.400000	0.000077	mixed	1	3
POC1B	282809	5	1	4	0.200000	0.000077	mixed	1	12
POF1B	79983	5	0	5	0.000000	0.000077	benign_only	1	X
POLK	51426	5	0	5	0.000000	0.000077	benign_only	1	5
POLR2A	5430	5	4	1	0.800000	0.000077	mixed	1	17
POMK	84197	5	0	5	0.000000	0.000077	benign_only	1	8
POU3F3	5455	5	4	1	0.800000	0.000077	mixed	1	2
PREX1	57580	5	0	5	0.000000	0.000077	benign_only	1	20
PRH1	5554	5	0	5	0.000000	0.000077	benign_only	1	12
PRH1-PRR4	100533464	5	0	5	0.000000	0.000077	benign_only	1	12
PRICKLE1	144165	5	1	4	0.200000	0.000077	mixed	1	12
PRKG1	5592	5	1	4	0.200000	0.000077	mixed	1	10
PROKR2	128674	5	2	3	0.400000	0.000077	mixed	1	20
PTCHD3	374308	5	0	5	0.000000	0.000077	benign_only	1	10
PTPN13	5783	5	0	5	0.000000	0.000077	benign_only	1	4
PUS1	80324	5	1	4	0.200000	0.000077	mixed	1	12
QRSL1	55278	5	1	4	0.200000	0.000077	mixed	1	6
RAPGEF3	10411	5	0	5	0.000000	0.000077	benign_only	1	12
RARB	5915	5	5	0	1.000000	0.000077	pathogenic_only	1	3
RASA2	5922	5	0	5	0.000000	0.000077	benign_only	1	3
RCBTB1	55213	5	1	4	0.200000	0.000077	mixed	1	13
RECQL5	9400	5	0	5	0.000000	0.000077	benign_only	1	17
RFX5	5993	5	0	5	0.000000	0.000077	benign_only	1	1
RNF125	54941	5	0	5	0.000000	0.000077	benign_only	1	18
RSPH1	89765	5	0	5	0.000000	0.000077	benign_only	1	21
SARDH	1757	5	0	5	0.000000	0.000077	benign_only	1	9
SATB1	6304	5	3	2	0.600000	0.000077	mixed	1	3
SCARB1	949	5	0	5	0.000000	0.000077	benign_only	1	12
SDHAF2	54949	5	1	4	0.200000	0.000077	mixed	1	11
SEC16B	89866	5	0	5	0.000000	0.000077	benign_only	1	1
SEMA3A	10371	5	0	5	0.000000	0.000077	benign_only	1	7
SERPINF1	5176	5	0	5	0.000000	0.000077	benign_only	1	17
SEZ6	124925	5	0	5	0.000000	0.000077	benign_only	1	17
SFTPA2	729238	5	0	5	0.000000	0.000077	benign_only	1	10
SFTPD	6441	5	0	5	0.000000	0.000077	benign_only	1	10
SHANK1	50944	5	0	5	0.000000	0.000077	benign_only	1	19
SHOX	6473	5	4	1	0.800000	0.000077	mixed	1	X
SIGLEC11	114132	5	0	5	0.000000	0.000077	benign_only	1	19
SLC10A7	84068	5	0	5	0.000000	0.000077	benign_only	1	4
SLC12A6	9990	5	4	1	0.800000	0.000077	mixed	1	15
SLC1A4	6509	5	2	3	0.400000	0.000077	mixed	1	2
SLC24A4	123041	5	0	5	0.000000	0.000077	benign_only	1	14
SLC25A1	6576	5	3	2	0.600000	0.000077	mixed	1	22
SLC25A21	89874	5	0	5	0.000000	0.000077	benign_only	1	14
SLC26A5-AS1	101927870	5	0	5	0.000000	0.000077	benign_only	1	7
SLC33A1	9197	5	0	5	0.000000	0.000077	benign_only	1	3
SLC39A5	283375	5	0	5	0.000000	0.000077	benign_only	1	12
SLC5A6	8884	5	1	4	0.200000	0.000077	mixed	1	2
SLC7A14-AS1	101928583	5	0	5	0.000000	0.000077	benign_only	1	3
SMO	6608	5	0	5	0.000000	0.000077	benign_only	1	7
SMOC1	64093	5	0	5	0.000000	0.000077	benign_only	1	14
SNAP29	9342	5	1	4	0.200000	0.000077	mixed	1	22
SNCAIP-AS3	153163	5	0	5	0.000000	0.000077	benign_only	1	5
SNHG22	103091864	5	0	5	0.000000	0.000077	benign_only	1	18
SNX19	399979	5	0	5	0.000000	0.000077	benign_only	1	11
SOX17	64321	5	1	4	0.200000	0.000077	mixed	1	8
SOX6	55553	5	1	4	0.200000	0.000077	mixed	1	11
SPAG17	200162	5	0	5	0.000000	0.000077	benign_only	1	1
SPPL2C	162540	5	0	5	0.000000	0.000077	benign_only	1	17
SRP72	6731	5	0	5	0.000000	0.000077	benign_only	1	4
SSTR5	6755	5	0	5	0.000000	0.000077	benign_only	1	16
ST3GAL5	8869	5	3	2	0.600000	0.000077	mixed	1	2
STAB1	23166	5	0	5	0.000000	0.000077	benign_only	1	3
STEAP3	55240	5	0	5	0.000000	0.000077	benign_only	1	2
STX11	8676	5	1	4	0.200000	0.000077	mixed	1	6
SULT2B1	6820	5	0	5	0.000000	0.000077	benign_only	1	19
TAF10	6881	5	0	5	0.000000	0.000077	benign_only	1	11
TAOK2	9344	5	0	5	0.000000	0.000077	benign_only	1	16
TAPT1	202018	5	0	5	0.000000	0.000077	benign_only	1	4
TBX3	6926	5	0	5	0.000000	0.000077	benign_only	1	12
TBXA2R	6915	5	0	5	0.000000	0.000077	benign_only	1	19
TCF4-AS1	105372127	5	0	5	0.000000	0.000077	benign_only	1	18
TFE3	7030	5	2	3	0.400000	0.000077	mixed	1	X
TGFBR3	7049	5	0	5	0.000000	0.000077	benign_only	1	1
TGIF1	7050	5	1	4	0.200000	0.000077	mixed	1	18
THAP1	55145	5	4	1	0.800000	0.000077	mixed	1	8
THSD4	79875	5	0	5	0.000000	0.000077	benign_only	1	15
TIMMDC1	51300	5	1	4	0.200000	0.000077	mixed	1	3
TLR1	7096	5	0	5	0.000000	0.000077	benign_only	1	4
TMEM240	339453	5	1	4	0.200000	0.000077	mixed	1	1
TMEM63A	9725	5	2	3	0.400000	0.000077	mixed	1	1
TMTC3	160418	5	0	5	0.000000	0.000077	benign_only	1	12
TMX2-CTNND1	100528016	5	0	5	0.000000	0.000077	benign_only	1	11
TNRC6A	27327	5	0	5	0.000000	0.000077	benign_only	1	16
TNS2	23371	5	0	5	0.000000	0.000077	benign_only	1	12
TOE1	114034	5	0	5	0.000000	0.000077	benign_only	1	1
TONSL-AS1	100287098	5	1	4	0.200000	0.000077	mixed	1	8
TOR1AIP1	26092	5	0	5	0.000000	0.000077	benign_only	1	1
TP53RK	112858	5	0	5	0.000000	0.000077	benign_only	1	20
TRAPPC2L	51693	5	2	3	0.400000	0.000077	mixed	1	16
TRIM59-IFT80	100174949	5	0	5	0.000000	0.000077	benign_only	1	3
TRIP12	9320	5	1	4	0.200000	0.000077	mixed	1	2
TRMT5	57570	5	0	5	0.000000	0.000077	benign_only	1	14
TRPM3	80036	5	4	1	0.800000	0.000077	mixed	1	9
TRPV6	55503	5	1	4	0.200000	0.000077	mixed	1	7
TSPYL6	388951	5	0	5	0.000000	0.000077	benign_only	1	2
TYRP1	7306	5	1	4	0.200000	0.000077	mixed	1	9
UBE3B	89910	5	1	4	0.200000	0.000077	mixed	1	12
UBR4	23352	5	0	5	0.000000	0.000077	benign_only	1	1
UCP2	7351	5	0	5	0.000000	0.000077	benign_only	1	11
UGGT1	56886	5	0	5	0.000000	0.000077	benign_only	1	2
UNC45A	55898	5	0	5	0.000000	0.000077	benign_only	1	15
UPK3A	7380	5	0	5	0.000000	0.000077	benign_only	1	22
UQCRC2	7385	5	1	4	0.200000	0.000077	mixed	1	16
USH1G	124590	5	1	4	0.200000	0.000077	mixed	1	17
USP18	11274	5	0	5	0.000000	0.000077	benign_only	1	22
USP36	57602	5	0	5	0.000000	0.000077	benign_only	1	17
USP53	54532	5	0	5	0.000000	0.000077	benign_only	1	4
UTP20	27340	5	0	5	0.000000	0.000077	benign_only	1	12
UTRN	7402	5	0	5	0.000000	0.000077	benign_only	1	6
VAPB	9217	5	1	4	0.200000	0.000077	mixed	1	20
VARS1	7407	5	3	2	0.600000	0.000077	mixed	1	6
VDR	7421	5	5	0	1.000000	0.000077	pathogenic_only	1	12
VEGFC	7424	5	0	5	0.000000	0.000077	benign_only	1	4
VLDLR	7436	5	0	5	0.000000	0.000077	benign_only	1	9
VPS33A	65082	5	0	5	0.000000	0.000077	benign_only	1	12
VRK1	7443	5	5	0	1.000000	0.000077	pathogenic_only	1	14
VSX2	338917	5	4	1	0.800000	0.000077	mixed	1	14
WDHD1	11169	5	0	5	0.000000	0.000077	benign_only	1	14
WDR73	84942	5	1	4	0.200000	0.000077	mixed	1	15
WNT9B	7484	5	0	5	0.000000	0.000077	benign_only	1	17
WRAP53	55135	5	0	5	0.000000	0.000077	benign_only	1	17
YY1	7528	5	4	1	0.800000	0.000077	mixed	1	14
ZBTB25	7597	5	0	5	0.000000	0.000077	benign_only	1	14
ZFHX3	463	5	0	5	0.000000	0.000077	benign_only	1	16
ZNF141	7700	5	0	5	0.000000	0.000077	benign_only	1	4
ZNF408	79797	5	2	3	0.400000	0.000077	mixed	1	11
ZNF423	23090	5	0	5	0.000000	0.000077	benign_only	1	16
ZNF687	57592	5	0	5	0.000000	0.000077	benign_only	1	1
ZNF750	79755	5	0	5	0.000000	0.000077	benign_only	1	17
ABCC3	8714	4	0	4	0.000000	0.000061	benign_only	1	17
ABHD5	51099	4	1	3	0.250000	0.000061	mixed	1	3
ABR	29	4	0	4	0.000000	0.000061	benign_only	1	17
ACOT1	641371	4	0	4	0.000000	0.000061	benign_only	1	14
ACOT11	26027	4	0	4	0.000000	0.000061	benign_only	1	1
ACVR2B	93	4	1	3	0.250000	0.000061	mixed	1	3
ADAM33	80332	4	0	4	0.000000	0.000061	benign_only	1	20
ADAM8	101	4	0	4	0.000000	0.000061	benign_only	1	10
ADAM9	8754	4	0	4	0.000000	0.000061	benign_only	1	8
ADAMTS1	9510	4	0	4	0.000000	0.000061	benign_only	1	21
ADAMTS5	11096	4	0	4	0.000000	0.000061	benign_only	1	21
ADCY1	107	4	0	4	0.000000	0.000061	benign_only	1	7
ADD3	120	4	1	3	0.250000	0.000061	mixed	1	10
AFF3	3899	4	2	2	0.500000	0.000061	mixed	1	2
AFG2B	79029	4	4	0	1.000000	0.000061	pathogenic_only	1	15
AGBL3	340351	4	0	4	0.000000	0.000061	benign_only	1	7
AGPAT2	10555	4	1	3	0.250000	0.000061	mixed	1	9
AHSG	197	4	0	4	0.000000	0.000061	benign_only	1	3
AK7	122481	4	0	4	0.000000	0.000061	benign_only	1	14
AKT3	10000	4	3	1	0.750000	0.000061	mixed	1	1
ALDH1A3-AS1	101927751	4	2	2	0.500000	0.000061	mixed	1	15
ALDH2	217	4	0	4	0.000000	0.000061	benign_only	1	12
ALOX12	239	4	0	4	0.000000	0.000061	benign_only	1	17
ALOX12-AS1	100506713	4	0	4	0.000000	0.000061	benign_only	1	17
ALPP	250	4	0	4	0.000000	0.000061	benign_only	1	2
ALX1	8092	4	0	4	0.000000	0.000061	benign_only	1	12
AMBN	258	4	0	4	0.000000	0.000061	benign_only	1	4
AMHR2	269	4	3	1	0.750000	0.000061	mixed	1	12
AMPD2	271	4	2	2	0.500000	0.000061	mixed	1	1
AMPD3	272	4	0	4	0.000000	0.000061	benign_only	1	11
ANGPT2	285	4	0	4	0.000000	0.000061	benign_only	1	8
ANKK1	255239	4	0	4	0.000000	0.000061	benign_only	1	11
ANKLE1	126549	4	0	4	0.000000	0.000061	benign_only	1	19
AP1S3	130340	4	0	4	0.000000	0.000061	benign_only	1	2
APOA1	335	4	3	1	0.750000	0.000061	mixed	1	11
APOBEC3F	200316	4	0	4	0.000000	0.000061	benign_only	1	22
ARF1	375	4	4	0	1.000000	0.000061	pathogenic_only	1	1
ARHGAP32	9743	4	0	4	0.000000	0.000061	benign_only	1	11
ARHGEF1	9138	4	0	4	0.000000	0.000061	benign_only	1	19
ARSH	347527	4	0	4	0.000000	0.000061	benign_only	1	X
ARV1	64801	4	0	4	0.000000	0.000061	benign_only	1	1
ATP11A	23250	4	0	4	0.000000	0.000061	benign_only	1	13
ATP2B3	492	4	1	3	0.250000	0.000061	mixed	1	X
ATP2C1	27032	4	1	3	0.250000	0.000061	mixed	1	3
ATP4A	495	4	0	4	0.000000	0.000061	benign_only	1	19
B3GALNT2	148789	4	1	3	0.250000	0.000061	mixed	1	1
B4GALT7	11285	4	3	1	0.750000	0.000061	mixed	1	5
BCL9L	283149	4	0	4	0.000000	0.000061	benign_only	1	11
BCO1	53630	4	0	4	0.000000	0.000061	benign_only	1	16
BEND2	139105	4	0	4	0.000000	0.000061	benign_only	1	X
BGN	633	4	0	4	0.000000	0.000061	benign_only	1	X
BICRA	29998	4	0	4	0.000000	0.000061	benign_only	1	19
BMP15	9210	4	0	4	0.000000	0.000061	benign_only	1	X
BMP2	650	4	0	4	0.000000	0.000061	benign_only	1	20
BTRC	8945	4	0	4	0.000000	0.000061	benign_only	1	10
C12orf43	64897	4	1	3	0.250000	0.000061	mixed	1	12
C1QBP	708	4	1	3	0.250000	0.000061	mixed	1	17
C1QC	714	4	1	3	0.250000	0.000061	mixed	1	1
CACNG2-DT	105373021	4	0	4	0.000000	0.000061	benign_only	1	22
CADPS2	93664	4	0	4	0.000000	0.000061	benign_only	1	7
CALM1	801	4	4	0	1.000000	0.000061	pathogenic_only	1	14
CALR3	125972	4	0	4	0.000000	0.000061	benign_only	1	19
CARD6	84674	4	0	4	0.000000	0.000061	benign_only	1	5
CAVIN4	347273	4	0	4	0.000000	0.000061	benign_only	1	9
CCBE1	147372	4	0	4	0.000000	0.000061	benign_only	1	18
CCDC136	64753	4	0	4	0.000000	0.000061	benign_only	1	7
CCDC174	51244	4	0	4	0.000000	0.000061	benign_only	1	3
CCNF	899	4	1	3	0.250000	0.000061	mixed	1	16
CCNO	10309	4	0	4	0.000000	0.000061	benign_only	1	5
CCP110	9738	4	0	4	0.000000	0.000061	benign_only	1	16
CD164	8763	4	0	4	0.000000	0.000061	benign_only	1	6
CD320	51293	4	0	4	0.000000	0.000061	benign_only	1	19
CD4	920	4	0	4	0.000000	0.000061	benign_only	1	12
CD44	960	4	0	4	0.000000	0.000061	benign_only	1	11
CD63	967	4	4	0	1.000000	0.000061	pathogenic_only	1	12
CDC45	8318	4	1	3	0.250000	0.000061	mixed	1	22
CDKN1B	1027	4	0	4	0.000000	0.000061	benign_only	1	12
CECR2	27443	4	0	4	0.000000	0.000061	benign_only	1	22
CEP192	55125	4	0	4	0.000000	0.000061	benign_only	1	18
CEP350	9857	4	0	4	0.000000	0.000061	benign_only	1	1
CEP57	9702	4	0	4	0.000000	0.000061	benign_only	1	11
CFAP65	255101	4	0	4	0.000000	0.000061	benign_only	1	2
CFAP92	57501	4	3	1	0.750000	0.000061	mixed	1	3
CFC1	55997	4	0	4	0.000000	0.000061	benign_only	1	2
CFD	1675	4	2	2	0.500000	0.000061	mixed	1	19
CHD4-AS1	139355233	4	1	3	0.250000	0.000061	mixed	1	12
CHD6	84181	4	0	4	0.000000	0.000061	benign_only	1	20
CHIA	27159	4	0	4	0.000000	0.000061	benign_only	1	1
CHRNB1	1140	4	2	2	0.500000	0.000061	mixed	1	17
CHTF18	63922	4	0	4	0.000000	0.000061	benign_only	1	16
CIDEC	63924	4	0	4	0.000000	0.000061	benign_only	1	3
CLCN6	1185	4	1	3	0.250000	0.000061	mixed	1	1
CLEC16A	23274	4	0	4	0.000000	0.000061	benign_only	1	16
CLIC6	54102	4	0	4	0.000000	0.000061	benign_only	1	21
CNGA1	1259	4	3	1	0.750000	0.000061	mixed	1	4
CNTN3	5067	4	0	4	0.000000	0.000061	benign_only	1	3
CNTN6	27255	4	0	4	0.000000	0.000061	benign_only	1	3
COA6	388753	4	0	4	0.000000	0.000061	benign_only	1	1
COBL	23242	4	0	4	0.000000	0.000061	benign_only	1	7
COG7	91949	4	1	3	0.250000	0.000061	mixed	1	16
COL24A1	255631	4	0	4	0.000000	0.000061	benign_only	1	1
COQ7	10229	4	0	4	0.000000	0.000061	benign_only	1	16
CORIN	10699	4	0	4	0.000000	0.000061	benign_only	1	4
COX15	1355	4	1	3	0.250000	0.000061	mixed	1	10
CPA6	57094	4	0	4	0.000000	0.000061	benign_only	1	8
CPQ	10404	4	0	4	0.000000	0.000061	benign_only	1	8
CPT1C	126129	4	0	4	0.000000	0.000061	benign_only	1	19
CREB3L3	84699	4	0	4	0.000000	0.000061	benign_only	1	19
CRISPLD2	83716	4	0	4	0.000000	0.000061	benign_only	1	16
CRTAM	56253	4	0	4	0.000000	0.000061	benign_only	1	11
CRYBA1	1411	4	0	4	0.000000	0.000061	benign_only	1	17
CRYBB1	1414	4	1	3	0.250000	0.000061	mixed	1	22
CRYGD	1421	4	2	2	0.500000	0.000061	mixed	1	2
CST3	1471	4	0	4	0.000000	0.000061	benign_only	1	20
CTBP1-AS	285463	4	1	3	0.250000	0.000061	mixed	1	4
CTNND1	1500	4	0	4	0.000000	0.000061	benign_only	1	11
CXCR2	3579	4	0	4	0.000000	0.000061	benign_only	1	2
CYFIP1	23191	4	0	4	0.000000	0.000061	benign_only	1	15
CYP2D6	1565	4	0	4	0.000000	0.000061	benign_only	1	22
DCN	1634	4	0	4	0.000000	0.000061	benign_only	1	12
DDX41	51428	4	2	2	0.500000	0.000061	mixed	1	5
DEF6	50619	4	0	4	0.000000	0.000061	benign_only	1	6
DGKK	139189	4	0	4	0.000000	0.000061	benign_only	1	X
DIS3L2	129563	4	0	4	0.000000	0.000061	benign_only	1	2
DISP3	57540	4	0	4	0.000000	0.000061	benign_only	1	1
DMAC2L	27109	4	1	3	0.250000	0.000061	mixed	1	14
DNAJC21	134218	4	0	4	0.000000	0.000061	benign_only	1	5
DOLK	22845	4	1	3	0.250000	0.000061	mixed	1	9
DPM1	8813	4	4	0	1.000000	0.000061	pathogenic_only	1	20
DPP9	91039	4	0	4	0.000000	0.000061	benign_only	1	19
DSC3	1825	4	0	4	0.000000	0.000061	benign_only	1	18
DSCAM	1826	4	0	4	0.000000	0.000061	benign_only	1	21
DSCAML1	57453	4	0	4	0.000000	0.000061	benign_only	1	11
DSCAS	101927698	4	0	4	0.000000	0.000061	benign_only	1	18
DSTYK	25778	4	0	4	0.000000	0.000061	benign_only	1	1
DTNA	1837	4	0	4	0.000000	0.000061	benign_only	1	18
ECE1	1889	4	0	4	0.000000	0.000061	benign_only	1	1
EML1	2009	4	0	4	0.000000	0.000061	benign_only	1	14
EOGT	285203	4	0	4	0.000000	0.000061	benign_only	1	3
EPB41L1	2036	4	0	4	0.000000	0.000061	benign_only	1	20
EPX	8288	4	0	4	0.000000	0.000061	benign_only	1	17
ERCC1	2067	4	0	4	0.000000	0.000061	benign_only	1	19
ESR2	2100	4	0	4	0.000000	0.000061	benign_only	1	14
ESRRB	2103	4	0	4	0.000000	0.000061	benign_only	1	14
EXO1	9156	4	0	4	0.000000	0.000061	benign_only	1	1
EXTL3	2137	4	1	3	0.250000	0.000061	mixed	1	8
EYA4	2070	4	1	3	0.250000	0.000061	mixed	1	6
FAM151A	338094	4	0	4	0.000000	0.000061	benign_only	1	1
FANCF	2188	4	1	3	0.250000	0.000061	mixed	1	11
FAR1	84188	4	3	1	0.750000	0.000061	mixed	1	11
FASTKD2	22868	4	0	4	0.000000	0.000061	benign_only	1	2
FBXW11	23291	4	4	0	1.000000	0.000061	pathogenic_only	1	5
FBXW4	6468	4	0	4	0.000000	0.000061	benign_only	1	10
FBXW7	55294	4	2	2	0.500000	0.000061	mixed	1	4
FCGR3A	2214	4	0	4	0.000000	0.000061	benign_only	1	1
FCRL5	83416	4	0	4	0.000000	0.000061	benign_only	1	1
FERMT3	83706	4	0	4	0.000000	0.000061	benign_only	1	11
FGB	2244	4	1	3	0.250000	0.000061	mixed	1	4
FGF14	2259	4	0	4	0.000000	0.000061	benign_only	1	13
FHDC1	85462	4	0	4	0.000000	0.000061	benign_only	1	4
FKBP10	60681	4	2	2	0.500000	0.000061	mixed	1	17
FLNB-AS1	105377105	4	0	4	0.000000	0.000061	benign_only	1	3
FLRT3	23767	4	0	4	0.000000	0.000061	benign_only	1	20
FLT1	2321	4	0	4	0.000000	0.000061	benign_only	1	13
FOXK2	3607	4	0	4	0.000000	0.000061	benign_only	1	17
FOXM1	2305	4	0	4	0.000000	0.000061	benign_only	1	12
FOXP2	93986	4	1	3	0.250000	0.000061	mixed	1	7
FRY	10129	4	0	4	0.000000	0.000061	benign_only	1	13
GABRA5	2558	4	2	2	0.500000	0.000061	mixed	1	15
GAD2	2572	4	0	4	0.000000	0.000061	benign_only	1	10
GAK	2580	4	0	4	0.000000	0.000061	benign_only	1	4
GALNTL5	168391	4	0	4	0.000000	0.000061	benign_only	1	7
GBF1	8729	4	0	4	0.000000	0.000061	benign_only	1	10
GDF3	9573	4	0	4	0.000000	0.000061	benign_only	1	12
GFPT1	2673	4	4	0	1.000000	0.000061	pathogenic_only	1	2
GMNN	51053	4	0	4	0.000000	0.000061	benign_only	1	6
GNA11	2767	4	3	1	0.750000	0.000061	mixed	1	19
GNAI3	2773	4	3	1	0.750000	0.000061	mixed	1	1
GNAQ	2776	4	4	0	1.000000	0.000061	pathogenic_only	1	9
GPX4	2879	4	1	3	0.250000	0.000061	mixed	1	19
GREB1	9687	4	0	4	0.000000	0.000061	benign_only	1	2
GRIA2	2891	4	4	0	1.000000	0.000061	pathogenic_only	1	4
GRIK4	2900	4	0	4	0.000000	0.000061	benign_only	1	11
GRIN3B	116444	4	0	4	0.000000	0.000061	benign_only	1	19
GRM7	2917	4	0	4	0.000000	0.000061	benign_only	1	3
GSTM5	2949	4	0	4	0.000000	0.000061	benign_only	1	1
GUCA1B	2979	4	1	3	0.250000	0.000061	mixed	1	6
GUCY2F	2986	4	0	4	0.000000	0.000061	benign_only	1	X
H3-3B	3021	4	4	0	1.000000	0.000061	pathogenic_only	1	17
HEATR1	55127	4	0	4	0.000000	0.000061	benign_only	1	1
HELB	92797	4	0	4	0.000000	0.000061	benign_only	1	12
HELLS	3070	4	0	4	0.000000	0.000061	benign_only	1	10
HELZ2	85441	4	0	4	0.000000	0.000061	benign_only	1	20
HERC6	55008	4	0	4	0.000000	0.000061	benign_only	1	4
HIP1	3092	4	0	4	0.000000	0.000061	benign_only	1	7
HIVEP3	59269	4	0	4	0.000000	0.000061	benign_only	1	1
HNRNPH2	3188	4	4	0	1.000000	0.000061	pathogenic_only	1	X
HNRNPK	3190	4	3	1	0.750000	0.000061	mixed	1	9
HOXD13	3239	4	1	3	0.250000	0.000061	mixed	1	2
HPDL	84842	4	4	0	1.000000	0.000061	pathogenic_only	1	1
HPS6	79803	4	1	3	0.250000	0.000061	mixed	1	10
HSD11B2	3291	4	2	2	0.500000	0.000061	mixed	1	16
HSD17B13	345275	4	0	4	0.000000	0.000061	benign_only	1	4
HSD17B2	3294	4	0	4	0.000000	0.000061	benign_only	1	16
HSF4	3299	4	0	4	0.000000	0.000061	benign_only	1	16
HTR2B	3357	4	0	4	0.000000	0.000061	benign_only	1	2
IAH1	285148	4	0	4	0.000000	0.000061	benign_only	1	2
ICOSLG	23308	4	0	4	0.000000	0.000061	benign_only	1	21
IDH2	3418	4	1	3	0.250000	0.000061	mixed	1	15
IFNA2	3440	4	0	4	0.000000	0.000061	benign_only	1	9
IFNAR1	3454	4	0	4	0.000000	0.000061	benign_only	1	21
IL10RB	3588	4	0	4	0.000000	0.000061	benign_only	1	21
IL4I1	259307	4	0	4	0.000000	0.000061	benign_only	1	19
ILK	3611	4	0	4	0.000000	0.000061	benign_only	1	11
INTU	27152	4	0	4	0.000000	0.000061	benign_only	1	4
IQCB1	9657	4	0	4	0.000000	0.000061	benign_only	1	3
IQGAP2	10788	4	0	4	0.000000	0.000061	benign_only	1	5
IRAG1	10335	4	0	4	0.000000	0.000061	benign_only	1	11
IREB2	3658	4	0	4	0.000000	0.000061	benign_only	1	15
IRF2BP2	359948	4	0	4	0.000000	0.000061	benign_only	1	1
ISCU	23479	4	0	4	0.000000	0.000061	benign_only	1	12
ITPR2	3709	4	0	4	0.000000	0.000061	benign_only	1	12
ITPR3	3710	4	1	3	0.250000	0.000061	mixed	1	6
JPH3	57338	4	0	4	0.000000	0.000061	benign_only	1	16
KCNJ10	3766	4	3	1	0.750000	0.000061	mixed	1	1
KCNJ8-AS1	105369689	4	1	3	0.250000	0.000061	mixed	1	12
KCNMA1-AS1	101929328	4	3	1	0.750000	0.000061	mixed	1	10
KIAA0232	9778	4	0	4	0.000000	0.000061	benign_only	1	4
KIF27	55582	4	0	4	0.000000	0.000061	benign_only	1	9
KIFBP	26128	4	0	4	0.000000	0.000061	benign_only	1	10
KIRREL2	84063	4	1	3	0.250000	0.000061	mixed	1	19
KISS1R	84634	4	1	3	0.250000	0.000061	mixed	1	19
KLLN	100144748	4	0	4	0.000000	0.000061	benign_only	1	10
KLRC3	3823	4	0	4	0.000000	0.000061	benign_only	1	12
KLRG1	10219	4	0	4	0.000000	0.000061	benign_only	1	12
KRT7	3855	4	0	4	0.000000	0.000061	benign_only	1	12
KRT78	196374	4	0	4	0.000000	0.000061	benign_only	1	12
KRT81	3887	4	0	4	0.000000	0.000061	benign_only	1	12
KSR2	283455	4	0	4	0.000000	0.000061	benign_only	1	12
KYAT1-SPOUT1	127739546	4	1	3	0.250000	0.000061	mixed	1	9
LARS2-AS1	100885795	4	4	0	1.000000	0.000061	pathogenic_only	1	3
LCK	3932	4	0	4	0.000000	0.000061	benign_only	1	1
LDLRAD2	401944	4	0	4	0.000000	0.000061	benign_only	1	1
LDLRAP1	26119	4	2	2	0.500000	0.000061	mixed	1	1
LGR5	8549	4	0	4	0.000000	0.000061	benign_only	1	12
LIAS	11019	4	0	4	0.000000	0.000061	benign_only	1	4
LIPC	3990	4	0	4	0.000000	0.000061	benign_only	1	15
LIPG	9388	4	0	4	0.000000	0.000061	benign_only	1	18
LIPH	200879	4	2	2	0.500000	0.000061	mixed	1	3
LIPT1	51601	4	2	2	0.500000	0.000061	mixed	1	2
LMAN1	3998	4	0	4	0.000000	0.000061	benign_only	1	18
LNCROPM	139225793	4	0	4	0.000000	0.000061	benign_only	1	11
LOC101927157	101927157	4	3	1	0.750000	0.000061	mixed	1	4
LOC101928525	101928525	4	1	3	0.250000	0.000061	mixed	1	9
LOC101929710	101929710	4	0	4	0.000000	0.000061	benign_only	1	5
LOC106029240	106029240	4	0	4	0.000000	0.000061	benign_only	1	X
LOC106029312	106029312	4	1	3	0.250000	0.000061	mixed	1	7
LOC108021846	108021846	4	2	2	0.500000	0.000061	mixed	1	17
LOC108281134	108281134	4	0	4	0.000000	0.000061	benign_only	1	X
LOC114827851	114827851	4	0	4	0.000000	0.000061	benign_only	1	14
LOC122152296	122152296	4	2	2	0.500000	0.000061	mixed	1	1
LOC122889014	122889014	4	0	4	0.000000	0.000061	benign_only	1	2
LOC126805794	126805794	4	3	1	0.750000	0.000061	mixed	1	1
LOC126805877	126805877	4	4	0	1.000000	0.000061	pathogenic_only	1	1
LOC126806400	126806400	4	4	0	1.000000	0.000061	pathogenic_only	1	2
LOC126806422	126806422	4	0	4	0.000000	0.000061	benign_only	1	2
LOC126807323	126807323	4	0	4	0.000000	0.000061	benign_only	1	5
LOC126807501	126807501	4	0	4	0.000000	0.000061	benign_only	1	5
LOC126859565	126859565	4	3	1	0.750000	0.000061	mixed	1	6
LOC126860403	126860403	4	1	3	0.250000	0.000061	mixed	1	8
LOC126860736	126860736	4	0	4	0.000000	0.000061	benign_only	1	9
LOC126860777	126860777	4	0	4	0.000000	0.000061	benign_only	1	9
LOC126861012	126861012	4	0	4	0.000000	0.000061	benign_only	1	10
LOC126861339	126861339	4	4	0	1.000000	0.000061	pathogenic_only	1	11
LOC126862447	126862447	4	1	3	0.250000	0.000061	mixed	1	16
LOC126862485	126862485	4	0	4	0.000000	0.000061	benign_only	1	17
LOC126863275	126863275	4	2	2	0.500000	0.000061	mixed	1	X
LOC129935183	129935183	4	0	4	0.000000	0.000061	benign_only	1	2
LOC129992304	129992304	4	4	0	1.000000	0.000061	pathogenic_only	1	4
LOC129992585	129992585	4	4	0	1.000000	0.000061	pathogenic_only	1	4
LOC129998796	129998796	4	4	0	1.000000	0.000061	pathogenic_only	1	7
LOC130003177	130003177	4	0	4	0.000000	0.000061	benign_only	1	10
LOC130003454	130003454	4	0	4	0.000000	0.000061	benign_only	1	10
LOC130005368	130005368	4	4	0	1.000000	0.000061	pathogenic_only	1	11
LOC130057889	130057889	4	0	4	0.000000	0.000061	benign_only	1	15
LOC130059394	130059394	4	4	0	1.000000	0.000061	pathogenic_only	1	16
LOC130059818	130059818	4	4	0	1.000000	0.000061	pathogenic_only	1	16
LOC130061043	130061043	4	4	0	1.000000	0.000061	pathogenic_only	1	17
LOC130065345	130065345	4	0	4	0.000000	0.000061	benign_only	1	20
LORICRIN	4014	4	0	4	0.000000	0.000061	benign_only	1	1
LPAR6	10161	4	3	1	0.750000	0.000061	mixed	1	13
LRP6	4040	4	0	4	0.000000	0.000061	benign_only	1	12
LRPAP1	4043	4	0	4	0.000000	0.000061	benign_only	1	4
LRRC2	79442	4	0	4	0.000000	0.000061	benign_only	1	3
MALT1	10892	4	0	4	0.000000	0.000061	benign_only	1	18
MARS2	92935	4	0	4	0.000000	0.000061	benign_only	1	2
MATN4	8785	4	0	4	0.000000	0.000061	benign_only	1	20
MATR3	9782	4	1	3	0.250000	0.000061	mixed	1	5
MCM9	254394	4	0	4	0.000000	0.000061	benign_only	1	6
MEAK7	57707	4	0	4	0.000000	0.000061	benign_only	1	16
MEIOB	254528	4	0	4	0.000000	0.000061	benign_only	1	16
MFSD6L	162387	4	0	4	0.000000	0.000061	benign_only	1	17
MGP	4256	4	0	4	0.000000	0.000061	benign_only	1	12
MICAL3	57553	4	0	4	0.000000	0.000061	benign_only	1	22
MITD1	129531	4	2	2	0.500000	0.000061	mixed	1	2
MMP21	118856	4	1	3	0.250000	0.000061	mixed	1	10
MPDU1	9526	4	0	4	0.000000	0.000061	benign_only	1	17
MPHOSPH10	10199	4	0	4	0.000000	0.000061	benign_only	1	2
MRAP	56246	4	1	3	0.250000	0.000061	mixed	1	21
MRAS	22808	4	4	0	1.000000	0.000061	pathogenic_only	1	3
MRPS22	56945	4	1	3	0.250000	0.000061	mixed	1	3
MRPS34	65993	4	0	4	0.000000	0.000061	benign_only	1	16
MRPS7	51081	4	0	4	0.000000	0.000061	benign_only	1	17
MST1	4485	4	0	4	0.000000	0.000061	benign_only	1	3
MST1R	4486	4	0	4	0.000000	0.000061	benign_only	1	3
MTBP	27085	4	0	4	0.000000	0.000061	benign_only	1	8
MYBL2	4605	4	0	4	0.000000	0.000061	benign_only	1	20
MYCBP2	23077	4	0	4	0.000000	0.000061	benign_only	1	13
MYH15	22989	4	0	4	0.000000	0.000061	benign_only	1	3
MYH4	4622	4	0	4	0.000000	0.000061	benign_only	1	17
MYO16	23026	4	0	4	0.000000	0.000061	benign_only	1	13
MYO9B	4650	4	0	4	0.000000	0.000061	benign_only	1	19
MZT2B	80097	4	0	4	0.000000	0.000061	benign_only	1	2
NBEAL1	65065	4	0	4	0.000000	0.000061	benign_only	1	2
NCF1	653361	4	1	3	0.250000	0.000061	mixed	1	7
NCF4	4689	4	1	3	0.250000	0.000061	mixed	1	22
NCOR1	9611	4	0	4	0.000000	0.000061	benign_only	1	17
NCR1	9437	4	2	2	0.500000	0.000061	mixed	1	19
NDUFA10	4705	4	1	3	0.250000	0.000061	mixed	1	2
NDUFA9	4704	4	0	4	0.000000	0.000061	benign_only	1	12
NDUFAF6	137682	4	1	3	0.250000	0.000061	mixed	1	8
NDUFAF7	55471	4	0	4	0.000000	0.000061	benign_only	1	2
NDUFB11	54539	4	1	3	0.250000	0.000061	mixed	1	X
NDUFB8	4714	4	0	4	0.000000	0.000061	benign_only	1	10
NECTIN4	81607	4	0	4	0.000000	0.000061	benign_only	1	1
NEK10	152110	4	1	3	0.250000	0.000061	mixed	1	3
NEUROG3	50674	4	2	2	0.500000	0.000061	mixed	1	10
NFATC2	4773	4	0	4	0.000000	0.000061	benign_only	1	20
NFKBIA	4792	4	1	3	0.250000	0.000061	mixed	1	14
NHEJ1	79840	4	0	4	0.000000	0.000061	benign_only	1	2
NHP2	55651	4	0	4	0.000000	0.000061	benign_only	1	5
NIPAL4-DT	102724404	4	0	4	0.000000	0.000061	benign_only	1	5
NISCH	11188	4	0	4	0.000000	0.000061	benign_only	1	3
NKD2	85409	4	0	4	0.000000	0.000061	benign_only	1	5
NKX2-2	4821	4	0	4	0.000000	0.000061	benign_only	1	20
NODAL	4838	4	1	3	0.250000	0.000061	mixed	1	10
NOP2	4839	4	0	4	0.000000	0.000061	benign_only	1	12
NOX1	27035	4	0	4	0.000000	0.000061	benign_only	1	X
NR3C1	2908	4	0	4	0.000000	0.000061	benign_only	1	5
NRG1	3084	4	0	4	0.000000	0.000061	benign_only	1	8
NUMA1-AS1	100128494	4	0	4	0.000000	0.000061	benign_only	1	11
NUP62	23636	4	0	4	0.000000	0.000061	benign_only	1	19
NUP85	79902	4	0	4	0.000000	0.000061	benign_only	1	17
OAS3	4940	4	0	4	0.000000	0.000061	benign_only	1	12
OR13C5	138799	4	0	4	0.000000	0.000061	benign_only	1	9
ORC4	5000	4	1	3	0.250000	0.000061	mixed	1	2
OXCT1	5019	4	1	3	0.250000	0.000061	mixed	1	5
P3H2	55214	4	1	3	0.250000	0.000061	mixed	1	3
P4HB	5034	4	0	4	0.000000	0.000061	benign_only	1	17
PAFAH1B1	5048	4	4	0	1.000000	0.000061	pathogenic_only	1	17
PAK3	5063	4	0	4	0.000000	0.000061	benign_only	1	X
PAK6	56924	4	0	4	0.000000	0.000061	benign_only	1	15
PARP4	143	4	0	4	0.000000	0.000061	benign_only	1	13
PARS2	25973	4	0	4	0.000000	0.000061	benign_only	1	1
PAX8-AS1	654433	4	2	2	0.500000	0.000061	mixed	1	2
PAX9	5083	4	1	3	0.250000	0.000061	mixed	1	14
PCDHB@	56116	4	0	4	0.000000	0.000061	benign_only	1	5
PCM1	5108	4	0	4	0.000000	0.000061	benign_only	1	8
PCOTH	542767	4	0	4	0.000000	0.000061	benign_only	1	13
PCSK1	5122	4	0	4	0.000000	0.000061	benign_only	1	5
PDE1C	5137	4	0	4	0.000000	0.000061	benign_only	1	7
PDE3A-AS1	120766147	4	0	4	0.000000	0.000061	benign_only	1	12
PDE8B	8622	4	0	4	0.000000	0.000061	benign_only	1	5
PER2	8864	4	0	4	0.000000	0.000061	benign_only	1	2
PEX12	5193	4	2	2	0.500000	0.000061	mixed	1	17
PGAP1	80055	4	0	4	0.000000	0.000061	benign_only	1	2
PGBD3	267004	4	0	4	0.000000	0.000061	benign_only	1	10
PGR	5241	4	0	4	0.000000	0.000061	benign_only	1	11
PHF6	84295	4	2	2	0.500000	0.000061	mixed	1	X
PHF8	23133	4	0	4	0.000000	0.000061	benign_only	1	X
PHKA1	5255	4	0	4	0.000000	0.000061	benign_only	1	X
PHLDB3	653583	4	0	4	0.000000	0.000061	benign_only	1	19
PIGP	51227	4	1	3	0.250000	0.000061	mixed	1	21
PIK3R1	5295	4	2	2	0.500000	0.000061	mixed	1	5
PIWIL3	440822	4	0	4	0.000000	0.000061	benign_only	1	22
PJVK	494513	4	2	2	0.500000	0.000061	mixed	1	2
PKD2L1	9033	4	0	4	0.000000	0.000061	benign_only	1	10
PKDCC	91461	4	1	3	0.250000	0.000061	mixed	1	2
PKHD1L1	93035	4	0	4	0.000000	0.000061	benign_only	1	8
PLCB1	23236	4	0	4	0.000000	0.000061	benign_only	1	20
PLCB3	5331	4	0	4	0.000000	0.000061	benign_only	1	11
PLEKHN1	84069	4	0	4	0.000000	0.000061	benign_only	1	1
PLS1	5357	4	0	4	0.000000	0.000061	benign_only	1	3
PLXNB3	5365	4	0	4	0.000000	0.000061	benign_only	1	X
PLXNC1	10154	4	0	4	0.000000	0.000061	benign_only	1	12
PNPLA8	50640	4	0	4	0.000000	0.000061	benign_only	1	7
POFUT1	23509	4	0	4	0.000000	0.000061	benign_only	1	20
POLR1G	10849	4	0	4	0.000000	0.000061	benign_only	1	19
POM121	9883	4	0	4	0.000000	0.000061	benign_only	1	7
PPARGC1A	10891	4	0	4	0.000000	0.000061	benign_only	1	4
PPM1K	152926	4	0	4	0.000000	0.000061	benign_only	1	4
PPP1R9A	55607	4	0	4	0.000000	0.000061	benign_only	1	7
PRAM1	84106	4	0	4	0.000000	0.000061	benign_only	1	19
PRAMEF2	65122	4	0	4	0.000000	0.000061	benign_only	1	1
PRDM2	7799	4	0	4	0.000000	0.000061	benign_only	1	1
PRG4	10216	4	0	4	0.000000	0.000061	benign_only	1	1
PRKD1	5587	4	0	4	0.000000	0.000061	benign_only	1	14
PRR14L	253143	4	0	4	0.000000	0.000061	benign_only	1	22
PRSS56	646960	4	0	4	0.000000	0.000061	benign_only	1	2
PSMB8	5696	4	1	3	0.250000	0.000061	mixed	1	6
PSMD1	5707	4	0	4	0.000000	0.000061	benign_only	1	2
PSMG2	56984	4	0	4	0.000000	0.000061	benign_only	1	18
PTCHD1	139411	4	1	3	0.250000	0.000061	mixed	1	X
PTH1R	5745	4	1	3	0.250000	0.000061	mixed	1	3
PTPN22	26191	4	0	4	0.000000	0.000061	benign_only	1	1
PTPRD	5789	4	0	4	0.000000	0.000061	benign_only	1	9
PTPRF	5792	4	0	4	0.000000	0.000061	benign_only	1	1
RAB11B	9230	4	2	2	0.500000	0.000061	mixed	1	19
RAB27A	5873	4	2	2	0.500000	0.000061	mixed	1	15
RAC3	5881	4	4	0	1.000000	0.000061	pathogenic_only	1	17
RAD21	5885	4	0	4	0.000000	0.000061	benign_only	1	8
RAD50	10111	4	2	2	0.500000	0.000061	mixed	1	5
RALGAPA1	253959	4	0	4	0.000000	0.000061	benign_only	1	14
RASGRP2	10235	4	1	3	0.250000	0.000061	mixed	1	11
RASSF4	83937	4	0	4	0.000000	0.000061	benign_only	1	10
RD3	343035	4	0	4	0.000000	0.000061	benign_only	1	1
REEP6	92840	4	1	3	0.250000	0.000061	mixed	1	19
RETREG1	54463	4	0	4	0.000000	0.000061	benign_only	1	5
RFC1	5981	4	0	4	0.000000	0.000061	benign_only	1	4
RFWD3	55159	4	0	4	0.000000	0.000061	benign_only	1	16
RFXANK	8625	4	1	3	0.250000	0.000061	mixed	1	19
RGS9	8787	4	0	4	0.000000	0.000061	benign_only	1	17
RHCE	6006	4	0	4	0.000000	0.000061	benign_only	1	1
RHPN2	85415	4	0	4	0.000000	0.000061	benign_only	1	19
RNLS	55328	4	0	4	0.000000	0.000061	benign_only	1	10
RPN2	6185	4	0	4	0.000000	0.000061	benign_only	1	20
RPS24	6229	4	1	3	0.250000	0.000061	mixed	1	10
RRAS	6237	4	0	4	0.000000	0.000061	benign_only	1	19
RTN1	6252	4	0	4	0.000000	0.000061	benign_only	1	14
S1PR2	9294	4	0	4	0.000000	0.000061	benign_only	1	19
SAG	6295	4	1	3	0.250000	0.000061	mixed	1	2
SALL2	6297	4	0	4	0.000000	0.000061	benign_only	1	14
SASH1	23328	4	0	4	0.000000	0.000061	benign_only	1	6
SBDS	51119	4	3	1	0.750000	0.000061	mixed	1	7
SCARB2	950	4	0	4	0.000000	0.000061	benign_only	1	4
SCN2B	6327	4	0	4	0.000000	0.000061	benign_only	1	11
SDC1	6382	4	0	4	0.000000	0.000061	benign_only	1	2
SDCCAG8	10806	4	0	4	0.000000	0.000061	benign_only	1	1
SEMA3C	10512	4	0	4	0.000000	0.000061	benign_only	1	7
SENP7	57337	4	0	4	0.000000	0.000061	benign_only	1	3
SERPINB8	5271	4	0	4	0.000000	0.000061	benign_only	1	18
SERPINF2	5345	4	0	4	0.000000	0.000061	benign_only	1	17
SGPL1	8879	4	2	2	0.500000	0.000061	mixed	1	10
SH2B1	25970	4	0	4	0.000000	0.000061	benign_only	1	16
SHPK	23729	4	0	4	0.000000	0.000061	benign_only	1	17
SHQ1	55164	4	0	4	0.000000	0.000061	benign_only	1	3
SLAMF9	89886	4	0	4	0.000000	0.000061	benign_only	1	1
SLC12A2	6558	4	1	3	0.250000	0.000061	mixed	1	5
SLC13A3	64849	4	0	4	0.000000	0.000061	benign_only	1	20
SLC13A5	284111	4	4	0	1.000000	0.000061	pathogenic_only	1	17
SLC16A1	6566	4	0	4	0.000000	0.000061	benign_only	1	1
SLC1A3	6507	4	0	4	0.000000	0.000061	benign_only	1	5
SLC22A31	146429	4	0	4	0.000000	0.000061	benign_only	1	16
SLC35A3	23443	4	1	3	0.250000	0.000061	mixed	1	1
SLC39A8	64116	4	1	3	0.250000	0.000061	mixed	1	4
SLC6A2	6530	4	0	4	0.000000	0.000061	benign_only	1	16
SLC6A20	54716	4	0	4	0.000000	0.000061	benign_only	1	3
SLC9A3-AS1	100288152	4	0	4	0.000000	0.000061	benign_only	1	5
SLC9A9	285195	4	0	4	0.000000	0.000061	benign_only	1	3
SLITRK6	84189	4	0	4	0.000000	0.000061	benign_only	1	13
SNTA1	6640	4	0	4	0.000000	0.000061	benign_only	1	20
SNTG2	54221	4	0	4	0.000000	0.000061	benign_only	1	2
SOBP	55084	4	0	4	0.000000	0.000061	benign_only	1	6
SOX2	6657	4	2	2	0.500000	0.000061	mixed	1	3
SOX2-OT	347689	4	2	2	0.500000	0.000061	mixed	1	3
SPATC1L	84221	4	0	4	0.000000	0.000061	benign_only	1	21
SPOP	8405	4	4	0	1.000000	0.000061	pathogenic_only	1	17
SRA1	10011	4	0	4	0.000000	0.000061	benign_only	1	5
SREBF2	6721	4	0	4	0.000000	0.000061	benign_only	1	22
SSUH2	51066	4	1	3	0.250000	0.000061	mixed	1	3
STAMBP	10617	4	3	1	0.750000	0.000061	mixed	1	2
STK4	6789	4	0	4	0.000000	0.000061	benign_only	1	20
STX16	8675	4	0	4	0.000000	0.000061	benign_only	1	20
STX16-NPEPL1	100534593	4	0	4	0.000000	0.000061	benign_only	1	20
SYNPO	11346	4	0	4	0.000000	0.000061	benign_only	1	5
TACSTD2	4070	4	0	4	0.000000	0.000061	benign_only	1	1
TAF15	8148	4	0	4	0.000000	0.000061	benign_only	1	17
TAF4	6874	4	0	4	0.000000	0.000061	benign_only	1	20
TANC1	85461	4	0	4	0.000000	0.000061	benign_only	1	2
TAPBP	6892	4	0	4	0.000000	0.000061	benign_only	1	6
TARS1	6897	4	0	4	0.000000	0.000061	benign_only	1	5
TAS1R1	80835	4	0	4	0.000000	0.000061	benign_only	1	1
TAT-AS1	100132529	4	3	1	0.750000	0.000061	mixed	1	16
TBC1D7	51256	4	0	4	0.000000	0.000061	benign_only	1	6
TBC1D7-LOC100130357	107080638	4	0	4	0.000000	0.000061	benign_only	1	6
TBC1D8B	54885	4	0	4	0.000000	0.000061	benign_only	1	X
TBL1XR1-AS1	100874217	4	4	0	1.000000	0.000061	pathogenic_only	1	3
TBR1	10716	4	3	1	0.750000	0.000061	mixed	1	2
TBX15	6913	4	0	4	0.000000	0.000061	benign_only	1	1
TBX2	6909	4	1	3	0.250000	0.000061	mixed	1	17
TDP2	51567	4	0	4	0.000000	0.000061	benign_only	1	6
TDRD7	23424	4	0	4	0.000000	0.000061	benign_only	1	9
TFRC	7037	4	0	4	0.000000	0.000061	benign_only	1	3
TGFB3	7043	4	2	2	0.500000	0.000061	mixed	1	14
THOC6	79228	4	4	0	1.000000	0.000061	pathogenic_only	1	16
TICAM1	148022	4	0	4	0.000000	0.000061	benign_only	1	19
TIMELESS	8914	4	0	4	0.000000	0.000061	benign_only	1	12
TIMM44	10469	4	0	4	0.000000	0.000061	benign_only	1	19
TIMM50	92609	4	1	3	0.250000	0.000061	mixed	1	19
TIMP3	7078	4	2	2	0.500000	0.000061	mixed	1	22
TKT	7086	4	0	4	0.000000	0.000061	benign_only	1	3
TLN2	83660	4	0	4	0.000000	0.000061	benign_only	1	15
TMC8	147138	4	0	4	0.000000	0.000061	benign_only	1	17
TMEM106B	54664	4	1	3	0.250000	0.000061	mixed	1	7
TMPRSS2	7113	4	0	4	0.000000	0.000061	benign_only	1	21
TMPRSS9	360200	4	0	4	0.000000	0.000061	benign_only	1	19
TNRC6B	23112	4	0	4	0.000000	0.000061	benign_only	1	22
TNS3	64759	4	0	4	0.000000	0.000061	benign_only	1	7
TOR1A	1861	4	0	4	0.000000	0.000061	benign_only	1	9
TP53BP1	7158	4	0	4	0.000000	0.000061	benign_only	1	15
TPCN2	219931	4	0	4	0.000000	0.000061	benign_only	1	11
TRIM17	51127	4	0	4	0.000000	0.000061	benign_only	1	1
TRIM22	10346	4	0	4	0.000000	0.000061	benign_only	1	11
TSHB	7252	4	1	3	0.250000	0.000061	mixed	1	1
TSHZ1	10194	4	0	4	0.000000	0.000061	benign_only	1	18
TSPAN12	23554	4	3	1	0.750000	0.000061	mixed	1	7
TTC3	7267	4	0	4	0.000000	0.000061	benign_only	1	21
TTI2	80185	4	0	4	0.000000	0.000061	benign_only	1	8
TUBA3E	112714	4	0	4	0.000000	0.000061	benign_only	1	2
TUBA8	51807	4	0	4	0.000000	0.000061	benign_only	1	22
TUBGCP4	27229	4	0	4	0.000000	0.000061	benign_only	1	15
U2AF2	11338	4	4	0	1.000000	0.000061	pathogenic_only	1	19
UBN2	254048	4	0	4	0.000000	0.000061	benign_only	1	7
UCP3	7352	4	0	4	0.000000	0.000061	benign_only	1	11
UFSP2	55325	4	2	2	0.500000	0.000061	mixed	1	4
UGGT2	55757	4	0	4	0.000000	0.000061	benign_only	1	13
VANGL1	81839	4	0	4	0.000000	0.000061	benign_only	1	1
VCX3A	51481	4	0	4	0.000000	0.000061	benign_only	1	X
VIL1	7429	4	0	4	0.000000	0.000061	benign_only	1	2
VIPR1	7433	4	0	4	0.000000	0.000061	benign_only	1	3
VPS45	11311	4	2	2	0.500000	0.000061	mixed	1	1
VWA1	64856	4	0	4	0.000000	0.000061	benign_only	1	1
WDFY4	57705	4	0	4	0.000000	0.000061	benign_only	1	10
WNK3	65267	4	0	4	0.000000	0.000061	benign_only	1	X
WNT1	7471	4	3	1	0.750000	0.000061	mixed	1	12
XIAP	331	4	0	4	0.000000	0.000061	benign_only	1	X
YEATS2	55689	4	0	4	0.000000	0.000061	benign_only	1	3
ZAP70	7535	4	2	2	0.500000	0.000061	mixed	1	2
ZBTB24	9841	4	1	3	0.250000	0.000061	mixed	1	6
ZCCHC4	29063	4	0	4	0.000000	0.000061	benign_only	1	4
ZFAT	57623	4	0	4	0.000000	0.000061	benign_only	1	8
ZNF215	7762	4	0	4	0.000000	0.000061	benign_only	1	11
ZNF236	7776	4	0	4	0.000000	0.000061	benign_only	1	18
ZNF536	9745	4	0	4	0.000000	0.000061	benign_only	1	19
ZNF674	641339	4	0	4	0.000000	0.000061	benign_only	1	X
ZNF804A	91752	4	0	4	0.000000	0.000061	benign_only	1	2
ZP4	57829	4	0	4	0.000000	0.000061	benign_only	1	1
ZXDA	7789	4	0	4	0.000000	0.000061	benign_only	1	X
A2M	2	3	0	3	0.000000	0.000046	benign_only	1	12
A2ML1-AS1	100874108	3	0	3	0.000000	0.000046	benign_only	1	12
A4GALT	53947	3	0	3	0.000000	0.000046	benign_only	1	22
AAGAB	79719	3	0	3	0.000000	0.000046	benign_only	1	15
AASS	10157	3	1	2	0.333333	0.000046	mixed	1	7
ABCB8	11194	3	0	3	0.000000	0.000046	benign_only	1	7
ACBD6	84320	3	0	3	0.000000	0.000046	benign_only	1	1
ACD	65057	3	0	3	0.000000	0.000046	benign_only	1	16
ACHE	43	3	0	3	0.000000	0.000046	benign_only	1	7
ACOX2	8309	3	0	3	0.000000	0.000046	benign_only	1	3
ACSL4	2182	3	0	3	0.000000	0.000046	benign_only	1	X
ACTA2-AS1	100132116	3	3	0	1.000000	0.000046	pathogenic_only	1	10
ADAM23	8745	3	0	3	0.000000	0.000046	benign_only	1	2
ADAT3	113179	3	1	2	0.333333	0.000046	mixed	1	19
ADD2	119	3	0	3	0.000000	0.000046	benign_only	1	2
ADGRE1	2015	3	0	3	0.000000	0.000046	benign_only	1	19
ADPRS	54936	3	3	0	1.000000	0.000046	pathogenic_only	1	1
ADRB1	153	3	0	3	0.000000	0.000046	benign_only	1	10
AGGF1	55109	3	0	3	0.000000	0.000046	benign_only	1	5
AGO1	26523	3	3	0	1.000000	0.000046	pathogenic_only	1	1
AGTR1	185	3	0	3	0.000000	0.000046	benign_only	1	3
AHR	196	3	0	3	0.000000	0.000046	benign_only	1	7
AIMP1	9255	3	0	3	0.000000	0.000046	benign_only	1	4
AKAP6	9472	3	0	3	0.000000	0.000046	benign_only	1	14
AKNA	80709	3	0	3	0.000000	0.000046	benign_only	1	9
AKR1D1	6718	3	3	0	1.000000	0.000046	pathogenic_only	1	7
AKR1E2	83592	3	0	3	0.000000	0.000046	benign_only	1	10
ALDH6A1	4329	3	0	3	0.000000	0.000046	benign_only	1	14
ANGPTL3	27329	3	0	3	0.000000	0.000046	benign_only	1	1
ANKH	56172	3	0	3	0.000000	0.000046	benign_only	1	5
ANKRD1	27063	3	0	3	0.000000	0.000046	benign_only	1	10
ANPEP	290	3	0	3	0.000000	0.000046	benign_only	1	15
AOX1	316	3	0	3	0.000000	0.000046	benign_only	1	2
AP4S1	11154	3	1	2	0.333333	0.000046	mixed	1	14
APAF1	317	3	0	3	0.000000	0.000046	benign_only	1	12
APBB1	322	3	1	2	0.333333	0.000046	mixed	1	11
APBB1IP	54518	3	0	3	0.000000	0.000046	benign_only	1	10
APEX1	328	3	0	3	0.000000	0.000046	benign_only	1	14
APOA1-AS	104326055	3	2	1	0.666667	0.000046	mixed	1	11
APOBEC4	403314	3	0	3	0.000000	0.000046	benign_only	1	1
APOC2	344	3	0	3	0.000000	0.000046	benign_only	1	19
APOC4-APOC2	100533990	3	0	3	0.000000	0.000046	benign_only	1	19
APOH	350	3	0	3	0.000000	0.000046	benign_only	1	17
ARAP1	116985	3	0	3	0.000000	0.000046	benign_only	1	11
ARCN1	372	3	0	3	0.000000	0.000046	benign_only	1	11
ARHGEF40	55701	3	0	3	0.000000	0.000046	benign_only	1	14
ARHGEF6	9459	3	0	3	0.000000	0.000046	benign_only	1	X
ARNT2	9915	3	0	3	0.000000	0.000046	benign_only	1	15
ARPC1B	10095	3	0	3	0.000000	0.000046	benign_only	1	7
ARSD	414	3	0	3	0.000000	0.000046	benign_only	1	X
ASCC3	10973	3	0	3	0.000000	0.000046	benign_only	1	6
ASPH	444	3	1	2	0.333333	0.000046	mixed	1	8
ATAD3B	83858	3	0	3	0.000000	0.000046	benign_only	1	1
ATG2A	23130	3	0	3	0.000000	0.000046	benign_only	1	11
ATG7	10533	3	0	3	0.000000	0.000046	benign_only	1	3
ATOH1	474	3	0	3	0.000000	0.000046	benign_only	1	4
ATP13A1	57130	3	0	3	0.000000	0.000046	benign_only	1	19
ATP2A1	487	3	0	3	0.000000	0.000046	benign_only	1	16
ATP6AP2	10159	3	0	3	0.000000	0.000046	benign_only	1	X
ATPAF2	91647	3	0	3	0.000000	0.000046	benign_only	1	17
ATXN3	4287	3	0	3	0.000000	0.000046	benign_only	1	14
AUH	549	3	1	2	0.333333	0.000046	mixed	1	9
AVIL	10677	3	0	3	0.000000	0.000046	benign_only	1	12
AXIN1	8312	3	0	3	0.000000	0.000046	benign_only	1	16
AXL	558	3	0	3	0.000000	0.000046	benign_only	1	19
B4GALNT3	283358	3	0	3	0.000000	0.000046	benign_only	1	12
B9D2	80776	3	2	1	0.666667	0.000046	mixed	1	19
BBOF1	80127	3	0	3	0.000000	0.000046	benign_only	1	14
BCAM	4059	3	0	3	0.000000	0.000046	benign_only	1	19
BCAS1	8537	3	0	3	0.000000	0.000046	benign_only	1	20
BCAS4	55653	3	0	3	0.000000	0.000046	benign_only	1	20
BCL11A	53335	3	1	2	0.333333	0.000046	mixed	1	2
BECN2	441925	3	0	3	0.000000	0.000046	benign_only	1	1
BFSP2	8419	3	0	3	0.000000	0.000046	benign_only	1	3
BLK-AS1	105379241	3	0	3	0.000000	0.000046	benign_only	1	8
BMP3	651	3	0	3	0.000000	0.000046	benign_only	1	4
BMP4	652	3	0	3	0.000000	0.000046	benign_only	1	14
BOC	91653	3	0	3	0.000000	0.000046	benign_only	1	3
BPIFB1	92747	3	0	3	0.000000	0.000046	benign_only	1	20
BRD1	23774	3	0	3	0.000000	0.000046	benign_only	1	22
C1GALT1C1	29071	3	0	3	0.000000	0.000046	benign_only	1	X
C2orf88	84281	3	0	3	0.000000	0.000046	benign_only	1	2
CA1	759	3	0	3	0.000000	0.000046	benign_only	1	8
CA2	760	3	1	2	0.333333	0.000046	mixed	1	8
CACNA1B-AS2	100133077	3	0	3	0.000000	0.000046	benign_only	1	9
CACNA2D2	9254	3	0	3	0.000000	0.000046	benign_only	1	3
CACNA2D3	55799	3	0	3	0.000000	0.000046	benign_only	1	3
CALCR	799	3	0	3	0.000000	0.000046	benign_only	1	7
CALM3	808	3	3	0	1.000000	0.000046	pathogenic_only	1	19
CAMK2A	815	3	3	0	1.000000	0.000046	pathogenic_only	1	5
CAMSAP1	157922	3	0	3	0.000000	0.000046	benign_only	1	9
CAND2	23066	3	0	3	0.000000	0.000046	benign_only	1	3
CAPN12	147968	3	0	3	0.000000	0.000046	benign_only	1	19
CARF	79800	3	0	3	0.000000	0.000046	benign_only	1	2
CASP10	843	3	0	3	0.000000	0.000046	benign_only	1	2
CAT	847	3	0	3	0.000000	0.000046	benign_only	1	11
CAV3	859	3	2	1	0.666667	0.000046	mixed	1	3
CCDC116	164592	3	0	3	0.000000	0.000046	benign_only	1	22
CCDC148	130940	3	0	3	0.000000	0.000046	benign_only	1	2
CCDC80	151887	3	0	3	0.000000	0.000046	benign_only	1	3
CCNB3	85417	3	0	3	0.000000	0.000046	benign_only	1	X
CCNQ	92002	3	0	3	0.000000	0.000046	benign_only	1	X
CCT5	22948	3	0	3	0.000000	0.000046	benign_only	1	5
CD1C	911	3	0	3	0.000000	0.000046	benign_only	1	1
CD22	933	3	0	3	0.000000	0.000046	benign_only	1	19
CD27	939	3	1	2	0.333333	0.000046	mixed	1	12
CD27-AS1	678655	3	1	2	0.333333	0.000046	mixed	1	12
CD3G	917	3	1	2	0.333333	0.000046	mixed	1	11
CDC6	990	3	0	3	0.000000	0.000046	benign_only	1	17
CDH12	1010	3	0	3	0.000000	0.000046	benign_only	1	5
CDIN1	84529	3	0	3	0.000000	0.000046	benign_only	1	15
CEP128	145508	3	0	3	0.000000	0.000046	benign_only	1	14
CEP250-AS1	102725201	3	0	3	0.000000	0.000046	benign_only	1	20
CEP41	95681	3	0	3	0.000000	0.000046	benign_only	1	7
CEP68	23177	3	0	3	0.000000	0.000046	benign_only	1	2
CEP85L	387119	3	1	2	0.333333	0.000046	mixed	1	6
CEP97	79598	3	0	3	0.000000	0.000046	benign_only	1	3
CERS1	10715	3	1	2	0.333333	0.000046	mixed	1	19
CFAP298	56683	3	0	3	0.000000	0.000046	benign_only	1	21
CFAP298-TCP10L	110091775	3	0	3	0.000000	0.000046	benign_only	1	21
CFAP418	157657	3	1	2	0.333333	0.000046	mixed	1	8
CFAP52	146845	3	0	3	0.000000	0.000046	benign_only	1	17
CHAF1B	8208	3	0	3	0.000000	0.000046	benign_only	1	21
CHD1	1105	3	0	3	0.000000	0.000046	benign_only	1	5
CHRNA5	1138	3	0	3	0.000000	0.000046	benign_only	1	15
CHROMR	101927027	3	2	1	0.666667	0.000046	mixed	1	2
CHST5	23563	3	0	3	0.000000	0.000046	benign_only	1	16
CHUK	1147	3	0	3	0.000000	0.000046	benign_only	1	10
CIB2	10518	3	1	2	0.333333	0.000046	mixed	1	15
CLCA1	1179	3	0	3	0.000000	0.000046	benign_only	1	1
CLCN3	1182	3	3	0	1.000000	0.000046	pathogenic_only	1	4
CLEC4F	165530	3	0	3	0.000000	0.000046	benign_only	1	2
CLEC7A	64581	3	0	3	0.000000	0.000046	benign_only	1	12
CLU	1191	3	0	3	0.000000	0.000046	benign_only	1	8
CNGA2	1260	3	0	3	0.000000	0.000046	benign_only	1	X
COL16A1	1307	3	0	3	0.000000	0.000046	benign_only	1	1
COLGALT1	79709	3	0	3	0.000000	0.000046	benign_only	1	19
CORO7-PAM16	100529144	3	0	3	0.000000	0.000046	benign_only	1	16
COX20	116228	3	1	2	0.333333	0.000046	mixed	1	1
CRLF1	9244	3	0	3	0.000000	0.000046	benign_only	1	19
CRYBB3	1417	3	0	3	0.000000	0.000046	benign_only	1	22
CSMD3	114788	3	0	3	0.000000	0.000046	benign_only	1	8
CSRP3-AS1	105376580	3	0	3	0.000000	0.000046	benign_only	1	11
CST4	1472	3	0	3	0.000000	0.000046	benign_only	1	20
CTAG2	30848	3	0	3	0.000000	0.000046	benign_only	1	X
CTAGE1	64693	3	0	3	0.000000	0.000046	benign_only	1	18
CTSF	8722	3	0	3	0.000000	0.000046	benign_only	1	11
CTSG	1511	3	0	3	0.000000	0.000046	benign_only	1	14
CTSZ	1522	3	0	3	0.000000	0.000046	benign_only	1	20
CUL3	8452	3	2	1	0.666667	0.000046	mixed	1	2
CUL4B	8450	3	0	3	0.000000	0.000046	benign_only	1	X
CWC27	10283	3	0	3	0.000000	0.000046	benign_only	1	5
CWH43	80157	3	0	3	0.000000	0.000046	benign_only	1	4
CYC1	1537	3	0	3	0.000000	0.000046	benign_only	1	8
CYP2A6	1548	3	0	3	0.000000	0.000046	benign_only	1	19
CYP2U1-AS1	101929595	3	1	2	0.333333	0.000046	mixed	1	4
CYP4F3	4051	3	0	3	0.000000	0.000046	benign_only	1	19
CYP51A1	1595	3	0	3	0.000000	0.000046	benign_only	1	7
CYP7A1	1581	3	0	3	0.000000	0.000046	benign_only	1	8
CYP8B1	1582	3	0	3	0.000000	0.000046	benign_only	1	3
DAB2IP	153090	3	0	3	0.000000	0.000046	benign_only	1	9
DAGLA	747	3	0	3	0.000000	0.000046	benign_only	1	11
DCLRE1B	64858	3	0	3	0.000000	0.000046	benign_only	1	1
DCPS	28960	3	0	3	0.000000	0.000046	benign_only	1	11
DDB2	1643	3	1	2	0.333333	0.000046	mixed	1	11
DDHD1	80821	3	0	3	0.000000	0.000046	benign_only	1	14
DDIT3	1649	3	0	3	0.000000	0.000046	benign_only	1	12
DDOST	1650	3	1	2	0.333333	0.000046	mixed	1	1
DDRGK1	65992	3	0	3	0.000000	0.000046	benign_only	1	20
DDX18	8886	3	0	3	0.000000	0.000046	benign_only	1	2
DDX53	168400	3	0	3	0.000000	0.000046	benign_only	1	X
DGUOK-AS1	100874048	3	3	0	1.000000	0.000046	pathogenic_only	1	2
DHX8	1659	3	0	3	0.000000	0.000046	benign_only	1	17
DIS3	22894	3	0	3	0.000000	0.000046	benign_only	1	13
DKKL1	27120	3	0	3	0.000000	0.000046	benign_only	1	19
DLEC1	9940	3	0	3	0.000000	0.000046	benign_only	1	3
DLG3	1741	3	0	3	0.000000	0.000046	benign_only	1	X
DLX3	1747	3	1	2	0.333333	0.000046	mixed	1	17
DNAAF19	388389	3	2	1	0.666667	0.000046	mixed	1	17
DNAJB11	51726	3	2	1	0.666667	0.000046	mixed	1	3
DNAJB13	374407	3	0	3	0.000000	0.000046	benign_only	1	11
DNAJB2	3300	3	0	3	0.000000	0.000046	benign_only	1	2
DNAJC17	55192	3	0	3	0.000000	0.000046	benign_only	1	15
DNAJC9-AS1	414245	3	0	3	0.000000	0.000046	benign_only	1	10
DNASE2	1777	3	0	3	0.000000	0.000046	benign_only	1	19
DOC2A	8448	3	0	3	0.000000	0.000046	benign_only	1	16
DOCK5	80005	3	0	3	0.000000	0.000046	benign_only	1	8
DOP1A	23033	3	0	3	0.000000	0.000046	benign_only	1	6
DPF2	5977	3	2	1	0.666667	0.000046	mixed	1	11
DROSHA	29102	3	0	3	0.000000	0.000046	benign_only	1	5
DUOXA1	90527	3	0	3	0.000000	0.000046	benign_only	1	15
DUOXA2	405753	3	0	3	0.000000	0.000046	benign_only	1	15
DUSP6	1848	3	0	3	0.000000	0.000046	benign_only	1	12
DYRK1B	9149	3	0	3	0.000000	0.000046	benign_only	1	19
E2F8	79733	3	0	3	0.000000	0.000046	benign_only	1	11
EDA2R	60401	3	0	3	0.000000	0.000046	benign_only	1	X
EED	8726	3	1	2	0.333333	0.000046	mixed	1	11
EEF1D	1936	3	0	3	0.000000	0.000046	benign_only	1	8
EIF3A	8661	3	0	3	0.000000	0.000046	benign_only	1	10
ELN-AS1	107986809	3	0	3	0.000000	0.000046	benign_only	1	7
ENPEP	2028	3	0	3	0.000000	0.000046	benign_only	1	4
EPB41	2035	3	1	2	0.333333	0.000046	mixed	1	1
EPHB2	2048	3	0	3	0.000000	0.000046	benign_only	1	1
EPHX1	2052	3	0	3	0.000000	0.000046	benign_only	1	1
EPM2A-DT	100507557	3	1	2	0.333333	0.000046	mixed	1	6
EPS8L2	64787	3	0	3	0.000000	0.000046	benign_only	1	11
ERAP1	51752	3	0	3	0.000000	0.000046	benign_only	1	5
ERLIN2	11160	3	3	0	1.000000	0.000046	pathogenic_only	1	8
ESS2	8220	3	0	3	0.000000	0.000046	benign_only	1	22
ETV4	2118	3	0	3	0.000000	0.000046	benign_only	1	17
EVI2B	2124	3	0	3	0.000000	0.000046	benign_only	1	17
EVI5	7813	3	0	3	0.000000	0.000046	benign_only	1	1
EXOC8	149371	3	0	3	0.000000	0.000046	benign_only	1	1
EXOSC5	56915	3	2	1	0.666667	0.000046	mixed	1	19
EXOSC9	5393	3	1	2	0.333333	0.000046	mixed	1	4
F3	2152	3	0	3	0.000000	0.000046	benign_only	1	1
FAAH	2166	3	0	3	0.000000	0.000046	benign_only	1	1
FAM111B	374393	3	1	2	0.333333	0.000046	mixed	1	11
FAM90A1	55138	3	0	3	0.000000	0.000046	benign_only	1	12
FANCD2OS	115795	3	1	2	0.333333	0.000046	mixed	1	3
FAP	2191	3	0	3	0.000000	0.000046	benign_only	1	2
FARP2	9855	3	0	3	0.000000	0.000046	benign_only	1	2
FBLN2	2199	3	0	3	0.000000	0.000046	benign_only	1	3
FCRL3	115352	3	0	3	0.000000	0.000046	benign_only	1	1
FDX2	112812	3	0	3	0.000000	0.000046	benign_only	1	19
FDX2-ZGLP1	125242785	3	0	3	0.000000	0.000046	benign_only	1	19
FEZF1	389549	3	0	3	0.000000	0.000046	benign_only	1	7
FEZF1-AS1	154860	3	0	3	0.000000	0.000046	benign_only	1	7
FGD5	152273	3	0	3	0.000000	0.000046	benign_only	1	3
FGF3	2248	3	1	2	0.333333	0.000046	mixed	1	11
FHL2	2274	3	0	3	0.000000	0.000046	benign_only	1	2
FLII	2314	3	0	3	0.000000	0.000046	benign_only	1	17
FMNL2	114793	3	0	3	0.000000	0.000046	benign_only	1	2
FMO1-AS1	105371611	3	0	3	0.000000	0.000046	benign_only	1	1
FMO2	2327	3	0	3	0.000000	0.000046	benign_only	1	1
FMO4	2329	3	0	3	0.000000	0.000046	benign_only	1	1
FN1-DT	105373868	3	0	3	0.000000	0.000046	benign_only	1	2
FOLH1	2346	3	0	3	0.000000	0.000046	benign_only	1	11
FOXC2	2303	3	1	2	0.333333	0.000046	mixed	1	16
FOXF1	2294	3	1	2	0.333333	0.000046	mixed	1	16
FOXH1	8928	3	0	3	0.000000	0.000046	benign_only	1	8
FRMPD1	22844	3	0	3	0.000000	0.000046	benign_only	1	9
FRYL	285527	3	0	3	0.000000	0.000046	benign_only	1	4
FSHR	2492	3	0	3	0.000000	0.000046	benign_only	1	2
FUZ	80199	3	0	3	0.000000	0.000046	benign_only	1	19
FXYD2	486	3	0	3	0.000000	0.000046	benign_only	1	11
FXYD6-FXYD2	100533181	3	0	3	0.000000	0.000046	benign_only	1	11
FYB1	2533	3	0	3	0.000000	0.000046	benign_only	1	5
GABRA3	2556	3	0	3	0.000000	0.000046	benign_only	1	X
GABRB1	2560	3	0	3	0.000000	0.000046	benign_only	1	4
GAD1	2571	3	0	3	0.000000	0.000046	benign_only	1	2
GAL3ST4	79690	3	0	3	0.000000	0.000046	benign_only	1	7
GALNT11	63917	3	0	3	0.000000	0.000046	benign_only	1	7
GALNT8	26290	3	0	3	0.000000	0.000046	benign_only	1	12
GALR2	8811	3	0	3	0.000000	0.000046	benign_only	1	17
GAN	8139	3	2	1	0.666667	0.000046	mixed	1	16
GBP6	163351	3	0	3	0.000000	0.000046	benign_only	1	1
GCC2	9648	3	0	3	0.000000	0.000046	benign_only	1	2
GCSH	2653	3	1	2	0.333333	0.000046	mixed	1	16
GDF1	2657	3	1	2	0.333333	0.000046	mixed	1	19
GDF6	392255	3	0	3	0.000000	0.000046	benign_only	1	8
GFER	2671	3	1	2	0.333333	0.000046	mixed	1	16
GGT1	2678	3	0	3	0.000000	0.000046	benign_only	1	22
GJC2	57165	3	2	1	0.666667	0.000046	mixed	1	1
GLIS1	148979	3	0	3	0.000000	0.000046	benign_only	1	1
GNB2	2783	3	3	0	1.000000	0.000046	pathogenic_only	1	7
GORAB	92344	3	0	3	0.000000	0.000046	benign_only	1	1
GPATCH8	23131	3	0	3	0.000000	0.000046	benign_only	1	17
GPC4	2239	3	0	3	0.000000	0.000046	benign_only	1	X
GPD1	2819	3	1	2	0.333333	0.000046	mixed	1	12
GRAP2	9402	3	0	3	0.000000	0.000046	benign_only	1	22
GRHL2	79977	3	0	3	0.000000	0.000046	benign_only	1	8
GRK5	2869	3	0	3	0.000000	0.000046	benign_only	1	10
GRXCR2	643226	3	0	3	0.000000	0.000046	benign_only	1	5
GSDMC	56169	3	0	3	0.000000	0.000046	benign_only	1	8
GSDMD	79792	3	0	3	0.000000	0.000046	benign_only	1	8
GYS1	2997	3	0	3	0.000000	0.000046	benign_only	1	19
HADH	3033	3	1	2	0.333333	0.000046	mixed	1	4
HARS2	23438	3	0	3	0.000000	0.000046	benign_only	1	5
HDAC5	10014	3	0	3	0.000000	0.000046	benign_only	1	17
HDC	3067	3	0	3	0.000000	0.000046	benign_only	1	15
HECTD1	25831	3	0	3	0.000000	0.000046	benign_only	1	14
HEG1	57493	3	0	3	0.000000	0.000046	benign_only	1	3
HGF	3082	3	0	3	0.000000	0.000046	benign_only	1	7
HMGN5	79366	3	0	3	0.000000	0.000046	benign_only	1	X
HMX1	3166	3	0	3	0.000000	0.000046	benign_only	1	4
HNRNPK-AS1	123706516	3	3	0	1.000000	0.000046	pathogenic_only	1	9
HOXB1	3211	3	0	3	0.000000	0.000046	benign_only	1	17
HPGD	3248	3	1	2	0.333333	0.000046	mixed	1	4
HPGDS	27306	3	0	3	0.000000	0.000046	benign_only	1	4
HRC	3270	3	0	3	0.000000	0.000046	benign_only	1	19
HRH1	3269	3	0	3	0.000000	0.000046	benign_only	1	3
HSD17B10	3028	3	3	0	1.000000	0.000046	pathogenic_only	1	X
HSPB3	8988	3	0	3	0.000000	0.000046	benign_only	1	5
HTR1A	3350	3	0	3	0.000000	0.000046	benign_only	1	5
HYI	81888	3	0	3	0.000000	0.000046	benign_only	1	1
IFNA1	3439	3	0	3	0.000000	0.000046	benign_only	1	9
IFNA4	3441	3	0	3	0.000000	0.000046	benign_only	1	9
IFT81	28981	3	1	2	0.333333	0.000046	mixed	1	12
IGBP1	3476	3	0	3	0.000000	0.000046	benign_only	1	X
IKBKG	8517	3	1	2	0.333333	0.000046	mixed	1	X
IL15RA	3601	3	0	3	0.000000	0.000046	benign_only	1	10
IL17F	112744	3	0	3	0.000000	0.000046	benign_only	1	6
IL4R	3566	3	0	3	0.000000	0.000046	benign_only	1	16
ILVBL	10994	3	0	3	0.000000	0.000046	benign_only	1	19
IMPG2	50939	3	1	2	0.333333	0.000046	mixed	1	3
INAVA	55765	3	0	3	0.000000	0.000046	benign_only	1	1
INO80	54617	3	0	3	0.000000	0.000046	benign_only	1	15
IQGAP3	128239	3	0	3	0.000000	0.000046	benign_only	1	1
IRAK1	3654	3	0	3	0.000000	0.000046	benign_only	1	X
IRF7	3665	3	0	3	0.000000	0.000046	benign_only	1	11
IRF8	3394	3	0	3	0.000000	0.000046	benign_only	1	16
IRS1	3667	3	0	3	0.000000	0.000046	benign_only	1	2
IRS2	8660	3	0	3	0.000000	0.000046	benign_only	1	13
IRS4	8471	3	0	3	0.000000	0.000046	benign_only	1	X
IRX5	10265	3	0	3	0.000000	0.000046	benign_only	1	16
ITIH3	3699	3	0	3	0.000000	0.000046	benign_only	1	3
ITK	3702	3	0	3	0.000000	0.000046	benign_only	1	5
JAGN1	84522	3	0	3	0.000000	0.000046	benign_only	1	3
JCAD	57608	3	0	3	0.000000	0.000046	benign_only	1	10
KCNA10	3744	3	0	3	0.000000	0.000046	benign_only	1	1
KCNAB1	7881	3	0	3	0.000000	0.000046	benign_only	1	3
KCNJ13	3769	3	2	1	0.666667	0.000046	mixed	1	2
KCNMB3	27094	3	0	3	0.000000	0.000046	benign_only	1	3
KCNN3	3782	3	0	3	0.000000	0.000046	benign_only	1	1
KCNS1	3787	3	0	3	0.000000	0.000046	benign_only	1	20
KCNT2	343450	3	0	3	0.000000	0.000046	benign_only	1	1
KCTD7	154881	3	3	0	1.000000	0.000046	pathogenic_only	1	7
KDM1A	23028	3	1	2	0.333333	0.000046	mixed	1	1
KDM5B	10765	3	0	3	0.000000	0.000046	benign_only	1	1
KIAA0319L	79932	3	0	3	0.000000	0.000046	benign_only	1	1
KIAA1210	57481	3	0	3	0.000000	0.000046	benign_only	1	X
KIF20A	10112	3	0	3	0.000000	0.000046	benign_only	1	5
KIRREL3	84623	3	0	3	0.000000	0.000046	benign_only	1	11
KLC2	64837	3	0	3	0.000000	0.000046	benign_only	1	11
KLHL7	55975	3	3	0	1.000000	0.000046	pathogenic_only	1	7
KLHL9	55958	3	0	3	0.000000	0.000046	benign_only	1	9
KLRC2	3822	3	0	3	0.000000	0.000046	benign_only	1	12
KRT24	192666	3	0	3	0.000000	0.000046	benign_only	1	17
KRT25	147183	3	0	3	0.000000	0.000046	benign_only	1	17
KRT85	3891	3	0	3	0.000000	0.000046	benign_only	1	12
KTN1	3895	3	0	3	0.000000	0.000046	benign_only	1	14
KYNU	8942	3	2	1	0.666667	0.000046	mixed	1	2
LAMA4-AS1	101927640	3	0	3	0.000000	0.000046	benign_only	1	6
LARP7	51574	3	0	3	0.000000	0.000046	benign_only	1	4
LATS2	26524	3	0	3	0.000000	0.000046	benign_only	1	13
LAYN	143903	3	0	3	0.000000	0.000046	benign_only	1	11
LCE3C	353144	3	0	3	0.000000	0.000046	benign_only	1	1
LDHD	197257	3	1	2	0.333333	0.000046	mixed	1	16
LDLRAD3	143458	3	0	3	0.000000	0.000046	benign_only	1	11
LEFTY1	10637	3	0	3	0.000000	0.000046	benign_only	1	1
LEMD3	23592	3	0	3	0.000000	0.000046	benign_only	1	12
LHFPL5	222662	3	2	1	0.666667	0.000046	mixed	1	6
LHX4	89884	3	0	3	0.000000	0.000046	benign_only	1	1
LHX4-AS1	100527964	3	0	3	0.000000	0.000046	benign_only	1	1
LIG3	3980	3	0	3	0.000000	0.000046	benign_only	1	17
LIMK1	3984	3	0	3	0.000000	0.000046	benign_only	1	7
LLGL1	3996	3	0	3	0.000000	0.000046	benign_only	1	17
LMF1-AS1	101929387	3	1	2	0.333333	0.000046	mixed	1	16
LOC100130587	100130587	3	0	3	0.000000	0.000046	benign_only	1	20
LOC100287944	100287944	3	1	2	0.333333	0.000046	mixed	1	12
LOC102723692	102723692	3	1	2	0.333333	0.000046	mixed	1	16
LOC105370890	105370890	3	2	1	0.666667	0.000046	mixed	1	15
LOC105377785	105377785	3	0	3	0.000000	0.000046	benign_only	1	8
LOC107982234	107982234	3	0	3	0.000000	0.000046	benign_only	1	11
LOC107985033	107985033	3	0	3	0.000000	0.000046	benign_only	1	17
LOC107986822	107986822	3	0	3	0.000000	0.000046	benign_only	1	7
LOC108281177	108281177	3	2	1	0.666667	0.000046	mixed	1	3
LOC108663984	108663984	3	0	3	0.000000	0.000046	benign_only	1	X
LOC108663987	108663987	3	0	3	0.000000	0.000046	benign_only	1	14
LOC111811967	111811967	3	0	3	0.000000	0.000046	benign_only	1	19
LOC112997540	112997540	3	0	3	0.000000	0.000046	benign_only	1	4
LOC113664106	113664106	3	3	0	1.000000	0.000046	pathogenic_only	1	7
LOC114803478	114803478	3	0	3	0.000000	0.000046	benign_only	1	6
LOC121815974	121815974	3	3	0	1.000000	0.000046	pathogenic_only	1	10
LOC126088093	126088093	3	0	3	0.000000	0.000046	benign_only	1	15
LOC126805603	126805603	3	0	3	0.000000	0.000046	benign_only	1	1
LOC126805604	126805604	3	0	3	0.000000	0.000046	benign_only	1	1
LOC126805622	126805622	3	0	3	0.000000	0.000046	benign_only	1	1
LOC126805670	126805670	3	0	3	0.000000	0.000046	benign_only	1	1
LOC126806039	126806039	3	3	0	1.000000	0.000046	pathogenic_only	1	1
LOC126806390	126806390	3	0	3	0.000000	0.000046	benign_only	1	2
LOC126806420	126806420	3	0	3	0.000000	0.000046	benign_only	1	2
LOC126806421	126806421	3	0	3	0.000000	0.000046	benign_only	1	2
LOC126806424	126806424	3	0	3	0.000000	0.000046	benign_only	1	2
LOC126806425	126806425	3	0	3	0.000000	0.000046	benign_only	1	2
LOC126806428	126806428	3	0	3	0.000000	0.000046	benign_only	1	2
LOC126806429	126806429	3	0	3	0.000000	0.000046	benign_only	1	2
LOC126806446	126806446	3	3	0	1.000000	0.000046	pathogenic_only	1	2
LOC126806630	126806630	3	3	0	1.000000	0.000046	pathogenic_only	1	3
LOC126806689	126806689	3	0	3	0.000000	0.000046	benign_only	1	3
LOC126806710	126806710	3	0	3	0.000000	0.000046	benign_only	1	3
LOC126806878	126806878	3	3	0	1.000000	0.000046	pathogenic_only	1	3
LOC126806961	126806961	3	0	3	0.000000	0.000046	benign_only	1	4
LOC126807134	126807134	3	0	3	0.000000	0.000046	benign_only	1	4
LOC126807238	126807238	3	0	3	0.000000	0.000046	benign_only	1	4
LOC126807253	126807253	3	0	3	0.000000	0.000046	benign_only	1	4
LOC126859646	126859646	3	0	3	0.000000	0.000046	benign_only	1	6
LOC126860578	126860578	3	0	3	0.000000	0.000046	benign_only	1	9
LOC126860585	126860585	3	0	3	0.000000	0.000046	benign_only	1	9
LOC126860802	126860802	3	0	3	0.000000	0.000046	benign_only	1	10
LOC126860933	126860933	3	1	2	0.333333	0.000046	mixed	1	10
LOC126860960	126860960	3	0	3	0.000000	0.000046	benign_only	1	10
LOC126861242	126861242	3	3	0	1.000000	0.000046	pathogenic_only	1	11
LOC126861318	126861318	3	2	1	0.666667	0.000046	mixed	1	11
LOC126861834	126861834	3	3	0	1.000000	0.000046	pathogenic_only	1	13
LOC126861888	126861888	3	0	3	0.000000	0.000046	benign_only	1	14
LOC126861896	126861896	3	0	3	0.000000	0.000046	benign_only	1	14
LOC126862019	126862019	3	0	3	0.000000	0.000046	benign_only	1	14
LOC126862021	126862021	3	3	0	1.000000	0.000046	pathogenic_only	1	14
LOC126862115	126862115	3	2	1	0.666667	0.000046	mixed	1	15
LOC126862173	126862173	3	2	1	0.666667	0.000046	mixed	1	15
LOC126862323	126862323	3	0	3	0.000000	0.000046	benign_only	1	16
LOC126862363	126862363	3	0	3	0.000000	0.000046	benign_only	1	16
LOC126862427	126862427	3	0	3	0.000000	0.000046	benign_only	1	16
LOC126862493	126862493	3	0	3	0.000000	0.000046	benign_only	1	17
LOC126862549	126862549	3	2	1	0.666667	0.000046	mixed	1	17
LOC126862654	126862654	3	0	3	0.000000	0.000046	benign_only	1	17
LOC126862685	126862685	3	0	3	0.000000	0.000046	benign_only	1	18
LOC126862798	126862798	3	0	3	0.000000	0.000046	benign_only	1	18
LOC126862864	126862864	3	3	0	1.000000	0.000046	pathogenic_only	1	19
LOC126863158	126863158	3	0	3	0.000000	0.000046	benign_only	1	22
LOC126863258	126863258	3	2	1	0.666667	0.000046	mixed	1	X
LOC129929837	129929837	3	0	3	0.000000	0.000046	benign_only	1	1
LOC129932761	129932761	3	0	3	0.000000	0.000046	benign_only	1	1
LOC129934096	129934096	3	3	0	1.000000	0.000046	pathogenic_only	1	2
LOC129993918	129993918	3	0	3	0.000000	0.000046	benign_only	1	5
LOC129996727	129996727	3	2	1	0.666667	0.000046	mixed	1	6
LOC129997381	129997381	3	1	2	0.333333	0.000046	mixed	1	6
LOC129998005	129998005	3	0	3	0.000000	0.000046	benign_only	1	7
LOC130000170	130000170	3	0	3	0.000000	0.000046	benign_only	1	8
LOC130003148	130003148	3	0	3	0.000000	0.000046	benign_only	1	9
LOC130004563	130004563	3	0	3	0.000000	0.000046	benign_only	1	10
LOC130005023	130005023	3	2	1	0.666667	0.000046	mixed	1	10
LOC130005685	130005685	3	0	3	0.000000	0.000046	benign_only	1	11
LOC130006596	130006596	3	0	3	0.000000	0.000046	benign_only	1	11
LOC130056931	130056931	3	0	3	0.000000	0.000046	benign_only	1	15
LOC130057888	130057888	3	0	3	0.000000	0.000046	benign_only	1	15
LOC130059554	130059554	3	2	1	0.666667	0.000046	mixed	1	16
LOC130059837	130059837	3	3	0	1.000000	0.000046	pathogenic_only	1	16
LOC130061045	130061045	3	3	0	1.000000	0.000046	pathogenic_only	1	17
LOC130061786	130061786	3	0	3	0.000000	0.000046	benign_only	1	17
LOC130064417	130064417	3	0	3	0.000000	0.000046	benign_only	1	19
LOC130068781	130068781	3	1	2	0.333333	0.000046	mixed	1	X
LPCAT2	54947	3	0	3	0.000000	0.000046	benign_only	1	16
LRAT	9227	3	2	1	0.666667	0.000046	mixed	1	4
LRP10	26020	3	0	3	0.000000	0.000046	benign_only	1	14
LRTM1	57408	3	0	3	0.000000	0.000046	benign_only	1	3
LTBP3	4054	3	0	3	0.000000	0.000046	benign_only	1	11
LTBR	4055	3	0	3	0.000000	0.000046	benign_only	1	12
LTF	4057	3	0	3	0.000000	0.000046	benign_only	1	3
LYRM7	90624	3	1	2	0.333333	0.000046	mixed	1	5
MAGED2	10916	3	0	3	0.000000	0.000046	benign_only	1	X
MAGI2	9863	3	0	3	0.000000	0.000046	benign_only	1	7
MALRD1	340895	3	0	3	0.000000	0.000046	benign_only	1	10
MAOA	4128	3	1	2	0.333333	0.000046	mixed	1	X
MAP3K15	389840	3	0	3	0.000000	0.000046	benign_only	1	X
MCC	4163	3	0	3	0.000000	0.000046	benign_only	1	5
MCEE	84693	3	0	3	0.000000	0.000046	benign_only	1	2
MCF2	4168	3	0	3	0.000000	0.000046	benign_only	1	X
MCOLN2	255231	3	0	3	0.000000	0.000046	benign_only	1	1
MCPH1-AS1	100507530	3	0	3	0.000000	0.000046	benign_only	1	8
MEGF10	84466	3	1	2	0.333333	0.000046	mixed	1	5
MELK	9833	3	0	3	0.000000	0.000046	benign_only	1	9
MEOX1	4222	3	0	3	0.000000	0.000046	benign_only	1	17
METTL23	124512	3	0	3	0.000000	0.000046	benign_only	1	17
MFAP5	8076	3	0	3	0.000000	0.000046	benign_only	1	12
MFF	56947	3	0	3	0.000000	0.000046	benign_only	1	2
MFSD9	84804	3	0	3	0.000000	0.000046	benign_only	1	2
MICU1	10367	3	1	2	0.333333	0.000046	mixed	1	10
MIIP	60672	3	0	3	0.000000	0.000046	benign_only	1	1
MIP	4284	3	1	2	0.333333	0.000046	mixed	1	12
MISP	126353	3	0	3	0.000000	0.000046	benign_only	1	19
MMEL1	79258	3	0	3	0.000000	0.000046	benign_only	1	1
MNX1	3110	3	0	3	0.000000	0.000046	benign_only	1	7
MOCS3	27304	3	0	3	0.000000	0.000046	benign_only	1	20
MRGPRX4	117196	3	0	3	0.000000	0.000046	benign_only	1	11
MRI1	84245	3	0	3	0.000000	0.000046	benign_only	1	19
MRPL3	11222	3	0	3	0.000000	0.000046	benign_only	1	3
MRPL44	65080	3	1	2	0.333333	0.000046	mixed	1	2
MRPS16	51021	3	0	3	0.000000	0.000046	benign_only	1	10
MSC-AS1	100132891	3	0	3	0.000000	0.000046	benign_only	1	8
MSMO1	6307	3	0	3	0.000000	0.000046	benign_only	1	4
MSRB3	253827	3	2	1	0.666667	0.000046	mixed	1	12
MSX2	4488	3	1	2	0.333333	0.000046	mixed	1	5
MTAP	4507	3	0	3	0.000000	0.000046	benign_only	1	9
MTERF2	80298	3	0	3	0.000000	0.000046	benign_only	1	12
MTMR14	64419	3	0	3	0.000000	0.000046	benign_only	1	3
MTMR9	66036	3	0	3	0.000000	0.000046	benign_only	1	8
MTPAP	55149	3	0	3	0.000000	0.000046	benign_only	1	10
MTUS1	57509	3	0	3	0.000000	0.000046	benign_only	1	8
MUC15	143662	3	0	3	0.000000	0.000046	benign_only	1	11
MVP	9961	3	0	3	0.000000	0.000046	benign_only	1	16
MYD88	4615	3	0	3	0.000000	0.000046	benign_only	1	3
MYL3	4634	3	3	0	1.000000	0.000046	pathogenic_only	1	3
MYOCD	93649	3	0	3	0.000000	0.000046	benign_only	1	17
MYOZ2	51778	3	0	3	0.000000	0.000046	benign_only	1	4
NACA	4666	3	0	3	0.000000	0.000046	benign_only	1	12
NADK2	133686	3	0	3	0.000000	0.000046	benign_only	1	5
NANS	54187	3	0	3	0.000000	0.000046	benign_only	1	9
NAT10	55226	3	0	3	0.000000	0.000046	benign_only	1	11
NCAPH	23397	3	0	3	0.000000	0.000046	benign_only	1	2
NCOA6	23054	3	0	3	0.000000	0.000046	benign_only	1	20
NCOR2	9612	3	0	3	0.000000	0.000046	benign_only	1	12
NDN	4692	3	0	3	0.000000	0.000046	benign_only	1	15
NDST1	3340	3	1	2	0.333333	0.000046	mixed	1	5
NDUFA11	126328	3	0	3	0.000000	0.000046	benign_only	1	19
NDUFB9	4715	3	0	3	0.000000	0.000046	benign_only	1	8
NDUFS2	4720	3	1	2	0.333333	0.000046	mixed	1	1
NDUFV2	4729	3	1	2	0.333333	0.000046	mixed	1	18
NECTIN1	5818	3	0	3	0.000000	0.000046	benign_only	1	11
NEIL1	79661	3	0	3	0.000000	0.000046	benign_only	1	15
NEK2	4751	3	0	3	0.000000	0.000046	benign_only	1	1
NFAM1	150372	3	0	3	0.000000	0.000046	benign_only	1	22
NFIA	4774	3	0	3	0.000000	0.000046	benign_only	1	1
NFIB	4781	3	3	0	1.000000	0.000046	pathogenic_only	1	9
NFS1	9054	3	0	3	0.000000	0.000046	benign_only	1	20
NHERF1	9368	3	0	3	0.000000	0.000046	benign_only	1	17
NIPA1	123606	3	3	0	1.000000	0.000046	pathogenic_only	1	15
NKX2-6	137814	3	0	3	0.000000	0.000046	benign_only	1	8
NKX3-2	579	3	0	3	0.000000	0.000046	benign_only	1	4
NKX6-2	84504	3	1	2	0.333333	0.000046	mixed	1	10
NLRP11	204801	3	0	3	0.000000	0.000046	benign_only	1	19
NLRP9	338321	3	0	3	0.000000	0.000046	benign_only	1	19
NPAS2	4862	3	0	3	0.000000	0.000046	benign_only	1	2
NPPB	4879	3	0	3	0.000000	0.000046	benign_only	1	1
NRCAM	4897	3	0	3	0.000000	0.000046	benign_only	1	7
NRP1	8829	3	0	3	0.000000	0.000046	benign_only	1	10
NRROS	375387	3	0	3	0.000000	0.000046	benign_only	1	3
NT5DC4	284958	3	0	3	0.000000	0.000046	benign_only	1	2
NTSR1	4923	3	0	3	0.000000	0.000046	benign_only	1	20
NUFIP2	57532	3	0	3	0.000000	0.000046	benign_only	1	17
NYNRIN	57523	3	0	3	0.000000	0.000046	benign_only	1	14
ODAPH	152816	3	0	3	0.000000	0.000046	benign_only	1	4
ODC1	4953	3	0	3	0.000000	0.000046	benign_only	1	2
OGDHL	55753	3	0	3	0.000000	0.000046	benign_only	1	10
OPA3	80207	3	2	1	0.666667	0.000046	mixed	1	19
OPN1LW	5956	3	1	2	0.333333	0.000046	mixed	1	X
OPTN	10133	3	0	3	0.000000	0.000046	benign_only	1	10
OR10H5	284433	3	0	3	0.000000	0.000046	benign_only	1	19
OR1F1	4992	3	0	3	0.000000	0.000046	benign_only	1	16
OR2AG1	144125	3	0	3	0.000000	0.000046	benign_only	1	11
OR4M2-OT1	101927079	3	0	3	0.000000	0.000046	benign_only	1	15
OR4N4	283694	3	0	3	0.000000	0.000046	benign_only	1	15
OSBPL5	114879	3	0	3	0.000000	0.000046	benign_only	1	11
PADI4	23569	3	0	3	0.000000	0.000046	benign_only	1	1
PAPPA-AS2	103611155	3	0	3	0.000000	0.000046	benign_only	1	9
PAPSS2	9060	3	0	3	0.000000	0.000046	benign_only	1	10
PARD3	56288	3	0	3	0.000000	0.000046	benign_only	1	10
PARN	5073	3	0	3	0.000000	0.000046	benign_only	1	16
PARP10	84875	3	0	3	0.000000	0.000046	benign_only	1	8
PARP14	54625	3	0	3	0.000000	0.000046	benign_only	1	3
PDE2A	5138	3	0	3	0.000000	0.000046	benign_only	1	11
PDE3B	5140	3	1	2	0.333333	0.000046	mixed	1	11
PDE4DIP	9659	3	0	3	0.000000	0.000046	benign_only	1	1
PDE5A	8654	3	0	3	0.000000	0.000046	benign_only	1	4
PDLIM3	27295	3	0	3	0.000000	0.000046	benign_only	1	4
PDSS1	23590	3	0	3	0.000000	0.000046	benign_only	1	10
PDSS2	57107	3	0	3	0.000000	0.000046	benign_only	1	6
PDXK	8566	3	1	2	0.333333	0.000046	mixed	1	21
PEX13	5194	3	1	2	0.333333	0.000046	mixed	1	2
PEX19	5824	3	1	2	0.333333	0.000046	mixed	1	1
PGAM5	192111	3	0	3	0.000000	0.000046	benign_only	1	12
PHC1	1911	3	0	3	0.000000	0.000046	benign_only	1	12
PHRF1	57661	3	0	3	0.000000	0.000046	benign_only	1	11
PIGL	9487	3	3	0	1.000000	0.000046	pathogenic_only	1	17
PIGM	93183	3	1	2	0.333333	0.000046	mixed	1	1
PIK3C2B	5287	3	0	3	0.000000	0.000046	benign_only	1	1
PIM3	415116	3	0	3	0.000000	0.000046	benign_only	1	22
PISD	23761	3	1	2	0.333333	0.000046	mixed	1	22
PIWIL4-AS1	105369438	3	0	3	0.000000	0.000046	benign_only	1	11
PJA1	64219	3	0	3	0.000000	0.000046	benign_only	1	X
PLA2G4A	5321	3	0	3	0.000000	0.000046	benign_only	1	1
PLA2G4E	123745	3	0	3	0.000000	0.000046	benign_only	1	15
PLCD1	5333	3	0	3	0.000000	0.000046	benign_only	1	3
PLCH2	9651	3	0	3	0.000000	0.000046	benign_only	1	1
PLTP	5360	3	0	3	0.000000	0.000046	benign_only	1	20
PLXNB1	5364	3	0	3	0.000000	0.000046	benign_only	1	3
PM20D1	148811	3	0	3	0.000000	0.000046	benign_only	1	1
PML	5371	3	0	3	0.000000	0.000046	benign_only	1	15
POGLUT1	56983	3	1	2	0.333333	0.000046	mixed	1	3
POLE2	5427	3	0	3	0.000000	0.000046	benign_only	1	14
PON2	5445	3	0	3	0.000000	0.000046	benign_only	1	7
PON3	5446	3	0	3	0.000000	0.000046	benign_only	1	7
PPFIA3	8541	3	2	1	0.666667	0.000046	mixed	1	19
PPIB	5479	3	2	1	0.666667	0.000046	mixed	1	15
PPOX	5498	3	2	1	0.666667	0.000046	mixed	1	1
PPP1R12A	4659	3	0	3	0.000000	0.000046	benign_only	1	12
PPP1R13B	23368	3	0	3	0.000000	0.000046	benign_only	1	14
PPP2R5C	5527	3	1	2	0.333333	0.000046	mixed	1	14
PRDM10	56980	3	0	3	0.000000	0.000046	benign_only	1	11
PRH1-TAS2R14	106707243	3	0	3	0.000000	0.000046	benign_only	1	12
PRKAR1B	5575	3	1	2	0.333333	0.000046	mixed	1	7
PROM1	8842	3	2	1	0.666667	0.000046	mixed	1	4
PROSER2	254427	3	0	3	0.000000	0.000046	benign_only	1	10
PROSER2-AS1	219731	3	0	3	0.000000	0.000046	benign_only	1	10
PROX2	283571	3	0	3	0.000000	0.000046	benign_only	1	14
PRRC2B	84726	3	0	3	0.000000	0.000046	benign_only	1	9
PRSS38	339501	3	0	3	0.000000	0.000046	benign_only	1	1
PSMB11	122706	3	0	3	0.000000	0.000046	benign_only	1	14
PSMB9	5698	3	0	3	0.000000	0.000046	benign_only	1	6
PTF1A	256297	3	1	2	0.333333	0.000046	mixed	1	10
PTX3	5806	3	0	3	0.000000	0.000046	benign_only	1	3
PUM1	9698	3	1	2	0.333333	0.000046	mixed	1	1
PUM3	9933	3	0	3	0.000000	0.000046	benign_only	1	9
PYCR2	29920	3	2	1	0.666667	0.000046	mixed	1	1
PYROXD1	79912	3	1	2	0.333333	0.000046	mixed	1	12
PYY	5697	3	0	3	0.000000	0.000046	benign_only	1	17
QRFP	347148	3	0	3	0.000000	0.000046	benign_only	1	9
RAB23	51715	3	0	3	0.000000	0.000046	benign_only	1	6
RABL6	55684	3	0	3	0.000000	0.000046	benign_only	1	9
RAD51AP1	10635	3	0	3	0.000000	0.000046	benign_only	1	12
RALA	5898	3	2	1	0.666667	0.000046	mixed	1	7
RBBP8	5932	3	0	3	0.000000	0.000046	benign_only	1	18
RBPJ	3516	3	1	2	0.333333	0.000046	mixed	1	4
RBPJL	11317	3	0	3	0.000000	0.000046	benign_only	1	20
REN	5972	3	1	2	0.333333	0.000046	mixed	1	1
RGL1	23179	3	0	3	0.000000	0.000046	benign_only	1	1
RGS6	9628	3	0	3	0.000000	0.000046	benign_only	1	14
RHAG	6005	3	1	2	0.333333	0.000046	mixed	1	6
RLF	6018	3	0	3	0.000000	0.000046	benign_only	1	1
RMND5B	64777	3	0	3	0.000000	0.000046	benign_only	1	5
RNF113A	7737	3	0	3	0.000000	0.000046	benign_only	1	X
RNF13	11342	3	0	3	0.000000	0.000046	benign_only	1	3
RNF170	81790	3	2	1	0.666667	0.000046	mixed	1	8
ROGDI	79641	3	0	3	0.000000	0.000046	benign_only	1	16
ROM1	6094	3	0	3	0.000000	0.000046	benign_only	1	11
RORA	6095	3	0	3	0.000000	0.000046	benign_only	1	15
RORB	6096	3	2	1	0.666667	0.000046	mixed	1	9
RPL3L	6123	3	0	3	0.000000	0.000046	benign_only	1	16
RPS26	6231	3	3	0	1.000000	0.000046	pathogenic_only	1	12
RTN4IP1	84816	3	1	2	0.333333	0.000046	mixed	1	6
SBNO1	55206	3	0	3	0.000000	0.000046	benign_only	1	12
SC5D	6309	3	0	3	0.000000	0.000046	benign_only	1	11
SCAF4	57466	3	1	2	0.333333	0.000046	mixed	1	21
SCAMP4	113178	3	1	2	0.333333	0.000046	mixed	1	19
SCLY	51540	3	0	3	0.000000	0.000046	benign_only	1	2
SCO1	6341	3	1	2	0.333333	0.000046	mixed	1	17
SEC23IP	11196	3	0	3	0.000000	0.000046	benign_only	1	10
SEC63	11231	3	0	3	0.000000	0.000046	benign_only	1	6
SECISBP2	79048	3	0	3	0.000000	0.000046	benign_only	1	9
SEL1L3	23231	3	0	3	0.000000	0.000046	benign_only	1	4
SELE	6401	3	0	3	0.000000	0.000046	benign_only	1	1
SELP	6403	3	0	3	0.000000	0.000046	benign_only	1	1
SEMA6A	57556	3	0	3	0.000000	0.000046	benign_only	1	5
SERPINB2	5055	3	0	3	0.000000	0.000046	benign_only	1	18
SERPIND1	3053	3	0	3	0.000000	0.000046	benign_only	1	22
SESN2	83667	3	0	3	0.000000	0.000046	benign_only	1	1
SETDB1	9869	3	0	3	0.000000	0.000046	benign_only	1	1
SF3B4	10262	3	0	3	0.000000	0.000046	benign_only	1	1
SFI1	9814	3	0	3	0.000000	0.000046	benign_only	1	22
SGCD	6444	3	1	2	0.333333	0.000046	mixed	1	5
SGO1	151648	3	1	2	0.333333	0.000046	mixed	1	3
SGO1-AS1	100874028	3	1	2	0.333333	0.000046	mixed	1	3
SH3KBP1	30011	3	0	3	0.000000	0.000046	benign_only	1	X
SHARPIN	81858	3	0	3	0.000000	0.000046	benign_only	1	8
SHBG	6462	3	0	3	0.000000	0.000046	benign_only	1	17
SHMT1	6470	3	0	3	0.000000	0.000046	benign_only	1	17
SHROOM2	357	3	0	3	0.000000	0.000046	benign_only	1	X
SIK3	23387	3	0	3	0.000000	0.000046	benign_only	1	11
SIM1-AS1	102724406	3	0	3	0.000000	0.000046	benign_only	1	6
SIRT1	23411	3	0	3	0.000000	0.000046	benign_only	1	10
SIRT2	22933	3	0	3	0.000000	0.000046	benign_only	1	19
SLA	6503	3	0	3	0.000000	0.000046	benign_only	1	8
SLC12A5	57468	3	1	2	0.333333	0.000046	mixed	1	20
SLC1A3-AS1	107986412	3	0	3	0.000000	0.000046	benign_only	1	5
SLC22A12	116085	3	3	0	1.000000	0.000046	pathogenic_only	1	11
SLC22A14	9389	3	0	3	0.000000	0.000046	benign_only	1	3
SLC25A10	1468	3	0	3	0.000000	0.000046	benign_only	1	17
SLC25A22	79751	3	1	2	0.333333	0.000046	mixed	1	11
SLC25A24	29957	3	2	1	0.666667	0.000046	mixed	1	1
SLC25A26	115286	3	0	3	0.000000	0.000046	benign_only	1	3
SLC25A4	291	3	2	1	0.666667	0.000046	mixed	1	4
SLC26A5	375611	3	0	3	0.000000	0.000046	benign_only	1	7
SLC26A8	116369	3	0	3	0.000000	0.000046	benign_only	1	6
SLC29A4	222962	3	0	3	0.000000	0.000046	benign_only	1	7
SLC2A9-AS3	124900664	3	1	2	0.333333	0.000046	mixed	1	4
SLC36A2	153201	3	0	3	0.000000	0.000046	benign_only	1	5
SLC37A1	54020	3	0	3	0.000000	0.000046	benign_only	1	21
SLC39A7	7922	3	0	3	0.000000	0.000046	benign_only	1	6
SLC3A2	6520	3	0	3	0.000000	0.000046	benign_only	1	11
SLC46A1	113235	3	0	3	0.000000	0.000046	benign_only	1	17
SLC4A4	8671	3	0	3	0.000000	0.000046	benign_only	1	4
SLC67A1	5002	3	0	3	0.000000	0.000046	benign_only	1	11
SLC6A9	6536	3	0	3	0.000000	0.000046	benign_only	1	1
SLC7A6	9057	3	0	3	0.000000	0.000046	benign_only	1	16
SLC9C1	285335	3	0	3	0.000000	0.000046	benign_only	1	3
SLFN5	162394	3	0	3	0.000000	0.000046	benign_only	1	17
SLIT2	9353	3	0	3	0.000000	0.000046	benign_only	1	4
SLIT3	6586	3	0	3	0.000000	0.000046	benign_only	1	5
SMAD9	4093	3	0	3	0.000000	0.000046	benign_only	1	13
SMARCAD1	56916	3	0	3	0.000000	0.000046	benign_only	1	4
SMARCE1	6605	3	2	1	0.666667	0.000046	mixed	1	17
SMC2	10592	3	0	3	0.000000	0.000046	benign_only	1	9
SMG6	23293	3	0	3	0.000000	0.000046	benign_only	1	17
SNX14	57231	3	0	3	0.000000	0.000046	benign_only	1	6
SORCS3	22986	3	0	3	0.000000	0.000046	benign_only	1	10
SOST	50964	3	1	2	0.333333	0.000046	mixed	1	17
SOX4	6659	3	0	3	0.000000	0.000046	benign_only	1	6
SPATA18	132671	3	0	3	0.000000	0.000046	benign_only	1	4
SPINK1	6690	3	0	3	0.000000	0.000046	benign_only	1	5
SPINT1	6692	3	0	3	0.000000	0.000046	benign_only	1	15
SPN	6693	3	0	3	0.000000	0.000046	benign_only	1	16
SPOUT1	51490	3	1	2	0.333333	0.000046	mixed	1	9
SPR	6697	3	3	0	1.000000	0.000046	pathogenic_only	1	2
SREBF1	6720	3	1	2	0.333333	0.000046	mixed	1	17
SRGAP1	57522	3	0	3	0.000000	0.000046	benign_only	1	12
SRP54	6729	3	2	1	0.666667	0.000046	mixed	1	14
SRPX2	27286	3	0	3	0.000000	0.000046	benign_only	1	X
SSH1	54434	3	0	3	0.000000	0.000046	benign_only	1	12
STAC3	246329	3	1	2	0.333333	0.000046	mixed	1	12
STARD13	90627	3	0	3	0.000000	0.000046	benign_only	1	13
STEAP3-AS1	100874111	3	0	3	0.000000	0.000046	benign_only	1	2
STN1	79991	3	0	3	0.000000	0.000046	benign_only	1	10
STPG1	90529	3	0	3	0.000000	0.000046	benign_only	1	1
STRADA	92335	3	0	3	0.000000	0.000046	benign_only	1	17
STUB1	10273	3	2	1	0.666667	0.000046	mixed	1	16
SULF2	55959	3	0	3	0.000000	0.000046	benign_only	1	20
SYCE1	93426	3	0	3	0.000000	0.000046	benign_only	1	10
SYDE2	84144	3	0	3	0.000000	0.000046	benign_only	1	1
SYN1	6853	3	1	2	0.333333	0.000046	mixed	1	X
SYTL2	54843	3	0	3	0.000000	0.000046	benign_only	1	11
TACR2	6865	3	0	3	0.000000	0.000046	benign_only	1	10
TACR3	6870	3	1	2	0.333333	0.000046	mixed	1	4
TAF4B	6875	3	0	3	0.000000	0.000046	benign_only	1	18
TAF6	6878	3	0	3	0.000000	0.000046	benign_only	1	7
TAGLN	6876	3	0	3	0.000000	0.000046	benign_only	1	11
TALDO1	6888	3	2	1	0.666667	0.000046	mixed	1	11
TAOK1	57551	3	1	2	0.333333	0.000046	mixed	1	17
TAPBPL	55080	3	2	1	0.666667	0.000046	mixed	1	12
TAS1R3	83756	3	0	3	0.000000	0.000046	benign_only	1	1
TBX20	57057	3	0	3	0.000000	0.000046	benign_only	1	7
TBX6	6911	3	0	3	0.000000	0.000046	benign_only	1	16
TCF12	6938	3	0	3	0.000000	0.000046	benign_only	1	15
TCHH	7062	3	0	3	0.000000	0.000046	benign_only	1	1
TCN1	6947	3	0	3	0.000000	0.000046	benign_only	1	11
TCTN2	79867	3	1	2	0.333333	0.000046	mixed	1	12
TEAD2	8463	3	0	3	0.000000	0.000046	benign_only	1	19
TENT5A	55603	3	0	3	0.000000	0.000046	benign_only	1	6
TFAP2B	7021	3	2	1	0.666667	0.000046	mixed	1	6
TGM2	7052	3	0	3	0.000000	0.000046	benign_only	1	20
THOC2	57187	3	1	2	0.333333	0.000046	mixed	1	X
THRA	7067	3	3	0	1.000000	0.000046	pathogenic_only	1	17
TIA1	7072	3	1	2	0.333333	0.000046	mixed	1	2
TICRR	90381	3	0	3	0.000000	0.000046	benign_only	1	15
TLK2	11011	3	3	0	1.000000	0.000046	pathogenic_only	1	17
TLL2	7093	3	0	3	0.000000	0.000046	benign_only	1	10
TLR2	7097	3	0	3	0.000000	0.000046	benign_only	1	4
TLR7	51284	3	0	3	0.000000	0.000046	benign_only	1	X
TMEM126A	84233	3	0	3	0.000000	0.000046	benign_only	1	11
TMEM132D	121256	3	0	3	0.000000	0.000046	benign_only	1	12
TMEM147	10430	3	3	0	1.000000	0.000046	pathogenic_only	1	19
TMEM201	199953	3	0	3	0.000000	0.000046	benign_only	1	1
TMEM216	51259	3	2	1	0.666667	0.000046	mixed	1	11
TMEM63B	55362	3	3	0	1.000000	0.000046	pathogenic_only	1	6
TMIE	259236	3	2	1	0.666667	0.000046	mixed	1	3
TNFRSF10D	8793	3	0	3	0.000000	0.000046	benign_only	1	8
TNFRSF11B	4982	3	0	3	0.000000	0.000046	benign_only	1	8
TNFRSF4	7293	3	0	3	0.000000	0.000046	benign_only	1	1
TNFSF11	8600	3	0	3	0.000000	0.000046	benign_only	1	13
TNNI2	7136	3	3	0	1.000000	0.000046	pathogenic_only	1	11
TOP2A	7153	3	0	3	0.000000	0.000046	benign_only	1	17
TOPAZ1	375337	3	0	3	0.000000	0.000046	benign_only	1	3
TP53BP2	7159	3	0	3	0.000000	0.000046	benign_only	1	1
TPK1	27010	3	2	1	0.666667	0.000046	mixed	1	7
TPR	7175	3	0	3	0.000000	0.000046	benign_only	1	1
TRAIP	10293	3	0	3	0.000000	0.000046	benign_only	1	3
TRH	7200	3	0	3	0.000000	0.000046	benign_only	1	3
TRIM14	9830	3	0	3	0.000000	0.000046	benign_only	1	9
TRIM28	10155	3	0	3	0.000000	0.000046	benign_only	1	19
TRIM37	4591	3	0	3	0.000000	0.000046	benign_only	1	17
TRIM5	85363	3	0	3	0.000000	0.000046	benign_only	1	11
TRIP10	9322	3	0	3	0.000000	0.000046	benign_only	1	19
TRMT10C	54931	3	0	3	0.000000	0.000046	benign_only	1	3
TRPM8	79054	3	0	3	0.000000	0.000046	benign_only	1	2
TRPV1	7442	3	0	3	0.000000	0.000046	benign_only	1	17
TSEN2	80746	3	0	3	0.000000	0.000046	benign_only	1	3
TSEN34	79042	3	0	3	0.000000	0.000046	benign_only	1	19
TSR2	90121	3	0	3	0.000000	0.000046	benign_only	1	X
TTC14	151613	3	0	3	0.000000	0.000046	benign_only	1	3
TTC19	54902	3	1	2	0.333333	0.000046	mixed	1	17
TTC21B-AS1	100506134	3	1	2	0.333333	0.000046	mixed	1	2
TTF1	7270	3	0	3	0.000000	0.000046	benign_only	1	9
TTLL4	9654	3	0	3	0.000000	0.000046	benign_only	1	2
TUB	7275	3	0	3	0.000000	0.000046	benign_only	1	11
TUBA4A	7277	3	2	1	0.666667	0.000046	mixed	1	2
TUBB4B	10383	3	3	0	1.000000	0.000046	pathogenic_only	1	9
TYRO3	7301	3	0	3	0.000000	0.000046	benign_only	1	15
UBA5	79876	3	1	2	0.333333	0.000046	mixed	1	3
UBE2F-SCLY	100533179	3	0	3	0.000000	0.000046	benign_only	1	2
UBIAD1	29914	3	0	3	0.000000	0.000046	benign_only	1	1
UGDH	7358	3	2	1	0.666667	0.000046	mixed	1	4
UGT2A1	10941	3	0	3	0.000000	0.000046	benign_only	1	4
UGT2B17	7367	3	0	3	0.000000	0.000046	benign_only	1	4
UGT2B28	54490	3	0	3	0.000000	0.000046	benign_only	1	4
ULK1	8408	3	0	3	0.000000	0.000046	benign_only	1	12
UNC13A	23025	3	1	2	0.333333	0.000046	mixed	1	19
UQCC2	84300	3	0	3	0.000000	0.000046	benign_only	1	6
UQCRB	7381	3	0	3	0.000000	0.000046	benign_only	1	8
URB2	9816	3	0	3	0.000000	0.000046	benign_only	1	1
USB1	79650	3	1	2	0.333333	0.000046	mixed	1	16
USP26	83844	3	0	3	0.000000	0.000046	benign_only	1	X
USP4	7375	3	0	3	0.000000	0.000046	benign_only	1	3
UTP4	84916	3	0	3	0.000000	0.000046	benign_only	1	16
VAC14	55697	3	0	3	0.000000	0.000046	benign_only	1	16
VAMP1	6843	3	2	1	0.666667	0.000046	mixed	1	12
VAV3	10451	3	0	3	0.000000	0.000046	benign_only	1	1
VCL	7414	3	0	3	0.000000	0.000046	benign_only	1	10
VEPH1	79674	3	0	3	0.000000	0.000046	benign_only	1	3
VPS33B	26276	3	0	3	0.000000	0.000046	benign_only	1	15
VPS35	55737	3	1	2	0.333333	0.000046	mixed	1	16
VSIR	64115	3	0	3	0.000000	0.000046	benign_only	1	10
VWA8	23078	3	0	3	0.000000	0.000046	benign_only	1	13
WASHC4	23325	3	0	3	0.000000	0.000046	benign_only	1	12
WDR1	9948	3	0	3	0.000000	0.000046	benign_only	1	4
WDR11	55717	3	0	3	0.000000	0.000046	benign_only	1	10
WDR59	79726	3	0	3	0.000000	0.000046	benign_only	1	16
WFDC1	58189	3	0	3	0.000000	0.000046	benign_only	1	16
WNK2	65268	3	0	3	0.000000	0.000046	benign_only	1	9
WNT5A	7474	3	1	2	0.333333	0.000046	mixed	1	3
XPO5	57510	3	0	3	0.000000	0.000046	benign_only	1	6
YAP1	10413	3	0	3	0.000000	0.000046	benign_only	1	11
ZBBX	79740	3	0	3	0.000000	0.000046	benign_only	1	3
ZBTB20-AS1	100131117	3	1	2	0.333333	0.000046	mixed	1	3
ZBTB42	100128927	3	0	3	0.000000	0.000046	benign_only	1	14
ZCCHC8	55596	3	0	3	0.000000	0.000046	benign_only	1	12
ZFHX3-AS1	101927978	3	0	3	0.000000	0.000046	benign_only	1	16
ZFPM1	161882	3	0	3	0.000000	0.000046	benign_only	1	16
ZHX3	23051	3	0	3	0.000000	0.000046	benign_only	1	20
ZIC1	7545	3	0	3	0.000000	0.000046	benign_only	1	3
ZMYM3	9203	3	1	2	0.333333	0.000046	mixed	1	X
ZNF107	51427	3	0	3	0.000000	0.000046	benign_only	1	7
ZNF143	7702	3	0	3	0.000000	0.000046	benign_only	1	11
ZNF224	7767	3	0	3	0.000000	0.000046	benign_only	1	19
ZNF225-AS1	100379224	3	0	3	0.000000	0.000046	benign_only	1	19
ZNF302	55900	3	0	3	0.000000	0.000046	benign_only	1	19
ZNF44	51710	3	0	3	0.000000	0.000046	benign_only	1	19
ZNF587	84914	3	0	3	0.000000	0.000046	benign_only	1	19
ZNF592	9640	3	0	3	0.000000	0.000046	benign_only	1	15
ZNF727	442319	3	0	3	0.000000	0.000046	benign_only	1	7
ZNF778	197320	3	0	3	0.000000	0.000046	benign_only	1	16
ABCA8	10351	2	0	2	0.000000	0.000031	benign_only	1	17
ABCB5	340273	2	0	2	0.000000	0.000031	benign_only	1	7
ABCC1	4363	2	0	2	0.000000	0.000031	benign_only	1	16
ABCC12	94160	2	0	2	0.000000	0.000031	benign_only	1	16
ABHD12	26090	2	0	2	0.000000	0.000031	benign_only	1	20
ABHD14A-ACY1	100526760	2	0	2	0.000000	0.000031	benign_only	1	3
ABL2	27	2	0	2	0.000000	0.000031	benign_only	1	1
ACE2	59272	2	0	2	0.000000	0.000031	benign_only	1	X
ACER3	55331	2	0	2	0.000000	0.000031	benign_only	1	11
ACKR1	2532	2	0	2	0.000000	0.000031	benign_only	1	1
ACO2	50	2	1	1	0.500000	0.000031	mixed	1	22
ACOD1	730249	2	0	2	0.000000	0.000031	benign_only	1	13
ACOT9	23597	2	0	2	0.000000	0.000031	benign_only	1	X
ACP2	53	2	0	2	0.000000	0.000031	benign_only	1	11
ACP4	93650	2	1	1	0.500000	0.000031	mixed	1	19
ACSBG1	23205	2	0	2	0.000000	0.000031	benign_only	1	15
ACSF2	80221	2	0	2	0.000000	0.000031	benign_only	1	17
ACSL5	51703	2	0	2	0.000000	0.000031	benign_only	1	10
ACSS2	55902	2	0	2	0.000000	0.000031	benign_only	1	20
ACTRT1	139741	2	0	2	0.000000	0.000031	benign_only	1	X
ACVR1C	130399	2	0	2	0.000000	0.000031	benign_only	1	2
ACY1	95	2	0	2	0.000000	0.000031	benign_only	1	3
ADAM15	8751	2	0	2	0.000000	0.000031	benign_only	1	1
ADAM15-EFNA4	125467744	2	0	2	0.000000	0.000031	benign_only	1	1
ADAMTS7	11173	2	0	2	0.000000	0.000031	benign_only	1	15
ADAMTS9-AS2	100507098	2	0	2	0.000000	0.000031	benign_only	1	3
ADARB2	105	2	0	2	0.000000	0.000031	benign_only	1	10
ADCY9	115	2	0	2	0.000000	0.000031	benign_only	1	16
ADGRA2	25960	2	0	2	0.000000	0.000031	benign_only	1	8
ADGRG2	10149	2	0	2	0.000000	0.000031	benign_only	1	X
ADGRG7	84873	2	0	2	0.000000	0.000031	benign_only	1	3
ADGRL1	22859	2	0	2	0.000000	0.000031	benign_only	1	19
ADGRL1-AS1	100507373	2	0	2	0.000000	0.000031	benign_only	1	19
ADH1C	126	2	0	2	0.000000	0.000031	benign_only	1	4
ADIPOQ	9370	2	0	2	0.000000	0.000031	benign_only	1	3
ADIPOQ-AS1	100874095	2	0	2	0.000000	0.000031	benign_only	1	3
ADK	132	2	1	1	0.500000	0.000031	mixed	1	10
ADRA2B	151	2	0	2	0.000000	0.000031	benign_only	1	2
ADRB3	155	2	0	2	0.000000	0.000031	benign_only	1	8
AFF1	4299	2	0	2	0.000000	0.000031	benign_only	1	4
AGBL2	79841	2	0	2	0.000000	0.000031	benign_only	1	11
AGK	55750	2	0	2	0.000000	0.000031	benign_only	1	7
AGMO	392636	2	0	2	0.000000	0.000031	benign_only	1	7
AGPS	8540	2	1	1	0.500000	0.000031	mixed	1	2
AGTR2	186	2	0	2	0.000000	0.000031	benign_only	1	X
AGXT2	64902	2	0	2	0.000000	0.000031	benign_only	1	5
AIMP2	7965	2	0	2	0.000000	0.000031	benign_only	1	7
AJAP1	55966	2	0	2	0.000000	0.000031	benign_only	1	1
AK1	203	2	0	2	0.000000	0.000031	benign_only	1	9
AKAP19	84281	2	0	2	0.000000	0.000031	benign_only	1	2
AKAP5	9495	2	0	2	0.000000	0.000031	benign_only	1	14
AKR1C3	8644	2	0	2	0.000000	0.000031	benign_only	1	10
AKR1C4	1109	2	0	2	0.000000	0.000031	benign_only	1	10
AKT1	207	2	1	1	0.500000	0.000031	mixed	1	14
ALAD	210	2	1	1	0.500000	0.000031	mixed	1	9
ALB	213	2	0	2	0.000000	0.000031	benign_only	1	4
ALCAM	214	2	0	2	0.000000	0.000031	benign_only	1	3
ALG14	199857	2	0	2	0.000000	0.000031	benign_only	1	1
ALKBH8	91801	2	0	2	0.000000	0.000031	benign_only	1	11
ALLC	55821	2	0	2	0.000000	0.000031	benign_only	1	2
ALOX15B	247	2	0	2	0.000000	0.000031	benign_only	1	17
AMOT	154796	2	0	2	0.000000	0.000031	benign_only	1	X
AMOTL1	154810	2	2	0	1.000000	0.000031	pathogenic_only	1	11
ANAPC1	64682	2	0	2	0.000000	0.000031	benign_only	1	2
ANG	283	2	0	2	0.000000	0.000031	benign_only	1	14
ANKMY1	51281	2	0	2	0.000000	0.000031	benign_only	1	2
ANKRD2	26287	2	0	2	0.000000	0.000031	benign_only	1	10
ANKRD31	256006	2	0	2	0.000000	0.000031	benign_only	1	5
ANKRD55	79722	2	0	2	0.000000	0.000031	benign_only	1	5
ANKS1B	56899	2	0	2	0.000000	0.000031	benign_only	1	12
ANKS3	124401	2	0	2	0.000000	0.000031	benign_only	1	16
ANO1	55107	2	0	2	0.000000	0.000031	benign_only	1	11
ANTXR1	84168	2	0	2	0.000000	0.000031	benign_only	1	2
ANXA10	11199	2	0	2	0.000000	0.000031	benign_only	1	4
ANXA3	306	2	0	2	0.000000	0.000031	benign_only	1	4
AP1G1	164	2	1	1	0.500000	0.000031	mixed	1	16
APBA2	321	2	0	2	0.000000	0.000031	benign_only	1	15
APCDD1	147495	2	0	2	0.000000	0.000031	benign_only	1	18
APOE	348	2	2	0	1.000000	0.000031	pathogenic_only	1	19
AQP4	361	2	0	2	0.000000	0.000031	benign_only	1	18
AQP5	362	2	0	2	0.000000	0.000031	benign_only	1	12
ARFGEF1-DT	102724708	2	0	2	0.000000	0.000031	benign_only	1	8
ARHGDIA	396	2	0	2	0.000000	0.000031	benign_only	1	17
ARHGEF10L	55160	2	0	2	0.000000	0.000031	benign_only	1	1
ARL2BP	23568	2	0	2	0.000000	0.000031	benign_only	1	16
ARMCX5-GPRASP2	100528062	2	0	2	0.000000	0.000031	benign_only	1	X
ARMS2	387715	2	0	2	0.000000	0.000031	benign_only	1	10
ARR3	407	2	0	2	0.000000	0.000031	benign_only	1	X
ASB11	140456	2	0	2	0.000000	0.000031	benign_only	1	X
ASB14	142686	2	0	2	0.000000	0.000031	benign_only	1	3
ASIC4	55515	2	0	2	0.000000	0.000031	benign_only	1	2
ASRGL1	80150	2	0	2	0.000000	0.000031	benign_only	1	11
ATAD3C	219293	2	0	2	0.000000	0.000031	benign_only	1	1
ATG16L2	89849	2	0	2	0.000000	0.000031	benign_only	1	11
ATP1A4	480	2	0	2	0.000000	0.000031	benign_only	1	1
ATP5MF-PTCD1	100526740	2	0	2	0.000000	0.000031	benign_only	1	7
ATP6V1E1	529	2	1	1	0.500000	0.000031	mixed	1	22
ATRNL1	26033	2	0	2	0.000000	0.000031	benign_only	1	10
ATXN1	6310	2	0	2	0.000000	0.000031	benign_only	1	6
ATXN7L3-AS1	101926967	2	1	1	0.500000	0.000031	mixed	1	17
AVEN	57099	2	0	2	0.000000	0.000031	benign_only	1	15
AZIN2	113451	2	0	2	0.000000	0.000031	benign_only	1	1
B3GNT2	10678	2	0	2	0.000000	0.000031	benign_only	1	2
B4GALNT2	124872	2	0	2	0.000000	0.000031	benign_only	1	17
BAZ1B	9031	2	0	2	0.000000	0.000031	benign_only	1	7
BBX	56987	2	0	2	0.000000	0.000031	benign_only	1	3
BCAT2	587	2	0	2	0.000000	0.000031	benign_only	1	19
BCL10	8915	2	0	2	0.000000	0.000031	benign_only	1	1
BDH1	622	2	0	2	0.000000	0.000031	benign_only	1	3
BDNF	627	2	0	2	0.000000	0.000031	benign_only	1	11
BEGAIN	57596	2	0	2	0.000000	0.000031	benign_only	1	14
BFSP2-AS1	85003	2	0	2	0.000000	0.000031	benign_only	1	3
BHMT	635	2	0	2	0.000000	0.000031	benign_only	1	5
BIRC7	79444	2	0	2	0.000000	0.000031	benign_only	1	20
BIVM	54841	2	0	2	0.000000	0.000031	benign_only	1	13
BLNK	29760	2	0	2	0.000000	0.000031	benign_only	1	10
BLOC1S6	26258	2	0	2	0.000000	0.000031	benign_only	1	15
BLVRB	645	2	0	2	0.000000	0.000031	benign_only	1	19
BMP10	27302	2	0	2	0.000000	0.000031	benign_only	1	2
BOLA3	388962	2	2	0	1.000000	0.000031	pathogenic_only	1	2
BPNT2	54928	2	0	2	0.000000	0.000031	benign_only	1	8
BRINP1	1620	2	0	2	0.000000	0.000031	benign_only	1	9
BRWD1	54014	2	0	2	0.000000	0.000031	benign_only	1	21
BSN	8927	2	0	2	0.000000	0.000031	benign_only	1	3
BST1	683	2	0	2	0.000000	0.000031	benign_only	1	4
C10orf90	118611	2	0	2	0.000000	0.000031	benign_only	1	10
C12orf57	113246	2	2	0	1.000000	0.000031	pathogenic_only	1	12
C1QA	712	2	1	1	0.500000	0.000031	mixed	1	1
C1QTNF12	388581	2	0	2	0.000000	0.000031	benign_only	1	1
C1QTNF9B	387911	2	0	2	0.000000	0.000031	benign_only	1	13
C1orf105	92346	2	0	2	0.000000	0.000031	benign_only	1	1
C3AR1	719	2	0	2	0.000000	0.000031	benign_only	1	12
C4A	720	2	0	2	0.000000	0.000031	benign_only	1	6
C4B	721	2	0	2	0.000000	0.000031	benign_only	1	6
C5AR2	27202	2	0	2	0.000000	0.000031	benign_only	1	19
C8G	733	2	0	2	0.000000	0.000031	benign_only	1	9
CACNA1I	8911	2	0	2	0.000000	0.000031	benign_only	1	22
CALCRL-AS1	105373786	2	0	2	0.000000	0.000031	benign_only	1	2
CAPS	828	2	0	2	0.000000	0.000031	benign_only	1	19
CARD10	29775	2	0	2	0.000000	0.000031	benign_only	1	22
CARD11-AS1	101927256	2	2	0	1.000000	0.000031	pathogenic_only	1	7
CARS1-AS1	100852407	2	0	2	0.000000	0.000031	benign_only	1	11
CASP4	837	2	0	2	0.000000	0.000031	benign_only	1	11
CASP9	842	2	0	2	0.000000	0.000031	benign_only	1	1
CASS4	57091	2	0	2	0.000000	0.000031	benign_only	1	20
CATSPER2	117155	2	0	2	0.000000	0.000031	benign_only	1	15
CAV1	857	2	0	2	0.000000	0.000031	benign_only	1	7
CBLB	868	2	0	2	0.000000	0.000031	benign_only	1	3
CCDC171	203238	2	0	2	0.000000	0.000031	benign_only	1	9
CCDC28B	79140	2	0	2	0.000000	0.000031	benign_only	1	1
CCDC51	79714	2	0	2	0.000000	0.000031	benign_only	1	3
CCDC91	55297	2	0	2	0.000000	0.000031	benign_only	1	12
CCNA2	890	2	0	2	0.000000	0.000031	benign_only	1	4
CCNB2	9133	2	0	2	0.000000	0.000031	benign_only	1	15
CCPG1	9236	2	1	1	0.500000	0.000031	mixed	1	15
CCR1	1230	2	0	2	0.000000	0.000031	benign_only	1	3
CD101-AS1	101929099	2	0	2	0.000000	0.000031	benign_only	1	1
CD109	135228	2	0	2	0.000000	0.000031	benign_only	1	6
CD19	930	2	0	2	0.000000	0.000031	benign_only	1	16
CD1A	909	2	0	2	0.000000	0.000031	benign_only	1	1
CD248	57124	2	0	2	0.000000	0.000031	benign_only	1	11
CD3E	916	2	0	2	0.000000	0.000031	benign_only	1	11
CD46	4179	2	0	2	0.000000	0.000031	benign_only	1	1
CD5	921	2	0	2	0.000000	0.000031	benign_only	1	11
CD86	942	2	0	2	0.000000	0.000031	benign_only	1	3
CD8A	925	2	0	2	0.000000	0.000031	benign_only	1	2
CD93	22918	2	0	2	0.000000	0.000031	benign_only	1	20
CD96	10225	2	0	2	0.000000	0.000031	benign_only	1	3
CDCA2	157313	2	0	2	0.000000	0.000031	benign_only	1	8
CDCA5	113130	2	0	2	0.000000	0.000031	benign_only	1	11
CDCP1	64866	2	0	2	0.000000	0.000031	benign_only	1	3
CDH17	1015	2	0	2	0.000000	0.000031	benign_only	1	8
CDH2-AS1	139281654	2	0	2	0.000000	0.000031	benign_only	1	18
CDH23-AS1	102723377	2	1	1	0.500000	0.000031	mixed	1	10
CDH4	1002	2	0	2	0.000000	0.000031	benign_only	1	20
CDK19	23097	2	2	0	1.000000	0.000031	pathogenic_only	1	6
CDK4	1019	2	2	0	1.000000	0.000031	pathogenic_only	1	12
CEBPA	1050	2	0	2	0.000000	0.000031	benign_only	1	19
CEBPE	1053	2	0	2	0.000000	0.000031	benign_only	1	14
CELA2A	63036	2	2	0	1.000000	0.000031	pathogenic_only	1	1
CELF2	10659	2	2	0	1.000000	0.000031	pathogenic_only	1	10
CELF2-AS1	414196	2	2	0	1.000000	0.000031	pathogenic_only	1	10
CENPI	2491	2	0	2	0.000000	0.000031	benign_only	1	X
CERS3-AS1	102723320	2	0	2	0.000000	0.000031	benign_only	1	15
CFAP20DC	200844	2	0	2	0.000000	0.000031	benign_only	1	3
CFAP20DC-AS1	101929238	2	0	2	0.000000	0.000031	benign_only	1	3
CFAP251	144406	2	0	2	0.000000	0.000031	benign_only	1	12
CFAP300	85016	2	1	1	0.500000	0.000031	mixed	1	11
CFAP65-AS1	100129175	2	0	2	0.000000	0.000031	benign_only	1	2
CFAP74	85452	2	0	2	0.000000	0.000031	benign_only	1	1
CHAD	1101	2	0	2	0.000000	0.000031	benign_only	1	17
CHCHD2	51142	2	0	2	0.000000	0.000031	benign_only	1	7
CHI3L2	1117	2	0	2	0.000000	0.000031	benign_only	1	1
CHMP2B	25978	2	0	2	0.000000	0.000031	benign_only	1	3
CHPF2	54480	2	0	2	0.000000	0.000031	benign_only	1	7
CHRD	8646	2	0	2	0.000000	0.000031	benign_only	1	3
CHRDL1	91851	2	0	2	0.000000	0.000031	benign_only	1	X
CHRM3	1131	2	0	2	0.000000	0.000031	benign_only	1	1
CHRNB4	1143	2	0	2	0.000000	0.000031	benign_only	1	15
CHUK-DT	122152368	2	0	2	0.000000	0.000031	benign_only	1	10
CHURC1	91612	2	0	2	0.000000	0.000031	benign_only	1	14
CHURC1-FNTB	100529261	2	0	2	0.000000	0.000031	benign_only	1	14
CIAO3	64428	2	0	2	0.000000	0.000031	benign_only	1	16
CIP2A	57650	2	0	2	0.000000	0.000031	benign_only	1	3
CITED2	10370	2	0	2	0.000000	0.000031	benign_only	1	6
CLCF1	23529	2	0	2	0.000000	0.000031	benign_only	1	11
CLDN14	23562	2	1	1	0.500000	0.000031	mixed	1	21
CLDN14-AS1	105369301	2	1	1	0.500000	0.000031	mixed	1	21
CLDN5	7122	2	2	0	1.000000	0.000031	pathogenic_only	1	22
CLDN8	9073	2	0	2	0.000000	0.000031	benign_only	1	21
CLEC10A	10462	2	0	2	0.000000	0.000031	benign_only	1	17
CLEC1A	51267	2	0	2	0.000000	0.000031	benign_only	1	12
CLEC4C	170482	2	0	2	0.000000	0.000031	benign_only	1	12
CLP1	10978	2	1	1	0.500000	0.000031	mixed	1	11
CLRN1-AS1	116933	2	2	0	1.000000	0.000031	pathogenic_only	1	3
CLSTN1	22883	2	0	2	0.000000	0.000031	benign_only	1	1
CLTC	1213	2	1	1	0.500000	0.000031	mixed	1	17
CNGA4	1262	2	0	2	0.000000	0.000031	benign_only	1	11
CNKSR2	22866	2	0	2	0.000000	0.000031	benign_only	1	X
CNOT2	4848	2	0	2	0.000000	0.000031	benign_only	1	12
CNOT9	9125	2	2	0	1.000000	0.000031	pathogenic_only	1	2
CNTLN	54875	2	0	2	0.000000	0.000031	benign_only	1	9
CNTNAP1	8506	2	0	2	0.000000	0.000031	benign_only	1	17
COA7	65260	2	0	2	0.000000	0.000031	benign_only	1	1
COL22A1	169044	2	0	2	0.000000	0.000031	benign_only	1	8
COL5A3	50509	2	0	2	0.000000	0.000031	benign_only	1	19
COP1	64326	2	0	2	0.000000	0.000031	benign_only	1	1
COPB2-DT	100507291	2	0	2	0.000000	0.000031	benign_only	1	3
COX4I2	84701	2	0	2	0.000000	0.000031	benign_only	1	20
CPA2	1358	2	0	2	0.000000	0.000031	benign_only	1	7
CPA3	1359	2	0	2	0.000000	0.000031	benign_only	1	3
CPE	1363	2	0	2	0.000000	0.000031	benign_only	1	4
CPVL	54504	2	0	2	0.000000	0.000031	benign_only	1	7
CRAT	1384	2	0	2	0.000000	0.000031	benign_only	1	9
CRIM1	51232	2	0	2	0.000000	0.000031	benign_only	1	2
CRPPA-AS1	100506025	2	0	2	0.000000	0.000031	benign_only	1	7
CRTAP	10491	2	1	1	0.500000	0.000031	mixed	1	3
CRYGB	1419	2	0	2	0.000000	0.000031	benign_only	1	2
CRYGC	1420	2	0	2	0.000000	0.000031	benign_only	1	2
CSF3	1440	2	0	2	0.000000	0.000031	benign_only	1	17
CSHL1	1444	2	0	2	0.000000	0.000031	benign_only	1	17
CSPG4	1464	2	0	2	0.000000	0.000031	benign_only	1	15
CSTA	1475	2	0	2	0.000000	0.000031	benign_only	1	3
CTBP2	1488	2	0	2	0.000000	0.000031	benign_only	1	10
CTF1	1489	2	0	2	0.000000	0.000031	benign_only	1	16
CTNNA2	1496	2	0	2	0.000000	0.000031	benign_only	1	2
CTRC	11330	2	0	2	0.000000	0.000031	benign_only	1	1
CTSD	1509	2	0	2	0.000000	0.000031	benign_only	1	11
CX3CL1	6376	2	0	2	0.000000	0.000031	benign_only	1	16
CX3CR1	1524	2	0	2	0.000000	0.000031	benign_only	1	3
CXCR1	3577	2	0	2	0.000000	0.000031	benign_only	1	2
CYBC1	79415	2	0	2	0.000000	0.000031	benign_only	1	17
CYCS	54205	2	2	0	1.000000	0.000031	pathogenic_only	1	7
CYGB	114757	2	1	1	0.500000	0.000031	mixed	1	17
CYP17A1-AS1	102724307	2	2	0	1.000000	0.000031	pathogenic_only	1	10
CYP20A1	57404	2	0	2	0.000000	0.000031	benign_only	1	2
CYP26C1	340665	2	0	2	0.000000	0.000031	benign_only	1	10
CYP2C9	1559	2	0	2	0.000000	0.000031	benign_only	1	10
CYP2R1	120227	2	1	1	0.500000	0.000031	mixed	1	11
CYP3A43	64816	2	0	2	0.000000	0.000031	benign_only	1	7
CYTH4	27128	2	0	2	0.000000	0.000031	benign_only	1	22
DAPK1	1612	2	0	2	0.000000	0.000031	benign_only	1	9
DAPK2	23604	2	0	2	0.000000	0.000031	benign_only	1	15
DCAF17	80067	2	1	1	0.500000	0.000031	mixed	1	2
DCAF4	26094	2	0	2	0.000000	0.000031	benign_only	1	14
DCAF6	55827	2	0	2	0.000000	0.000031	benign_only	1	1
DCST1	149095	2	0	2	0.000000	0.000031	benign_only	1	1
DCST1-AS1	100505666	2	0	2	0.000000	0.000031	benign_only	1	1
DDN	23109	2	0	2	0.000000	0.000031	benign_only	1	12
DDR2	4921	2	2	0	1.000000	0.000031	pathogenic_only	1	1
DDX10	1662	2	0	2	0.000000	0.000031	benign_only	1	11
DDX6	1656	2	1	1	0.500000	0.000031	mixed	1	11
DDX60	55601	2	0	2	0.000000	0.000031	benign_only	1	4
DEF8	54849	2	0	2	0.000000	0.000031	benign_only	1	16
DENND2B	6764	2	0	2	0.000000	0.000031	benign_only	1	11
DFFA	1676	2	0	2	0.000000	0.000031	benign_only	1	1
DGAT1	8694	2	0	2	0.000000	0.000031	benign_only	1	8
DGAT2	84649	2	0	2	0.000000	0.000031	benign_only	1	11
DHCR24	1718	2	1	1	0.500000	0.000031	mixed	1	1
DHRS2	10202	2	0	2	0.000000	0.000031	benign_only	1	14
DHX32	55760	2	0	2	0.000000	0.000031	benign_only	1	10
DIABLO	56616	2	0	2	0.000000	0.000031	benign_only	1	12
DIP2B	57609	2	0	2	0.000000	0.000031	benign_only	1	12
DIP2C	22982	2	0	2	0.000000	0.000031	benign_only	1	10
DIPK1A	388650	2	0	2	0.000000	0.000031	benign_only	1	1
DLX5	1749	2	0	2	0.000000	0.000031	benign_only	1	7
DMPK	1760	2	0	2	0.000000	0.000031	benign_only	1	19
DMRT1	1761	2	0	2	0.000000	0.000031	benign_only	1	9
DMRTA1	63951	2	0	2	0.000000	0.000031	benign_only	1	9
DNAH10OS	642797	2	0	2	0.000000	0.000031	benign_only	1	12
DNAJC12	56521	2	0	2	0.000000	0.000031	benign_only	1	10
DNAJC30	84277	2	1	1	0.500000	0.000031	mixed	1	7
DNMBP	23268	2	0	2	0.000000	0.000031	benign_only	1	10
DNTT	1791	2	0	2	0.000000	0.000031	benign_only	1	10
DOCK11	139818	2	0	2	0.000000	0.000031	benign_only	1	X
DOCK3	1795	2	0	2	0.000000	0.000031	benign_only	1	3
DOK1	1796	2	0	2	0.000000	0.000031	benign_only	1	2
DPM2	8818	2	0	2	0.000000	0.000031	benign_only	1	9
DPP10	57628	2	0	2	0.000000	0.000031	benign_only	1	2
DPP3	10072	2	0	2	0.000000	0.000031	benign_only	1	11
DPP4	1803	2	0	2	0.000000	0.000031	benign_only	1	2
DPT	1805	2	0	2	0.000000	0.000031	benign_only	1	1
DRC9	84223	2	0	2	0.000000	0.000031	benign_only	1	3
DRD2	1813	2	0	2	0.000000	0.000031	benign_only	1	11
DRD3	1814	2	0	2	0.000000	0.000031	benign_only	1	3
DRD4	1815	2	0	2	0.000000	0.000031	benign_only	1	11
DSC1	1823	2	0	2	0.000000	0.000031	benign_only	1	18
DSEL	92126	2	0	2	0.000000	0.000031	benign_only	1	18
DUOX1	53905	2	0	2	0.000000	0.000031	benign_only	1	15
DVL2	1856	2	2	0	1.000000	0.000031	pathogenic_only	1	17
DVL3	1857	2	0	2	0.000000	0.000031	benign_only	1	3
DYM	54808	2	0	2	0.000000	0.000031	benign_only	1	18
E2F1	1869	2	0	2	0.000000	0.000031	benign_only	1	20
E2F2	1870	2	0	2	0.000000	0.000031	benign_only	1	1
EBNA1BP2	10969	2	0	2	0.000000	0.000031	benign_only	1	1
ECE2	9718	2	0	2	0.000000	0.000031	benign_only	1	3
EDARADD	128178	2	0	2	0.000000	0.000031	benign_only	1	1
EEF1AKMT4-ECE2	110599583	2	0	2	0.000000	0.000031	benign_only	1	3
EEF2KMT	196483	2	1	1	0.500000	0.000031	mixed	1	16
EEFSEC	60678	2	0	2	0.000000	0.000031	benign_only	1	3
EFCAB3	146779	2	0	2	0.000000	0.000031	benign_only	1	17
EFCAB7	84455	2	0	2	0.000000	0.000031	benign_only	1	1
EFEMP1	2202	2	1	1	0.500000	0.000031	mixed	1	2
EFHC2	80258	2	0	2	0.000000	0.000031	benign_only	1	X
EGILA	116435281	2	0	2	0.000000	0.000031	benign_only	1	14
EGLN2	112398	2	0	2	0.000000	0.000031	benign_only	1	19
EHMT2-AS1	107986588	2	1	1	0.500000	0.000031	mixed	1	6
EIF2AK3-AS1	101928371	2	0	2	0.000000	0.000031	benign_only	1	2
EIF2B1	1967	2	1	1	0.500000	0.000031	mixed	1	12
ELF4	2000	2	0	2	0.000000	0.000031	benign_only	1	X
ELFN2	114794	2	0	2	0.000000	0.000031	benign_only	1	22
ELK1	2002	2	0	2	0.000000	0.000031	benign_only	1	X
ELMO3	79767	2	0	2	0.000000	0.000031	benign_only	1	16
ELMOD2	255520	2	0	2	0.000000	0.000031	benign_only	1	4
EMG1	10436	2	0	2	0.000000	0.000031	benign_only	1	12
EMILIN1	11117	2	0	2	0.000000	0.000031	benign_only	1	2
EML5	161436	2	0	2	0.000000	0.000031	benign_only	1	14
ENDOG	2021	2	0	2	0.000000	0.000031	benign_only	1	9
ENPP2	5168	2	0	2	0.000000	0.000031	benign_only	1	8
ENTPD6	955	2	0	2	0.000000	0.000031	benign_only	1	20
EOMES	8320	2	0	2	0.000000	0.000031	benign_only	1	3
EPB42	2038	2	1	1	0.500000	0.000031	mixed	1	15
EPHA10	284656	2	0	2	0.000000	0.000031	benign_only	1	1
EPHA3	2042	2	0	2	0.000000	0.000031	benign_only	1	3
EPHA5	2044	2	0	2	0.000000	0.000031	benign_only	1	4
EPHA8	2046	2	0	2	0.000000	0.000031	benign_only	1	1
EPO	2056	2	0	2	0.000000	0.000031	benign_only	1	7
ERBB4	2066	2	0	2	0.000000	0.000031	benign_only	1	2
ERRFI1	54206	2	0	2	0.000000	0.000031	benign_only	1	1
ESPNL	339768	2	0	2	0.000000	0.000031	benign_only	1	2
ESX1	80712	2	0	2	0.000000	0.000031	benign_only	1	X
ETS2	2114	2	0	2	0.000000	0.000031	benign_only	1	21
EVI2A	2123	2	0	2	0.000000	0.000031	benign_only	1	17
EXOC3L4	91828	2	0	2	0.000000	0.000031	benign_only	1	14
EXOC6B	23233	2	0	2	0.000000	0.000031	benign_only	1	2
EXOSC2	23404	2	0	2	0.000000	0.000031	benign_only	1	9
EYA2	2139	2	0	2	0.000000	0.000031	benign_only	1	20
F13B	2165	2	0	2	0.000000	0.000031	benign_only	1	1
FAAP24	91442	2	0	2	0.000000	0.000031	benign_only	1	19
FABP9	646480	2	0	2	0.000000	0.000031	benign_only	1	8
FAM135B	51059	2	0	2	0.000000	0.000031	benign_only	1	8
FAM149A	25854	2	0	2	0.000000	0.000031	benign_only	1	4
FAM171B	165215	2	0	2	0.000000	0.000031	benign_only	1	2
FAM186A	121006	2	0	2	0.000000	0.000031	benign_only	1	12
FAM234A	83986	2	0	2	0.000000	0.000031	benign_only	1	16
FAM53A	152877	2	0	2	0.000000	0.000031	benign_only	1	4
FBLIM1	54751	2	0	2	0.000000	0.000031	benign_only	1	1
FBLN7	129804	2	0	2	0.000000	0.000031	benign_only	1	2
FBXL8	55336	2	0	2	0.000000	0.000031	benign_only	1	16
FBXO31	79791	2	1	1	0.500000	0.000031	mixed	1	16
FBXO6	26270	2	0	2	0.000000	0.000031	benign_only	1	1
FBXW8	26259	2	0	2	0.000000	0.000031	benign_only	1	12
FCGR2A	2212	2	0	2	0.000000	0.000031	benign_only	1	1
FCGR3B	2215	2	0	2	0.000000	0.000031	benign_only	1	1
FCN2	2220	2	0	2	0.000000	0.000031	benign_only	1	9
FCRL3-AS1	139355230	2	0	2	0.000000	0.000031	benign_only	1	1
FCRL4	83417	2	0	2	0.000000	0.000031	benign_only	1	1
FCRL6	343413	2	0	2	0.000000	0.000031	benign_only	1	1
FCRLA	84824	2	0	2	0.000000	0.000031	benign_only	1	1
FER1L6-AS2	157376	2	0	2	0.000000	0.000031	benign_only	1	8
FETUB	26998	2	0	2	0.000000	0.000031	benign_only	1	3
FFAR3	2865	2	0	2	0.000000	0.000031	benign_only	1	19
FGF10	2255	2	0	2	0.000000	0.000031	benign_only	1	5
FGF20	26281	2	0	2	0.000000	0.000031	benign_only	1	8
FGF9	2254	2	0	2	0.000000	0.000031	benign_only	1	13
FICD	11153	2	1	1	0.500000	0.000031	mixed	1	12
FIGLA	344018	2	0	2	0.000000	0.000031	benign_only	1	2
FITM2	128486	2	0	2	0.000000	0.000031	benign_only	1	20
FKBP4	2288	2	0	2	0.000000	0.000031	benign_only	1	12
FLRT1	23769	2	0	2	0.000000	0.000031	benign_only	1	11
FMO1	2326	2	0	2	0.000000	0.000031	benign_only	1	1
FMO5	2330	2	0	2	0.000000	0.000031	benign_only	1	1
FNIP2	57600	2	0	2	0.000000	0.000031	benign_only	1	4
FOLR1	2348	2	1	1	0.500000	0.000031	mixed	1	11
FOLR1-AS1	140577509	2	1	1	0.500000	0.000031	mixed	1	11
FOLR2	2350	2	0	2	0.000000	0.000031	benign_only	1	11
FOS	2353	2	0	2	0.000000	0.000031	benign_only	1	14
FOXI3	344167	2	1	1	0.500000	0.000031	mixed	1	2
FOXK2-AS1	105371942	2	0	2	0.000000	0.000031	benign_only	1	17
FOXP4	116113	2	1	1	0.500000	0.000031	mixed	1	6
FOXRED1	55572	2	2	0	1.000000	0.000031	pathogenic_only	1	11
FRMD5	84978	2	0	2	0.000000	0.000031	benign_only	1	15
FRRS1L	23732	2	0	2	0.000000	0.000031	benign_only	1	9
FSD1L	83856	2	0	2	0.000000	0.000031	benign_only	1	9
FST	10468	2	0	2	0.000000	0.000031	benign_only	1	5
FTCD-AS1	100861507	2	0	2	0.000000	0.000031	benign_only	1	21
FTL	2512	2	1	1	0.500000	0.000031	mixed	1	19
FUT5	2527	2	0	2	0.000000	0.000031	benign_only	1	19
FUT6	2528	2	0	2	0.000000	0.000031	benign_only	1	19
FUT8	2530	2	0	2	0.000000	0.000031	benign_only	1	14
FZD6	8323	2	0	2	0.000000	0.000031	benign_only	1	8
GAB2	9846	2	0	2	0.000000	0.000031	benign_only	1	11
GABRE	2564	2	0	2	0.000000	0.000031	benign_only	1	X
GAL	51083	2	0	2	0.000000	0.000031	benign_only	1	11
GALM	130589	2	0	2	0.000000	0.000031	benign_only	1	2
GALNT14	79623	2	0	2	0.000000	0.000031	benign_only	1	2
GALNT2	2590	2	0	2	0.000000	0.000031	benign_only	1	1
GALNT4	8693	2	0	2	0.000000	0.000031	benign_only	1	12
GALNT6	11226	2	0	2	0.000000	0.000031	benign_only	1	12
GANC	2595	2	0	2	0.000000	0.000031	benign_only	1	15
GAPVD1	26130	2	0	2	0.000000	0.000031	benign_only	1	9
GAS2L3	283431	2	0	2	0.000000	0.000031	benign_only	1	12
GATB	5188	2	0	2	0.000000	0.000031	benign_only	1	4
GBP5	115362	2	0	2	0.000000	0.000031	benign_only	1	1
GCGR	2642	2	0	2	0.000000	0.000031	benign_only	1	17
GCOM1	145781	2	0	2	0.000000	0.000031	benign_only	1	15
GDF7	151449	2	0	2	0.000000	0.000031	benign_only	1	2
GDNF	2668	2	0	2	0.000000	0.000031	benign_only	1	5
GGA3	23163	2	0	2	0.000000	0.000031	benign_only	1	17
GIMAP6	474344	2	0	2	0.000000	0.000031	benign_only	1	7
GINS1	9837	2	0	2	0.000000	0.000031	benign_only	1	20
GIPC3	126326	2	2	0	1.000000	0.000031	pathogenic_only	1	19
GIT2	9815	2	0	2	0.000000	0.000031	benign_only	1	12
GJA4	2701	2	0	2	0.000000	0.000031	benign_only	1	1
GJA9	81025	2	0	2	0.000000	0.000031	benign_only	1	1
GJA9-MYCBP	100527950	2	0	2	0.000000	0.000031	benign_only	1	1
GLRB	2743	2	0	2	0.000000	0.000031	benign_only	1	4
GMPPA	29926	2	0	2	0.000000	0.000031	benign_only	1	2
GNA15	2769	2	0	2	0.000000	0.000031	benign_only	1	19
GNA15-DT	100996351	2	0	2	0.000000	0.000031	benign_only	1	19
GNAL	2774	2	0	2	0.000000	0.000031	benign_only	1	18
GNB1L	54584	2	0	2	0.000000	0.000031	benign_only	1	22
GNG12-AS1	100289178	2	2	0	1.000000	0.000031	pathogenic_only	1	1
GNRH1	2796	2	0	2	0.000000	0.000031	benign_only	1	8
GNS	2799	2	1	1	0.500000	0.000031	mixed	1	12
GOLGA2	2801	2	0	2	0.000000	0.000031	benign_only	1	9
GOLGA6L10	647042	2	0	2	0.000000	0.000031	benign_only	1	15
GORASP1	64689	2	0	2	0.000000	0.000031	benign_only	1	3
GPAM	57678	2	0	2	0.000000	0.000031	benign_only	1	10
GPATCH1	55094	2	0	2	0.000000	0.000031	benign_only	1	19
GPBAR1	151306	2	0	2	0.000000	0.000031	benign_only	1	2
GPR119	139760	2	0	2	0.000000	0.000031	benign_only	1	X
GPR142	350383	2	0	2	0.000000	0.000031	benign_only	1	17
GPR153	387509	2	0	2	0.000000	0.000031	benign_only	1	1
GPR45	11250	2	0	2	0.000000	0.000031	benign_only	1	2
GPR84-AS1	102724050	2	0	2	0.000000	0.000031	benign_only	1	12
GPRASP2	114928	2	0	2	0.000000	0.000031	benign_only	1	X
GPRC5B	51704	2	0	2	0.000000	0.000031	benign_only	1	16
GPT2	84706	2	0	2	0.000000	0.000031	benign_only	1	16
GRB7	2886	2	0	2	0.000000	0.000031	benign_only	1	17
GRIA1	2890	2	1	1	0.500000	0.000031	mixed	1	5
GRID1	2894	2	0	2	0.000000	0.000031	benign_only	1	10
GRIK2	2898	2	1	1	0.500000	0.000031	mixed	1	6
GRIN3A	116443	2	0	2	0.000000	0.000031	benign_only	1	9
GRK1	6011	2	1	1	0.500000	0.000031	mixed	1	13
GRM5	2915	2	0	2	0.000000	0.000031	benign_only	1	11
GSEC	399972	2	0	2	0.000000	0.000031	benign_only	1	11
GSTP1	2950	2	0	2	0.000000	0.000031	benign_only	1	11
GSTZ1	2954	2	0	2	0.000000	0.000031	benign_only	1	14
GTDC1	79712	2	0	2	0.000000	0.000031	benign_only	1	2
GTF2IRD1	9569	2	0	2	0.000000	0.000031	benign_only	1	7
GTF3C1	2975	2	0	2	0.000000	0.000031	benign_only	1	16
GUCY1A1	2982	2	0	2	0.000000	0.000031	benign_only	1	4
GUCY2C-AS1	123706531	2	0	2	0.000000	0.000031	benign_only	1	12
GYPC	2995	2	0	2	0.000000	0.000031	benign_only	1	2
GZMM	3004	2	0	2	0.000000	0.000031	benign_only	1	19
H4C5	8367	2	2	0	1.000000	0.000031	pathogenic_only	1	6
HAAO	23498	2	0	2	0.000000	0.000031	benign_only	1	2
HAL	3034	2	0	2	0.000000	0.000031	benign_only	1	12
HAVCR2	84868	2	0	2	0.000000	0.000031	benign_only	1	5
HAX1	10456	2	0	2	0.000000	0.000031	benign_only	1	1
HBG1	3047	2	0	2	0.000000	0.000031	benign_only	1	11
HCK	3055	2	0	2	0.000000	0.000031	benign_only	1	20
HDHD5	27440	2	0	2	0.000000	0.000031	benign_only	1	22
HDLBP	3069	2	0	2	0.000000	0.000031	benign_only	1	2
HELQ	113510	2	0	2	0.000000	0.000031	benign_only	1	4
HENMT1	113802	2	0	2	0.000000	0.000031	benign_only	1	1
HEPH	9843	2	0	2	0.000000	0.000031	benign_only	1	X
HERC5	51191	2	0	2	0.000000	0.000031	benign_only	1	4
HESX1	8820	2	1	1	0.500000	0.000031	mixed	1	3
HFE	3077	2	2	0	1.000000	0.000031	pathogenic_only	1	6
HID1	283987	2	0	2	0.000000	0.000031	benign_only	1	17
HIF1A	3091	2	0	2	0.000000	0.000031	benign_only	1	14
HIF1A-AS3	105370526	2	0	2	0.000000	0.000031	benign_only	1	14
HIKESHI	51501	2	1	1	0.500000	0.000031	mixed	1	11
HIPK4	147746	2	0	2	0.000000	0.000031	benign_only	1	19
HIVEP1	3096	2	0	2	0.000000	0.000031	benign_only	1	6
HKDC1	80201	2	1	1	0.500000	0.000031	mixed	1	10
HMOX1	3162	2	0	2	0.000000	0.000031	benign_only	1	22
HNRNPA2B1	3181	2	0	2	0.000000	0.000031	benign_only	1	7
HOOK2	29911	2	0	2	0.000000	0.000031	benign_only	1	19
HOXA1	3198	2	0	2	0.000000	0.000031	benign_only	1	7
HOXA13	3209	2	0	2	0.000000	0.000031	benign_only	1	7
HOXC13	3229	2	0	2	0.000000	0.000031	benign_only	1	12
HOXC13-AS	100874366	2	0	2	0.000000	0.000031	benign_only	1	12
HP	3240	2	0	2	0.000000	0.000031	benign_only	1	16
HPRT1	3251	2	1	1	0.500000	0.000031	mixed	1	X
HSPA1L	3305	2	0	2	0.000000	0.000031	benign_only	1	6
HSPB7	27129	2	0	2	0.000000	0.000031	benign_only	1	1
HSPD1	3329	2	0	2	0.000000	0.000031	benign_only	1	2
HSPH1	10808	2	0	2	0.000000	0.000031	benign_only	1	13
HTR3E	285242	2	0	2	0.000000	0.000031	benign_only	1	3
HTRA1-AS1	105378525	2	0	2	0.000000	0.000031	benign_only	1	10
HYAL2	8692	2	0	2	0.000000	0.000031	benign_only	1	3
ICAM1	3383	2	0	2	0.000000	0.000031	benign_only	1	19
ICE2	79664	2	0	2	0.000000	0.000031	benign_only	1	15
IDH3A	3419	2	0	2	0.000000	0.000031	benign_only	1	15
IDH3B	3420	2	0	2	0.000000	0.000031	benign_only	1	20
IDO1	3620	2	0	2	0.000000	0.000031	benign_only	1	8
IDO2	169355	2	0	2	0.000000	0.000031	benign_only	1	8
IFI16	3428	2	0	2	0.000000	0.000031	benign_only	1	1
IFI44L	10964	2	0	2	0.000000	0.000031	benign_only	1	1
IFIT2	3433	2	0	2	0.000000	0.000031	benign_only	1	10
IFNA10	3446	2	0	2	0.000000	0.000031	benign_only	1	9
IFNA16	3449	2	0	2	0.000000	0.000031	benign_only	1	9
IFNB1	3456	2	0	2	0.000000	0.000031	benign_only	1	9
IFNL2	282616	2	0	2	0.000000	0.000031	benign_only	1	19
IFT43	112752	2	0	2	0.000000	0.000031	benign_only	1	14
IGF1	3479	2	0	2	0.000000	0.000031	benign_only	1	12
IGF2	3481	2	1	1	0.500000	0.000031	mixed	1	11
IGL	3535	2	0	2	0.000000	0.000031	benign_only	1	22
IGSF21	84966	2	0	2	0.000000	0.000031	benign_only	1	1
IGSF3	3321	2	0	2	0.000000	0.000031	benign_only	1	1
IL12A	3592	2	0	2	0.000000	0.000031	benign_only	1	3
IL12A-AS1	101928376	2	0	2	0.000000	0.000031	benign_only	1	3
IL16	3603	2	0	2	0.000000	0.000031	benign_only	1	15
IL22RA1	58985	2	0	2	0.000000	0.000031	benign_only	1	1
IL24	11009	2	0	2	0.000000	0.000031	benign_only	1	1
IL25	64806	2	0	2	0.000000	0.000031	benign_only	1	14
IL27RA	9466	2	0	2	0.000000	0.000031	benign_only	1	19
IL33	90865	2	0	2	0.000000	0.000031	benign_only	1	9
IL36R	8808	2	0	2	0.000000	0.000031	benign_only	1	2
IL36RN	26525	2	1	1	0.500000	0.000031	mixed	1	2
IL37	27178	2	0	2	0.000000	0.000031	benign_only	1	2
IL6R	3570	2	0	2	0.000000	0.000031	benign_only	1	1
IL9R	3581	2	0	2	0.000000	0.000031	benign_only	1	X
IMPA1	3612	2	0	2	0.000000	0.000031	benign_only	1	8
IMPDH1	3614	2	2	0	1.000000	0.000031	pathogenic_only	1	7
INSL3	3640	2	0	2	0.000000	0.000031	benign_only	1	19
INTS8	55656	2	0	2	0.000000	0.000031	benign_only	1	8
IPO4	79711	2	0	2	0.000000	0.000031	benign_only	1	14
IRF3	3661	2	0	2	0.000000	0.000031	benign_only	1	19
IRF9	10379	2	0	2	0.000000	0.000031	benign_only	1	14
IRX4	50805	2	0	2	0.000000	0.000031	benign_only	1	5
ISG15	9636	2	0	2	0.000000	0.000031	benign_only	1	1
ISM2	145501	2	0	2	0.000000	0.000031	benign_only	1	14
ITFG2	55846	2	0	2	0.000000	0.000031	benign_only	1	12
ITFG2-AS1	283440	2	0	2	0.000000	0.000031	benign_only	1	12
ITGA2-AS1	121232372	2	0	2	0.000000	0.000031	benign_only	1	5
ITGA5	3678	2	0	2	0.000000	0.000031	benign_only	1	12
ITGA9	3680	2	0	2	0.000000	0.000031	benign_only	1	3
ITGB6	3694	2	0	2	0.000000	0.000031	benign_only	1	2
ITGB7	3695	2	0	2	0.000000	0.000031	benign_only	1	12
ITGBL1	9358	2	0	2	0.000000	0.000031	benign_only	1	13
ITIH1	3697	2	0	2	0.000000	0.000031	benign_only	1	3
ITM2B	9445	2	0	2	0.000000	0.000031	benign_only	1	13
ITSN1	6453	2	0	2	0.000000	0.000031	benign_only	1	21
JAM2	58494	2	0	2	0.000000	0.000031	benign_only	1	21
JAM3	83700	2	0	2	0.000000	0.000031	benign_only	1	11
JMY	133746	2	0	2	0.000000	0.000031	benign_only	1	5
JPH1	56704	2	0	2	0.000000	0.000031	benign_only	1	8
JRK	8629	2	0	2	0.000000	0.000031	benign_only	1	8
KALRN	8997	2	0	2	0.000000	0.000031	benign_only	1	3
KAT2B	8850	2	0	2	0.000000	0.000031	benign_only	1	3
KATNAL2	83473	2	0	2	0.000000	0.000031	benign_only	1	18
KAZALD1	81621	2	0	2	0.000000	0.000031	benign_only	1	10
KCNA3	3738	2	2	0	1.000000	0.000031	pathogenic_only	1	1
KCNB2	9312	2	1	1	0.500000	0.000031	mixed	1	8
KCND1	3750	2	0	2	0.000000	0.000031	benign_only	1	X
KCNE1	3753	2	0	2	0.000000	0.000031	benign_only	1	21
KCNE2	9992	2	0	2	0.000000	0.000031	benign_only	1	21
KCNG4	93107	2	0	2	0.000000	0.000031	benign_only	1	16
KCNH8	131096	2	0	2	0.000000	0.000031	benign_only	1	3
KCNJ8	3764	2	0	2	0.000000	0.000031	benign_only	1	12
KCNK3	3777	2	0	2	0.000000	0.000031	benign_only	1	2
KCNK9	51305	2	2	0	1.000000	0.000031	pathogenic_only	1	8
KCNN2	3781	2	2	0	1.000000	0.000031	pathogenic_only	1	5
KCNN4	3783	2	1	1	0.500000	0.000031	mixed	1	19
KCNQ1-AS1	338653	2	0	2	0.000000	0.000031	benign_only	1	11
KCNQ5-DT	112267960	2	0	2	0.000000	0.000031	benign_only	1	6
KCTD18	130535	2	0	2	0.000000	0.000031	benign_only	1	2
KDM2A	22992	2	2	0	1.000000	0.000031	pathogenic_only	1	11
KDM4D	55693	2	0	2	0.000000	0.000031	benign_only	1	11
KDM4E	390245	2	0	2	0.000000	0.000031	benign_only	1	11
KHK	3795	2	0	2	0.000000	0.000031	benign_only	1	2
KIF13B	23303	2	0	2	0.000000	0.000031	benign_only	1	8
KIF16B	55614	2	0	2	0.000000	0.000031	benign_only	1	20
KIF19	124602	2	0	2	0.000000	0.000031	benign_only	1	17
KIF20B	9585	2	0	2	0.000000	0.000031	benign_only	1	10
KIF5B	3799	2	1	1	0.500000	0.000031	mixed	1	10
KITLG	4254	2	0	2	0.000000	0.000031	benign_only	1	12
KLF10	7071	2	0	2	0.000000	0.000031	benign_only	1	8
KLF7	8609	2	1	1	0.500000	0.000031	mixed	1	2
KLF8	11279	2	0	2	0.000000	0.000031	benign_only	1	X
KLHDC7A	127707	2	0	2	0.000000	0.000031	benign_only	1	1
KLHL24	54800	2	1	1	0.500000	0.000031	mixed	1	3
KLHL38	340359	2	0	2	0.000000	0.000031	benign_only	1	8
KLK4	9622	2	0	2	0.000000	0.000031	benign_only	1	19
KNDC1	85442	2	0	2	0.000000	0.000031	benign_only	1	10
KPNA7	402569	2	0	2	0.000000	0.000031	benign_only	1	7
KPRP	448834	2	0	2	0.000000	0.000031	benign_only	1	1
KPTN	11133	2	0	2	0.000000	0.000031	benign_only	1	19
KRT36	8689	2	0	2	0.000000	0.000031	benign_only	1	17
KRT75	9119	2	0	2	0.000000	0.000031	benign_only	1	12
KRT80	144501	2	0	2	0.000000	0.000031	benign_only	1	12
KRTAP10-10	353333	2	0	2	0.000000	0.000031	benign_only	1	21
LACC1	144811	2	0	2	0.000000	0.000031	benign_only	1	13
LACTB	114294	2	0	2	0.000000	0.000031	benign_only	1	15
LAG3	3902	2	0	2	0.000000	0.000031	benign_only	1	12
LAGE3	8270	2	0	2	0.000000	0.000031	benign_only	1	X
LAMB4	22798	2	0	2	0.000000	0.000031	benign_only	1	7
LAMP1	3916	2	0	2	0.000000	0.000031	benign_only	1	13
LAS1L	81887	2	2	0	1.000000	0.000031	pathogenic_only	1	X
LAT	27040	2	0	2	0.000000	0.000031	benign_only	1	16
LCE1D	353134	2	0	2	0.000000	0.000031	benign_only	1	1
LCP2	3937	2	0	2	0.000000	0.000031	benign_only	1	5
LEMD2	221496	2	0	2	0.000000	0.000031	benign_only	1	6
LGI4	163175	2	0	2	0.000000	0.000031	benign_only	1	19
LGR6	59352	2	0	2	0.000000	0.000031	benign_only	1	1
LHX3	8022	2	0	2	0.000000	0.000031	benign_only	1	9
LIMS2	55679	2	0	2	0.000000	0.000031	benign_only	1	2
LINC00630	100287765	2	0	2	0.000000	0.000031	benign_only	1	X
LINC02456	105369942	2	0	2	0.000000	0.000031	benign_only	1	12
LINC02908	401563	2	0	2	0.000000	0.000031	benign_only	1	9
LIPT2-AS1	100287896	2	1	1	0.500000	0.000031	mixed	1	11
LMBRD1	55788	2	0	2	0.000000	0.000031	benign_only	1	6
LMBRD2	92255	2	1	1	0.500000	0.000031	mixed	1	5
LMO7	4008	2	0	2	0.000000	0.000031	benign_only	1	13
LMOD1	25802	2	0	2	0.000000	0.000031	benign_only	1	1
LOC100130987	100130987	2	0	2	0.000000	0.000031	benign_only	1	11
LOC100133077	100133077	2	0	2	0.000000	0.000031	benign_only	1	9
LOC100506235	100506235	2	0	2	0.000000	0.000031	benign_only	1	2
LOC101928008	101928008	2	0	2	0.000000	0.000031	benign_only	1	11
LOC101928295	101928295	2	0	2	0.000000	0.000031	benign_only	1	19
LOC101928350	101928350	2	0	2	0.000000	0.000031	benign_only	1	17
LOC101928994	101928994	2	1	1	0.500000	0.000031	mixed	1	10
LOC102723716	102723716	2	0	2	0.000000	0.000031	benign_only	1	8
LOC102724446	102724446	2	0	2	0.000000	0.000031	benign_only	1	1
LOC105369149	105369149	2	0	2	0.000000	0.000031	benign_only	1	11
LOC105370792	105370792	2	0	2	0.000000	0.000031	benign_only	1	15
LOC105371856	105371856	2	0	2	0.000000	0.000031	benign_only	1	17
LOC105372791	105372791	2	0	2	0.000000	0.000031	benign_only	1	21
LOC105376032	105376032	2	1	1	0.500000	0.000031	mixed	1	9
LOC107075317	107075317	2	0	2	0.000000	0.000031	benign_only	1	19
LOC107126288	107126288	2	0	2	0.000000	0.000031	benign_only	1	7
LOC107372315	107372315	2	2	0	1.000000	0.000031	pathogenic_only	1	14
LOC107457585	107457585	2	0	2	0.000000	0.000031	benign_only	1	5
LOC107548112	107548112	2	1	1	0.500000	0.000031	mixed	1	1
LOC107832851	107832851	2	0	2	0.000000	0.000031	benign_only	1	10
LOC107980440	107980440	2	0	2	0.000000	0.000031	benign_only	1	9
LOC108491825	108491825	2	0	2	0.000000	0.000031	benign_only	1	11
LOC109029530	109029530	2	2	0	1.000000	0.000031	pathogenic_only	1	1
LOC110121269	110121269	2	1	1	0.500000	0.000031	mixed	1	3
LOC110121283	110121283	2	0	2	0.000000	0.000031	benign_only	1	1
LOC110121486	110121486	2	2	0	1.000000	0.000031	pathogenic_only	1	10
LOC110673972	110673972	2	0	2	0.000000	0.000031	benign_only	1	8
LOC111099027	111099027	2	0	2	0.000000	0.000031	benign_only	1	21
LOC111188154	111188154	2	0	2	0.000000	0.000031	benign_only	1	5
LOC112529895	112529895	2	0	2	0.000000	0.000031	benign_only	1	17
LOC112577486	112577486	2	0	2	0.000000	0.000031	benign_only	1	1
LOC112577517	112577517	2	0	2	0.000000	0.000031	benign_only	1	1
LOC112840921	112840921	2	1	1	0.500000	0.000031	mixed	1	2
LOC112997542	112997542	2	0	2	0.000000	0.000031	benign_only	1	4
LOC113174982	113174982	2	0	2	0.000000	0.000031	benign_only	1	6
LOC113788277	113788277	2	0	2	0.000000	0.000031	benign_only	1	8
LOC113788297	113788297	2	1	1	0.500000	0.000031	mixed	1	8
LOC113939967	113939967	2	0	2	0.000000	0.000031	benign_only	1	19
LOC114803468	114803468	2	0	2	0.000000	0.000031	benign_only	1	1
LOC114827850	114827850	2	2	0	1.000000	0.000031	pathogenic_only	1	12
LOC117125588	117125588	2	0	2	0.000000	0.000031	benign_only	1	19
LOC117125591	117125591	2	2	0	1.000000	0.000031	pathogenic_only	1	19
LOC117125592	117125592	2	0	2	0.000000	0.000031	benign_only	1	19
LOC120893116	120893116	2	0	2	0.000000	0.000031	benign_only	1	1
LOC121268921	121268921	2	0	2	0.000000	0.000031	benign_only	1	8
LOC121740717	121740717	2	0	2	0.000000	0.000031	benign_only	1	8
LOC122861289	122861289	2	0	2	0.000000	0.000031	benign_only	1	2
LOC123038185	123038185	2	0	2	0.000000	0.000031	benign_only	1	3
LOC124310614	124310614	2	0	2	0.000000	0.000031	benign_only	1	9
LOC124418421	124418421	2	0	2	0.000000	0.000031	benign_only	1	11
LOC124625920	124625920	2	0	2	0.000000	0.000031	benign_only	1	12
LOC124629423	124629423	2	0	2	0.000000	0.000031	benign_only	1	12
LOC125146351	125146351	2	0	2	0.000000	0.000031	benign_only	1	15
LOC125312417	125312417	2	0	2	0.000000	0.000031	benign_only	1	17
LOC125418073	125418073	2	0	2	0.000000	0.000031	benign_only	1	21
LOC126805586	126805586	2	0	2	0.000000	0.000031	benign_only	1	1
LOC126805661	126805661	2	0	2	0.000000	0.000031	benign_only	1	1
LOC126805704	126805704	2	0	2	0.000000	0.000031	benign_only	1	1
LOC126805841	126805841	2	0	2	0.000000	0.000031	benign_only	1	1
LOC126806171	126806171	2	0	2	0.000000	0.000031	benign_only	1	2
LOC126806174	126806174	2	0	2	0.000000	0.000031	benign_only	1	2
LOC126806192	126806192	2	0	2	0.000000	0.000031	benign_only	1	2
LOC126806211	126806211	2	0	2	0.000000	0.000031	benign_only	1	2
LOC126806253	126806253	2	2	0	1.000000	0.000031	pathogenic_only	1	2
LOC126806353	126806353	2	0	2	0.000000	0.000031	benign_only	1	2
LOC126806431	126806431	2	0	2	0.000000	0.000031	benign_only	1	2
LOC126806497	126806497	2	0	2	0.000000	0.000031	benign_only	1	2
LOC126806516	126806516	2	0	2	0.000000	0.000031	benign_only	1	2
LOC126806552	126806552	2	0	2	0.000000	0.000031	benign_only	1	2
LOC126806673	126806673	2	0	2	0.000000	0.000031	benign_only	1	3
LOC126806676	126806676	2	0	2	0.000000	0.000031	benign_only	1	3
LOC126806714	126806714	2	2	0	1.000000	0.000031	pathogenic_only	1	3
LOC126806727	126806727	2	0	2	0.000000	0.000031	benign_only	1	3
LOC126806913	126806913	2	2	0	1.000000	0.000031	pathogenic_only	1	3
LOC126807011	126807011	2	1	1	0.500000	0.000031	mixed	1	4
LOC126807349	126807349	2	0	2	0.000000	0.000031	benign_only	1	5
LOC126859837	126859837	2	0	2	0.000000	0.000031	benign_only	1	6
LOC126859871	126859871	2	0	2	0.000000	0.000031	benign_only	1	6
LOC126859913	126859913	2	0	2	0.000000	0.000031	benign_only	1	6
LOC126860130	126860130	2	0	2	0.000000	0.000031	benign_only	1	7
LOC126860552	126860552	2	0	2	0.000000	0.000031	benign_only	1	9
LOC126860741	126860741	2	0	2	0.000000	0.000031	benign_only	1	9
LOC126860772	126860772	2	1	1	0.500000	0.000031	mixed	1	9
LOC126861110	126861110	2	2	0	1.000000	0.000031	pathogenic_only	1	11
LOC126861244	126861244	2	2	0	1.000000	0.000031	pathogenic_only	1	11
LOC126861245	126861245	2	2	0	1.000000	0.000031	pathogenic_only	1	11
LOC126861343	126861343	2	0	2	0.000000	0.000031	benign_only	1	11
LOC126861452	126861452	2	2	0	1.000000	0.000031	pathogenic_only	1	12
LOC126861637	126861637	2	2	0	1.000000	0.000031	pathogenic_only	1	12
LOC126861936	126861936	2	0	2	0.000000	0.000031	benign_only	1	14
LOC126862183	126862183	2	0	2	0.000000	0.000031	benign_only	1	15
LOC126862187	126862187	2	0	2	0.000000	0.000031	benign_only	1	15
LOC126862390	126862390	2	1	1	0.500000	0.000031	mixed	1	16
LOC126862391	126862391	2	0	2	0.000000	0.000031	benign_only	1	16
LOC126862422	126862422	2	0	2	0.000000	0.000031	benign_only	1	16
LOC126862429	126862429	2	0	2	0.000000	0.000031	benign_only	1	16
LOC126862457	126862457	2	0	2	0.000000	0.000031	benign_only	1	17
LOC126862500	126862500	2	0	2	0.000000	0.000031	benign_only	1	17
LOC126862505	126862505	2	0	2	0.000000	0.000031	benign_only	1	17
LOC126862568	126862568	2	0	2	0.000000	0.000031	benign_only	1	17
LOC126862578	126862578	2	0	2	0.000000	0.000031	benign_only	1	17
LOC126862634	126862634	2	0	2	0.000000	0.000031	benign_only	1	17
LOC126862656	126862656	2	0	2	0.000000	0.000031	benign_only	1	17
LOC126862707	126862707	2	0	2	0.000000	0.000031	benign_only	1	18
LOC126862841	126862841	2	0	2	0.000000	0.000031	benign_only	1	19
LOC126862848	126862848	2	0	2	0.000000	0.000031	benign_only	1	19
LOC126862902	126862902	2	0	2	0.000000	0.000031	benign_only	1	19
LOC126862983	126862983	2	0	2	0.000000	0.000031	benign_only	1	20
LOC126863084	126863084	2	0	2	0.000000	0.000031	benign_only	1	20
LOC126863137	126863137	2	0	2	0.000000	0.000031	benign_only	1	22
LOC126863145	126863145	2	0	2	0.000000	0.000031	benign_only	1	22
LOC126863207	126863207	2	0	2	0.000000	0.000031	benign_only	1	X
LOC126863274	126863274	2	1	1	0.500000	0.000031	mixed	1	X
LOC127407129	127407129	2	0	2	0.000000	0.000031	benign_only	1	6
LOC127898564	127898564	2	0	2	0.000000	0.000031	benign_only	1	3
LOC128772255	128772255	2	0	2	0.000000	0.000031	benign_only	1	2
LOC129388665	129388665	2	0	2	0.000000	0.000031	benign_only	1	1
LOC129389274	129389274	2	0	2	0.000000	0.000031	benign_only	1	5
LOC129389544	129389544	2	0	2	0.000000	0.000031	benign_only	1	6
LOC129391064	129391064	2	2	0	1.000000	0.000031	pathogenic_only	1	19
LOC129929066	129929066	2	0	2	0.000000	0.000031	benign_only	1	1
LOC129929773	129929773	2	2	0	1.000000	0.000031	pathogenic_only	1	1
LOC129930446	129930446	2	2	0	1.000000	0.000031	pathogenic_only	1	1
LOC129930930	129930930	2	1	1	0.500000	0.000031	mixed	1	1
LOC129932529	129932529	2	0	2	0.000000	0.000031	benign_only	1	1
LOC129932812	129932812	2	0	2	0.000000	0.000031	benign_only	1	1
LOC129933155	129933155	2	2	0	1.000000	0.000031	pathogenic_only	1	2
LOC129934128	129934128	2	0	2	0.000000	0.000031	benign_only	1	2
LOC129935068	129935068	2	2	0	1.000000	0.000031	pathogenic_only	1	2
LOC129935191	129935191	2	0	2	0.000000	0.000031	benign_only	1	2
LOC129935214	129935214	2	1	1	0.500000	0.000031	mixed	1	2
LOC129935215	129935215	2	2	0	1.000000	0.000031	pathogenic_only	1	2
LOC129935461	129935461	2	0	2	0.000000	0.000031	benign_only	1	2
LOC129935594	129935594	2	2	0	1.000000	0.000031	pathogenic_only	1	2
LOC129936056	129936056	2	0	2	0.000000	0.000031	benign_only	1	3
LOC129936244	129936244	2	1	1	0.500000	0.000031	mixed	1	3
LOC129936434	129936434	2	1	1	0.500000	0.000031	mixed	1	3
LOC129992144	129992144	2	2	0	1.000000	0.000031	pathogenic_only	1	4
LOC129992625	129992625	2	0	2	0.000000	0.000031	benign_only	1	4
LOC129992813	129992813	2	0	2	0.000000	0.000031	benign_only	1	4
LOC129993881	129993881	2	2	0	1.000000	0.000031	pathogenic_only	1	5
LOC129995601	129995601	2	2	0	1.000000	0.000031	pathogenic_only	1	6
LOC129996517	129996517	2	0	2	0.000000	0.000031	benign_only	1	6
LOC129996881	129996881	2	0	2	0.000000	0.000031	benign_only	1	6
LOC129997523	129997523	2	0	2	0.000000	0.000031	benign_only	1	6
LOC129997525	129997525	2	0	2	0.000000	0.000031	benign_only	1	6
LOC129998292	129998292	2	0	2	0.000000	0.000031	benign_only	1	7
LOC129998502	129998502	2	0	2	0.000000	0.000031	benign_only	1	7
LOC129998603	129998603	2	1	1	0.500000	0.000031	mixed	1	7
LOC129998793	129998793	2	0	2	0.000000	0.000031	benign_only	1	7
LOC129999955	129999955	2	0	2	0.000000	0.000031	benign_only	1	8
LOC130002059	130002059	2	0	2	0.000000	0.000031	benign_only	1	9
LOC130002699	130002699	2	0	2	0.000000	0.000031	benign_only	1	9
LOC130003020	130003020	2	0	2	0.000000	0.000031	benign_only	1	9
LOC130003047	130003047	2	0	2	0.000000	0.000031	benign_only	1	9
LOC130005549	130005549	2	0	2	0.000000	0.000031	benign_only	1	11
LOC130006336	130006336	2	0	2	0.000000	0.000031	benign_only	1	11
LOC130007006	130007006	2	0	2	0.000000	0.000031	benign_only	1	11
LOC130009574	130009574	2	0	2	0.000000	0.000031	benign_only	1	13
LOC130009662	130009662	2	0	2	0.000000	0.000031	benign_only	1	13
LOC130010127	130010127	2	0	2	0.000000	0.000031	benign_only	1	13
LOC130055324	130055324	2	2	0	1.000000	0.000031	pathogenic_only	1	14
LOC130056226	130056226	2	1	1	0.500000	0.000031	mixed	1	14
LOC130056851	130056851	2	0	2	0.000000	0.000031	benign_only	1	15
LOC130057223	130057223	2	0	2	0.000000	0.000031	benign_only	1	15
LOC130057457	130057457	2	0	2	0.000000	0.000031	benign_only	1	15
LOC130058141	130058141	2	0	2	0.000000	0.000031	benign_only	1	16
LOC130058186	130058186	2	0	2	0.000000	0.000031	benign_only	1	16
LOC130058906	130058906	2	0	2	0.000000	0.000031	benign_only	1	16
LOC130059304	130059304	2	0	2	0.000000	0.000031	benign_only	1	16
LOC130059440	130059440	2	0	2	0.000000	0.000031	benign_only	1	16
LOC130059495	130059495	2	1	1	0.500000	0.000031	mixed	1	16
LOC130059718	130059718	2	0	2	0.000000	0.000031	benign_only	1	16
LOC130059719	130059719	2	0	2	0.000000	0.000031	benign_only	1	16
LOC130059762	130059762	2	2	0	1.000000	0.000031	pathogenic_only	1	16
LOC130059891	130059891	2	0	2	0.000000	0.000031	benign_only	1	17
LOC130060041	130060041	2	1	1	0.500000	0.000031	mixed	1	17
LOC130060113	130060113	2	0	2	0.000000	0.000031	benign_only	1	17
LOC130060994	130060994	2	2	0	1.000000	0.000031	pathogenic_only	1	17
LOC130061044	130061044	2	2	0	1.000000	0.000031	pathogenic_only	1	17
LOC130062607	130062607	2	0	2	0.000000	0.000031	benign_only	1	18
LOC130063295	130063295	2	1	1	0.500000	0.000031	mixed	1	19
LOC130063673	130063673	2	0	2	0.000000	0.000031	benign_only	1	19
LOC130063979	130063979	2	0	2	0.000000	0.000031	benign_only	1	19
LOC130064419	130064419	2	1	1	0.500000	0.000031	mixed	1	19
LOC130064595	130064595	2	2	0	1.000000	0.000031	pathogenic_only	1	19
LOC130065090	130065090	2	0	2	0.000000	0.000031	benign_only	1	19
LOC130065433	130065433	2	2	0	1.000000	0.000031	pathogenic_only	1	20
LOC130065507	130065507	2	2	0	1.000000	0.000031	pathogenic_only	1	20
LOC130065547	130065547	2	0	2	0.000000	0.000031	benign_only	1	20
LOC130066940	130066940	2	2	0	1.000000	0.000031	pathogenic_only	1	22
LOC130068202	130068202	2	2	0	1.000000	0.000031	pathogenic_only	1	X
LOC130068842	130068842	2	0	2	0.000000	0.000031	benign_only	1	X
LOC132089193	132089193	2	0	2	0.000000	0.000031	benign_only	1	5
LOC132089773	132089773	2	0	2	0.000000	0.000031	benign_only	1	10
LOC132090059	132090059	2	1	1	0.500000	0.000031	mixed	1	12
LOC132090352	132090352	2	0	2	0.000000	0.000031	benign_only	1	15
LOC132090718	132090718	2	0	2	0.000000	0.000031	benign_only	1	4
LOC340512	340512	2	0	2	0.000000	0.000031	benign_only	1	9
LPIN3	64900	2	0	2	0.000000	0.000031	benign_only	1	20
LRIG3	121227	2	0	2	0.000000	0.000031	benign_only	1	12
LRMDA	83938	2	0	2	0.000000	0.000031	benign_only	1	10
LRRC37A3	374819	2	0	2	0.000000	0.000031	benign_only	1	17
LRRC41	10489	2	0	2	0.000000	0.000031	benign_only	1	1
LRRC53	105378803	2	1	1	0.500000	0.000031	mixed	1	1
LRRC8A	56262	2	0	2	0.000000	0.000031	benign_only	1	9
LRRC8B	23507	2	0	2	0.000000	0.000031	benign_only	1	1
LRRC8E	80131	2	0	2	0.000000	0.000031	benign_only	1	19
LRRIQ3	127255	2	0	2	0.000000	0.000031	benign_only	1	1
LRTM3	643677	2	0	2	0.000000	0.000031	benign_only	1	13
LRTOMT	220074	2	1	1	0.500000	0.000031	mixed	1	11
LSG1	55341	2	0	2	0.000000	0.000031	benign_only	1	3
LTA4H	4048	2	0	2	0.000000	0.000031	benign_only	1	12
LTN1	26046	2	0	2	0.000000	0.000031	benign_only	1	21
LURAP1L-AS1	101929467	2	0	2	0.000000	0.000031	benign_only	1	9
LUZP1	7798	2	0	2	0.000000	0.000031	benign_only	1	1
LY9	4063	2	0	2	0.000000	0.000031	benign_only	1	1
MACROD1	28992	2	0	2	0.000000	0.000031	benign_only	1	11
MAGT1	84061	2	0	2	0.000000	0.000031	benign_only	1	X
MAMDC2	256691	2	0	2	0.000000	0.000031	benign_only	1	9
MAML1	9794	2	0	2	0.000000	0.000031	benign_only	1	5
MAP10	54627	2	0	2	0.000000	0.000031	benign_only	1	1
MAP1A	4130	2	0	2	0.000000	0.000031	benign_only	1	15
MAP2K3	5606	2	0	2	0.000000	0.000031	benign_only	1	17
MAP3K7	6885	2	2	0	1.000000	0.000031	pathogenic_only	1	6
MAP4K2	5871	2	0	2	0.000000	0.000031	benign_only	1	11
MARVELD2	153562	2	0	2	0.000000	0.000031	benign_only	1	5
MAST4	375449	2	0	2	0.000000	0.000031	benign_only	1	5
MAT2A	4144	2	0	2	0.000000	0.000031	benign_only	1	2
MBD6	114785	2	0	2	0.000000	0.000031	benign_only	1	12
MCM4	4173	2	0	2	0.000000	0.000031	benign_only	1	8
MCMDC2	157777	2	0	2	0.000000	0.000031	benign_only	1	8
MDFIC	29969	2	0	2	0.000000	0.000031	benign_only	1	7
MDM1	56890	2	0	2	0.000000	0.000031	benign_only	1	12
MEF2A	4205	2	0	2	0.000000	0.000031	benign_only	1	15
METRNL	284207	2	0	2	0.000000	0.000031	benign_only	1	17
MFGE8	4240	2	0	2	0.000000	0.000031	benign_only	1	15
MGAM	8972	2	0	2	0.000000	0.000031	benign_only	1	7
MGMT	4255	2	0	2	0.000000	0.000031	benign_only	1	10
MIB2	142678	2	0	2	0.000000	0.000031	benign_only	1	1
MICAL2	9645	2	0	2	0.000000	0.000031	benign_only	1	11
MIEF1	54471	2	0	2	0.000000	0.000031	benign_only	1	22
MIR302CHG	109864269	2	0	2	0.000000	0.000031	benign_only	1	4
MIR3936HG	553103	2	0	2	0.000000	0.000031	benign_only	1	5
MIR6857	102465516	2	2	0	1.000000	0.000031	pathogenic_only	1	X
MIR6886	102465534	2	2	0	1.000000	0.000031	pathogenic_only	1	19
MMP1	4312	2	0	2	0.000000	0.000031	benign_only	1	11
MMP17	4326	2	0	2	0.000000	0.000031	benign_only	1	12
MMP26	56547	2	0	2	0.000000	0.000031	benign_only	1	11
MMRN1	22915	2	0	2	0.000000	0.000031	benign_only	1	4
MOV10L1	54456	2	0	2	0.000000	0.000031	benign_only	1	22
MPIG6B	80739	2	0	2	0.000000	0.000031	benign_only	1	6
MRC2	9902	2	0	2	0.000000	0.000031	benign_only	1	17
MRPL12	6182	2	0	2	0.000000	0.000031	benign_only	1	17
MRPL40	64976	2	0	2	0.000000	0.000031	benign_only	1	22
MRPS35	60488	2	0	2	0.000000	0.000031	benign_only	1	12
MS4A2	2206	2	0	2	0.000000	0.000031	benign_only	1	11
MSH5-SAPCD1	100532732	2	0	2	0.000000	0.000031	benign_only	1	6
MSL3	10943	2	0	2	0.000000	0.000031	benign_only	1	X
MTARC1	64757	2	0	2	0.000000	0.000031	benign_only	1	1
MTERF4	130916	2	0	2	0.000000	0.000031	benign_only	1	2
MTMR10	54893	2	0	2	0.000000	0.000031	benign_only	1	15
MTOR-AS1	100873935	2	0	2	0.000000	0.000031	benign_only	1	1
MTSS2	92154	2	1	1	0.500000	0.000031	mixed	1	16
MVD	4597	2	1	1	0.500000	0.000031	mixed	1	16
MX1	4599	2	0	2	0.000000	0.000031	benign_only	1	21
MYC	4609	2	0	2	0.000000	0.000031	benign_only	1	8
MYCNOS	10408	2	0	2	0.000000	0.000031	benign_only	1	2
MYF6	4618	2	0	2	0.000000	0.000031	benign_only	1	12
MYLIP	29116	2	0	2	0.000000	0.000031	benign_only	1	6
MYMK	389827	2	2	0	1.000000	0.000031	pathogenic_only	1	9
MYO18A	399687	2	0	2	0.000000	0.000031	benign_only	1	17
MYO1D	4642	2	0	2	0.000000	0.000031	benign_only	1	17
MYO1E	4643	2	0	2	0.000000	0.000031	benign_only	1	15
MYO7B	4648	2	0	2	0.000000	0.000031	benign_only	1	2
MYRF	745	2	0	2	0.000000	0.000031	benign_only	1	11
N4BP2	55728	2	0	2	0.000000	0.000031	benign_only	1	4
NAA15	80155	2	1	1	0.500000	0.000031	mixed	1	4
NADK	65220	2	0	2	0.000000	0.000031	benign_only	1	1
NAGPA	51172	2	0	2	0.000000	0.000031	benign_only	1	16
NANOS1	340719	2	0	2	0.000000	0.000031	benign_only	1	10
NARS1	4677	2	1	1	0.500000	0.000031	mixed	1	18
NAT8	9027	2	0	2	0.000000	0.000031	benign_only	1	2
NAV3	89795	2	0	2	0.000000	0.000031	benign_only	1	12
NAXE	128240	2	0	2	0.000000	0.000031	benign_only	1	1
NCF4-AS1	107985578	2	1	1	0.500000	0.000031	mixed	1	22
NCL	4691	2	0	2	0.000000	0.000031	benign_only	1	2
NCSTN	23385	2	0	2	0.000000	0.000031	benign_only	1	1
NDRG1	10397	2	0	2	0.000000	0.000031	benign_only	1	8
NDRG2	57447	2	0	2	0.000000	0.000031	benign_only	1	14
NDUFA6	4700	2	0	2	0.000000	0.000031	benign_only	1	22
NDUFS3	4722	2	2	0	1.000000	0.000031	pathogenic_only	1	11
NDUFS6	4726	2	2	0	1.000000	0.000031	pathogenic_only	1	5
NDUFS7	374291	2	0	2	0.000000	0.000031	benign_only	1	19
NDUFS8	4728	2	2	0	1.000000	0.000031	pathogenic_only	1	11
NECTIN2	5819	2	0	2	0.000000	0.000031	benign_only	1	19
NEIL2	252969	2	0	2	0.000000	0.000031	benign_only	1	8
NEMP1	23306	2	0	2	0.000000	0.000031	benign_only	1	12
NET1	10276	2	0	2	0.000000	0.000031	benign_only	1	10
NEURL4	84461	2	0	2	0.000000	0.000031	benign_only	1	17
NGRN	51335	2	0	2	0.000000	0.000031	benign_only	1	15
NHLRC2	374354	2	1	1	0.500000	0.000031	mixed	1	10
NHSL2	340527	2	0	2	0.000000	0.000031	benign_only	1	X
NIPSNAP3B	55335	2	1	1	0.500000	0.000031	mixed	1	9
NLGN2	57555	2	0	2	0.000000	0.000031	benign_only	1	17
NLRC3	197358	2	0	2	0.000000	0.000031	benign_only	1	16
NLRP4	147945	2	0	2	0.000000	0.000031	benign_only	1	19
NLRP6	171389	2	0	2	0.000000	0.000031	benign_only	1	11
NLRP8	126205	2	0	2	0.000000	0.000031	benign_only	1	19
NOC3L	64318	2	0	2	0.000000	0.000031	benign_only	1	10
NONO	4841	2	0	2	0.000000	0.000031	benign_only	1	X
NOS1AP	9722	2	0	2	0.000000	0.000031	benign_only	1	1
NOSTRIN	115677	2	0	2	0.000000	0.000031	benign_only	1	2
NOTCH4	4855	2	0	2	0.000000	0.000031	benign_only	1	6
NOX4	50507	2	0	2	0.000000	0.000031	benign_only	1	11
NPAS4	266743	2	0	2	0.000000	0.000031	benign_only	1	11
NPC1L1	29881	2	0	2	0.000000	0.000031	benign_only	1	7
NPFFR1	64106	2	0	2	0.000000	0.000031	benign_only	1	10
NPR3	4883	2	0	2	0.000000	0.000031	benign_only	1	5
NPY2R	4887	2	0	2	0.000000	0.000031	benign_only	1	4
NR0B2	8431	2	0	2	0.000000	0.000031	benign_only	1	1
NR1H3	10062	2	0	2	0.000000	0.000031	benign_only	1	11
NR4A2	4929	2	0	2	0.000000	0.000031	benign_only	1	2
NRG3	10718	2	0	2	0.000000	0.000031	benign_only	1	10
NRK	203447	2	0	2	0.000000	0.000031	benign_only	1	X
NRP2	8828	2	0	2	0.000000	0.000031	benign_only	1	2
NT5C1B	93034	2	0	2	0.000000	0.000031	benign_only	1	2
NT5C1B-RDH14	100526794	2	0	2	0.000000	0.000031	benign_only	1	2
NT5C3A	51251	2	1	1	0.500000	0.000031	mixed	1	7
NTF4	4909	2	0	2	0.000000	0.000031	benign_only	1	19
NTM	50863	2	0	2	0.000000	0.000031	benign_only	1	11
NTNG2	84628	2	0	2	0.000000	0.000031	benign_only	1	9
NUDC	10726	2	0	2	0.000000	0.000031	benign_only	1	1
NUFIP1	26747	2	0	2	0.000000	0.000031	benign_only	1	13
NUP153	9972	2	0	2	0.000000	0.000031	benign_only	1	6
NUP210	23225	2	0	2	0.000000	0.000031	benign_only	1	3
NUS1	116150	2	1	1	0.500000	0.000031	mixed	1	6
NUTM1	256646	2	0	2	0.000000	0.000031	benign_only	1	15
NXN	64359	2	0	2	0.000000	0.000031	benign_only	1	17
OBSCN-AS1	574407	2	0	2	0.000000	0.000031	benign_only	1	1
OCEL1	79629	2	0	2	0.000000	0.000031	benign_only	1	19
ODF2L	57489	2	0	2	0.000000	0.000031	benign_only	1	1
OGDH	4967	2	0	2	0.000000	0.000031	benign_only	1	7
OGT	8473	2	1	1	0.500000	0.000031	mixed	1	X
OLFM2	93145	2	0	2	0.000000	0.000031	benign_only	1	19
OMG	4974	2	0	2	0.000000	0.000031	benign_only	1	17
OPA1-AS1	100873941	2	0	2	0.000000	0.000031	benign_only	1	3
OPN1MW	2652	2	0	2	0.000000	0.000031	benign_only	1	X
OPTC	26254	2	0	2	0.000000	0.000031	benign_only	1	1
OR10A4	283297	2	0	2	0.000000	0.000031	benign_only	1	11
OR10G9	219870	2	0	2	0.000000	0.000031	benign_only	1	11
OR10P1	121130	2	0	2	0.000000	0.000031	benign_only	1	12
OR1A2	26189	2	0	2	0.000000	0.000031	benign_only	1	17
OR2AK2	391191	2	0	2	0.000000	0.000031	benign_only	1	1
OR2G3	81469	2	0	2	0.000000	0.000031	benign_only	1	1
OR2L13	284521	2	0	2	0.000000	0.000031	benign_only	1	1
OR2M2	391194	2	0	2	0.000000	0.000031	benign_only	1	1
OR2T2	401992	2	0	2	0.000000	0.000031	benign_only	1	1
OR3A1	4994	2	0	2	0.000000	0.000031	benign_only	1	17
OR3A2	4995	2	0	2	0.000000	0.000031	benign_only	1	17
OR4C46	119749	2	0	2	0.000000	0.000031	benign_only	1	11
OR4S1	256148	2	0	2	0.000000	0.000031	benign_only	1	11
OR52E6	390078	2	0	2	0.000000	0.000031	benign_only	1	11
OR52N4	390072	2	0	2	0.000000	0.000031	benign_only	1	11
OR6B2	389090	2	0	2	0.000000	0.000031	benign_only	1	2
OSBP2	23762	2	0	2	0.000000	0.000031	benign_only	1	22
OSTM1	28962	2	0	2	0.000000	0.000031	benign_only	1	6
OTOP2	92736	2	0	2	0.000000	0.000031	benign_only	1	17
OXA1L	5018	2	0	2	0.000000	0.000031	benign_only	1	14
P2RY4	5030	2	0	2	0.000000	0.000031	benign_only	1	X
PACRG	135138	2	2	0	1.000000	0.000031	pathogenic_only	1	6
PADI1	29943	2	0	2	0.000000	0.000031	benign_only	1	1
PADI3	51702	2	2	0	1.000000	0.000031	pathogenic_only	1	1
PAG1	55824	2	0	2	0.000000	0.000031	benign_only	1	8
PAGE1	8712	2	0	2	0.000000	0.000031	benign_only	1	X
PALM	5064	2	0	2	0.000000	0.000031	benign_only	1	19
PALMD	54873	2	0	2	0.000000	0.000031	benign_only	1	1
PAM16	51025	2	0	2	0.000000	0.000031	benign_only	1	16
PAPLN	89932	2	0	2	0.000000	0.000031	benign_only	1	14
PARK7	11315	2	0	2	0.000000	0.000031	benign_only	1	1
PARP1	142	2	0	2	0.000000	0.000031	benign_only	1	1
PARP15	165631	2	0	2	0.000000	0.000031	benign_only	1	3
PARP2	10038	2	0	2	0.000000	0.000031	benign_only	1	14
PARP3	10039	2	0	2	0.000000	0.000031	benign_only	1	3
PARP9	83666	2	0	2	0.000000	0.000031	benign_only	1	3
PATJ	10207	2	0	2	0.000000	0.000031	benign_only	1	1
PATL2	197135	2	1	1	0.500000	0.000031	mixed	1	15
PCBD1	5092	2	1	1	0.500000	0.000031	mixed	1	10
PCDH10	57575	2	0	2	0.000000	0.000031	benign_only	1	4
PCDH11X	27328	2	0	2	0.000000	0.000031	benign_only	1	X
PCDHB4	56131	2	0	2	0.000000	0.000031	benign_only	1	5
PCDHB8	56128	2	0	2	0.000000	0.000031	benign_only	1	5
PCNX1	22990	2	0	2	0.000000	0.000031	benign_only	1	14
PCP2	126006	2	0	2	0.000000	0.000031	benign_only	1	19
PCSK6	5046	2	0	2	0.000000	0.000031	benign_only	1	15
PDCD6IP	10015	2	0	2	0.000000	0.000031	benign_only	1	3
PDE4A	5141	2	0	2	0.000000	0.000031	benign_only	1	19
PDE9A	5152	2	0	2	0.000000	0.000031	benign_only	1	21
PDHB	5162	2	1	1	0.500000	0.000031	mixed	1	3
PDPR	55066	2	0	2	0.000000	0.000031	benign_only	1	16
PDXDC1	23042	2	0	2	0.000000	0.000031	benign_only	1	16
PEAR1	375033	2	0	2	0.000000	0.000031	benign_only	1	1
PEBP1	5037	2	0	2	0.000000	0.000031	benign_only	1	12
PEMT	10400	2	0	2	0.000000	0.000031	benign_only	1	17
PER1	5187	2	0	2	0.000000	0.000031	benign_only	1	17
PEX11B	8799	2	1	1	0.500000	0.000031	mixed	1	1
PEX2	5828	2	0	2	0.000000	0.000031	benign_only	1	8
PFKL	5211	2	0	2	0.000000	0.000031	benign_only	1	21
PGLYRP3	114771	2	0	2	0.000000	0.000031	benign_only	1	1
PGM2L1	283209	2	0	2	0.000000	0.000031	benign_only	1	11
PHC2	1912	2	0	2	0.000000	0.000031	benign_only	1	1
PHLPP2	23035	2	0	2	0.000000	0.000031	benign_only	1	16
PHOX2B	8929	2	1	1	0.500000	0.000031	mixed	1	4
PHPT1	29085	2	0	2	0.000000	0.000031	benign_only	1	9
PIGC	5279	2	0	2	0.000000	0.000031	benign_only	1	1
PIGU	128869	2	0	2	0.000000	0.000031	benign_only	1	20
PIK3C2G	5288	2	0	2	0.000000	0.000031	benign_only	1	12
PIK3R4	30849	2	0	2	0.000000	0.000031	benign_only	1	3
PIP	5304	2	0	2	0.000000	0.000031	benign_only	1	7
PIR	8544	2	0	2	0.000000	0.000031	benign_only	1	X
PIR-FIGF	100532742	2	0	2	0.000000	0.000031	benign_only	1	X
PITPNM1	9600	2	0	2	0.000000	0.000031	benign_only	1	11
PIWIL4	143689	2	0	2	0.000000	0.000031	benign_only	1	11
PKD1L3	342372	2	0	2	0.000000	0.000031	benign_only	1	16
PLA2G4C	8605	2	0	2	0.000000	0.000031	benign_only	1	19
PLAA	9373	2	0	2	0.000000	0.000031	benign_only	1	9
PLAT	5327	2	0	2	0.000000	0.000031	benign_only	1	8
PLCE1-AS1	100128054	2	0	2	0.000000	0.000031	benign_only	1	10
PLEK	5341	2	0	2	0.000000	0.000031	benign_only	1	2
PLK5	126520	2	0	2	0.000000	0.000031	benign_only	1	19
PLXDC2	84898	2	0	2	0.000000	0.000031	benign_only	1	10
PMFBP1	83449	2	0	2	0.000000	0.000031	benign_only	1	16
PMPCA	23203	2	0	2	0.000000	0.000031	benign_only	1	9
PMVK	10654	2	0	2	0.000000	0.000031	benign_only	1	1
POC1B-GALNT4	100528030	2	0	2	0.000000	0.000031	benign_only	1	12
POLD3	10714	2	0	2	0.000000	0.000031	benign_only	1	11
POLL	27343	2	0	2	0.000000	0.000031	benign_only	1	10
POLN	353497	2	0	2	0.000000	0.000031	benign_only	1	4
POLR1B	84172	2	0	2	0.000000	0.000031	benign_only	1	2
POLR2M	81488	2	0	2	0.000000	0.000031	benign_only	1	15
PON1	5444	2	0	2	0.000000	0.000031	benign_only	1	7
POU3F4	5456	2	1	1	0.500000	0.000031	mixed	1	X
PPP1R21	129285	2	0	2	0.000000	0.000031	benign_only	1	2
PPP1R36	145376	2	0	2	0.000000	0.000031	benign_only	1	14
PQBP1	10084	2	1	1	0.500000	0.000031	mixed	1	X
PRAC2	360205	2	0	2	0.000000	0.000031	benign_only	1	17
PRAME	23532	2	0	2	0.000000	0.000031	benign_only	1	22
PRCD	768206	2	1	1	0.500000	0.000031	mixed	1	17
PRDM8	56978	2	0	2	0.000000	0.000031	benign_only	1	4
PRDM9	56979	2	0	2	0.000000	0.000031	benign_only	1	5
PREX2	80243	2	0	2	0.000000	0.000031	benign_only	1	8
PRKACA	5566	2	1	1	0.500000	0.000031	mixed	1	19
PRKCQ	5588	2	0	2	0.000000	0.000031	benign_only	1	10
PRM2	5620	2	0	2	0.000000	0.000031	benign_only	1	16
PRM3	58531	2	0	2	0.000000	0.000031	benign_only	1	16
PRMT7	54496	2	0	2	0.000000	0.000031	benign_only	1	16
PRPF31	26121	2	2	0	1.000000	0.000031	pathogenic_only	1	19
PRPF4	9128	2	1	1	0.500000	0.000031	mixed	1	9
PRPF6	24148	2	0	2	0.000000	0.000031	benign_only	1	20
PRPH	5630	2	0	2	0.000000	0.000031	benign_only	1	12
PRR5L	79899	2	0	2	0.000000	0.000031	benign_only	1	11
PRRX1	5396	2	0	2	0.000000	0.000031	benign_only	1	1
PRSS50	29122	2	0	2	0.000000	0.000031	benign_only	1	3
PSAT1	29968	2	1	1	0.500000	0.000031	mixed	1	9
PSD	5662	2	0	2	0.000000	0.000031	benign_only	1	10
PSG2	5670	2	0	2	0.000000	0.000031	benign_only	1	19
PSG4	5672	2	0	2	0.000000	0.000031	benign_only	1	19
PSIP1	11168	2	0	2	0.000000	0.000031	benign_only	1	9
PSMB4	5692	2	0	2	0.000000	0.000031	benign_only	1	1
PSMC3IP	29893	2	0	2	0.000000	0.000031	benign_only	1	17
PSMD14-DT	101929512	2	0	2	0.000000	0.000031	benign_only	1	2
PSMG1	8624	2	0	2	0.000000	0.000031	benign_only	1	21
PTBP1	5725	2	1	1	0.500000	0.000031	mixed	1	19
PTCD1	26024	2	0	2	0.000000	0.000031	benign_only	1	7
PTER	9317	2	0	2	0.000000	0.000031	benign_only	1	10
PTGFR	5737	2	0	2	0.000000	0.000031	benign_only	1	1
PTGIR	5739	2	0	2	0.000000	0.000031	benign_only	1	19
PTK2B	2185	2	0	2	0.000000	0.000031	benign_only	1	8
PTPN2	5771	2	0	2	0.000000	0.000031	benign_only	1	18
PTRH2	51651	2	1	1	0.500000	0.000031	mixed	1	17
PUS7	54517	2	1	1	0.500000	0.000031	mixed	1	7
PVALB	5816	2	0	2	0.000000	0.000031	benign_only	1	22
PWWP3B	139221	2	0	2	0.000000	0.000031	benign_only	1	X
QSOX1	5768	2	0	2	0.000000	0.000031	benign_only	1	1
RAB11FIP1	80223	2	0	2	0.000000	0.000031	benign_only	1	8
RAB11FIP5	26056	2	0	2	0.000000	0.000031	benign_only	1	2
RAB40AL	282808	2	0	2	0.000000	0.000031	benign_only	1	X
RAB4B-EGLN2	100529264	2	0	2	0.000000	0.000031	benign_only	1	19
RAB7A	7879	2	2	0	1.000000	0.000031	pathogenic_only	1	3
RAD54B	25788	2	0	2	0.000000	0.000031	benign_only	1	8
RAPGEF4	11069	2	0	2	0.000000	0.000031	benign_only	1	2
RASAL1	8437	2	0	2	0.000000	0.000031	benign_only	1	12
RASAL3	64926	2	0	2	0.000000	0.000031	benign_only	1	19
RASGRF1	5923	2	0	2	0.000000	0.000031	benign_only	1	15
RASGRP1	10125	2	0	2	0.000000	0.000031	benign_only	1	15
RASSF7	8045	2	0	2	0.000000	0.000031	benign_only	1	11
RAX	30062	2	0	2	0.000000	0.000031	benign_only	1	18
RAX2	84839	2	1	1	0.500000	0.000031	mixed	1	19
RB1CC1	9821	2	0	2	0.000000	0.000031	benign_only	1	8
RBFOX2	23543	2	0	2	0.000000	0.000031	benign_only	1	22
RBL2	5934	2	0	2	0.000000	0.000031	benign_only	1	16
RBM26	64062	2	0	2	0.000000	0.000031	benign_only	1	13
RBMXL2	27288	2	0	2	0.000000	0.000031	benign_only	1	11
RBP1	5947	2	0	2	0.000000	0.000031	benign_only	1	3
RC3H1	149041	2	0	2	0.000000	0.000031	benign_only	1	1
RDH11	51109	2	0	2	0.000000	0.000031	benign_only	1	14
RDH8	50700	2	0	2	0.000000	0.000031	benign_only	1	19
REL	5966	2	0	2	0.000000	0.000031	benign_only	1	2
REPS1	85021	2	0	2	0.000000	0.000031	benign_only	1	6
RESF1	55196	2	0	2	0.000000	0.000031	benign_only	1	12
RFFL	117584	2	0	2	0.000000	0.000031	benign_only	1	17
RFX1	5989	2	0	2	0.000000	0.000031	benign_only	1	19
RFX4	5992	2	0	2	0.000000	0.000031	benign_only	1	12
RFX8	731220	2	0	2	0.000000	0.000031	benign_only	1	2
RFXAP	5994	2	0	2	0.000000	0.000031	benign_only	1	13
RGS9BP	388531	2	0	2	0.000000	0.000031	benign_only	1	19
RIC3	79608	2	0	2	0.000000	0.000031	benign_only	1	11
RIMS2	9699	2	0	2	0.000000	0.000031	benign_only	1	8
RIPK1	8737	2	1	1	0.500000	0.000031	mixed	1	6
RMP64	25871	2	0	2	0.000000	0.000031	benign_only	1	3
RNASE4	6038	2	0	2	0.000000	0.000031	benign_only	1	14
RNASEH1	246243	2	1	1	0.500000	0.000031	mixed	1	2
RNASEL	6041	2	0	2	0.000000	0.000031	benign_only	1	1
RNF212	285498	2	0	2	0.000000	0.000031	benign_only	1	4
RNF6	6049	2	0	2	0.000000	0.000031	benign_only	1	13
RORA-AS1	101928784	2	0	2	0.000000	0.000031	benign_only	1	15
RORC	6097	2	0	2	0.000000	0.000031	benign_only	1	1
RP9	6100	2	0	2	0.000000	0.000031	benign_only	1	7
RPL5	6125	2	0	2	0.000000	0.000031	benign_only	1	1
RPS6KA6	27330	2	0	2	0.000000	0.000031	benign_only	1	X
RRAGC-DT	105378663	2	0	2	0.000000	0.000031	benign_only	1	1
RRP8	23378	2	0	2	0.000000	0.000031	benign_only	1	11
RRS1	23212	2	0	2	0.000000	0.000031	benign_only	1	8
RSPO1	284654	2	0	2	0.000000	0.000031	benign_only	1	1
RTL5	340526	2	0	2	0.000000	0.000031	benign_only	1	X
RTN4RL1	146760	2	0	2	0.000000	0.000031	benign_only	1	17
RTP5	285093	2	0	2	0.000000	0.000031	benign_only	1	2
RYK	6259	2	0	2	0.000000	0.000031	benign_only	1	3
SAA1	6288	2	0	2	0.000000	0.000031	benign_only	1	11
SAR1B	51128	2	2	0	1.000000	0.000031	pathogenic_only	1	5
SBF2-AS1	283104	2	0	2	0.000000	0.000031	benign_only	1	11
SCN4B	6330	2	0	2	0.000000	0.000031	benign_only	1	11
SCNN1G	6340	2	0	2	0.000000	0.000031	benign_only	1	16
SCTR	6344	2	0	2	0.000000	0.000031	benign_only	1	2
SDK2	54549	2	0	2	0.000000	0.000031	benign_only	1	17
SDS	10993	2	0	2	0.000000	0.000031	benign_only	1	12
SEC31A	22872	2	0	2	0.000000	0.000031	benign_only	1	4
SEMA3D	223117	2	0	2	0.000000	0.000031	benign_only	1	7
SEMA5A	9037	2	0	2	0.000000	0.000031	benign_only	1	5
SENP2	59343	2	0	2	0.000000	0.000031	benign_only	1	3
SENP5	205564	2	0	2	0.000000	0.000031	benign_only	1	3
SERPINA12	145264	2	0	2	0.000000	0.000031	benign_only	1	14
SERPINA3	12	2	0	2	0.000000	0.000031	benign_only	1	14
SERPINB3	6317	2	0	2	0.000000	0.000031	benign_only	1	18
SERPINB7	8710	2	0	2	0.000000	0.000031	benign_only	1	18
SERPINE1	5054	2	0	2	0.000000	0.000031	benign_only	1	7
SERPINH1	871	2	1	1	0.500000	0.000031	mixed	1	11
SET	6418	2	1	1	0.500000	0.000031	mixed	1	9
SETDB2	83852	2	0	2	0.000000	0.000031	benign_only	1	13
SETDB2-PHF11	107303344	2	0	2	0.000000	0.000031	benign_only	1	13
SEZ6L2	26470	2	0	2	0.000000	0.000031	benign_only	1	16
SFMBT1	51460	2	0	2	0.000000	0.000031	benign_only	1	3
SFRP4	6424	2	0	2	0.000000	0.000031	benign_only	1	7
SGO2	151246	2	0	2	0.000000	0.000031	benign_only	1	2
SGSM2	9905	2	0	2	0.000000	0.000031	benign_only	1	17
SGSM3	27352	2	0	2	0.000000	0.000031	benign_only	1	22
SH2D1A	4068	2	2	0	1.000000	0.000031	pathogenic_only	1	X
SHLD2	54537	2	0	2	0.000000	0.000031	benign_only	1	10
SIGLEC10	89790	2	0	2	0.000000	0.000031	benign_only	1	19
SIGLEC6	946	2	0	2	0.000000	0.000031	benign_only	1	19
SIPA1L1	26037	2	0	2	0.000000	0.000031	benign_only	1	14
SIRPA	140885	2	0	2	0.000000	0.000031	benign_only	1	20
SIRT3	23410	2	0	2	0.000000	0.000031	benign_only	1	11
SIX3	6496	2	0	2	0.000000	0.000031	benign_only	1	2
SLA2	84174	2	0	2	0.000000	0.000031	benign_only	1	20
SLAMF1	6504	2	0	2	0.000000	0.000031	benign_only	1	1
SLC10A1	6554	2	0	2	0.000000	0.000031	benign_only	1	14
SLC12A5-AS1	109729184	2	0	2	0.000000	0.000031	benign_only	1	20
SLC12A9	56996	2	0	2	0.000000	0.000031	benign_only	1	7
SLC13A1	6561	2	0	2	0.000000	0.000031	benign_only	1	7
SLC14A1	6563	2	0	2	0.000000	0.000031	benign_only	1	18
SLC16A12	387700	2	0	2	0.000000	0.000031	benign_only	1	10
SLC17A8	246213	2	0	2	0.000000	0.000031	benign_only	1	12
SLC18A2	6571	2	1	1	0.500000	0.000031	mixed	1	10
SLC1A1	6505	2	0	2	0.000000	0.000031	benign_only	1	9
SLC22A4	6583	2	0	2	0.000000	0.000031	benign_only	1	5
SLC22A8	9376	2	0	2	0.000000	0.000031	benign_only	1	11
SLC25A12	8604	2	0	2	0.000000	0.000031	benign_only	1	2
SLC25A32	81034	2	0	2	0.000000	0.000031	benign_only	1	8
SLC25A42	284439	2	1	1	0.500000	0.000031	mixed	1	19
SLC26A6	65010	2	0	2	0.000000	0.000031	benign_only	1	3
SLC26A9	115019	2	0	2	0.000000	0.000031	benign_only	1	1
SLC28A2	9153	2	0	2	0.000000	0.000031	benign_only	1	15
SLC28A2-AS1	101928414	2	0	2	0.000000	0.000031	benign_only	1	15
SLC2A6	11182	2	0	2	0.000000	0.000031	benign_only	1	9
SLC2A7	155184	2	0	2	0.000000	0.000031	benign_only	1	1
SLC30A7	148867	2	1	1	0.500000	0.000031	mixed	1	1
SLC30A9	10463	2	0	2	0.000000	0.000031	benign_only	1	4
SLC35A1	10559	2	0	2	0.000000	0.000031	benign_only	1	6
SLC38A7	55238	2	0	2	0.000000	0.000031	benign_only	1	16
SLC39A11	201266	2	0	2	0.000000	0.000031	benign_only	1	17
SLC39A14	23516	2	0	2	0.000000	0.000031	benign_only	1	8
SLC45A4	57210	2	0	2	0.000000	0.000031	benign_only	1	8
SLC5A2	6524	2	1	1	0.500000	0.000031	mixed	1	16
SLC5A7	60482	2	0	2	0.000000	0.000031	benign_only	1	2
SLC5A8	160728	2	0	2	0.000000	0.000031	benign_only	1	12
SLC67A1-AS	5003	2	0	2	0.000000	0.000031	benign_only	1	11
SLC6A17	388662	2	0	2	0.000000	0.000031	benign_only	1	1
SLC7A5	8140	2	0	2	0.000000	0.000031	benign_only	1	16
SLC8A3	6547	2	0	2	0.000000	0.000031	benign_only	1	14
SLC9A7	84679	2	1	1	0.500000	0.000031	mixed	1	X
SLFN12L	100506736	2	0	2	0.000000	0.000031	benign_only	1	17
SLFN13	146857	2	0	2	0.000000	0.000031	benign_only	1	17
SMARCA1	6594	2	0	2	0.000000	0.000031	benign_only	1	X
SMARCA5	8467	2	2	0	1.000000	0.000031	pathogenic_only	1	4
SMARCD2	6603	2	0	2	0.000000	0.000031	benign_only	1	17
SMC1B	27127	2	0	2	0.000000	0.000031	benign_only	1	22
SMC5-DT	100507299	2	0	2	0.000000	0.000031	benign_only	1	9
SMG1	23049	2	0	2	0.000000	0.000031	benign_only	1	16
SMG5	23381	2	0	2	0.000000	0.000031	benign_only	1	1
SMOC2	64094	2	0	2	0.000000	0.000031	benign_only	1	6
SMTNL2	342527	2	0	2	0.000000	0.000031	benign_only	1	17
SNCA	6622	2	1	1	0.500000	0.000031	mixed	1	4
SNED1	25992	2	0	2	0.000000	0.000031	benign_only	1	2
SNIP1	79753	2	0	2	0.000000	0.000031	benign_only	1	1
SORCS1	114815	2	0	2	0.000000	0.000031	benign_only	1	10
SORT1	6272	2	0	2	0.000000	0.000031	benign_only	1	1
SOX8	30812	2	0	2	0.000000	0.000031	benign_only	1	16
SPACA3	124912	2	0	2	0.000000	0.000031	benign_only	1	17
SPART	23111	2	0	2	0.000000	0.000031	benign_only	1	13
SPATA31A6	389730	2	0	2	0.000000	0.000031	benign_only	1	9
SPHK2	56848	2	0	2	0.000000	0.000031	benign_only	1	19
SPHKAP	80309	2	0	2	0.000000	0.000031	benign_only	1	2
SPIB	6689	2	0	2	0.000000	0.000031	benign_only	1	19
SPIDR	23514	2	0	2	0.000000	0.000031	benign_only	1	8
SPOCK2	9806	2	0	2	0.000000	0.000031	benign_only	1	10
SPOCK3	50859	2	0	2	0.000000	0.000031	benign_only	1	4
SPP1	6696	2	0	2	0.000000	0.000031	benign_only	1	4
SPP2	6694	2	0	2	0.000000	0.000031	benign_only	1	2
SPRTN	83932	2	0	2	0.000000	0.000031	benign_only	1	1
SPRY4	81848	2	0	2	0.000000	0.000031	benign_only	1	5
SPTBN1-AS2	123706536	2	0	2	0.000000	0.000031	benign_only	1	2
SRF	6722	2	0	2	0.000000	0.000031	benign_only	1	6
SSH2	85464	2	0	2	0.000000	0.000031	benign_only	1	17
ST3GAL3	6487	2	0	2	0.000000	0.000031	benign_only	1	1
ST6GALNAC4-ST6GALNAC6-AK1	123987602	2	0	2	0.000000	0.000031	benign_only	1	9
ST7L	54879	2	0	2	0.000000	0.000031	benign_only	1	1
STAC	6769	2	0	2	0.000000	0.000031	benign_only	1	3
STAG3	10734	2	0	2	0.000000	0.000031	benign_only	1	7
STAT4	6775	2	0	2	0.000000	0.000031	benign_only	1	2
STEAP4	79689	2	0	2	0.000000	0.000031	benign_only	1	7
STK32C	282974	2	0	2	0.000000	0.000031	benign_only	1	10
STOX1	219736	2	0	2	0.000000	0.000031	benign_only	1	10
STT3A	3703	2	2	0	1.000000	0.000031	pathogenic_only	1	11
SUCLG1	8802	2	1	1	0.500000	0.000031	mixed	1	2
SUCO	51430	2	0	2	0.000000	0.000031	benign_only	1	1
SULT1C3	442038	2	0	2	0.000000	0.000031	benign_only	1	2
SUMO4	387082	2	0	2	0.000000	0.000031	benign_only	1	6
SUSD1	64420	2	0	2	0.000000	0.000031	benign_only	1	9
SUSD2	56241	2	0	2	0.000000	0.000031	benign_only	1	22
SUZ12	23512	2	0	2	0.000000	0.000031	benign_only	1	17
SVOPL	136306	2	0	2	0.000000	0.000031	benign_only	1	7
SYN2	6854	2	0	2	0.000000	0.000031	benign_only	1	3
SYNPO2	171024	2	0	2	0.000000	0.000031	benign_only	1	4
SYP	6855	2	0	2	0.000000	0.000031	benign_only	1	X
SYT4	6860	2	0	2	0.000000	0.000031	benign_only	1	18
SYT8	90019	2	0	2	0.000000	0.000031	benign_only	1	11
TAB2	23118	2	0	2	0.000000	0.000031	benign_only	1	6
TACC3	10460	2	0	2	0.000000	0.000031	benign_only	1	4
TACO1	51204	2	0	2	0.000000	0.000031	benign_only	1	17
TACR3-AS1	121233924	2	1	1	0.500000	0.000031	mixed	1	4
TAF1A	9015	2	0	2	0.000000	0.000031	benign_only	1	1
TAF1C	9013	2	0	2	0.000000	0.000031	benign_only	1	16
TAMALIN	160622	2	0	2	0.000000	0.000031	benign_only	1	12
TANK	10010	2	0	2	0.000000	0.000031	benign_only	1	2
TAS2R4	50832	2	0	2	0.000000	0.000031	benign_only	1	7
TAS2R9	50835	2	0	2	0.000000	0.000031	benign_only	1	12
TBC1D1	23216	2	0	2	0.000000	0.000031	benign_only	1	4
TBC1D22A	25771	2	0	2	0.000000	0.000031	benign_only	1	22
TBX18	9096	2	0	2	0.000000	0.000031	benign_only	1	6
TBXT	6862	2	0	2	0.000000	0.000031	benign_only	1	6
TCAP	8557	2	0	2	0.000000	0.000031	benign_only	1	17
TCHHL1	126637	2	0	2	0.000000	0.000031	benign_only	1	1
TECRL	253017	2	0	2	0.000000	0.000031	benign_only	1	4
TENM1	10178	2	0	2	0.000000	0.000031	benign_only	1	X
TEPSIN	146705	2	0	2	0.000000	0.000031	benign_only	1	17
TERF2	7014	2	0	2	0.000000	0.000031	benign_only	1	16
TGDS	23483	2	1	1	0.500000	0.000031	mixed	1	13
TGM3	7053	2	0	2	0.000000	0.000031	benign_only	1	20
THADA	63892	2	0	2	0.000000	0.000031	benign_only	1	2
THBS2	7058	2	0	2	0.000000	0.000031	benign_only	1	6
THEM4	117145	2	0	2	0.000000	0.000031	benign_only	1	1
THG1L	54974	2	1	1	0.500000	0.000031	mixed	1	5
TIALD	105370035	2	0	2	0.000000	0.000031	benign_only	1	12
TIAM2	26230	2	0	2	0.000000	0.000031	benign_only	1	6
TKFC	26007	2	1	1	0.500000	0.000031	mixed	1	11
TLR6	10333	2	0	2	0.000000	0.000031	benign_only	1	4
TLR9	54106	2	0	2	0.000000	0.000031	benign_only	1	3
TMBIM1	64114	2	0	2	0.000000	0.000031	benign_only	1	2
TMCO1	54499	2	0	2	0.000000	0.000031	benign_only	1	1
TMEM138	51524	2	2	0	1.000000	0.000031	pathogenic_only	1	11
TMEM147-AS1	100506469	2	1	1	0.500000	0.000031	mixed	1	19
TMEM175	84286	2	0	2	0.000000	0.000031	benign_only	1	4
TMEM19	55266	2	0	2	0.000000	0.000031	benign_only	1	12
TMEM237	65062	2	0	2	0.000000	0.000031	benign_only	1	2
TMEM255A	55026	2	0	2	0.000000	0.000031	benign_only	1	X
TMEM260	54916	2	0	2	0.000000	0.000031	benign_only	1	14
TMEM38B	55151	2	0	2	0.000000	0.000031	benign_only	1	9
TMIGD2	126259	2	0	2	0.000000	0.000031	benign_only	1	19
TMPPE	643853	2	1	1	0.500000	0.000031	mixed	1	3
TNFRSF10A	8797	2	0	2	0.000000	0.000031	benign_only	1	8
TNFRSF1B	7133	2	0	2	0.000000	0.000031	benign_only	1	1
TNFRSF9	3604	2	0	2	0.000000	0.000031	benign_only	1	1
TNFSF12-TNFSF13	407977	2	0	2	0.000000	0.000031	benign_only	1	17
TNFSF13	8741	2	0	2	0.000000	0.000031	benign_only	1	17
TNIK	23043	2	0	2	0.000000	0.000031	benign_only	1	3
TNNT1	7138	2	0	2	0.000000	0.000031	benign_only	1	19
TNNT3	7140	2	2	0	1.000000	0.000031	pathogenic_only	1	11
TNR	7143	2	0	2	0.000000	0.000031	benign_only	1	1
TNRC18	84629	2	0	2	0.000000	0.000031	benign_only	1	7
TOMT	120356740	2	1	1	0.500000	0.000031	mixed	1	11
TPH2	121278	2	0	2	0.000000	0.000031	benign_only	1	12
TPP2	7174	2	0	2	0.000000	0.000031	benign_only	1	13
TPSB2	64499	2	0	2	0.000000	0.000031	benign_only	1	16
TRAPPC4	51399	2	0	2	0.000000	0.000031	benign_only	1	11
TREH	11181	2	0	2	0.000000	0.000031	benign_only	1	11
TREX1	11277	2	2	0	1.000000	0.000031	pathogenic_only	1	3
TRIM32	22954	2	2	0	1.000000	0.000031	pathogenic_only	1	9
TRIM66	9866	2	0	2	0.000000	0.000031	benign_only	1	11
TRIM69	140691	2	0	2	0.000000	0.000031	benign_only	1	15
TRIM72	493829	2	0	2	0.000000	0.000031	benign_only	1	16
TRIML2	205860	2	0	2	0.000000	0.000031	benign_only	1	4
TRIP4	9325	2	0	2	0.000000	0.000031	benign_only	1	15
TRMT1	55621	2	0	2	0.000000	0.000031	benign_only	1	19
TRMT10A	93587	2	1	1	0.500000	0.000031	mixed	1	4
TRMT13	54482	2	0	2	0.000000	0.000031	benign_only	1	1
TROAP-AS1	101927267	2	0	2	0.000000	0.000031	benign_only	1	12
TRPM1-AS1	105370752	2	1	1	0.500000	0.000031	mixed	1	15
TRPM5	29850	2	0	2	0.000000	0.000031	benign_only	1	11
TRPV5	56302	2	0	2	0.000000	0.000031	benign_only	1	7
TSEN15	116461	2	0	2	0.000000	0.000031	benign_only	1	1
TSPAN8	7103	2	0	2	0.000000	0.000031	benign_only	1	12
TSPOAP1-AS1	100506779	2	0	2	0.000000	0.000031	benign_only	1	17
TSPYL1	7259	2	0	2	0.000000	0.000031	benign_only	1	6
TSR1	55720	2	0	2	0.000000	0.000031	benign_only	1	17
TTC28	23331	2	0	2	0.000000	0.000031	benign_only	1	22
TTC36-AS1	101929089	2	0	2	0.000000	0.000031	benign_only	1	11
TTC39B	158219	2	0	2	0.000000	0.000031	benign_only	1	9
TUBG1	7283	2	1	1	0.500000	0.000031	mixed	1	17
TULP3	7289	2	0	2	0.000000	0.000031	benign_only	1	12
TUT1	64852	2	0	2	0.000000	0.000031	benign_only	1	11
TUT4	23318	2	0	2	0.000000	0.000031	benign_only	1	1
TWIST2	117581	2	2	0	1.000000	0.000031	pathogenic_only	1	2
TXNRD1	7296	2	0	2	0.000000	0.000031	benign_only	1	12
TYROBP	7305	2	0	2	0.000000	0.000031	benign_only	1	19
UAP1	6675	2	0	2	0.000000	0.000031	benign_only	1	1
UBAP1	51271	2	0	2	0.000000	0.000031	benign_only	1	9
UBAP2	55833	2	0	2	0.000000	0.000031	benign_only	1	9
UBASH3B	84959	2	0	2	0.000000	0.000031	benign_only	1	11
UBQLN4	56893	2	0	2	0.000000	0.000031	benign_only	1	1
UBTF	7343	2	1	1	0.500000	0.000031	mixed	1	17
UGT2A2	574537	2	0	2	0.000000	0.000031	benign_only	1	4
UGT2B15	7366	2	0	2	0.000000	0.000031	benign_only	1	4
UGT2B4	7363	2	0	2	0.000000	0.000031	benign_only	1	4
UMPS	7372	2	0	2	0.000000	0.000031	benign_only	1	3
UNC119	9094	2	0	2	0.000000	0.000031	benign_only	1	17
UNC13B	10497	2	0	2	0.000000	0.000031	benign_only	1	9
UPB1	51733	2	1	1	0.500000	0.000031	mixed	1	22
USP34	9736	2	0	2	0.000000	0.000031	benign_only	1	2
USP37	57695	2	0	2	0.000000	0.000031	benign_only	1	2
USP44	84101	2	0	2	0.000000	0.000031	benign_only	1	12
USP45	85015	2	0	2	0.000000	0.000031	benign_only	1	6
USP6	9098	2	0	2	0.000000	0.000031	benign_only	1	17
USP7	7874	2	0	2	0.000000	0.000031	benign_only	1	16
UTP23	84294	2	0	2	0.000000	0.000031	benign_only	1	8
UTP3	57050	2	0	2	0.000000	0.000031	benign_only	1	4
UTP6	55813	2	0	2	0.000000	0.000031	benign_only	1	17
UVSSA	57654	2	0	2	0.000000	0.000031	benign_only	1	4
VAMP7	6845	2	0	2	0.000000	0.000031	benign_only	1	X
VAV1	7409	2	0	2	0.000000	0.000031	benign_only	1	19
VIPAS39	63894	2	0	2	0.000000	0.000031	benign_only	1	14
VMA21	203547	2	0	2	0.000000	0.000031	benign_only	1	X
VMA22	84317	2	1	1	0.500000	0.000031	mixed	1	2
VNN1	8876	2	0	2	0.000000	0.000031	benign_only	1	6
VPS37A	137492	2	0	2	0.000000	0.000031	benign_only	1	8
VPS4A	27183	2	2	0	1.000000	0.000031	pathogenic_only	1	16
VPS8	23355	2	0	2	0.000000	0.000031	benign_only	1	3
VRK2	7444	2	0	2	0.000000	0.000031	benign_only	1	2
VSIG10L	147645	2	0	2	0.000000	0.000031	benign_only	1	19
VSIG4	11326	2	0	2	0.000000	0.000031	benign_only	1	X
WARS1	7453	2	1	1	0.500000	0.000031	mixed	1	14
WASF3	10810	2	0	2	0.000000	0.000031	benign_only	1	13
WDFY3-AS1	100874023	2	0	2	0.000000	0.000031	benign_only	1	4
WDR26	80232	2	1	1	0.500000	0.000031	mixed	1	1
WDR35-DT	101928222	2	0	2	0.000000	0.000031	benign_only	1	2
WLS	79971	2	2	0	1.000000	0.000031	pathogenic_only	1	1
WNT10B	7480	2	0	2	0.000000	0.000031	benign_only	1	12
XRCC2	7516	2	0	2	0.000000	0.000031	benign_only	1	7
XRCC3	7517	2	0	2	0.000000	0.000031	benign_only	1	14
XYLB	9942	2	0	2	0.000000	0.000031	benign_only	1	3
YME1L1	10730	2	0	2	0.000000	0.000031	benign_only	1	10
ZBP1	81030	2	0	2	0.000000	0.000031	benign_only	1	20
ZBTB33	10009	2	0	2	0.000000	0.000031	benign_only	1	X
ZBTB38	253461	2	0	2	0.000000	0.000031	benign_only	1	3
ZBTB4	57659	2	0	2	0.000000	0.000031	benign_only	1	17
ZBTB40	9923	2	0	2	0.000000	0.000031	benign_only	1	1
ZC3H12A	80149	2	0	2	0.000000	0.000031	benign_only	1	1
ZC3H14	79882	2	0	2	0.000000	0.000031	benign_only	1	14
ZC3H3	23144	2	0	2	0.000000	0.000031	benign_only	1	8
ZC3H8	84524	2	0	2	0.000000	0.000031	benign_only	1	2
ZCCHC14	23174	2	0	2	0.000000	0.000031	benign_only	1	16
ZDHHC15	158866	2	0	2	0.000000	0.000031	benign_only	1	X
ZDHHC9	51114	2	1	1	0.500000	0.000031	mixed	1	X
ZFP14	57677	2	0	2	0.000000	0.000031	benign_only	1	19
ZFR	51663	2	0	2	0.000000	0.000031	benign_only	1	5
ZFYVE28	57732	2	0	2	0.000000	0.000031	benign_only	1	4
ZIC4	84107	2	0	2	0.000000	0.000031	benign_only	1	3
ZMPSTE24	10269	2	1	1	0.500000	0.000031	mixed	1	1
ZMYM2	7750	2	0	2	0.000000	0.000031	benign_only	1	13
ZMYND8	23613	2	0	2	0.000000	0.000031	benign_only	1	20
ZNF135	7694	2	0	2	0.000000	0.000031	benign_only	1	19
ZNF268	10795	2	0	2	0.000000	0.000031	benign_only	1	12
ZNF341-AS1	101929746	2	0	2	0.000000	0.000031	benign_only	1	20
ZNF417	147687	2	0	2	0.000000	0.000031	benign_only	1	19
ZNF528	84436	2	0	2	0.000000	0.000031	benign_only	1	19
ZNF711	7552	2	0	2	0.000000	0.000031	benign_only	1	X
ZNF740	283337	2	0	2	0.000000	0.000031	benign_only	1	12
ZNF80	7634	2	0	2	0.000000	0.000031	benign_only	1	3
ZNF808	388558	2	0	2	0.000000	0.000031	benign_only	1	19
ZNF816	125893	2	0	2	0.000000	0.000031	benign_only	1	19
ZNF816-ZNF321P	100529240	2	0	2	0.000000	0.000031	benign_only	1	19
ZNFX1	57169	2	0	2	0.000000	0.000031	benign_only	1	20
ZPBP2	124626	2	0	2	0.000000	0.000031	benign_only	1	17
ZSCAN10	84891	2	0	2	0.000000	0.000031	benign_only	1	16
A1CF	29974	1	0	1	0.000000	0.000015	benign_only	1	10
AACS	65985	1	0	1	0.000000	0.000015	benign_only	1	12
AAK1	22848	1	0	1	0.000000	0.000015	benign_only	1	2
AANAT	15	1	0	1	0.000000	0.000015	benign_only	1	17
AAR2	25980	1	0	1	0.000000	0.000015	benign_only	1	20
AASDH	132949	1	0	1	0.000000	0.000015	benign_only	1	4
ABCB10	23456	1	0	1	0.000000	0.000015	benign_only	1	1
ABCD3	5825	1	0	1	0.000000	0.000015	benign_only	1	1
ABCG4	64137	1	0	1	0.000000	0.000015	benign_only	1	11
ACAA1	30	1	0	1	0.000000	0.000015	benign_only	1	3
ACAA2	10449	1	0	1	0.000000	0.000015	benign_only	1	18
ACACA	31	1	0	1	0.000000	0.000015	benign_only	1	17
ACADL	33	1	0	1	0.000000	0.000015	benign_only	1	2
ACCS	84680	1	0	1	0.000000	0.000015	benign_only	1	11
ACER1	125981	1	0	1	0.000000	0.000015	benign_only	1	19
ACKR3	57007	1	0	1	0.000000	0.000015	benign_only	1	2
ACOT2	10965	1	0	1	0.000000	0.000015	benign_only	1	14
ACP1	52	1	0	1	0.000000	0.000015	benign_only	1	2
ACP3	55	1	0	1	0.000000	0.000015	benign_only	1	3
ACP6	51205	1	0	1	0.000000	0.000015	benign_only	1	1
ACR	49	1	0	1	0.000000	0.000015	benign_only	1	22
ACSBG2	81616	1	0	1	0.000000	0.000015	benign_only	1	19
ACSL3	2181	1	0	1	0.000000	0.000015	benign_only	1	2
ACSL3-AS1	105373904	1	0	1	0.000000	0.000015	benign_only	1	2
ACSM1	116285	1	0	1	0.000000	0.000015	benign_only	1	16
ACSM2B	348158	1	0	1	0.000000	0.000015	benign_only	1	16
ACSM5	54988	1	0	1	0.000000	0.000015	benign_only	1	16
ACSS1	84532	1	0	1	0.000000	0.000015	benign_only	1	20
ACTL6B	51412	1	1	0	1.000000	0.000015	pathogenic_only	1	7
ACYP1	97	1	0	1	0.000000	0.000015	benign_only	1	14
ADAD2	161931	1	0	1	0.000000	0.000015	benign_only	1	16
ADAM28	10863	1	0	1	0.000000	0.000015	benign_only	1	8
ADAM32	203102	1	0	1	0.000000	0.000015	benign_only	1	8
ADAMTS14	140766	1	0	1	0.000000	0.000015	benign_only	1	10
ADAMTS15	170689	1	0	1	0.000000	0.000015	benign_only	1	11
ADAMTS16	170690	1	0	1	0.000000	0.000015	benign_only	1	5
ADAMTS19	171019	1	0	1	0.000000	0.000015	benign_only	1	5
ADAMTS20	80070	1	0	1	0.000000	0.000015	benign_only	1	12
ADAMTS6	11174	1	0	1	0.000000	0.000015	benign_only	1	5
ADAMTSL1	92949	1	0	1	0.000000	0.000015	benign_only	1	9
ADARB1	104	1	0	1	0.000000	0.000015	benign_only	1	21
ADCY3	109	1	0	1	0.000000	0.000015	benign_only	1	2
ADCY6	112	1	0	1	0.000000	0.000015	benign_only	1	12
ADD1	118	1	0	1	0.000000	0.000015	benign_only	1	4
ADGRA1	84435	1	0	1	0.000000	0.000015	benign_only	1	10
ADGRB1	575	1	0	1	0.000000	0.000015	benign_only	1	8
ADGRE5	976	1	0	1	0.000000	0.000015	benign_only	1	19
ADGRF1	266977	1	0	1	0.000000	0.000015	benign_only	1	6
ADGRG5	221188	1	0	1	0.000000	0.000015	benign_only	1	16
ADGRL2	23266	1	0	1	0.000000	0.000015	benign_only	1	1
ADH1B	125	1	0	1	0.000000	0.000015	benign_only	1	4
ADH7	131	1	0	1	0.000000	0.000015	benign_only	1	4
ADM	133	1	0	1	0.000000	0.000015	benign_only	1	11
ADNP-AS1	101927631	1	1	0	1.000000	0.000015	pathogenic_only	1	20
ADORA2A	135	1	0	1	0.000000	0.000015	benign_only	1	22
ADORA2A-AS1	646023	1	0	1	0.000000	0.000015	benign_only	1	22
ADORA2B	136	1	0	1	0.000000	0.000015	benign_only	1	17
ADRA1A	148	1	0	1	0.000000	0.000015	benign_only	1	8
ADRM1	11047	1	0	1	0.000000	0.000015	benign_only	1	20
AGBL1	123624	1	0	1	0.000000	0.000015	benign_only	1	15
AGMAT	79814	1	0	1	0.000000	0.000015	benign_only	1	1
AGRP	181	1	0	1	0.000000	0.000015	benign_only	1	16
AGTRAP	57085	1	0	1	0.000000	0.000015	benign_only	1	1
AHSA1	10598	1	0	1	0.000000	0.000015	benign_only	1	14
AHSP	51327	1	0	1	0.000000	0.000015	benign_only	1	16
AKR1A1	10327	1	0	1	0.000000	0.000015	benign_only	1	1
AKR1C1	1645	1	0	1	0.000000	0.000015	benign_only	1	10
AKR1C2	1646	1	0	1	0.000000	0.000015	benign_only	1	10
AKR7A2	8574	1	0	1	0.000000	0.000015	benign_only	1	1
AKR7A3	22977	1	0	1	0.000000	0.000015	benign_only	1	1
AKTIP	64400	1	0	1	0.000000	0.000015	benign_only	1	16
ALAS1	211	1	0	1	0.000000	0.000015	benign_only	1	3
ALDH16A1	126133	1	0	1	0.000000	0.000015	benign_only	1	19
ALDH1A1	216	1	0	1	0.000000	0.000015	benign_only	1	9
ALDH1A2	8854	1	0	1	0.000000	0.000015	benign_only	1	15
ALDH1L1	10840	1	0	1	0.000000	0.000015	benign_only	1	3
ALDH1L1-AS1	100874204	1	0	1	0.000000	0.000015	benign_only	1	3
ALDH3A1	218	1	0	1	0.000000	0.000015	benign_only	1	17
ALDOA	226	1	1	0	1.000000	0.000015	pathogenic_only	1	16
ALG10	84920	1	0	1	0.000000	0.000015	benign_only	1	12
ALPK2	115701	1	0	1	0.000000	0.000015	benign_only	1	18
ALX3	257	1	0	1	0.000000	0.000015	benign_only	1	1
AMD1	262	1	1	0	1.000000	0.000015	pathogenic_only	1	6
AMIGO1	57463	1	0	1	0.000000	0.000015	benign_only	1	1
AMMECR1L	83607	1	0	1	0.000000	0.000015	benign_only	1	2
AMOTL2	51421	1	0	1	0.000000	0.000015	benign_only	1	3
AMPD1	270	1	0	1	0.000000	0.000015	benign_only	1	1
AMPH	273	1	0	1	0.000000	0.000015	benign_only	1	7
AMTN	401138	1	0	1	0.000000	0.000015	benign_only	1	4
AMY1A	276	1	0	1	0.000000	0.000015	benign_only	1	1
AMY2A	279	1	0	1	0.000000	0.000015	benign_only	1	1
AMZ1	155185	1	0	1	0.000000	0.000015	benign_only	1	7
ANAPC15	25906	1	0	1	0.000000	0.000015	benign_only	1	11
ANGPT1	284	1	0	1	0.000000	0.000015	benign_only	1	8
ANGPTL4	51129	1	0	1	0.000000	0.000015	benign_only	1	19
ANGPTL5	253935	1	0	1	0.000000	0.000015	benign_only	1	11
ANHX	647589	1	0	1	0.000000	0.000015	benign_only	1	12
ANKRD17	26057	1	0	1	0.000000	0.000015	benign_only	1	4
ANKRD28	23243	1	0	1	0.000000	0.000015	benign_only	1	3
ANO2	57101	1	0	1	0.000000	0.000015	benign_only	1	12
ANO4	121601	1	0	1	0.000000	0.000015	benign_only	1	12
ANO8	57719	1	0	1	0.000000	0.000015	benign_only	1	19
ANP32B	10541	1	0	1	0.000000	0.000015	benign_only	1	9
ANXA2	302	1	0	1	0.000000	0.000015	benign_only	1	15
ANXA5	308	1	0	1	0.000000	0.000015	benign_only	1	4
AOC1	26	1	0	1	0.000000	0.000015	benign_only	1	7
AOC2	314	1	0	1	0.000000	0.000015	benign_only	1	17
AP1S2	8905	1	0	1	0.000000	0.000015	benign_only	1	X
AP2M1	1173	1	1	0	1.000000	0.000015	pathogenic_only	1	3
APEX2	27301	1	0	1	0.000000	0.000015	benign_only	1	X
APIP	51074	1	0	1	0.000000	0.000015	benign_only	1	11
APLNR	187	1	0	1	0.000000	0.000015	benign_only	1	11
APOB3'MAR	106632268	1	0	1	0.000000	0.000015	benign_only	1	2
APOBEC3A	200315	1	0	1	0.000000	0.000015	benign_only	1	22
APOBEC3B	9582	1	0	1	0.000000	0.000015	benign_only	1	22
APOBEC3C	27350	1	0	1	0.000000	0.000015	benign_only	1	22
APOBR	55911	1	0	1	0.000000	0.000015	benign_only	1	16
APOD	347	1	0	1	0.000000	0.000015	benign_only	1	3
APOF	319	1	0	1	0.000000	0.000015	benign_only	1	12
APOL2	23780	1	0	1	0.000000	0.000015	benign_only	1	22
APOL5	80831	1	0	1	0.000000	0.000015	benign_only	1	22
APOO	79135	1	0	1	0.000000	0.000015	benign_only	1	X
AQP12A	375318	1	0	1	0.000000	0.000015	benign_only	1	2
AQP6	363	1	0	1	0.000000	0.000015	benign_only	1	12
AREL1	9870	1	0	1	0.000000	0.000015	benign_only	1	14
ARF3	377	1	1	0	1.000000	0.000015	pathogenic_only	1	12
ARG2	384	1	0	1	0.000000	0.000015	benign_only	1	14
ARHGAP1	392	1	0	1	0.000000	0.000015	benign_only	1	11
ARHGAP10	79658	1	0	1	0.000000	0.000015	benign_only	1	4
ARHGAP28	79822	1	0	1	0.000000	0.000015	benign_only	1	18
ARHGAP29	9411	1	0	1	0.000000	0.000015	benign_only	1	1
ARHGAP5	394	1	0	1	0.000000	0.000015	benign_only	1	14
ARHGAP8	23779	1	0	1	0.000000	0.000015	benign_only	1	22
ARHGEF12	23365	1	0	1	0.000000	0.000015	benign_only	1	11
ARHGEF16	27237	1	0	1	0.000000	0.000015	benign_only	1	1
ARHGEF17	9828	1	0	1	0.000000	0.000015	benign_only	1	11
ARHGEF17-AS1	100287837	1	0	1	0.000000	0.000015	benign_only	1	11
ARHGEF19	128272	1	0	1	0.000000	0.000015	benign_only	1	1
ARHGEF2	9181	1	0	1	0.000000	0.000015	benign_only	1	1
ARHGEF4	50649	1	0	1	0.000000	0.000015	benign_only	1	2
ARL3	403	1	0	1	0.000000	0.000015	benign_only	1	10
ARL6IP6	151188	1	0	1	0.000000	0.000015	benign_only	1	2
ARL8A	127829	1	0	1	0.000000	0.000015	benign_only	1	1
ARMH1	339541	1	0	1	0.000000	0.000015	benign_only	1	1
ARNT	405	1	0	1	0.000000	0.000015	benign_only	1	1
ARNT2-AS1	124903538	1	0	1	0.000000	0.000015	benign_only	1	15
ARRDC4	91947	1	0	1	0.000000	0.000015	benign_only	1	15
ART3	419	1	0	1	0.000000	0.000015	benign_only	1	4
ART5	116969	1	0	1	0.000000	0.000015	benign_only	1	11
ASAP2	8853	1	0	1	0.000000	0.000015	benign_only	1	2
ASAP3	55616	1	0	1	0.000000	0.000015	benign_only	1	1
ASCL1	429	1	0	1	0.000000	0.000015	benign_only	1	12
ASIC1	41	1	0	1	0.000000	0.000015	benign_only	1	12
ASIC3	9311	1	0	1	0.000000	0.000015	benign_only	1	7
ASMT	438	1	0	1	0.000000	0.000015	benign_only	1	X
ATF6B	1388	1	0	1	0.000000	0.000015	benign_only	1	6
ATF7-NPFF	114108587	1	0	1	0.000000	0.000015	benign_only	1	12
ATG16L1	55054	1	0	1	0.000000	0.000015	benign_only	1	2
ATG4A	115201	1	0	1	0.000000	0.000015	benign_only	1	X
ATOH7	220202	1	0	1	0.000000	0.000015	benign_only	1	10
ATP10D	57205	1	0	1	0.000000	0.000015	benign_only	1	4
ATP11C	286410	1	0	1	0.000000	0.000015	benign_only	1	X
ATP2A3	489	1	0	1	0.000000	0.000015	benign_only	1	17
ATP5F1D	513	1	0	1	0.000000	0.000015	benign_only	1	19
ATP5F1E	514	1	0	1	0.000000	0.000015	benign_only	1	20
ATP5MC3	518	1	0	1	0.000000	0.000015	benign_only	1	2
ATP6V0D1-DT	101927837	1	0	1	0.000000	0.000015	benign_only	1	16
ATP6V0D2	245972	1	0	1	0.000000	0.000015	benign_only	1	8
ATP8B4	79895	1	0	1	0.000000	0.000015	benign_only	1	15
ATP9A	10079	1	0	1	0.000000	0.000015	benign_only	1	20
ATP9B	374868	1	0	1	0.000000	0.000015	benign_only	1	18
ATXN7	6314	1	0	1	0.000000	0.000015	benign_only	1	3
AUP1	550	1	0	1	0.000000	0.000015	benign_only	1	2
AURKA	6790	1	0	1	0.000000	0.000015	benign_only	1	20
AURKB	9212	1	0	1	0.000000	0.000015	benign_only	1	17
AVPR1A	552	1	0	1	0.000000	0.000015	benign_only	1	12
AVPR1B	553	1	0	1	0.000000	0.000015	benign_only	1	1
B3GNT3	10331	1	0	1	0.000000	0.000015	benign_only	1	19
B3GNT4	79369	1	0	1	0.000000	0.000015	benign_only	1	12
B3GNT8	374907	1	0	1	0.000000	0.000015	benign_only	1	19
B4GALNT4	338707	1	0	1	0.000000	0.000015	benign_only	1	11
B4GALT1	2683	1	0	1	0.000000	0.000015	benign_only	1	9
B4GALT6	9331	1	0	1	0.000000	0.000015	benign_only	1	18
BACE2	25825	1	0	1	0.000000	0.000015	benign_only	1	21
BAG1	573	1	0	1	0.000000	0.000015	benign_only	1	9
BAHD1	22893	1	0	1	0.000000	0.000015	benign_only	1	15
BAMBI	25805	1	0	1	0.000000	0.000015	benign_only	1	10
BANK1	55024	1	0	1	0.000000	0.000015	benign_only	1	4
BARX2	8538	1	0	1	0.000000	0.000015	benign_only	1	11
BAZ1A	11177	1	0	1	0.000000	0.000015	benign_only	1	14
BBIP1	92482	1	0	1	0.000000	0.000015	benign_only	1	10
BCAN	63827	1	0	1	0.000000	0.000015	benign_only	1	1
BCAN-AS1	105371453	1	0	1	0.000000	0.000015	benign_only	1	1
BCAN-AS2	126568844	1	0	1	0.000000	0.000015	benign_only	1	1
BCAR3	8412	1	0	1	0.000000	0.000015	benign_only	1	1
BCCIP	56647	1	0	1	0.000000	0.000015	benign_only	1	10
BCDIN3D	144233	1	0	1	0.000000	0.000015	benign_only	1	12
BCKDK	10295	1	0	1	0.000000	0.000015	benign_only	1	16
BCL2L10	10017	1	0	1	0.000000	0.000015	benign_only	1	15
BCL2L13	23786	1	0	1	0.000000	0.000015	benign_only	1	22
BCLAF1	9774	1	0	1	0.000000	0.000015	benign_only	1	6
BDKRB2	624	1	0	1	0.000000	0.000015	benign_only	1	14
BDNF-AS	497258	1	0	1	0.000000	0.000015	benign_only	1	11
BEST3	144453	1	0	1	0.000000	0.000015	benign_only	1	12
BEX2	84707	1	0	1	0.000000	0.000015	benign_only	1	X
BFAR	51283	1	0	1	0.000000	0.000015	benign_only	1	16
BGLAP	632	1	0	1	0.000000	0.000015	benign_only	1	1
BHLHA9	727857	1	0	1	0.000000	0.000015	benign_only	1	17
BHMT2	23743	1	0	1	0.000000	0.000015	benign_only	1	5
BIRC2	329	1	0	1	0.000000	0.000015	benign_only	1	11
BIRC3	330	1	0	1	0.000000	0.000015	benign_only	1	11
BLTP1	84162	1	0	1	0.000000	0.000015	benign_only	1	4
BLVRA	644	1	0	1	0.000000	0.000015	benign_only	1	7
BLZF1	8548	1	0	1	0.000000	0.000015	benign_only	1	1
BMP7	655	1	0	1	0.000000	0.000015	benign_only	1	20
BMP8A	353500	1	0	1	0.000000	0.000015	benign_only	1	1
BMP8B	656	1	0	1	0.000000	0.000015	benign_only	1	1
BMX	660	1	0	1	0.000000	0.000015	benign_only	1	X
BNC1	646	1	0	1	0.000000	0.000015	benign_only	1	15
BPHL	670	1	1	0	1.000000	0.000015	pathogenic_only	1	6
BPIFA1	51297	1	0	1	0.000000	0.000015	benign_only	1	20
BRD10	158358	1	0	1	0.000000	0.000015	benign_only	1	9
BRD2	6046	1	0	1	0.000000	0.000015	benign_only	1	6
BRRIAR	124906210	1	1	0	1.000000	0.000015	pathogenic_only	1	3
BSX	390259	1	0	1	0.000000	0.000015	benign_only	1	11
BTC	685	1	0	1	0.000000	0.000015	benign_only	1	4
BTN2A1	11120	1	0	1	0.000000	0.000015	benign_only	1	6
BTN3A1	11119	1	0	1	0.000000	0.000015	benign_only	1	6
BTNL3	10917	1	0	1	0.000000	0.000015	benign_only	1	5
BTNL8	79908	1	0	1	0.000000	0.000015	benign_only	1	5
BUB1	699	1	0	1	0.000000	0.000015	benign_only	1	2
BUD13	84811	1	0	1	0.000000	0.000015	benign_only	1	11
C14orf39	317761	1	0	1	0.000000	0.000015	benign_only	1	14
C16orf96	342346	1	0	1	0.000000	0.000015	benign_only	1	16
C1QB	713	1	0	1	0.000000	0.000015	benign_only	1	1
C1RL	51279	1	1	0	1.000000	0.000015	pathogenic_only	1	12
C2-AS1	102060414	1	0	1	0.000000	0.000015	benign_only	1	6
C22orf15	150248	1	0	1	0.000000	0.000015	benign_only	1	22
C2orf49	79074	1	0	1	0.000000	0.000015	benign_only	1	2
C3orf62	375341	1	0	1	0.000000	0.000015	benign_only	1	3
C5orf58	133874	1	0	1	0.000000	0.000015	benign_only	1	5
C9orf72	203228	1	0	1	0.000000	0.000015	benign_only	1	9
CA12	771	1	0	1	0.000000	0.000015	benign_only	1	15
CA8	767	1	0	1	0.000000	0.000015	benign_only	1	8
CABS1	85438	1	0	1	0.000000	0.000015	benign_only	1	4
CACNB4	785	1	0	1	0.000000	0.000015	benign_only	1	2
CADM1	23705	1	0	1	0.000000	0.000015	benign_only	1	11
CADM3	57863	1	1	0	1.000000	0.000015	pathogenic_only	1	1
CALCRL	10203	1	0	1	0.000000	0.000015	benign_only	1	2
CALHM1	255022	1	0	1	0.000000	0.000015	benign_only	1	10
CALML6	163688	1	0	1	0.000000	0.000015	benign_only	1	1
CALR	811	1	0	1	0.000000	0.000015	benign_only	1	19
CAMK1D	57118	1	0	1	0.000000	0.000015	benign_only	1	10
CAMK2D	817	1	0	1	0.000000	0.000015	benign_only	1	4
CAMK2G	818	1	1	0	1.000000	0.000015	pathogenic_only	1	10
CAMSAP2	23271	1	0	1	0.000000	0.000015	benign_only	1	1
CAMSAP3	57662	1	0	1	0.000000	0.000015	benign_only	1	19
CAMTA2	23125	1	0	1	0.000000	0.000015	benign_only	1	17
CAPN2	824	1	0	1	0.000000	0.000015	benign_only	1	1
CAPN6	827	1	0	1	0.000000	0.000015	benign_only	1	X
CAPRIN2	65981	1	0	1	0.000000	0.000015	benign_only	1	12
CAPSL	133690	1	0	1	0.000000	0.000015	benign_only	1	5
CARTPT	9607	1	0	1	0.000000	0.000015	benign_only	1	5
CASP1	834	1	0	1	0.000000	0.000015	benign_only	1	11
CASP14	23581	1	0	1	0.000000	0.000015	benign_only	1	19
CASP7	840	1	0	1	0.000000	0.000015	benign_only	1	10
CAV2	858	1	0	1	0.000000	0.000015	benign_only	1	7
CAVIN1	284119	1	0	1	0.000000	0.000015	benign_only	1	17
CAVIN2-AS1	105373813	1	0	1	0.000000	0.000015	benign_only	1	2
CBFA2T3	863	1	0	1	0.000000	0.000015	benign_only	1	16
CBLL2	158506	1	0	1	0.000000	0.000015	benign_only	1	X
CC2D1B	200014	1	0	1	0.000000	0.000015	benign_only	1	1
CCDC122	160857	1	0	1	0.000000	0.000015	benign_only	1	13
CCDC148-AS1	554201	1	0	1	0.000000	0.000015	benign_only	1	2
CCDC180	100499483	1	0	1	0.000000	0.000015	benign_only	1	9
CCDC30	728621	1	1	0	1.000000	0.000015	pathogenic_only	1	1
CCDC33	80125	1	0	1	0.000000	0.000015	benign_only	1	15
CCDC82	79780	1	0	1	0.000000	0.000015	benign_only	1	11
CCDC93	54520	1	0	1	0.000000	0.000015	benign_only	1	2
CCER2	643669	1	0	1	0.000000	0.000015	benign_only	1	19
CCIN	881	1	0	1	0.000000	0.000015	benign_only	1	9
CCL11	6356	1	0	1	0.000000	0.000015	benign_only	1	17
CCL22	6367	1	0	1	0.000000	0.000015	benign_only	1	16
CCL25	6370	1	0	1	0.000000	0.000015	benign_only	1	19
CCL27	10850	1	0	1	0.000000	0.000015	benign_only	1	9
CCL8	6355	1	0	1	0.000000	0.000015	benign_only	1	17
CCN1	3491	1	0	1	0.000000	0.000015	benign_only	1	1
CCN3	4856	1	0	1	0.000000	0.000015	benign_only	1	8
CCN4	8840	1	0	1	0.000000	0.000015	benign_only	1	8
CCR6	1235	1	0	1	0.000000	0.000015	benign_only	1	6
CCSER1	401145	1	0	1	0.000000	0.000015	benign_only	1	4
CCT8	10694	1	0	1	0.000000	0.000015	benign_only	1	21
CCT8L2	150160	1	0	1	0.000000	0.000015	benign_only	1	22
CD151	977	1	0	1	0.000000	0.000015	benign_only	1	11
CD160	11126	1	0	1	0.000000	0.000015	benign_only	1	1
CD180	4064	1	0	1	0.000000	0.000015	benign_only	1	5
CD1D	912	1	0	1	0.000000	0.000015	benign_only	1	1
CD1E	913	1	0	1	0.000000	0.000015	benign_only	1	1
CD200R1	131450	1	0	1	0.000000	0.000015	benign_only	1	3
CD207	50489	1	0	1	0.000000	0.000015	benign_only	1	2
CD244	51744	1	0	1	0.000000	0.000015	benign_only	1	1
CD34	947	1	0	1	0.000000	0.000015	benign_only	1	1
CD36	948	1	0	1	0.000000	0.000015	benign_only	1	7
CD3D	915	1	0	1	0.000000	0.000015	benign_only	1	11
CD48	962	1	0	1	0.000000	0.000015	benign_only	1	1
CD59	966	1	1	0	1.000000	0.000015	pathogenic_only	1	11
CD68	968	1	0	1	0.000000	0.000015	benign_only	1	17
CD80	941	1	0	1	0.000000	0.000015	benign_only	1	3
CD99L2	83692	1	0	1	0.000000	0.000015	benign_only	1	X
CDC20	991	1	0	1	0.000000	0.000015	benign_only	1	1
CDC25A	993	1	0	1	0.000000	0.000015	benign_only	1	3
CDC42BPG	55561	1	0	1	0.000000	0.000015	benign_only	1	11
CDCA3	83461	1	0	1	0.000000	0.000015	benign_only	1	12
CDH16	1014	1	0	1	0.000000	0.000015	benign_only	1	16
CDH19	28513	1	0	1	0.000000	0.000015	benign_only	1	18
CDH22	64405	1	0	1	0.000000	0.000015	benign_only	1	20
CDH7	1005	1	0	1	0.000000	0.000015	benign_only	1	18
CDH8	1006	1	0	1	0.000000	0.000015	benign_only	1	16
CDH9	1007	1	0	1	0.000000	0.000015	benign_only	1	5
CDHR3	222256	1	0	1	0.000000	0.000015	benign_only	1	7
CDHR5	53841	1	0	1	0.000000	0.000015	benign_only	1	11
CDK16	5127	1	0	1	0.000000	0.000015	benign_only	1	X
CDK20	23552	1	0	1	0.000000	0.000015	benign_only	1	9
CDK6	1021	1	0	1	0.000000	0.000015	benign_only	1	7
CDK8	1024	1	1	0	1.000000	0.000015	pathogenic_only	1	13
CDK9	1025	1	1	0	1.000000	0.000015	pathogenic_only	1	9
CDKAL1	54901	1	0	1	0.000000	0.000015	benign_only	1	6
CDKN1A	1026	1	0	1	0.000000	0.000015	benign_only	1	6
CDNF	441549	1	0	1	0.000000	0.000015	benign_only	1	10
CEACAM6	4680	1	0	1	0.000000	0.000015	benign_only	1	19
CEBPZ	10153	1	0	1	0.000000	0.000015	benign_only	1	2
CELA3B	23436	1	0	1	0.000000	0.000015	benign_only	1	1
CELF6	60677	1	0	1	0.000000	0.000015	benign_only	1	15
CENPT	80152	1	0	1	0.000000	0.000015	benign_only	1	16
CENPV	201161	1	0	1	0.000000	0.000015	benign_only	1	17
CEP170	9859	1	0	1	0.000000	0.000015	benign_only	1	1
CEP170B	283638	1	0	1	0.000000	0.000015	benign_only	1	14
CEP85	64793	1	0	1	0.000000	0.000015	benign_only	1	1
CEPT1	10390	1	0	1	0.000000	0.000015	benign_only	1	1
CERK	64781	1	0	1	0.000000	0.000015	benign_only	1	22
CERNA1	100129973	1	0	1	0.000000	0.000015	benign_only	1	15
CERS4	79603	1	0	1	0.000000	0.000015	benign_only	1	19
CETN2	1069	1	0	1	0.000000	0.000015	benign_only	1	X
CFAP418-AS1	100616530	1	0	1	0.000000	0.000015	benign_only	1	8
CFAP44-AS1	100874029	1	0	1	0.000000	0.000015	benign_only	1	3
CFAP45	25790	1	0	1	0.000000	0.000015	benign_only	1	1
CFAP47	286464	1	0	1	0.000000	0.000015	benign_only	1	X
CFAP61	26074	1	1	0	1.000000	0.000015	pathogenic_only	1	20
CFAP70	118491	1	0	1	0.000000	0.000015	benign_only	1	10
CFAP96	441054	1	0	1	0.000000	0.000015	benign_only	1	4
CFAP97	57587	1	0	1	0.000000	0.000015	benign_only	1	4
CFLAR	8837	1	0	1	0.000000	0.000015	benign_only	1	2
CFLAR-AS1	65072	1	0	1	0.000000	0.000015	benign_only	1	2
CGB2	114336	1	0	1	0.000000	0.000015	benign_only	1	19
CGNL1	84952	1	0	1	0.000000	0.000015	benign_only	1	15
CGREF1	10669	1	0	1	0.000000	0.000015	benign_only	1	2
CGRRF1	10668	1	0	1	0.000000	0.000015	benign_only	1	14
CHEK1	1111	1	0	1	0.000000	0.000015	benign_only	1	11
CHKB	1120	1	0	1	0.000000	0.000015	benign_only	1	22
CHKB-CPT1B	386593	1	0	1	0.000000	0.000015	benign_only	1	22
CHMP4C	92421	1	0	1	0.000000	0.000015	benign_only	1	8
CHMP6	79643	1	0	1	0.000000	0.000015	benign_only	1	17
CHPF	79586	1	0	1	0.000000	0.000015	benign_only	1	2
CHPT1	56994	1	0	1	0.000000	0.000015	benign_only	1	12
CHRM5	1133	1	0	1	0.000000	0.000015	benign_only	1	15
CHRNA3	1136	1	0	1	0.000000	0.000015	benign_only	1	15
CHRNA7	1139	1	0	1	0.000000	0.000015	benign_only	1	15
CHRNB3	1142	1	0	1	0.000000	0.000015	benign_only	1	8
CHST15	51363	1	0	1	0.000000	0.000015	benign_only	1	10
CIAO1	9391	1	0	1	0.000000	0.000015	benign_only	1	2
CIDEB	27141	1	0	1	0.000000	0.000015	benign_only	1	14
CIMIP2A	401565	1	0	1	0.000000	0.000015	benign_only	1	9
CINP	51550	1	0	1	0.000000	0.000015	benign_only	1	14
CIROZ	148345	1	0	1	0.000000	0.000015	benign_only	1	1
CISH	1154	1	0	1	0.000000	0.000015	benign_only	1	3
CKAP2	26586	1	0	1	0.000000	0.000015	benign_only	1	13
CKAP4	10970	1	0	1	0.000000	0.000015	benign_only	1	12
CKM	1158	1	0	1	0.000000	0.000015	benign_only	1	19
CKMT1B	1159	1	0	1	0.000000	0.000015	benign_only	1	15
CLASP1	23332	1	0	1	0.000000	0.000015	benign_only	1	2
CLC	1178	1	0	1	0.000000	0.000015	benign_only	1	19
CLDN1	9076	1	0	1	0.000000	0.000015	benign_only	1	3
CLDN2	9075	1	0	1	0.000000	0.000015	benign_only	1	X
CLEC4D	338339	1	0	1	0.000000	0.000015	benign_only	1	12
CLEC9A	283420	1	0	1	0.000000	0.000015	benign_only	1	12
CLIC2	1193	1	0	1	0.000000	0.000015	benign_only	1	X
CLIP1	6249	1	0	1	0.000000	0.000015	benign_only	1	12
CLIP2	7461	1	0	1	0.000000	0.000015	benign_only	1	7
CLMP	79827	1	0	1	0.000000	0.000015	benign_only	1	11
CLNK	116449	1	0	1	0.000000	0.000015	benign_only	1	4
CLOCK	9575	1	0	1	0.000000	0.000015	benign_only	1	4
CLPTM1	1209	1	0	1	0.000000	0.000015	benign_only	1	19
CLPX	10845	1	0	1	0.000000	0.000015	benign_only	1	15
CLRN2	645104	1	0	1	0.000000	0.000015	benign_only	1	4
CLSTN2	64084	1	0	1	0.000000	0.000015	benign_only	1	3
CLUH	23277	1	0	1	0.000000	0.000015	benign_only	1	17
CMA1	1215	1	0	1	0.000000	0.000015	benign_only	1	14
CMKLR1	1240	1	0	1	0.000000	0.000015	benign_only	1	12
CMKLR2	2825	1	0	1	0.000000	0.000015	benign_only	1	2
CNDP2	55748	1	0	1	0.000000	0.000015	benign_only	1	18
CNNM1	26507	1	0	1	0.000000	0.000015	benign_only	1	10
CNNM4	26504	1	0	1	0.000000	0.000015	benign_only	1	2
CNPY3-GNMT	107080644	1	0	1	0.000000	0.000015	benign_only	1	6
CNR2	1269	1	0	1	0.000000	0.000015	benign_only	1	1
CNTF	1270	1	0	1	0.000000	0.000015	benign_only	1	11
CNTN4-AS1	100873975	1	0	1	0.000000	0.000015	benign_only	1	3
COA5	493753	1	0	1	0.000000	0.000015	benign_only	1	2
COA6-AS1	101927765	1	0	1	0.000000	0.000015	benign_only	1	1
COBLL1	22837	1	0	1	0.000000	0.000015	benign_only	1	2
COIL	8161	1	0	1	0.000000	0.000015	benign_only	1	17
COL15A1	1306	1	0	1	0.000000	0.000015	benign_only	1	9
COL1A2-AS1	101927525	1	1	0	1.000000	0.000015	pathogenic_only	1	7
COL25A1	84570	1	0	1	0.000000	0.000015	benign_only	1	4
COLEC12	81035	1	0	1	0.000000	0.000015	benign_only	1	18
COMT	1312	1	0	1	0.000000	0.000015	benign_only	1	22
COPB2	9276	1	0	1	0.000000	0.000015	benign_only	1	3
COPG1	22820	1	0	1	0.000000	0.000015	benign_only	1	3
CORO1A	11151	1	0	1	0.000000	0.000015	benign_only	1	16
CORO7	79585	1	0	1	0.000000	0.000015	benign_only	1	16
COX4I1	1327	1	0	1	0.000000	0.000015	benign_only	1	16
COX5A	9377	1	0	1	0.000000	0.000015	benign_only	1	15
COX7B	1349	1	0	1	0.000000	0.000015	benign_only	1	X
COX8A	1351	1	0	1	0.000000	0.000015	benign_only	1	11
CPB1	1360	1	0	1	0.000000	0.000015	benign_only	1	3
CPD	1362	1	0	1	0.000000	0.000015	benign_only	1	17
CPED1	79974	1	0	1	0.000000	0.000015	benign_only	1	7
CPN1	1369	1	0	1	0.000000	0.000015	benign_only	1	10
CPNE1	8904	1	0	1	0.000000	0.000015	benign_only	1	20
CPVL-AS2	100506497	1	0	1	0.000000	0.000015	benign_only	1	7
CPXCR1	53336	1	0	1	0.000000	0.000015	benign_only	1	X
CPXM2	119587	1	0	1	0.000000	0.000015	benign_only	1	10
CPZ	8532	1	0	1	0.000000	0.000015	benign_only	1	4
CR1	1378	1	0	1	0.000000	0.000015	benign_only	1	1
CRACDL	343990	1	0	1	0.000000	0.000015	benign_only	1	2
CRBN	51185	1	1	0	1.000000	0.000015	pathogenic_only	1	3
CREM	1390	1	0	1	0.000000	0.000015	benign_only	1	10
CRH	1392	1	0	1	0.000000	0.000015	benign_only	1	8
CRHR1	1394	1	0	1	0.000000	0.000015	benign_only	1	17
CRIP1	1396	1	0	1	0.000000	0.000015	benign_only	1	14
CRIPTO	6997	1	0	1	0.000000	0.000015	benign_only	1	3
CRKL	1399	1	0	1	0.000000	0.000015	benign_only	1	22
CRMP1	1400	1	0	1	0.000000	0.000015	benign_only	1	4
CRYAB	1410	1	0	1	0.000000	0.000015	benign_only	1	11
CRYBG2	55057	1	0	1	0.000000	0.000015	benign_only	1	1
CRYGN	155051	1	0	1	0.000000	0.000015	benign_only	1	7
CRYGS	1427	1	0	1	0.000000	0.000015	benign_only	1	3
CRYM	1428	1	0	1	0.000000	0.000015	benign_only	1	16
CRYZ	1429	1	0	1	0.000000	0.000015	benign_only	1	1
CSF2	1437	1	0	1	0.000000	0.000015	benign_only	1	5
CSK	1445	1	0	1	0.000000	0.000015	benign_only	1	15
CSRNP1	64651	1	0	1	0.000000	0.000015	benign_only	1	3
CST2	1470	1	0	1	0.000000	0.000015	benign_only	1	20
CTAGE6	340307	1	0	1	0.000000	0.000015	benign_only	1	7
CTCFL	140690	1	0	1	0.000000	0.000015	benign_only	1	20
CTDSP1	58190	1	0	1	0.000000	0.000015	benign_only	1	2
CTDSPL2	51496	1	0	1	0.000000	0.000015	benign_only	1	15
CTH	1491	1	0	1	0.000000	0.000015	benign_only	1	1
CTNNAL1	8727	1	0	1	0.000000	0.000015	benign_only	1	9
CTNNBL1	56259	1	0	1	0.000000	0.000015	benign_only	1	20
CTRL	1506	1	0	1	0.000000	0.000015	benign_only	1	16
CTSH	1512	1	0	1	0.000000	0.000015	benign_only	1	15
CTSL	1514	1	0	1	0.000000	0.000015	benign_only	1	9
CTTN	2017	1	0	1	0.000000	0.000015	benign_only	1	11
CTTNBP2	83992	1	0	1	0.000000	0.000015	benign_only	1	7
CTTNBP2NL	55917	1	0	1	0.000000	0.000015	benign_only	1	1
CUL9	23113	1	0	1	0.000000	0.000015	benign_only	1	6
CWC22	57703	1	0	1	0.000000	0.000015	benign_only	1	2
CXCL1	2919	1	0	1	0.000000	0.000015	benign_only	1	4
CXCL10	3627	1	0	1	0.000000	0.000015	benign_only	1	4
CXCL16	58191	1	0	1	0.000000	0.000015	benign_only	1	17
CYBRD1	79901	1	0	1	0.000000	0.000015	benign_only	1	2
CYLD	1540	1	0	1	0.000000	0.000015	benign_only	1	16
CYP1A2	1544	1	0	1	0.000000	0.000015	benign_only	1	15
CYP27C1	339761	1	0	1	0.000000	0.000015	benign_only	1	2
CYP2B6	1555	1	0	1	0.000000	0.000015	benign_only	1	19
CYP2C8	1558	1	0	1	0.000000	0.000015	benign_only	1	10
CYP2E1	1571	1	0	1	0.000000	0.000015	benign_only	1	10
CYP3A7	1551	1	0	1	0.000000	0.000015	benign_only	1	7
CYP3A7-CYP3A51P	100861540	1	0	1	0.000000	0.000015	benign_only	1	7
CYP4F2	8529	1	0	1	0.000000	0.000015	benign_only	1	19
CYP4Z1	199974	1	0	1	0.000000	0.000015	benign_only	1	1
CYREN	78996	1	0	1	0.000000	0.000015	benign_only	1	7
DAAM1	23002	1	0	1	0.000000	0.000015	benign_only	1	14
DALRD3	55152	1	0	1	0.000000	0.000015	benign_only	1	3
DAOA	267012	1	0	1	0.000000	0.000015	benign_only	1	13
DAOA-AS1	282706	1	0	1	0.000000	0.000015	benign_only	1	13
DARS1	1615	1	0	1	0.000000	0.000015	benign_only	1	2
DBF4	10926	1	0	1	0.000000	0.000015	benign_only	1	7
DBH-AS1	138948	1	0	1	0.000000	0.000015	benign_only	1	9
DBNL	28988	1	0	1	0.000000	0.000015	benign_only	1	7
DBP	1628	1	0	1	0.000000	0.000015	benign_only	1	19
DBR1	51163	1	0	1	0.000000	0.000015	benign_only	1	3
DCAF11	80344	1	0	1	0.000000	0.000015	benign_only	1	14
DCAF8L1	139425	1	0	1	0.000000	0.000015	benign_only	1	X
DCD	117159	1	0	1	0.000000	0.000015	benign_only	1	12
DCP1A	55802	1	0	1	0.000000	0.000015	benign_only	1	3
DCP1B	196513	1	0	1	0.000000	0.000015	benign_only	1	12
DCSTAMP	81501	1	0	1	0.000000	0.000015	benign_only	1	8
DCT	1638	1	0	1	0.000000	0.000015	benign_only	1	13
DDB1	1642	1	1	0	1.000000	0.000015	pathogenic_only	1	11
DDI1	414301	1	0	1	0.000000	0.000015	benign_only	1	11
DDO	8528	1	0	1	0.000000	0.000015	benign_only	1	6
DDX20	11218	1	0	1	0.000000	0.000015	benign_only	1	1
DDX25	29118	1	1	0	1.000000	0.000015	pathogenic_only	1	11
DDX27	55661	1	0	1	0.000000	0.000015	benign_only	1	20
DDX4	54514	1	0	1	0.000000	0.000015	benign_only	1	5
DDX50	79009	1	0	1	0.000000	0.000015	benign_only	1	10
DECR1	1666	1	0	1	0.000000	0.000015	benign_only	1	8
DEFA5	1670	1	0	1	0.000000	0.000015	benign_only	1	8
DEFA6	1671	1	0	1	0.000000	0.000015	benign_only	1	8
DEFB104A	140596	1	0	1	0.000000	0.000015	benign_only	1	8
DEFB107A	245910	1	0	1	0.000000	0.000015	benign_only	1	8
DEFB108B	245911	1	0	1	0.000000	0.000015	benign_only	1	11
DEFB4A	1673	1	0	1	0.000000	0.000015	benign_only	1	8
DENND1A	57706	1	0	1	0.000000	0.000015	benign_only	1	9
DENND1B	163486	1	0	1	0.000000	0.000015	benign_only	1	1
DENND5B	160518	1	1	0	1.000000	0.000015	pathogenic_only	1	12
DEPDC7	91614	1	0	1	0.000000	0.000015	benign_only	1	11
DEPP1	11067	1	0	1	0.000000	0.000015	benign_only	1	10
DGKA	1606	1	0	1	0.000000	0.000015	benign_only	1	12
DGKE	8526	1	0	1	0.000000	0.000015	benign_only	1	17
DHH	50846	1	0	1	0.000000	0.000015	benign_only	1	12
DHH-AS1	105369759	1	0	1	0.000000	0.000015	benign_only	1	12
DHPS	1725	1	1	0	1.000000	0.000015	pathogenic_only	1	19
DHRS4	10901	1	0	1	0.000000	0.000015	benign_only	1	14
DHRSX	207063	1	0	1	0.000000	0.000015	benign_only	1	X
DHX16	8449	1	1	0	1.000000	0.000015	pathogenic_only	1	6
DHX58	79132	1	0	1	0.000000	0.000015	benign_only	1	17
DIAPH2	1730	1	0	1	0.000000	0.000015	benign_only	1	X
DIAPH3-AS1	100874195	1	0	1	0.000000	0.000015	benign_only	1	13
DIP2A	23181	1	0	1	0.000000	0.000015	benign_only	1	21
DIPK2B	79742	1	0	1	0.000000	0.000015	benign_only	1	X
DIXDC1	85458	1	0	1	0.000000	0.000015	benign_only	1	11
DKK3	27122	1	0	1	0.000000	0.000015	benign_only	1	11
DLG1	1739	1	0	1	0.000000	0.000015	benign_only	1	3
DLG2	1740	1	0	1	0.000000	0.000015	benign_only	1	11
DLG3-AS1	100873930	1	0	1	0.000000	0.000015	benign_only	1	X
DLGAP2	9228	1	0	1	0.000000	0.000015	benign_only	1	8
DLGAP2-AS1	100507435	1	0	1	0.000000	0.000015	benign_only	1	8
DLGAP4	22839	1	0	1	0.000000	0.000015	benign_only	1	20
DLST	1743	1	0	1	0.000000	0.000015	benign_only	1	14
DLX4	1748	1	0	1	0.000000	0.000015	benign_only	1	17
DMAC2	55101	1	0	1	0.000000	0.000015	benign_only	1	19
DMC1	11144	1	0	1	0.000000	0.000015	benign_only	1	22
DMRTA2	63950	1	0	1	0.000000	0.000015	benign_only	1	1
DMXL1	1657	1	0	1	0.000000	0.000015	benign_only	1	5
DNAI3	126820	1	0	1	0.000000	0.000015	benign_only	1	1
DNAJB8	165721	1	0	1	0.000000	0.000015	benign_only	1	3
DNAJB9	4189	1	0	1	0.000000	0.000015	benign_only	1	7
DNAJC14	85406	1	0	1	0.000000	0.000015	benign_only	1	12
DNAJC3	5611	1	0	1	0.000000	0.000015	benign_only	1	13
DNAJC5	80331	1	1	0	1.000000	0.000015	pathogenic_only	1	20
DNALI1	7802	1	0	1	0.000000	0.000015	benign_only	1	1
DNASE1L1	1774	1	1	0	1.000000	0.000015	pathogenic_only	1	X
DNER	92737	1	0	1	0.000000	0.000015	benign_only	1	2
DNMBP-AS1	100188954	1	0	1	0.000000	0.000015	benign_only	1	10
DNPEP	23549	1	0	1	0.000000	0.000015	benign_only	1	2
DOCK9	23348	1	0	1	0.000000	0.000015	benign_only	1	13
DOK2	9046	1	0	1	0.000000	0.000015	benign_only	1	8
DOK4	55715	1	0	1	0.000000	0.000015	benign_only	1	16
DORIP1	122525	1	0	1	0.000000	0.000015	benign_only	1	14
DOT1L	84444	1	0	1	0.000000	0.000015	benign_only	1	19
DPCD	25911	1	0	1	0.000000	0.000015	benign_only	1	10
DPH5	51611	1	1	0	1.000000	0.000015	pathogenic_only	1	1
DPH6	89978	1	0	1	0.000000	0.000015	benign_only	1	15
DPPA2	151871	1	0	1	0.000000	0.000015	benign_only	1	3
DPY19L2	283417	1	0	1	0.000000	0.000015	benign_only	1	12
DPYSL2	1808	1	0	1	0.000000	0.000015	benign_only	1	8
DPYSL5	56896	1	1	0	1.000000	0.000015	pathogenic_only	1	2
DRAXIN	374946	1	0	1	0.000000	0.000015	benign_only	1	1
DRD5	1816	1	0	1	0.000000	0.000015	benign_only	1	4
DSP-AS1	101928076	1	0	1	0.000000	0.000015	benign_only	1	6
DTX3L	151636	1	0	1	0.000000	0.000015	benign_only	1	3
DTX4	23220	1	0	1	0.000000	0.000015	benign_only	1	11
DTYMK	1841	1	0	1	0.000000	0.000015	benign_only	1	2
DUSP5	1847	1	0	1	0.000000	0.000015	benign_only	1	10
DUSP9	1852	1	0	1	0.000000	0.000015	benign_only	1	X
DYNC1I1	1780	1	0	1	0.000000	0.000015	benign_only	1	7
DYNLT2B	255758	1	0	1	0.000000	0.000015	benign_only	1	3
DZIP1	22873	1	0	1	0.000000	0.000015	benign_only	1	13
DZIP3	9666	1	0	1	0.000000	0.000015	benign_only	1	3
E2F3	1871	1	0	1	0.000000	0.000015	benign_only	1	6
E2F4	1874	1	0	1	0.000000	0.000015	benign_only	1	16
E2F7	144455	1	0	1	0.000000	0.000015	benign_only	1	12
EAPP	55837	1	0	1	0.000000	0.000015	benign_only	1	14
ECI1	1632	1	0	1	0.000000	0.000015	benign_only	1	16
ECRG4	84417	1	0	1	0.000000	0.000015	benign_only	1	2
EDN1	1906	1	0	1	0.000000	0.000015	benign_only	1	6
EDN3	1908	1	0	1	0.000000	0.000015	benign_only	1	20
EDNRB	1910	1	0	1	0.000000	0.000015	benign_only	1	13
EDNRB-AS1	100505518	1	0	1	0.000000	0.000015	benign_only	1	13
EEA1	8411	1	0	1	0.000000	0.000015	benign_only	1	12
EEF1AKMT4	110599564	1	0	1	0.000000	0.000015	benign_only	1	3
EEF2	1938	1	0	1	0.000000	0.000015	benign_only	1	19
EFCAB13-DT	102724508	1	1	0	1.000000	0.000015	pathogenic_only	1	17
EFHB	151651	1	0	1	0.000000	0.000015	benign_only	1	3
EFNA1	1942	1	0	1	0.000000	0.000015	benign_only	1	1
EFNB3	1949	1	0	1	0.000000	0.000015	benign_only	1	17
EGFL7	51162	1	0	1	0.000000	0.000015	benign_only	1	9
EGFLAM	133584	1	0	1	0.000000	0.000015	benign_only	1	5
EGLN3	112399	1	0	1	0.000000	0.000015	benign_only	1	14
EHBP1L1	254102	1	0	1	0.000000	0.000015	benign_only	1	11
EHMT2	10919	1	1	0	1.000000	0.000015	pathogenic_only	1	6
EIF1B-AS1	440952	1	0	1	0.000000	0.000015	benign_only	1	3
EIF3F	8665	1	1	0	1.000000	0.000015	pathogenic_only	1	11
EIF4A2	1974	1	1	0	1.000000	0.000015	pathogenic_only	1	3
EIF4EBP2	1979	1	0	1	0.000000	0.000015	benign_only	1	10
EIF4G3	8672	1	0	1	0.000000	0.000015	benign_only	1	1
EIF5A	1984	1	1	0	1.000000	0.000015	pathogenic_only	1	17
EIF5B	9669	1	0	1	0.000000	0.000015	benign_only	1	2
ELK3	2004	1	0	1	0.000000	0.000015	benign_only	1	12
ELL	8178	1	0	1	0.000000	0.000015	benign_only	1	19
ELL2	22936	1	0	1	0.000000	0.000015	benign_only	1	5
ELP5	23587	1	0	1	0.000000	0.000015	benign_only	1	17
EMCN	51705	1	0	1	0.000000	0.000015	benign_only	1	4
EME1	146956	1	0	1	0.000000	0.000015	benign_only	1	17
EML4	27436	1	0	1	0.000000	0.000015	benign_only	1	2
EMP2	2013	1	0	1	0.000000	0.000015	benign_only	1	16
EMSY	56946	1	0	1	0.000000	0.000015	benign_only	1	11
ENAH	55740	1	0	1	0.000000	0.000015	benign_only	1	1
ENDOU	8909	1	0	1	0.000000	0.000015	benign_only	1	12
ENDOV	284131	1	0	1	0.000000	0.000015	benign_only	1	17
ENGASE	64772	1	0	1	0.000000	0.000015	benign_only	1	17
ENTPD1	953	1	0	1	0.000000	0.000015	benign_only	1	10
ENTPD1-AS1	728558	1	0	1	0.000000	0.000015	benign_only	1	10
ENTPD2	954	1	0	1	0.000000	0.000015	benign_only	1	9
ENTPD8	377841	1	0	1	0.000000	0.000015	benign_only	1	9
EPB41L4A	64097	1	0	1	0.000000	0.000015	benign_only	1	5
EPB41L5	57669	1	0	1	0.000000	0.000015	benign_only	1	2
EPHA1	2041	1	0	1	0.000000	0.000015	benign_only	1	7
EPHA1-AS1	285965	1	0	1	0.000000	0.000015	benign_only	1	7
EPHA6	285220	1	0	1	0.000000	0.000015	benign_only	1	3
EPHB6	2051	1	0	1	0.000000	0.000015	benign_only	1	7
EPHX2	2053	1	0	1	0.000000	0.000015	benign_only	1	8
EPPK1	83481	1	0	1	0.000000	0.000015	benign_only	1	8
EPSTI1	94240	1	0	1	0.000000	0.000015	benign_only	1	13
ERAP2	64167	1	0	1	0.000000	0.000015	benign_only	1	5
ERCC3	2071	1	0	1	0.000000	0.000015	benign_only	1	2
ERCC6L	54821	1	0	1	0.000000	0.000015	benign_only	1	X
ERCC8-AS1	105378991	1	0	1	0.000000	0.000015	benign_only	1	5
EREG	2069	1	0	1	0.000000	0.000015	benign_only	1	4
ERLIN1	10613	1	0	1	0.000000	0.000015	benign_only	1	10
ERMAP	114625	1	0	1	0.000000	0.000015	benign_only	1	1
ERMN	57471	1	0	1	0.000000	0.000015	benign_only	1	2
ERN1	2081	1	0	1	0.000000	0.000015	benign_only	1	17
ERN2	10595	1	0	1	0.000000	0.000015	benign_only	1	16
ERO1B	56605	1	0	1	0.000000	0.000015	benign_only	1	1
ESRP1	54845	1	0	1	0.000000	0.000015	benign_only	1	8
ESRP2	80004	1	0	1	0.000000	0.000015	benign_only	1	16
ESRRA	2101	1	0	1	0.000000	0.000015	benign_only	1	11
ESRRG	2104	1	1	0	1.000000	0.000015	pathogenic_only	1	1
ETS1	2113	1	0	1	0.000000	0.000015	benign_only	1	11
ETV3L	440695	1	0	1	0.000000	0.000015	benign_only	1	1
ETV5	2119	1	0	1	0.000000	0.000015	benign_only	1	3
ETV5-AS1	100873934	1	0	1	0.000000	0.000015	benign_only	1	3
EVA1C	59271	1	0	1	0.000000	0.000015	benign_only	1	21
EVL	51466	1	0	1	0.000000	0.000015	benign_only	1	14
EVPL	2125	1	0	1	0.000000	0.000015	benign_only	1	17
EXD3	54932	1	0	1	0.000000	0.000015	benign_only	1	9
EXOC3	11336	1	0	1	0.000000	0.000015	benign_only	1	5
EXOC4	60412	1	0	1	0.000000	0.000015	benign_only	1	7
EZH1	2145	1	1	0	1.000000	0.000015	pathogenic_only	1	17
EZR	7430	1	0	1	0.000000	0.000015	benign_only	1	6
F10-AS1	104413892	1	0	1	0.000000	0.000015	benign_only	1	13
F2R	2149	1	0	1	0.000000	0.000015	benign_only	1	5
F2RL3	9002	1	0	1	0.000000	0.000015	benign_only	1	19
F8A1	8263	1	0	1	0.000000	0.000015	benign_only	1	X
FAAH2	158584	1	0	1	0.000000	0.000015	benign_only	1	X
FABP2	2169	1	0	1	0.000000	0.000015	benign_only	1	4
FAM107B	83641	1	0	1	0.000000	0.000015	benign_only	1	10
FAM110A	83541	1	0	1	0.000000	0.000015	benign_only	1	20
FAM120A	23196	1	0	1	0.000000	0.000015	benign_only	1	9
FAM120AOS	158293	1	0	1	0.000000	0.000015	benign_only	1	9
FAM124A	220108	1	0	1	0.000000	0.000015	benign_only	1	13
FAM131B	9715	1	0	1	0.000000	0.000015	benign_only	1	7
FAM131C	348487	1	0	1	0.000000	0.000015	benign_only	1	1
FAM133A	286499	1	0	1	0.000000	0.000015	benign_only	1	X
FAM161B	145483	1	0	1	0.000000	0.000015	benign_only	1	14
FAM193A	8603	1	0	1	0.000000	0.000015	benign_only	1	4
FAM222B	55731	1	0	1	0.000000	0.000015	benign_only	1	17
FAM24B	196792	1	0	1	0.000000	0.000015	benign_only	1	10
FAM24B-CUZD1	100533195	1	0	1	0.000000	0.000015	benign_only	1	10
FAM43A	131583	1	0	1	0.000000	0.000015	benign_only	1	3
FAM47A	158724	1	0	1	0.000000	0.000015	benign_only	1	X
FAM83G	644815	1	0	1	0.000000	0.000015	benign_only	1	17
FAM91A1	157769	1	0	1	0.000000	0.000015	benign_only	1	8
FAM9B	171483	1	0	1	0.000000	0.000015	benign_only	1	X
FANK1	92565	1	0	1	0.000000	0.000015	benign_only	1	10
FARSA	2193	1	1	0	1.000000	0.000015	pathogenic_only	1	19
FASLG	356	1	0	1	0.000000	0.000015	benign_only	1	1
FASTKD3	79072	1	0	1	0.000000	0.000015	benign_only	1	5
FATE1	89885	1	0	1	0.000000	0.000015	benign_only	1	X
FBLN5	10516	1	1	0	1.000000	0.000015	pathogenic_only	1	14
FBP2	8789	1	0	1	0.000000	0.000015	benign_only	1	9
FBRSL1	57666	1	0	1	0.000000	0.000015	benign_only	1	12
FBXL19	54620	1	0	1	0.000000	0.000015	benign_only	1	16
FBXO10	26267	1	0	1	0.000000	0.000015	benign_only	1	9
FBXO28	23219	1	1	0	1.000000	0.000015	pathogenic_only	1	1
FBXO3	26273	1	0	1	0.000000	0.000015	benign_only	1	11
FBXO32	114907	1	0	1	0.000000	0.000015	benign_only	1	8
FBXO33	254170	1	0	1	0.000000	0.000015	benign_only	1	14
FBXO39	162517	1	0	1	0.000000	0.000015	benign_only	1	17
FBXO47	494188	1	0	1	0.000000	0.000015	benign_only	1	17
FBXO8	26269	1	0	1	0.000000	0.000015	benign_only	1	4
FBXW10	10517	1	0	1	0.000000	0.000015	benign_only	1	17
FBXW10B	374286	1	0	1	0.000000	0.000015	benign_only	1	17
FCGR1A	2209	1	0	1	0.000000	0.000015	benign_only	1	1
FCGR2B	2213	1	0	1	0.000000	0.000015	benign_only	1	1
FCGR2C	9103	1	0	1	0.000000	0.000015	benign_only	1	1
FCGRT	2217	1	0	1	0.000000	0.000015	benign_only	1	19
FCHSD2	9873	1	0	1	0.000000	0.000015	benign_only	1	11
FDFT1	2222	1	0	1	0.000000	0.000015	benign_only	1	8
FER1L5	90342	1	0	1	0.000000	0.000015	benign_only	1	2
FER1L6-AS1	439941	1	0	1	0.000000	0.000015	benign_only	1	8
FERRY3	57102	1	0	1	0.000000	0.000015	benign_only	1	12
FES	2242	1	0	1	0.000000	0.000015	benign_only	1	15
FEZ1	9638	1	0	1	0.000000	0.000015	benign_only	1	11
FGD6	55785	1	0	1	0.000000	0.000015	benign_only	1	12
FGF13	2258	1	1	0	1.000000	0.000015	pathogenic_only	1	X
FGF2	2247	1	0	1	0.000000	0.000015	benign_only	1	4
FGF6	2251	1	0	1	0.000000	0.000015	benign_only	1	12
FGF8	2253	1	1	0	1.000000	0.000015	pathogenic_only	1	10
FGFBP1	9982	1	0	1	0.000000	0.000015	benign_only	1	4
FGFR4	2264	1	0	1	0.000000	0.000015	benign_only	1	5
FHL3	2275	1	0	1	0.000000	0.000015	benign_only	1	1
FILIP1	27145	1	0	1	0.000000	0.000015	benign_only	1	6
FITM1	161247	1	0	1	0.000000	0.000015	benign_only	1	14
FKBP14	55033	1	0	1	0.000000	0.000015	benign_only	1	7
FKBP14-AS1	105375215	1	0	1	0.000000	0.000015	benign_only	1	7
FLI1	2313	1	0	1	0.000000	0.000015	benign_only	1	11
FLOT2	2319	1	0	1	0.000000	0.000015	benign_only	1	17
FLRT2	23768	1	0	1	0.000000	0.000015	benign_only	1	14
FLVCR2-AS1	102724153	1	0	1	0.000000	0.000015	benign_only	1	14
FLYWCH1	84256	1	0	1	0.000000	0.000015	benign_only	1	16
FNBP1	23048	1	0	1	0.000000	0.000015	benign_only	1	9
FNDC1	84624	1	0	1	0.000000	0.000015	benign_only	1	6
FNDC3A	22862	1	0	1	0.000000	0.000015	benign_only	1	13
FNDC3B	64778	1	0	1	0.000000	0.000015	benign_only	1	3
FOLR3	2352	1	0	1	0.000000	0.000015	benign_only	1	11
FOXC2-AS1	103752587	1	1	0	1.000000	0.000015	pathogenic_only	1	16
FOXD2	2306	1	0	1	0.000000	0.000015	benign_only	1	1
FOXE1	2304	1	0	1	0.000000	0.000015	benign_only	1	9
FOXI1	2299	1	0	1	0.000000	0.000015	benign_only	1	5
FPGS	2356	1	0	1	0.000000	0.000015	benign_only	1	9
FPR2	2358	1	0	1	0.000000	0.000015	benign_only	1	19
FRAT2	23401	1	0	1	0.000000	0.000015	benign_only	1	10
FREM3	166752	1	0	1	0.000000	0.000015	benign_only	1	4
FRMD4A	55691	1	0	1	0.000000	0.000015	benign_only	1	10
FRMPD2	143162	1	0	1	0.000000	0.000015	benign_only	1	10
FRZB	2487	1	0	1	0.000000	0.000015	benign_only	1	2
FSAF1	128061	1	0	1	0.000000	0.000015	benign_only	1	1
FSCB	84075	1	0	1	0.000000	0.000015	benign_only	1	14
FSIP1	161835	1	0	1	0.000000	0.000015	benign_only	1	15
FUT11	170384	1	0	1	0.000000	0.000015	benign_only	1	10
FUT2	2524	1	0	1	0.000000	0.000015	benign_only	1	19
FUT3	2525	1	0	1	0.000000	0.000015	benign_only	1	19
FUT4	2526	1	0	1	0.000000	0.000015	benign_only	1	11
FUT7	2529	1	0	1	0.000000	0.000015	benign_only	1	9
FXR2	9513	1	0	1	0.000000	0.000015	benign_only	1	17
FYN	2534	1	0	1	0.000000	0.000015	benign_only	1	6
FZD5	7855	1	0	1	0.000000	0.000015	benign_only	1	2
FZD7	8324	1	0	1	0.000000	0.000015	benign_only	1	2
FZR1	51343	1	0	1	0.000000	0.000015	benign_only	1	19
GAB3	139716	1	0	1	0.000000	0.000015	benign_only	1	X
GABBR1	2550	1	1	0	1.000000	0.000015	pathogenic_only	1	6
GABRA4	2557	1	0	1	0.000000	0.000015	benign_only	1	4
GABRA6	2559	1	0	1	0.000000	0.000015	benign_only	1	5
GAL3ST1	9514	1	0	1	0.000000	0.000015	benign_only	1	22
GAL3ST3	89792	1	0	1	0.000000	0.000015	benign_only	1	11
GAPDHS	26330	1	0	1	0.000000	0.000015	benign_only	1	19
GAPT	202309	1	0	1	0.000000	0.000015	benign_only	1	5
GAS7	8522	1	0	1	0.000000	0.000015	benign_only	1	17
GASK1A	729085	1	0	1	0.000000	0.000015	benign_only	1	3
GATC	283459	1	0	1	0.000000	0.000015	benign_only	1	12
GBGT1	26301	1	0	1	0.000000	0.000015	benign_only	1	9
GBX2	2637	1	0	1	0.000000	0.000015	benign_only	1	2
GBX2-AS1	121853074	1	0	1	0.000000	0.000015	benign_only	1	2
GC	2638	1	0	1	0.000000	0.000015	benign_only	1	4
GCG	2641	1	0	1	0.000000	0.000015	benign_only	1	2
GCLC	2729	1	0	1	0.000000	0.000015	benign_only	1	6
GCLC-AS1	105375095	1	0	1	0.000000	0.000015	benign_only	1	6
GCNA	93953	1	0	1	0.000000	0.000015	benign_only	1	X
GDF10	2662	1	0	1	0.000000	0.000015	benign_only	1	10
GDF15	9518	1	0	1	0.000000	0.000015	benign_only	1	19
GDPD2	54857	1	0	1	0.000000	0.000015	benign_only	1	X
GEM	2669	1	0	1	0.000000	0.000015	benign_only	1	8
GEMIN8	54960	1	0	1	0.000000	0.000015	benign_only	1	X
GFRA1	2674	1	0	1	0.000000	0.000015	benign_only	1	10
GFRA2	2675	1	0	1	0.000000	0.000015	benign_only	1	8
GGCT	79017	1	0	1	0.000000	0.000015	benign_only	1	7
GGT5	2687	1	0	1	0.000000	0.000015	benign_only	1	22
GGT6	124975	1	0	1	0.000000	0.000015	benign_only	1	17
GGTLC1	92086	1	0	1	0.000000	0.000015	benign_only	1	20
GHRL	51738	1	0	1	0.000000	0.000015	benign_only	1	3
GHRLOS	100126793	1	0	1	0.000000	0.000015	benign_only	1	3
GHSR	2693	1	0	1	0.000000	0.000015	benign_only	1	3
GIGYF1	64599	1	0	1	0.000000	0.000015	benign_only	1	7
GIMAP1	170575	1	0	1	0.000000	0.000015	benign_only	1	7
GIMAP1-GIMAP5	100527949	1	0	1	0.000000	0.000015	benign_only	1	7
GIMAP7	168537	1	0	1	0.000000	0.000015	benign_only	1	7
GIPC1	10755	1	0	1	0.000000	0.000015	benign_only	1	19
GJC3	349149	1	0	1	0.000000	0.000015	benign_only	1	7
GJD2	57369	1	0	1	0.000000	0.000015	benign_only	1	15
GLB1L	79411	1	0	1	0.000000	0.000015	benign_only	1	2
GLB1L2	89944	1	0	1	0.000000	0.000015	benign_only	1	11
GLCE	26035	1	0	1	0.000000	0.000015	benign_only	1	15
GLMP	112770	1	0	1	0.000000	0.000015	benign_only	1	1
GLOD5	392465	1	0	1	0.000000	0.000015	benign_only	1	X
GLRA2	2742	1	1	0	1.000000	0.000015	pathogenic_only	1	X
GLRX5	51218	1	0	1	0.000000	0.000015	benign_only	1	14
GLT8D1	55830	1	0	1	0.000000	0.000015	benign_only	1	3
GLUD2	2747	1	0	1	0.000000	0.000015	benign_only	1	X
GLUL	2752	1	1	0	1.000000	0.000015	pathogenic_only	1	1
GMCL1	64395	1	0	1	0.000000	0.000015	benign_only	1	2
GML	2765	1	0	1	0.000000	0.000015	benign_only	1	8
GMPS	8833	1	0	1	0.000000	0.000015	benign_only	1	3
GNA14	9630	1	0	1	0.000000	0.000015	benign_only	1	9
GNAI2	2771	1	1	0	1.000000	0.000015	pathogenic_only	1	3
GNAS-AS1	149775	1	0	1	0.000000	0.000015	benign_only	1	20
GNAT1	2779	1	0	1	0.000000	0.000015	benign_only	1	3
GNAT2	2780	1	0	1	0.000000	0.000015	benign_only	1	1
GNB3	2784	1	0	1	0.000000	0.000015	benign_only	1	12
GNG3	2785	1	0	1	0.000000	0.000015	benign_only	1	11
GNMT	27232	1	0	1	0.000000	0.000015	benign_only	1	6
GNRH2	2797	1	0	1	0.000000	0.000015	benign_only	1	20
GOLGA3	2802	1	0	1	0.000000	0.000015	benign_only	1	12
GOLGA5	9950	1	0	1	0.000000	0.000015	benign_only	1	14
GOLGA6L6	727832	1	0	1	0.000000	0.000015	benign_only	1	15
GOLGA8A	23015	1	0	1	0.000000	0.000015	benign_only	1	15
GOLGA8J	653073	1	0	1	0.000000	0.000015	benign_only	1	15
GOLIM4	27333	1	0	1	0.000000	0.000015	benign_only	1	3
GOLM2	113201	1	0	1	0.000000	0.000015	benign_only	1	15
GORASP2	26003	1	0	1	0.000000	0.000015	benign_only	1	2
GOT1	2805	1	0	1	0.000000	0.000015	benign_only	1	10
GP2	2813	1	0	1	0.000000	0.000015	benign_only	1	16
GPA33	10223	1	0	1	0.000000	0.000015	benign_only	1	1
GPA33-AS1	105371600	1	0	1	0.000000	0.000015	benign_only	1	1
GPAT3	84803	1	0	1	0.000000	0.000015	benign_only	1	4
GPC1	2817	1	0	1	0.000000	0.000015	benign_only	1	2
GPC5	2262	1	0	1	0.000000	0.000015	benign_only	1	13
GPC6-AS2	100873973	1	1	0	1.000000	0.000015	pathogenic_only	1	13
GPD1L	23171	1	0	1	0.000000	0.000015	benign_only	1	3
GPD2	2820	1	0	1	0.000000	0.000015	benign_only	1	2
GPKOW	27238	1	0	1	0.000000	0.000015	benign_only	1	X
GPNMB	10457	1	0	1	0.000000	0.000015	benign_only	1	7
GPR132	29933	1	0	1	0.000000	0.000015	benign_only	1	14
GPR15	2838	1	0	1	0.000000	0.000015	benign_only	1	3
GPR152	390212	1	0	1	0.000000	0.000015	benign_only	1	11
GPR158	57512	1	0	1	0.000000	0.000015	benign_only	1	10
GPR161	23432	1	0	1	0.000000	0.000015	benign_only	1	1
GPR17	2840	1	0	1	0.000000	0.000015	benign_only	1	2
GPR18	2841	1	0	1	0.000000	0.000015	benign_only	1	13
GPR34	2857	1	0	1	0.000000	0.000015	benign_only	1	X
GPR37	2861	1	0	1	0.000000	0.000015	benign_only	1	7
GPR39	2863	1	0	1	0.000000	0.000015	benign_only	1	2
GPR50	9248	1	0	1	0.000000	0.000015	benign_only	1	X
GPR50-AS1	100128688	1	0	1	0.000000	0.000015	benign_only	1	X
GPR52	9293	1	0	1	0.000000	0.000015	benign_only	1	1
GPR55	9290	1	0	1	0.000000	0.000015	benign_only	1	2
GPR68	8111	1	0	1	0.000000	0.000015	benign_only	1	14
GPR82	27197	1	0	1	0.000000	0.000015	benign_only	1	X
GPR83	10888	1	0	1	0.000000	0.000015	benign_only	1	11
GPR88	54112	1	0	1	0.000000	0.000015	benign_only	1	1
GPRC5A	9052	1	0	1	0.000000	0.000015	benign_only	1	12
GPRC5C	55890	1	0	1	0.000000	0.000015	benign_only	1	17
GPRIN3	285513	1	0	1	0.000000	0.000015	benign_only	1	4
GPX1	2876	1	0	1	0.000000	0.000015	benign_only	1	3
GRAMD1B	57476	1	0	1	0.000000	0.000015	benign_only	1	11
GRAMD4	23151	1	0	1	0.000000	0.000015	benign_only	1	22
GRB10	2887	1	0	1	0.000000	0.000015	benign_only	1	7
GREB1L-AS1	101927521	1	0	1	0.000000	0.000015	benign_only	1	18
GRIK1	2897	1	0	1	0.000000	0.000015	benign_only	1	21
GRIK5	2901	1	0	1	0.000000	0.000015	benign_only	1	19
GRM3	2913	1	0	1	0.000000	0.000015	benign_only	1	7
GRM5-AS1	100873989	1	0	1	0.000000	0.000015	benign_only	1	11
GRPR	2925	1	0	1	0.000000	0.000015	benign_only	1	X
GRWD1	83743	1	0	1	0.000000	0.000015	benign_only	1	19
GSAP	54103	1	0	1	0.000000	0.000015	benign_only	1	7
GSC	145258	1	0	1	0.000000	0.000015	benign_only	1	14
GSPT2	23708	1	0	1	0.000000	0.000015	benign_only	1	X
GSTO1	9446	1	0	1	0.000000	0.000015	benign_only	1	10
GSTO2	119391	1	0	1	0.000000	0.000015	benign_only	1	10
GSX2	170825	1	0	1	0.000000	0.000015	benign_only	1	4
GTDC1-AS1	101928386	1	0	1	0.000000	0.000015	benign_only	1	2
GTF2E2	2961	1	0	1	0.000000	0.000015	benign_only	1	8
GTF2H1	2965	1	0	1	0.000000	0.000015	benign_only	1	11
GTF2H3	2967	1	0	1	0.000000	0.000015	benign_only	1	12
GTPBP2	54676	1	0	1	0.000000	0.000015	benign_only	1	6
GXYLT2	727936	1	0	1	0.000000	0.000015	benign_only	1	3
GYPE	2996	1	0	1	0.000000	0.000015	benign_only	1	4
GZMA	3001	1	0	1	0.000000	0.000015	benign_only	1	5
GZMB	3002	1	0	1	0.000000	0.000015	benign_only	1	14
H2BC18	440689	1	0	1	0.000000	0.000015	benign_only	1	1
H4C3	8364	1	1	0	1.000000	0.000015	pathogenic_only	1	6
HACE1	57531	1	0	1	0.000000	0.000015	benign_only	1	6
HACL1	26061	1	0	1	0.000000	0.000015	benign_only	1	3
HAMP	57817	1	0	1	0.000000	0.000015	benign_only	1	19
HAND1	9421	1	0	1	0.000000	0.000015	benign_only	1	5
HAPLN2	60484	1	0	1	0.000000	0.000015	benign_only	1	1
HAS1	3036	1	0	1	0.000000	0.000015	benign_only	1	19
HAS3	3038	1	0	1	0.000000	0.000015	benign_only	1	16
HAUS4	54930	1	0	1	0.000000	0.000015	benign_only	1	14
HAUS8	93323	1	0	1	0.000000	0.000015	benign_only	1	19
HBG2	3048	1	1	0	1.000000	0.000015	pathogenic_only	1	11
HCAR2	338442	1	0	1	0.000000	0.000015	benign_only	1	12
HCRTR1	3061	1	0	1	0.000000	0.000015	benign_only	1	1
HDAC11	79885	1	0	1	0.000000	0.000015	benign_only	1	3
HDX	139324	1	0	1	0.000000	0.000015	benign_only	1	X
HECTD3	79654	1	0	1	0.000000	0.000015	benign_only	1	1
HEPACAM2	253012	1	0	1	0.000000	0.000015	benign_only	1	7
HEPHL1	341208	1	0	1	0.000000	0.000015	benign_only	1	11
HERC3	8916	1	0	1	0.000000	0.000015	benign_only	1	4
HEXD	284004	1	0	1	0.000000	0.000015	benign_only	1	17
HEY2	23493	1	0	1	0.000000	0.000015	benign_only	1	6
HGS	9146	1	0	1	0.000000	0.000015	benign_only	1	17
HHIP	64399	1	0	1	0.000000	0.000015	benign_only	1	4
HHIPL2	79802	1	0	1	0.000000	0.000015	benign_only	1	1
HIF3A	64344	1	0	1	0.000000	0.000015	benign_only	1	19
HIP1R	9026	1	0	1	0.000000	0.000015	benign_only	1	12
HIPK3	10114	1	0	1	0.000000	0.000015	benign_only	1	11
HK3	3101	1	0	1	0.000000	0.000015	benign_only	1	5
HLA-DPA1	3113	1	0	1	0.000000	0.000015	benign_only	1	6
HLA-E	3133	1	0	1	0.000000	0.000015	benign_only	1	6
HMGA2	8091	1	0	1	0.000000	0.000015	benign_only	1	12
HMGB1	3146	1	0	1	0.000000	0.000015	benign_only	1	13
HMGCR	3156	1	1	0	1.000000	0.000015	pathogenic_only	1	5
HMGXB4	10042	1	0	1	0.000000	0.000015	benign_only	1	22
HMX2	3167	1	0	1	0.000000	0.000015	benign_only	1	10
HNMT	3176	1	1	0	1.000000	0.000015	pathogenic_only	1	2
HNRNPH1	3187	1	1	0	1.000000	0.000015	pathogenic_only	1	5
HORMAD1	84072	1	0	1	0.000000	0.000015	benign_only	1	1
HORMAD2	150280	1	0	1	0.000000	0.000015	benign_only	1	22
HOXB8	3218	1	0	1	0.000000	0.000015	benign_only	1	17
HOXB9	3219	1	0	1	0.000000	0.000015	benign_only	1	17
HOXC4	3221	1	0	1	0.000000	0.000015	benign_only	1	12
HOXC5	3222	1	0	1	0.000000	0.000015	benign_only	1	12
HOXC9	3225	1	0	1	0.000000	0.000015	benign_only	1	12
HOXD10	3236	1	0	1	0.000000	0.000015	benign_only	1	2
HPR	3250	1	0	1	0.000000	0.000015	benign_only	1	16
HPSE	10855	1	0	1	0.000000	0.000015	benign_only	1	4
HRG-AS1	105374258	1	0	1	0.000000	0.000015	benign_only	1	3
HRNR	388697	1	0	1	0.000000	0.000015	benign_only	1	1
HRURF	120766137	1	1	0	1.000000	0.000015	pathogenic_only	1	8
HS3ST3B1	9953	1	0	1	0.000000	0.000015	benign_only	1	17
HS6ST2	90161	1	0	1	0.000000	0.000015	benign_only	1	X
HSD17B7	51478	1	0	1	0.000000	0.000015	benign_only	1	1
HSD3B1	3283	1	0	1	0.000000	0.000015	benign_only	1	1
HSDL2	84263	1	0	1	0.000000	0.000015	benign_only	1	9
HSPA12B	116835	1	0	1	0.000000	0.000015	benign_only	1	20
HSPA4	3308	1	0	1	0.000000	0.000015	benign_only	1	5
HSPA5	3309	1	0	1	0.000000	0.000015	benign_only	1	9
HSPA6	3310	1	0	1	0.000000	0.000015	benign_only	1	1
HSPB2	3316	1	0	1	0.000000	0.000015	benign_only	1	11
HSPB2-C11orf52	100528019	1	0	1	0.000000	0.000015	benign_only	1	11
HTD2	109703458	1	0	1	0.000000	0.000015	benign_only	1	3
HTN1	3346	1	0	1	0.000000	0.000015	benign_only	1	4
HTN3	3347	1	0	1	0.000000	0.000015	benign_only	1	4
HTR1D	3352	1	0	1	0.000000	0.000015	benign_only	1	1
HTR1E	3354	1	0	1	0.000000	0.000015	benign_only	1	6
HTR2A	3356	1	0	1	0.000000	0.000015	benign_only	1	13
HTR3B	9177	1	0	1	0.000000	0.000015	benign_only	1	11
HTR3C	170572	1	0	1	0.000000	0.000015	benign_only	1	3
HTR3E-AS1	106478970	1	0	1	0.000000	0.000015	benign_only	1	3
HTR4	3360	1	0	1	0.000000	0.000015	benign_only	1	5
HTR6	3362	1	0	1	0.000000	0.000015	benign_only	1	1
HTR7	3363	1	0	1	0.000000	0.000015	benign_only	1	10
HYOU1	10525	1	0	1	0.000000	0.000015	benign_only	1	11
HYPK	25764	1	0	1	0.000000	0.000015	benign_only	1	15
ICOS	29851	1	0	1	0.000000	0.000015	benign_only	1	2
IER2	9592	1	0	1	0.000000	0.000015	benign_only	1	19
IER3IP1	51124	1	1	0	1.000000	0.000015	pathogenic_only	1	18
IFI35	3430	1	0	1	0.000000	0.000015	benign_only	1	17
IFIT1B	439996	1	0	1	0.000000	0.000015	benign_only	1	10
IFIT3	3437	1	0	1	0.000000	0.000015	benign_only	1	10
IFIT5	24138	1	0	1	0.000000	0.000015	benign_only	1	10
IFNA14	3448	1	0	1	0.000000	0.000015	benign_only	1	9
IFNA5	3442	1	0	1	0.000000	0.000015	benign_only	1	9
IFNL1	282618	1	0	1	0.000000	0.000015	benign_only	1	19
IFRD1	3475	1	0	1	0.000000	0.000015	benign_only	1	7
IFRD2	7866	1	0	1	0.000000	0.000015	benign_only	1	3
IFT52	51098	1	0	1	0.000000	0.000015	benign_only	1	20
IFT54	26146	1	0	1	0.000000	0.000015	benign_only	1	2
IFT56	79989	1	1	0	1.000000	0.000015	pathogenic_only	1	7
IFT70B	150737	1	0	1	0.000000	0.000015	benign_only	1	2
IGDCC3	9543	1	0	1	0.000000	0.000015	benign_only	1	15
IGF2BP1	10642	1	0	1	0.000000	0.000015	benign_only	1	17
IGF2R	3482	1	0	1	0.000000	0.000015	benign_only	1	6
IGFBP6	3489	1	0	1	0.000000	0.000015	benign_only	1	12
IGSF9	57549	1	0	1	0.000000	0.000015	benign_only	1	1
IGSF9B	22997	1	0	1	0.000000	0.000015	benign_only	1	11
IKZF2	22807	1	0	1	0.000000	0.000015	benign_only	1	2
IL17C	27189	1	0	1	0.000000	0.000015	benign_only	1	16
IL17RE	132014	1	0	1	0.000000	0.000015	benign_only	1	3
IL18RAP	8807	1	0	1	0.000000	0.000015	benign_only	1	2
IL1A	3552	1	0	1	0.000000	0.000015	benign_only	1	2
IL1R2	7850	1	0	1	0.000000	0.000015	benign_only	1	2
IL1RAP	3556	1	0	1	0.000000	0.000015	benign_only	1	3
IL1RAPL2	26280	1	0	1	0.000000	0.000015	benign_only	1	X
IL1RN	3557	1	0	1	0.000000	0.000015	benign_only	1	2
IL20RB-AS1	107986136	1	0	1	0.000000	0.000015	benign_only	1	3
IL21R	50615	1	0	1	0.000000	0.000015	benign_only	1	16
IL21R-AS1	283888	1	0	1	0.000000	0.000015	benign_only	1	16
IL22	50616	1	0	1	0.000000	0.000015	benign_only	1	12
IL27	246778	1	0	1	0.000000	0.000015	benign_only	1	16
IL2RA	3559	1	0	1	0.000000	0.000015	benign_only	1	10
IL3	3562	1	0	1	0.000000	0.000015	benign_only	1	5
IL31RA	133396	1	0	1	0.000000	0.000015	benign_only	1	5
IL34	146433	1	0	1	0.000000	0.000015	benign_only	1	16
IL3RA	3563	1	0	1	0.000000	0.000015	benign_only	1	X
IL5RA	3568	1	0	1	0.000000	0.000015	benign_only	1	3
IL6	3569	1	0	1	0.000000	0.000015	benign_only	1	7
IMMP2L	83943	1	0	1	0.000000	0.000015	benign_only	1	7
IMMT	10989	1	0	1	0.000000	0.000015	benign_only	1	2
IMPA2	3613	1	0	1	0.000000	0.000015	benign_only	1	18
INHA	3623	1	0	1	0.000000	0.000015	benign_only	1	2
INHBC	3626	1	0	1	0.000000	0.000015	benign_only	1	12
INO80D	54891	1	0	1	0.000000	0.000015	benign_only	1	2
INPP1	3628	1	0	1	0.000000	0.000015	benign_only	1	2
INPP4A	3631	1	0	1	0.000000	0.000015	benign_only	1	2
INPP5F	22876	1	0	1	0.000000	0.000015	benign_only	1	10
INSC	387755	1	0	1	0.000000	0.000015	benign_only	1	11
INSL4	3641	1	0	1	0.000000	0.000015	benign_only	1	9
INSYN2B	100131897	1	0	1	0.000000	0.000015	benign_only	1	5
INTS6	26512	1	0	1	0.000000	0.000015	benign_only	1	13
IPO11	51194	1	0	1	0.000000	0.000015	benign_only	1	5
IPO8	10526	1	0	1	0.000000	0.000015	benign_only	1	12
IQCE	23288	1	0	1	0.000000	0.000015	benign_only	1	7
IQCK	124152	1	0	1	0.000000	0.000015	benign_only	1	16
IQCK-AS1	105371115	1	0	1	0.000000	0.000015	benign_only	1	16
IQCN	80726	1	0	1	0.000000	0.000015	benign_only	1	19
IQSEC3	440073	1	0	1	0.000000	0.000015	benign_only	1	12
IRAIN	104472848	1	0	1	0.000000	0.000015	benign_only	1	15
IRAK2	3656	1	0	1	0.000000	0.000015	benign_only	1	3
IRF4	3662	1	0	1	0.000000	0.000015	benign_only	1	6
ISCA2	122961	1	1	0	1.000000	0.000015	pathogenic_only	1	14
ISX	91464	1	0	1	0.000000	0.000015	benign_only	1	22
ISYNA1	51477	1	0	1	0.000000	0.000015	benign_only	1	19
ITGA1	3672	1	0	1	0.000000	0.000015	benign_only	1	5
ITGA4	3676	1	0	1	0.000000	0.000015	benign_only	1	2
ITGAE	3682	1	0	1	0.000000	0.000015	benign_only	1	17
ITGAL	3683	1	0	1	0.000000	0.000015	benign_only	1	16
ITGAX	3687	1	0	1	0.000000	0.000015	benign_only	1	16
ITIH4	3700	1	0	1	0.000000	0.000015	benign_only	1	3
ITIH5	80760	1	0	1	0.000000	0.000015	benign_only	1	10
ITIH6	347365	1	0	1	0.000000	0.000015	benign_only	1	X
ITLN1	55600	1	0	1	0.000000	0.000015	benign_only	1	1
ITLN2	142683	1	0	1	0.000000	0.000015	benign_only	1	1
JADE1	79960	1	0	1	0.000000	0.000015	benign_only	1	4
JAK1	3716	1	0	1	0.000000	0.000015	benign_only	1	1
JMJD1C-AS1	84989	1	0	1	0.000000	0.000015	benign_only	1	10
JMJD7	100137047	1	0	1	0.000000	0.000015	benign_only	1	15
JMJD7-PLA2G4B	8681	1	0	1	0.000000	0.000015	benign_only	1	15
JMJD8	339123	1	1	0	1.000000	0.000015	pathogenic_only	1	16
JTB	10899	1	0	1	0.000000	0.000015	benign_only	1	1
KAT8	84148	1	1	0	1.000000	0.000015	pathogenic_only	1	16
KBTBD6-DT	101929140	1	0	1	0.000000	0.000015	benign_only	1	13
KCNE5	23630	1	0	1	0.000000	0.000015	benign_only	1	X
KCNJ15	3772	1	0	1	0.000000	0.000015	benign_only	1	21
KCNJ16	3773	1	0	1	0.000000	0.000015	benign_only	1	17
KCNJ6	3763	1	0	1	0.000000	0.000015	benign_only	1	21
KCNJ6-AS1	105372799	1	0	1	0.000000	0.000015	benign_only	1	21
KCNN2-AS1	101927078	1	1	0	1.000000	0.000015	pathogenic_only	1	5
KCNS2	3788	1	0	1	0.000000	0.000015	benign_only	1	8
KCNS3	3790	1	0	1	0.000000	0.000015	benign_only	1	2
KCNU1	157855	1	0	1	0.000000	0.000015	benign_only	1	8
KCTD19	146212	1	0	1	0.000000	0.000015	benign_only	1	16
KDM1B	221656	1	0	1	0.000000	0.000015	benign_only	1	6
KDM2B-DT	101928346	1	0	1	0.000000	0.000015	benign_only	1	12
KDM4A	9682	1	0	1	0.000000	0.000015	benign_only	1	1
KDM4B	23030	1	1	0	1.000000	0.000015	pathogenic_only	1	19
KDM8	79831	1	0	1	0.000000	0.000015	benign_only	1	16
KEL	3792	1	0	1	0.000000	0.000015	benign_only	1	7
KERA	11081	1	1	0	1.000000	0.000015	pathogenic_only	1	12
KIAA0319	9856	1	0	1	0.000000	0.000015	benign_only	1	6
KIAA0754	643314	1	0	1	0.000000	0.000015	benign_only	1	1
KIAA0825	285600	1	1	0	1.000000	0.000015	pathogenic_only	1	5
KIAA1549L	25758	1	0	1	0.000000	0.000015	benign_only	1	11
KIAA1755	85449	1	0	1	0.000000	0.000015	benign_only	1	20
KICS2	144577	1	0	1	0.000000	0.000015	benign_only	1	12
KIF2B	84643	1	0	1	0.000000	0.000015	benign_only	1	17
KIF4A	24137	1	0	1	0.000000	0.000015	benign_only	1	X
KIRREL1	55243	1	0	1	0.000000	0.000015	benign_only	1	1
KIRREL3-AS1	100874250	1	0	1	0.000000	0.000015	benign_only	1	11
KIZ-AS1	101929591	1	0	1	0.000000	0.000015	benign_only	1	20
KLC1	3831	1	0	1	0.000000	0.000015	benign_only	1	14
KLC2-AS1	105369352	1	0	1	0.000000	0.000015	benign_only	1	11
KLF2	10365	1	0	1	0.000000	0.000015	benign_only	1	19
KLF5	688	1	0	1	0.000000	0.000015	benign_only	1	13
KLF6	1316	1	0	1	0.000000	0.000015	benign_only	1	10
KLF9-DT	101927086	1	0	1	0.000000	0.000015	benign_only	1	9
KLHL10	317719	1	0	1	0.000000	0.000015	benign_only	1	17
KLHL20	27252	1	1	0	1.000000	0.000015	pathogenic_only	1	1
KLHL23	151230	1	0	1	0.000000	0.000015	benign_only	1	2
KLK12	43849	1	0	1	0.000000	0.000015	benign_only	1	19
KLK3	354	1	0	1	0.000000	0.000015	benign_only	1	19
KLK6	5653	1	0	1	0.000000	0.000015	benign_only	1	19
KLK7	5650	1	0	1	0.000000	0.000015	benign_only	1	19
KLRC4	8302	1	0	1	0.000000	0.000015	benign_only	1	12
KLRC4-KLRK1	100528032	1	0	1	0.000000	0.000015	benign_only	1	12
KNG1	3827	1	0	1	0.000000	0.000015	benign_only	1	3
KREMEN2	79412	1	0	1	0.000000	0.000015	benign_only	1	16
KRT15	3866	1	0	1	0.000000	0.000015	benign_only	1	17
KRT18	3875	1	0	1	0.000000	0.000015	benign_only	1	12
KRT20	54474	1	0	1	0.000000	0.000015	benign_only	1	17
KRT84	3890	1	0	1	0.000000	0.000015	benign_only	1	12
KRTAP10-1	386677	1	0	1	0.000000	0.000015	benign_only	1	21
KRTAP10-4	386672	1	0	1	0.000000	0.000015	benign_only	1	21
KRTAP10-6	386674	1	0	1	0.000000	0.000015	benign_only	1	21
KRTAP4-4	84616	1	0	1	0.000000	0.000015	benign_only	1	17
KRTAP4-8	728224	1	0	1	0.000000	0.000015	benign_only	1	17
KRTAP5-5	439915	1	0	1	0.000000	0.000015	benign_only	1	11
KRTAP9-3	83900	1	0	1	0.000000	0.000015	benign_only	1	17
KY	339855	1	0	1	0.000000	0.000015	benign_only	1	3
KYAT1	883	1	0	1	0.000000	0.000015	benign_only	1	9
L3MBTL1	26013	1	0	1	0.000000	0.000015	benign_only	1	20
L3MBTL2	83746	1	0	1	0.000000	0.000015	benign_only	1	22
L3MBTL2-AS1	100506544	1	0	1	0.000000	0.000015	benign_only	1	22
LAD1	3898	1	0	1	0.000000	0.000015	benign_only	1	1
LATS1	9113	1	0	1	0.000000	0.000015	benign_only	1	6
LCE1C	353133	1	0	1	0.000000	0.000015	benign_only	1	1
LCN1	3933	1	0	1	0.000000	0.000015	benign_only	1	9
LCN2	3934	1	0	1	0.000000	0.000015	benign_only	1	9
LCN6	158062	1	0	1	0.000000	0.000015	benign_only	1	9
LCP1	3936	1	0	1	0.000000	0.000015	benign_only	1	13
LDAH	60526	1	0	1	0.000000	0.000015	benign_only	1	2
LDHA	3939	1	0	1	0.000000	0.000015	benign_only	1	11
LDHC	3948	1	0	1	0.000000	0.000015	benign_only	1	11
LEF1	51176	1	0	1	0.000000	0.000015	benign_only	1	4
LEP	3952	1	0	1	0.000000	0.000015	benign_only	1	7
LEPROTL1	23484	1	0	1	0.000000	0.000015	benign_only	1	8
LFNG	3955	1	0	1	0.000000	0.000015	benign_only	1	7
LGALS13	29124	1	0	1	0.000000	0.000015	benign_only	1	19
LGALS2	3957	1	0	1	0.000000	0.000015	benign_only	1	22
LGALS3	3958	1	0	1	0.000000	0.000015	benign_only	1	14
LGALS3BP	3959	1	0	1	0.000000	0.000015	benign_only	1	17
LGALS4	3960	1	0	1	0.000000	0.000015	benign_only	1	19
LGALS8	3964	1	0	1	0.000000	0.000015	benign_only	1	1
LGALS9	3965	1	0	1	0.000000	0.000015	benign_only	1	17
LGALS9B	284194	1	0	1	0.000000	0.000015	benign_only	1	17
LGI3	203190	1	0	1	0.000000	0.000015	benign_only	1	8
LGR4	55366	1	0	1	0.000000	0.000015	benign_only	1	11
LHX8	431707	1	0	1	0.000000	0.000015	benign_only	1	1
LIF	3976	1	0	1	0.000000	0.000015	benign_only	1	22
LILRA6	79168	1	0	1	0.000000	0.000015	benign_only	1	19
LILRB1	10859	1	0	1	0.000000	0.000015	benign_only	1	19
LILRB5	10990	1	0	1	0.000000	0.000015	benign_only	1	19
LIM2	3982	1	1	0	1.000000	0.000015	pathogenic_only	1	19
LIMD1	8994	1	0	1	0.000000	0.000015	benign_only	1	3
LIMS1	3987	1	0	1	0.000000	0.000015	benign_only	1	2
LINC02210-CRHR1	104909134	1	0	1	0.000000	0.000015	benign_only	1	17
LINGO2	158038	1	0	1	0.000000	0.000015	benign_only	1	9
LIPF	8513	1	0	1	0.000000	0.000015	benign_only	1	10
LIPJ	142910	1	0	1	0.000000	0.000015	benign_only	1	10
LMBR1	64327	1	0	1	0.000000	0.000015	benign_only	1	7
LMTK2	22853	1	0	1	0.000000	0.000015	benign_only	1	7
LNPK	80856	1	0	1	0.000000	0.000015	benign_only	1	2
LOC100128079	100128079	1	0	1	0.000000	0.000015	benign_only	1	16
LOC100128593	100128593	1	0	1	0.000000	0.000015	benign_only	1	9
LOC100130744	100130744	1	0	1	0.000000	0.000015	benign_only	1	5
LOC101927078	101927078	1	1	0	1.000000	0.000015	pathogenic_only	1	5
LOC101927418	101927418	1	0	1	0.000000	0.000015	benign_only	1	14
LOC101928335	101928335	1	0	1	0.000000	0.000015	benign_only	1	X
LOC101928861	101928861	1	0	1	0.000000	0.000015	benign_only	1	7
LOC101929290	101929290	1	0	1	0.000000	0.000015	benign_only	1	8
LOC101929532	101929532	1	0	1	0.000000	0.000015	benign_only	1	2
LOC105371050	105371050	1	0	1	0.000000	0.000015	benign_only	1	16
LOC105371925	105371925	1	0	1	0.000000	0.000015	benign_only	1	17
LOC105372255	105372255	1	0	1	0.000000	0.000015	benign_only	1	19
LOC105375836	105375836	1	0	1	0.000000	0.000015	benign_only	1	8
LOC105377102	105377102	1	0	1	0.000000	0.000015	benign_only	1	3
LOC105378353	105378353	1	0	1	0.000000	0.000015	benign_only	1	10
LOC105447645	105447645	1	0	1	0.000000	0.000015	benign_only	1	19
LOC106029241	106029241	1	0	1	0.000000	0.000015	benign_only	1	X
LOC106096416	106096416	1	0	1	0.000000	0.000015	benign_only	1	12
LOC106099064	106099064	1	0	1	0.000000	0.000015	benign_only	1	11
LOC106099065	106099065	1	1	0	1.000000	0.000015	pathogenic_only	1	11
LOC106146150	106146150	1	0	1	0.000000	0.000015	benign_only	1	X
LOC106560211	106560211	1	0	1	0.000000	0.000015	benign_only	1	2
LOC106694316	106694316	1	1	0	1.000000	0.000015	pathogenic_only	1	17
LOC107546745	107546745	1	0	1	0.000000	0.000015	benign_only	1	1
LOC107652445	107652445	1	1	0	1.000000	0.000015	pathogenic_only	1	X
LOC107963955	107963955	1	0	1	0.000000	0.000015	benign_only	1	22
LOC107985544	107985544	1	0	1	0.000000	0.000015	benign_only	1	22
LOC108281160	108281160	1	0	1	0.000000	0.000015	benign_only	1	3
LOC108281165	108281165	1	0	1	0.000000	0.000015	benign_only	1	10
LOC108903148	108903148	1	0	1	0.000000	0.000015	benign_only	1	10
LOC109611589	109611589	1	0	1	0.000000	0.000015	benign_only	1	6
LOC110121456	110121456	1	0	1	0.000000	0.000015	benign_only	1	12
LOC110121471	110121471	1	1	0	1.000000	0.000015	pathogenic_only	1	11
LOC111162621	111162621	1	1	0	1.000000	0.000015	pathogenic_only	1	3
LOC111255642	111255642	1	0	1	0.000000	0.000015	benign_only	1	8
LOC111413029	111413029	1	1	0	1.000000	0.000015	pathogenic_only	1	16
LOC111718493	111718493	1	0	1	0.000000	0.000015	benign_only	1	15
LOC112163529	112163529	1	0	1	0.000000	0.000015	benign_only	1	12
LOC112272600	112272600	1	0	1	0.000000	0.000015	benign_only	1	15
LOC112533667	112533667	1	1	0	1.000000	0.000015	pathogenic_only	1	17
LOC112533671	112533671	1	0	1	0.000000	0.000015	benign_only	1	17
LOC112533672	112533672	1	0	1	0.000000	0.000015	benign_only	1	17
LOC112543452	112543452	1	0	1	0.000000	0.000015	benign_only	1	19
LOC112694756	112694756	1	1	0	1.000000	0.000015	pathogenic_only	1	16
LOC112840920	112840920	1	0	1	0.000000	0.000015	benign_only	1	2
LOC112935910	112935910	1	0	1	0.000000	0.000015	benign_only	1	3
LOC113687175	113687175	1	1	0	1.000000	0.000015	pathogenic_only	1	7
LOC113839559	113839559	1	0	1	0.000000	0.000015	benign_only	1	9
LOC113875008	113875008	1	0	1	0.000000	0.000015	benign_only	1	X
LOC114803475	114803475	1	1	0	1.000000	0.000015	pathogenic_only	1	3
LOC114827832	114827832	1	0	1	0.000000	0.000015	benign_only	1	2
LOC117134604	117134604	1	0	1	0.000000	0.000015	benign_only	1	21
LOC119266102	119266102	1	1	0	1.000000	0.000015	pathogenic_only	1	21
LOC119369037	119369037	1	0	1	0.000000	0.000015	benign_only	1	19
LOC121331340	121331340	1	0	1	0.000000	0.000015	benign_only	1	9
LOC121392929	121392929	1	0	1	0.000000	0.000015	benign_only	1	11
LOC121530597	121530597	1	0	1	0.000000	0.000015	benign_only	1	15
LOC121627832	121627832	1	0	1	0.000000	0.000015	benign_only	1	18
LOC121627860	121627860	1	0	1	0.000000	0.000015	benign_only	1	19
LOC121627952	121627952	1	0	1	0.000000	0.000015	benign_only	1	22
LOC122094844	122094844	1	0	1	0.000000	0.000015	benign_only	1	1
LOC122787137	122787137	1	0	1	0.000000	0.000015	benign_only	1	2
LOC122861286	122861286	1	0	1	0.000000	0.000015	benign_only	1	2
LOC122861306	122861306	1	0	1	0.000000	0.000015	benign_only	1	2
LOC123522803	123522803	1	0	1	0.000000	0.000015	benign_only	1	5
LOC123864065	123864065	1	0	1	0.000000	0.000015	benign_only	1	6
LOC123956241	123956241	1	0	1	0.000000	0.000015	benign_only	1	7
LOC123956257	123956257	1	1	0	1.000000	0.000015	pathogenic_only	1	7
LOC123956272	123956272	1	0	1	0.000000	0.000015	benign_only	1	7
LOC124310636	124310636	1	0	1	0.000000	0.000015	benign_only	1	9
LOC124403924	124403924	1	0	1	0.000000	0.000015	benign_only	1	10
LOC124416894	124416894	1	0	1	0.000000	0.000015	benign_only	1	10
LOC124416925	124416925	1	0	1	0.000000	0.000015	benign_only	1	10
LOC124489758	124489758	1	0	1	0.000000	0.000015	benign_only	1	11
LOC124958010	124958010	1	0	1	0.000000	0.000015	benign_only	1	14
LOC125146393	125146393	1	0	1	0.000000	0.000015	benign_only	1	16
LOC125177393	125177393	1	0	1	0.000000	0.000015	benign_only	1	16
LOC125177523	125177523	1	0	1	0.000000	0.000015	benign_only	1	17
LOC125316790	125316790	1	0	1	0.000000	0.000015	benign_only	1	17
LOC125371455	125371455	1	0	1	0.000000	0.000015	benign_only	1	19
LOC125371495	125371495	1	1	0	1.000000	0.000015	pathogenic_only	1	19
LOC125384545	125384545	1	0	1	0.000000	0.000015	benign_only	1	19
LOC125418060	125418060	1	0	1	0.000000	0.000015	benign_only	1	21
LOC126653370	126653370	1	0	1	0.000000	0.000015	benign_only	1	21
LOC126653398	126653398	1	1	0	1.000000	0.000015	pathogenic_only	1	21
LOC126805598	126805598	1	0	1	0.000000	0.000015	benign_only	1	1
LOC126805655	126805655	1	0	1	0.000000	0.000015	benign_only	1	1
LOC126805658	126805658	1	0	1	0.000000	0.000015	benign_only	1	1
LOC126805680	126805680	1	0	1	0.000000	0.000015	benign_only	1	1
LOC126805771	126805771	1	0	1	0.000000	0.000015	benign_only	1	1
LOC126805828	126805828	1	0	1	0.000000	0.000015	benign_only	1	1
LOC126805854	126805854	1	0	1	0.000000	0.000015	benign_only	1	1
LOC126805881	126805881	1	0	1	0.000000	0.000015	benign_only	1	1
LOC126805954	126805954	1	0	1	0.000000	0.000015	benign_only	1	1
LOC126805984	126805984	1	0	1	0.000000	0.000015	benign_only	1	1
LOC126806044	126806044	1	0	1	0.000000	0.000015	benign_only	1	1
LOC126806060	126806060	1	0	1	0.000000	0.000015	benign_only	1	1
LOC126806172	126806172	1	0	1	0.000000	0.000015	benign_only	1	2
LOC126806173	126806173	1	0	1	0.000000	0.000015	benign_only	1	2
LOC126806210	126806210	1	0	1	0.000000	0.000015	benign_only	1	2
LOC126806252	126806252	1	0	1	0.000000	0.000015	benign_only	1	2
LOC126806374	126806374	1	0	1	0.000000	0.000015	benign_only	1	2
LOC126806423	126806423	1	0	1	0.000000	0.000015	benign_only	1	2
LOC126806426	126806426	1	0	1	0.000000	0.000015	benign_only	1	2
LOC126806430	126806430	1	0	1	0.000000	0.000015	benign_only	1	2
LOC126806433	126806433	1	0	1	0.000000	0.000015	benign_only	1	2
LOC126806457	126806457	1	0	1	0.000000	0.000015	benign_only	1	2
LOC126806468	126806468	1	0	1	0.000000	0.000015	benign_only	1	2
LOC126806498	126806498	1	0	1	0.000000	0.000015	benign_only	1	2
LOC126806499	126806499	1	0	1	0.000000	0.000015	benign_only	1	2
LOC126806529	126806529	1	0	1	0.000000	0.000015	benign_only	1	2
LOC126806582	126806582	1	0	1	0.000000	0.000015	benign_only	1	2
LOC126806614	126806614	1	0	1	0.000000	0.000015	benign_only	1	3
LOC126806652	126806652	1	0	1	0.000000	0.000015	benign_only	1	3
LOC126806658	126806658	1	1	0	1.000000	0.000015	pathogenic_only	1	3
LOC126806704	126806704	1	0	1	0.000000	0.000015	benign_only	1	3
LOC126806810	126806810	1	0	1	0.000000	0.000015	benign_only	1	3
LOC126806897	126806897	1	0	1	0.000000	0.000015	benign_only	1	3
LOC126806932	126806932	1	1	0	1.000000	0.000015	pathogenic_only	1	3
LOC126806940	126806940	1	0	1	0.000000	0.000015	benign_only	1	4
LOC126807034	126807034	1	0	1	0.000000	0.000015	benign_only	1	4
LOC126807054	126807054	1	0	1	0.000000	0.000015	benign_only	1	4
LOC126807088	126807088	1	0	1	0.000000	0.000015	benign_only	1	4
LOC126807101	126807101	1	0	1	0.000000	0.000015	benign_only	1	4
LOC126807122	126807122	1	0	1	0.000000	0.000015	benign_only	1	4
LOC126807125	126807125	1	0	1	0.000000	0.000015	benign_only	1	4
LOC126807246	126807246	1	0	1	0.000000	0.000015	benign_only	1	4
LOC126807318	126807318	1	0	1	0.000000	0.000015	benign_only	1	5
LOC126807322	126807322	1	0	1	0.000000	0.000015	benign_only	1	5
LOC126807371	126807371	1	0	1	0.000000	0.000015	benign_only	1	5
LOC126807453	126807453	1	1	0	1.000000	0.000015	pathogenic_only	1	5
LOC126807569	126807569	1	0	1	0.000000	0.000015	benign_only	1	5
LOC126807619	126807619	1	1	0	1.000000	0.000015	pathogenic_only	1	5
LOC126859592	126859592	1	0	1	0.000000	0.000015	benign_only	1	6
LOC126859651	126859651	1	0	1	0.000000	0.000015	benign_only	1	6
LOC126859653	126859653	1	0	1	0.000000	0.000015	benign_only	1	6
LOC126859766	126859766	1	0	1	0.000000	0.000015	benign_only	1	6
LOC126859807	126859807	1	0	1	0.000000	0.000015	benign_only	1	6
LOC126859962	126859962	1	0	1	0.000000	0.000015	benign_only	1	7
LOC126860075	126860075	1	1	0	1.000000	0.000015	pathogenic_only	1	7
LOC126860121	126860121	1	0	1	0.000000	0.000015	benign_only	1	7
LOC126860126	126860126	1	0	1	0.000000	0.000015	benign_only	1	7
LOC126860224	126860224	1	0	1	0.000000	0.000015	benign_only	1	7
LOC126860260	126860260	1	0	1	0.000000	0.000015	benign_only	1	7
LOC126860285	126860285	1	0	1	0.000000	0.000015	benign_only	1	8
LOC126860303	126860303	1	0	1	0.000000	0.000015	benign_only	1	8
LOC126860305	126860305	1	0	1	0.000000	0.000015	benign_only	1	8
LOC126860330	126860330	1	1	0	1.000000	0.000015	pathogenic_only	1	8
LOC126860346	126860346	1	0	1	0.000000	0.000015	benign_only	1	8
LOC126860438	126860438	1	0	1	0.000000	0.000015	benign_only	1	8
LOC126860498	126860498	1	0	1	0.000000	0.000015	benign_only	1	8
LOC126860545	126860545	1	1	0	1.000000	0.000015	pathogenic_only	1	8
LOC126860554	126860554	1	0	1	0.000000	0.000015	benign_only	1	9
LOC126860700	126860700	1	0	1	0.000000	0.000015	benign_only	1	9
LOC126860753	126860753	1	0	1	0.000000	0.000015	benign_only	1	9
LOC126860782	126860782	1	0	1	0.000000	0.000015	benign_only	1	9
LOC126860872	126860872	1	0	1	0.000000	0.000015	benign_only	1	10
LOC126860875	126860875	1	0	1	0.000000	0.000015	benign_only	1	10
LOC126860891	126860891	1	0	1	0.000000	0.000015	benign_only	1	10
LOC126860970	126860970	1	1	0	1.000000	0.000015	pathogenic_only	1	10
LOC126861109	126861109	1	0	1	0.000000	0.000015	benign_only	1	11
LOC126861140	126861140	1	1	0	1.000000	0.000015	pathogenic_only	1	11
LOC126861150	126861150	1	0	1	0.000000	0.000015	benign_only	1	11
LOC126861257	126861257	1	0	1	0.000000	0.000015	benign_only	1	11
LOC126861258	126861258	1	1	0	1.000000	0.000015	pathogenic_only	1	11
LOC126861316	126861316	1	0	1	0.000000	0.000015	benign_only	1	11
LOC126861346	126861346	1	0	1	0.000000	0.000015	benign_only	1	11
LOC126861358	126861358	1	0	1	0.000000	0.000015	benign_only	1	11
LOC126861360	126861360	1	1	0	1.000000	0.000015	pathogenic_only	1	11
LOC126861365	126861365	1	0	1	0.000000	0.000015	benign_only	1	11
LOC126861368	126861368	1	0	1	0.000000	0.000015	benign_only	1	11
LOC126861410	126861410	1	0	1	0.000000	0.000015	benign_only	1	12
LOC126861535	126861535	1	0	1	0.000000	0.000015	benign_only	1	12
LOC126861664	126861664	1	1	0	1.000000	0.000015	pathogenic_only	1	12
LOC126861667	126861667	1	0	1	0.000000	0.000015	benign_only	1	12
LOC126861720	126861720	1	0	1	0.000000	0.000015	benign_only	1	13
LOC126861731	126861731	1	0	1	0.000000	0.000015	benign_only	1	13
LOC126861752	126861752	1	0	1	0.000000	0.000015	benign_only	1	13
LOC126861801	126861801	1	0	1	0.000000	0.000015	benign_only	1	13
LOC126861822	126861822	1	0	1	0.000000	0.000015	benign_only	1	13
LOC126861856	126861856	1	0	1	0.000000	0.000015	benign_only	1	13
LOC126861883	126861883	1	0	1	0.000000	0.000015	benign_only	1	14
LOC126861902	126861902	1	0	1	0.000000	0.000015	benign_only	1	14
LOC126861980	126861980	1	0	1	0.000000	0.000015	benign_only	1	14
LOC126862047	126862047	1	0	1	0.000000	0.000015	benign_only	1	14
LOC126862066	126862066	1	0	1	0.000000	0.000015	benign_only	1	14
LOC126862088	126862088	1	0	1	0.000000	0.000015	benign_only	1	15
LOC126862123	126862123	1	1	0	1.000000	0.000015	pathogenic_only	1	15
LOC126862216	126862216	1	0	1	0.000000	0.000015	benign_only	1	15
LOC126862217	126862217	1	0	1	0.000000	0.000015	benign_only	1	15
LOC126862255	126862255	1	0	1	0.000000	0.000015	benign_only	1	15
LOC126862260	126862260	1	0	1	0.000000	0.000015	benign_only	1	16
LOC126862297	126862297	1	0	1	0.000000	0.000015	benign_only	1	16
LOC126862331	126862331	1	0	1	0.000000	0.000015	benign_only	1	16
LOC126862382	126862382	1	1	0	1.000000	0.000015	pathogenic_only	1	16
LOC126862407	126862407	1	0	1	0.000000	0.000015	benign_only	1	16
LOC126862424	126862424	1	0	1	0.000000	0.000015	benign_only	1	16
LOC126862428	126862428	1	0	1	0.000000	0.000015	benign_only	1	16
LOC126862456	126862456	1	0	1	0.000000	0.000015	benign_only	1	17
LOC126862468	126862468	1	0	1	0.000000	0.000015	benign_only	1	17
LOC126862479	126862479	1	0	1	0.000000	0.000015	benign_only	1	17
LOC126862496	126862496	1	0	1	0.000000	0.000015	benign_only	1	17
LOC126862575	126862575	1	0	1	0.000000	0.000015	benign_only	1	17
LOC126862603	126862603	1	1	0	1.000000	0.000015	pathogenic_only	1	17
LOC126862633	126862633	1	0	1	0.000000	0.000015	benign_only	1	17
LOC126862653	126862653	1	0	1	0.000000	0.000015	benign_only	1	17
LOC126862662	126862662	1	0	1	0.000000	0.000015	benign_only	1	17
LOC126862663	126862663	1	0	1	0.000000	0.000015	benign_only	1	17
LOC126862737	126862737	1	0	1	0.000000	0.000015	benign_only	1	18
LOC126862738	126862738	1	0	1	0.000000	0.000015	benign_only	1	18
LOC126862859	126862859	1	0	1	0.000000	0.000015	benign_only	1	19
LOC126862876	126862876	1	0	1	0.000000	0.000015	benign_only	1	19
LOC126862877	126862877	1	0	1	0.000000	0.000015	benign_only	1	19
LOC126862898	126862898	1	0	1	0.000000	0.000015	benign_only	1	19
LOC126862930	126862930	1	0	1	0.000000	0.000015	benign_only	1	19
LOC126862987	126862987	1	0	1	0.000000	0.000015	benign_only	1	20
LOC126863014	126863014	1	0	1	0.000000	0.000015	benign_only	1	20
LOC126863064	126863064	1	0	1	0.000000	0.000015	benign_only	1	20
LOC126863087	126863087	1	0	1	0.000000	0.000015	benign_only	1	20
LOC126863144	126863144	1	0	1	0.000000	0.000015	benign_only	1	22
LOC126863184	126863184	1	0	1	0.000000	0.000015	benign_only	1	22
LOC126863198	126863198	1	0	1	0.000000	0.000015	benign_only	1	X
LOC126863253	126863253	1	0	1	0.000000	0.000015	benign_only	1	X
LOC126863257	126863257	1	1	0	1.000000	0.000015	pathogenic_only	1	X
LOC126863262	126863262	1	0	1	0.000000	0.000015	benign_only	1	X
LOC126863268	126863268	1	0	1	0.000000	0.000015	benign_only	1	X
LOC128092249	128092249	1	0	1	0.000000	0.000015	benign_only	1	21
LOC128706665	128706665	1	0	1	0.000000	0.000015	benign_only	1	20
LOC128706666	128706666	1	0	1	0.000000	0.000015	benign_only	1	20
LOC128772390	128772390	1	0	1	0.000000	0.000015	benign_only	1	13
LOC128966623	128966623	1	1	0	1.000000	0.000015	pathogenic_only	1	5
LOC129388446	129388446	1	0	1	0.000000	0.000015	benign_only	1	1
LOC129389056	129389056	1	0	1	0.000000	0.000015	benign_only	1	3
LOC129389218	129389218	1	0	1	0.000000	0.000015	benign_only	1	4
LOC129389388	129389388	1	0	1	0.000000	0.000015	benign_only	1	5
LOC129390394	129390394	1	0	1	0.000000	0.000015	benign_only	1	12
LOC129390683	129390683	1	1	0	1.000000	0.000015	pathogenic_only	1	15
LOC129390948	129390948	1	0	1	0.000000	0.000015	benign_only	1	17
LOC129391150	129391150	1	0	1	0.000000	0.000015	benign_only	1	20
LOC129391306	129391306	1	0	1	0.000000	0.000015	benign_only	1	X
LOC129929030	129929030	1	0	1	0.000000	0.000015	benign_only	1	8
LOC129929078	129929078	1	0	1	0.000000	0.000015	benign_only	1	1
LOC129929114	129929114	1	0	1	0.000000	0.000015	benign_only	1	1
LOC129929462	129929462	1	0	1	0.000000	0.000015	benign_only	1	1
LOC129929550	129929550	1	0	1	0.000000	0.000015	benign_only	1	1
LOC129930068	129930068	1	1	0	1.000000	0.000015	pathogenic_only	1	1
LOC129930172	129930172	1	0	1	0.000000	0.000015	benign_only	1	1
LOC129930253	129930253	1	0	1	0.000000	0.000015	benign_only	1	1
LOC129930261	129930261	1	0	1	0.000000	0.000015	benign_only	1	1
LOC129930439	129930439	1	1	0	1.000000	0.000015	pathogenic_only	1	1
LOC129930440	129930440	1	1	0	1.000000	0.000015	pathogenic_only	1	1
LOC129930561	129930561	1	1	0	1.000000	0.000015	pathogenic_only	1	1
LOC129930668	129930668	1	1	0	1.000000	0.000015	pathogenic_only	1	1
LOC129930680	129930680	1	0	1	0.000000	0.000015	benign_only	1	1
LOC129930989	129930989	1	0	1	0.000000	0.000015	benign_only	1	1
LOC129930998	129930998	1	1	0	1.000000	0.000015	pathogenic_only	1	1
LOC129931108	129931108	1	1	0	1.000000	0.000015	pathogenic_only	1	1
LOC129931109	129931109	1	0	1	0.000000	0.000015	benign_only	1	1
LOC129931354	129931354	1	0	1	0.000000	0.000015	benign_only	1	1
LOC129931410	129931410	1	0	1	0.000000	0.000015	benign_only	1	1
LOC129931648	129931648	1	1	0	1.000000	0.000015	pathogenic_only	1	1
LOC129931761	129931761	1	0	1	0.000000	0.000015	benign_only	1	1
LOC129932155	129932155	1	0	1	0.000000	0.000015	benign_only	1	1
LOC129932405	129932405	1	0	1	0.000000	0.000015	benign_only	1	1
LOC129932486	129932486	1	0	1	0.000000	0.000015	benign_only	1	1
LOC129932634	129932634	1	1	0	1.000000	0.000015	pathogenic_only	1	1
LOC129932672	129932672	1	0	1	0.000000	0.000015	benign_only	1	1
LOC129932732	129932732	1	0	1	0.000000	0.000015	benign_only	1	1
LOC129932767	129932767	1	0	1	0.000000	0.000015	benign_only	1	1
LOC129932811	129932811	1	0	1	0.000000	0.000015	benign_only	1	1
LOC129932912	129932912	1	1	0	1.000000	0.000015	pathogenic_only	1	1
LOC129933186	129933186	1	0	1	0.000000	0.000015	benign_only	1	2
LOC129933535	129933535	1	0	1	0.000000	0.000015	benign_only	1	2
LOC129933770	129933770	1	0	1	0.000000	0.000015	benign_only	1	2
LOC129934069	129934069	1	1	0	1.000000	0.000015	pathogenic_only	1	2
LOC129934236	129934236	1	0	1	0.000000	0.000015	benign_only	1	2
LOC129934277	129934277	1	0	1	0.000000	0.000015	benign_only	1	2
LOC129935172	129935172	1	0	1	0.000000	0.000015	benign_only	1	2
LOC129935184	129935184	1	0	1	0.000000	0.000015	benign_only	1	2
LOC129935185	129935185	1	0	1	0.000000	0.000015	benign_only	1	2
LOC129935625	129935625	1	1	0	1.000000	0.000015	pathogenic_only	1	2
LOC129935658	129935658	1	0	1	0.000000	0.000015	benign_only	1	2
LOC129935704	129935704	1	0	1	0.000000	0.000015	benign_only	1	2
LOC129935998	129935998	1	0	1	0.000000	0.000015	benign_only	1	2
LOC129936029	129936029	1	0	1	0.000000	0.000015	benign_only	1	2
LOC129936031	129936031	1	0	1	0.000000	0.000015	benign_only	1	2
LOC129936032	129936032	1	0	1	0.000000	0.000015	benign_only	1	2
LOC129936375	129936375	1	0	1	0.000000	0.000015	benign_only	1	3
LOC129936390	129936390	1	0	1	0.000000	0.000015	benign_only	1	3
LOC129936436	129936436	1	1	0	1.000000	0.000015	pathogenic_only	1	3
LOC129936904	129936904	1	0	1	0.000000	0.000015	benign_only	1	3
LOC129936935	129936935	1	0	1	0.000000	0.000015	benign_only	1	3
LOC129936949	129936949	1	0	1	0.000000	0.000015	benign_only	1	3
LOC129937121	129937121	1	0	1	0.000000	0.000015	benign_only	1	3
LOC129937212	129937212	1	0	1	0.000000	0.000015	benign_only	1	3
LOC129937339	129937339	1	0	1	0.000000	0.000015	benign_only	1	3
LOC129937686	129937686	1	0	1	0.000000	0.000015	benign_only	1	3
LOC129938008	129938008	1	1	0	1.000000	0.000015	pathogenic_only	1	3
LOC129938149	129938149	1	0	1	0.000000	0.000015	benign_only	1	3
LOC129992120	129992120	1	0	1	0.000000	0.000015	benign_only	1	4
LOC129992296	129992296	1	0	1	0.000000	0.000015	benign_only	1	4
LOC129992398	129992398	1	0	1	0.000000	0.000015	benign_only	1	4
LOC129992541	129992541	1	0	1	0.000000	0.000015	benign_only	1	4
LOC129992876	129992876	1	1	0	1.000000	0.000015	pathogenic_only	1	4
LOC129993225	129993225	1	0	1	0.000000	0.000015	benign_only	1	4
LOC129993526	129993526	1	0	1	0.000000	0.000015	benign_only	1	4
LOC129993961	129993961	1	0	1	0.000000	0.000015	benign_only	1	5
LOC129993997	129993997	1	0	1	0.000000	0.000015	benign_only	1	5
LOC129994460	129994460	1	0	1	0.000000	0.000015	benign_only	1	5
LOC129994526	129994526	1	0	1	0.000000	0.000015	benign_only	1	5
LOC129994763	129994763	1	0	1	0.000000	0.000015	benign_only	1	5
LOC129994826	129994826	1	1	0	1.000000	0.000015	pathogenic_only	1	5
LOC129994848	129994848	1	0	1	0.000000	0.000015	benign_only	1	5
LOC129994918	129994918	1	0	1	0.000000	0.000015	benign_only	1	5
LOC129994985	129994985	1	1	0	1.000000	0.000015	pathogenic_only	1	5
LOC129995010	129995010	1	0	1	0.000000	0.000015	benign_only	1	5
LOC129995144	129995144	1	1	0	1.000000	0.000015	pathogenic_only	1	5
LOC129995145	129995145	1	0	1	0.000000	0.000015	benign_only	1	5
LOC129995672	129995672	1	0	1	0.000000	0.000015	benign_only	1	6
LOC129995966	129995966	1	0	1	0.000000	0.000015	benign_only	1	6
LOC129996027	129996027	1	1	0	1.000000	0.000015	pathogenic_only	1	6
LOC129996186	129996186	1	0	1	0.000000	0.000015	benign_only	1	6
LOC129996523	129996523	1	0	1	0.000000	0.000015	benign_only	1	6
LOC129996711	129996711	1	0	1	0.000000	0.000015	benign_only	1	6
LOC129996783	129996783	1	0	1	0.000000	0.000015	benign_only	1	6
LOC129996857	129996857	1	0	1	0.000000	0.000015	benign_only	1	6
LOC129997307	129997307	1	0	1	0.000000	0.000015	benign_only	1	6
LOC129997524	129997524	1	0	1	0.000000	0.000015	benign_only	1	6
LOC129998342	129998342	1	0	1	0.000000	0.000015	benign_only	1	7
LOC129998395	129998395	1	1	0	1.000000	0.000015	pathogenic_only	1	7
LOC129998402	129998402	1	0	1	0.000000	0.000015	benign_only	1	7
LOC129998676	129998676	1	0	1	0.000000	0.000015	benign_only	1	7
LOC129998728	129998728	1	0	1	0.000000	0.000015	benign_only	1	7
LOC129998756	129998756	1	1	0	1.000000	0.000015	pathogenic_only	1	7
LOC129998760	129998760	1	0	1	0.000000	0.000015	benign_only	1	7
LOC129998788	129998788	1	0	1	0.000000	0.000015	benign_only	1	7
LOC129998797	129998797	1	0	1	0.000000	0.000015	benign_only	1	7
LOC129998933	129998933	1	0	1	0.000000	0.000015	benign_only	1	7
LOC129999056	129999056	1	0	1	0.000000	0.000015	benign_only	1	7
LOC129999273	129999273	1	0	1	0.000000	0.000015	benign_only	1	7
LOC129999303	129999303	1	0	1	0.000000	0.000015	benign_only	1	7
LOC129999675	129999675	1	0	1	0.000000	0.000015	benign_only	1	7
LOC129999735	129999735	1	0	1	0.000000	0.000015	benign_only	1	7
LOC129999940	129999940	1	1	0	1.000000	0.000015	pathogenic_only	1	8
LOC129999976	129999976	1	1	0	1.000000	0.000015	pathogenic_only	1	8
LOC130000523	130000523	1	0	1	0.000000	0.000015	benign_only	1	8
LOC130000622	130000622	1	1	0	1.000000	0.000015	pathogenic_only	1	8
LOC130000784	130000784	1	0	1	0.000000	0.000015	benign_only	1	8
LOC130000832	130000832	1	0	1	0.000000	0.000015	benign_only	1	8
LOC130000896	130000896	1	0	1	0.000000	0.000015	benign_only	1	8
LOC130001012	130001012	1	0	1	0.000000	0.000015	benign_only	1	8
LOC130001237	130001237	1	0	1	0.000000	0.000015	benign_only	1	8
LOC130001338	130001338	1	0	1	0.000000	0.000015	benign_only	1	8
LOC130001367	130001367	1	0	1	0.000000	0.000015	benign_only	1	8
LOC130001411	130001411	1	0	1	0.000000	0.000015	benign_only	1	8
LOC130001468	130001468	1	0	1	0.000000	0.000015	benign_only	1	9
LOC130001628	130001628	1	0	1	0.000000	0.000015	benign_only	1	9
LOC130001681	130001681	1	0	1	0.000000	0.000015	benign_only	1	9
LOC130001862	130001862	1	1	0	1.000000	0.000015	pathogenic_only	1	9
LOC130002651	130002651	1	1	0	1.000000	0.000015	pathogenic_only	1	9
LOC130002663	130002663	1	0	1	0.000000	0.000015	benign_only	1	9
LOC130002704	130002704	1	0	1	0.000000	0.000015	benign_only	1	9
LOC130002772	130002772	1	0	1	0.000000	0.000015	benign_only	1	9
LOC130002900	130002900	1	0	1	0.000000	0.000015	benign_only	1	9
LOC130003079	130003079	1	0	1	0.000000	0.000015	benign_only	1	9
LOC130003088	130003088	1	0	1	0.000000	0.000015	benign_only	1	9
LOC130003554	130003554	1	0	1	0.000000	0.000015	benign_only	1	10
LOC130003557	130003557	1	0	1	0.000000	0.000015	benign_only	1	10
LOC130003598	130003598	1	0	1	0.000000	0.000015	benign_only	1	10
LOC130003630	130003630	1	1	0	1.000000	0.000015	pathogenic_only	1	10
LOC130003959	130003959	1	0	1	0.000000	0.000015	benign_only	1	10
LOC130003996	130003996	1	0	1	0.000000	0.000015	benign_only	1	10
LOC130004008	130004008	1	0	1	0.000000	0.000015	benign_only	1	10
LOC130004038	130004038	1	0	1	0.000000	0.000015	benign_only	1	10
LOC130004104	130004104	1	0	1	0.000000	0.000015	benign_only	1	10
LOC130004144	130004144	1	1	0	1.000000	0.000015	pathogenic_only	1	10
LOC130004184	130004184	1	0	1	0.000000	0.000015	benign_only	1	10
LOC130004254	130004254	1	0	1	0.000000	0.000015	benign_only	1	10
LOC130004255	130004255	1	0	1	0.000000	0.000015	benign_only	1	10
LOC130004273	130004273	1	0	1	0.000000	0.000015	benign_only	1	10
LOC130004283	130004283	1	0	1	0.000000	0.000015	benign_only	1	10
LOC130004371	130004371	1	0	1	0.000000	0.000015	benign_only	1	10
LOC130004598	130004598	1	0	1	0.000000	0.000015	benign_only	1	10
LOC130004657	130004657	1	0	1	0.000000	0.000015	benign_only	1	10
LOC130004821	130004821	1	0	1	0.000000	0.000015	benign_only	1	10
LOC130005199	130005199	1	0	1	0.000000	0.000015	benign_only	1	11
LOC130005268	130005268	1	0	1	0.000000	0.000015	benign_only	1	11
LOC130005404	130005404	1	0	1	0.000000	0.000015	benign_only	1	11
LOC130005443	130005443	1	0	1	0.000000	0.000015	benign_only	1	11
LOC130005444	130005444	1	0	1	0.000000	0.000015	benign_only	1	11
LOC130005547	130005547	1	0	1	0.000000	0.000015	benign_only	1	11
LOC130005671	130005671	1	0	1	0.000000	0.000015	benign_only	1	11
LOC130005904	130005904	1	0	1	0.000000	0.000015	benign_only	1	11
LOC130006030	130006030	1	0	1	0.000000	0.000015	benign_only	1	11
LOC130006036	130006036	1	0	1	0.000000	0.000015	benign_only	1	11
LOC130006094	130006094	1	0	1	0.000000	0.000015	benign_only	1	11
LOC130006099	130006099	1	0	1	0.000000	0.000015	benign_only	1	11
LOC130006411	130006411	1	0	1	0.000000	0.000015	benign_only	1	11
LOC130006577	130006577	1	0	1	0.000000	0.000015	benign_only	1	11
LOC130006599	130006599	1	0	1	0.000000	0.000015	benign_only	1	11
LOC130006884	130006884	1	0	1	0.000000	0.000015	benign_only	1	11
LOC130006953	130006953	1	0	1	0.000000	0.000015	benign_only	1	11
LOC130007128	130007128	1	0	1	0.000000	0.000015	benign_only	1	11
LOC130007243	130007243	1	0	1	0.000000	0.000015	benign_only	1	12
LOC130007608	130007608	1	0	1	0.000000	0.000015	benign_only	1	12
LOC130007700	130007700	1	1	0	1.000000	0.000015	pathogenic_only	1	12
LOC130007763	130007763	1	0	1	0.000000	0.000015	benign_only	1	12
LOC130007973	130007973	1	1	0	1.000000	0.000015	pathogenic_only	1	12
LOC130008688	130008688	1	0	1	0.000000	0.000015	benign_only	1	12
LOC130008714	130008714	1	0	1	0.000000	0.000015	benign_only	1	12
LOC130008755	130008755	1	0	1	0.000000	0.000015	benign_only	1	12
LOC130009040	130009040	1	0	1	0.000000	0.000015	benign_only	1	12
LOC130009115	130009115	1	0	1	0.000000	0.000015	benign_only	1	12
LOC130009157	130009157	1	0	1	0.000000	0.000015	benign_only	1	12
LOC130009240	130009240	1	0	1	0.000000	0.000015	benign_only	1	12
LOC130009266	130009266	1	0	1	0.000000	0.000015	benign_only	1	12
LOC130009448	130009448	1	0	1	0.000000	0.000015	benign_only	1	13
LOC130009460	130009460	1	0	1	0.000000	0.000015	benign_only	1	13
LOC130009539	130009539	1	0	1	0.000000	0.000015	benign_only	1	13
LOC130009747	130009747	1	0	1	0.000000	0.000015	benign_only	1	13
LOC130009752	130009752	1	0	1	0.000000	0.000015	benign_only	1	13
LOC130009954	130009954	1	0	1	0.000000	0.000015	benign_only	1	13
LOC130055403	130055403	1	0	1	0.000000	0.000015	benign_only	1	14
LOC130055420	130055420	1	0	1	0.000000	0.000015	benign_only	1	14
LOC130055602	130055602	1	0	1	0.000000	0.000015	benign_only	1	14
LOC130055692	130055692	1	1	0	1.000000	0.000015	pathogenic_only	1	14
LOC130055736	130055736	1	0	1	0.000000	0.000015	benign_only	1	14
LOC130055850	130055850	1	1	0	1.000000	0.000015	pathogenic_only	1	14
LOC130056502	130056502	1	1	0	1.000000	0.000015	pathogenic_only	1	14
LOC130056709	130056709	1	1	0	1.000000	0.000015	pathogenic_only	1	15
LOC130056830	130056830	1	0	1	0.000000	0.000015	benign_only	1	15
LOC130056921	130056921	1	1	0	1.000000	0.000015	pathogenic_only	1	15
LOC130056936	130056936	1	0	1	0.000000	0.000015	benign_only	1	15
LOC130057019	130057019	1	0	1	0.000000	0.000015	benign_only	1	15
LOC130057047	130057047	1	0	1	0.000000	0.000015	benign_only	1	15
LOC130057081	130057081	1	0	1	0.000000	0.000015	benign_only	1	15
LOC130057105	130057105	1	0	1	0.000000	0.000015	benign_only	1	15
LOC130057573	130057573	1	0	1	0.000000	0.000015	benign_only	1	15
LOC130057844	130057844	1	0	1	0.000000	0.000015	benign_only	1	15
LOC130058068	130058068	1	0	1	0.000000	0.000015	benign_only	1	15
LOC130058181	130058181	1	0	1	0.000000	0.000015	benign_only	1	16
LOC130058352	130058352	1	0	1	0.000000	0.000015	benign_only	1	16
LOC130058585	130058585	1	0	1	0.000000	0.000015	benign_only	1	16
LOC130058587	130058587	1	0	1	0.000000	0.000015	benign_only	1	16
LOC130058713	130058713	1	0	1	0.000000	0.000015	benign_only	1	16
LOC130059156	130059156	1	0	1	0.000000	0.000015	benign_only	1	16
LOC130059740	130059740	1	0	1	0.000000	0.000015	benign_only	1	16
LOC130059751	130059751	1	0	1	0.000000	0.000015	benign_only	1	16
LOC130059759	130059759	1	0	1	0.000000	0.000015	benign_only	1	16
LOC130059760	130059760	1	1	0	1.000000	0.000015	pathogenic_only	1	16
LOC130059794	130059794	1	0	1	0.000000	0.000015	benign_only	1	16
LOC130059874	130059874	1	0	1	0.000000	0.000015	benign_only	1	17
LOC130060142	130060142	1	0	1	0.000000	0.000015	benign_only	1	17
LOC130060198	130060198	1	1	0	1.000000	0.000015	pathogenic_only	1	17
LOC130060319	130060319	1	0	1	0.000000	0.000015	benign_only	1	17
LOC130060418	130060418	1	1	0	1.000000	0.000015	pathogenic_only	1	17
LOC130060427	130060427	1	0	1	0.000000	0.000015	benign_only	1	17
LOC130060555	130060555	1	0	1	0.000000	0.000015	benign_only	1	17
LOC130060655	130060655	1	0	1	0.000000	0.000015	benign_only	1	17
LOC130060959	130060959	1	1	0	1.000000	0.000015	pathogenic_only	1	17
LOC130060983	130060983	1	1	0	1.000000	0.000015	pathogenic_only	1	17
LOC130061271	130061271	1	1	0	1.000000	0.000015	pathogenic_only	1	17
LOC130061277	130061277	1	0	1	0.000000	0.000015	benign_only	1	17
LOC130061409	130061409	1	0	1	0.000000	0.000015	benign_only	1	17
LOC130061496	130061496	1	0	1	0.000000	0.000015	benign_only	1	17
LOC130061576	130061576	1	0	1	0.000000	0.000015	benign_only	1	17
LOC130061792	130061792	1	0	1	0.000000	0.000015	benign_only	1	17
LOC130061795	130061795	1	0	1	0.000000	0.000015	benign_only	1	17
LOC130061928	130061928	1	1	0	1.000000	0.000015	pathogenic_only	1	17
LOC130061940	130061940	1	1	0	1.000000	0.000015	pathogenic_only	1	17
LOC130062319	130062319	1	0	1	0.000000	0.000015	benign_only	1	18
LOC130062568	130062568	1	0	1	0.000000	0.000015	benign_only	1	18
LOC130062899	130062899	1	0	1	0.000000	0.000015	benign_only	1	19
LOC130062903	130062903	1	0	1	0.000000	0.000015	benign_only	1	19
LOC130062957	130062957	1	0	1	0.000000	0.000015	benign_only	1	19
LOC130062962	130062962	1	1	0	1.000000	0.000015	pathogenic_only	1	19
LOC130063066	130063066	1	0	1	0.000000	0.000015	benign_only	1	19
LOC130063344	130063344	1	0	1	0.000000	0.000015	benign_only	1	19
LOC130063529	130063529	1	0	1	0.000000	0.000015	benign_only	1	19
LOC130063575	130063575	1	0	1	0.000000	0.000015	benign_only	1	19
LOC130063929	130063929	1	0	1	0.000000	0.000015	benign_only	1	19
LOC130063952	130063952	1	0	1	0.000000	0.000015	benign_only	1	19
LOC130064118	130064118	1	0	1	0.000000	0.000015	benign_only	1	19
LOC130064190	130064190	1	1	0	1.000000	0.000015	pathogenic_only	1	19
LOC130064281	130064281	1	0	1	0.000000	0.000015	benign_only	1	19
LOC130064372	130064372	1	0	1	0.000000	0.000015	benign_only	1	19
LOC130064387	130064387	1	0	1	0.000000	0.000015	benign_only	1	19
LOC130064454	130064454	1	0	1	0.000000	0.000015	benign_only	1	19
LOC130064467	130064467	1	0	1	0.000000	0.000015	benign_only	1	19
LOC130064656	130064656	1	0	1	0.000000	0.000015	benign_only	1	19
LOC130064709	130064709	1	1	0	1.000000	0.000015	pathogenic_only	1	19
LOC130064857	130064857	1	1	0	1.000000	0.000015	pathogenic_only	1	19
LOC130064892	130064892	1	1	0	1.000000	0.000015	pathogenic_only	1	19
LOC130065204	130065204	1	0	1	0.000000	0.000015	benign_only	1	19
LOC130065245	130065245	1	0	1	0.000000	0.000015	benign_only	1	19
LOC130065322	130065322	1	0	1	0.000000	0.000015	benign_only	1	20
LOC130065331	130065331	1	0	1	0.000000	0.000015	benign_only	1	20
LOC130065509	130065509	1	0	1	0.000000	0.000015	benign_only	1	20
LOC130065546	130065546	1	0	1	0.000000	0.000015	benign_only	1	20
LOC130065739	130065739	1	0	1	0.000000	0.000015	benign_only	1	20
LOC130065964	130065964	1	1	0	1.000000	0.000015	pathogenic_only	1	20
LOC130065998	130065998	1	0	1	0.000000	0.000015	benign_only	1	20
LOC130066021	130066021	1	0	1	0.000000	0.000015	benign_only	1	20
LOC130066166	130066166	1	1	0	1.000000	0.000015	pathogenic_only	1	20
LOC130066305	130066305	1	0	1	0.000000	0.000015	benign_only	1	20
LOC130066591	130066591	1	0	1	0.000000	0.000015	benign_only	1	21
LOC130066643	130066643	1	0	1	0.000000	0.000015	benign_only	1	21
LOC130066813	130066813	1	0	1	0.000000	0.000015	benign_only	1	21
LOC130066894	130066894	1	0	1	0.000000	0.000015	benign_only	1	22
LOC130066955	130066955	1	0	1	0.000000	0.000015	benign_only	1	22
LOC130066960	130066960	1	0	1	0.000000	0.000015	benign_only	1	22
LOC130067340	130067340	1	0	1	0.000000	0.000015	benign_only	1	22
LOC130067864	130067864	1	1	0	1.000000	0.000015	pathogenic_only	1	22
LOC130068098	130068098	1	0	1	0.000000	0.000015	benign_only	1	X
LOC130068183	130068183	1	0	1	0.000000	0.000015	benign_only	1	X
LOC130068208	130068208	1	0	1	0.000000	0.000015	benign_only	1	X
LOC130068449	130068449	1	0	1	0.000000	0.000015	benign_only	1	X
LOC130068496	130068496	1	0	1	0.000000	0.000015	benign_only	1	X
LOC130068621	130068621	1	0	1	0.000000	0.000015	benign_only	1	X
LOC130068679	130068679	1	0	1	0.000000	0.000015	benign_only	1	X
LOC130068746	130068746	1	0	1	0.000000	0.000015	benign_only	1	X
LOC130068825	130068825	1	0	1	0.000000	0.000015	benign_only	1	X
LOC130068869	130068869	1	1	0	1.000000	0.000015	pathogenic_only	1	X
LOC130068876	130068876	1	0	1	0.000000	0.000015	benign_only	1	X
LOC132088835	132088835	1	0	1	0.000000	0.000015	benign_only	1	2
LOC132089326	132089326	1	0	1	0.000000	0.000015	benign_only	1	6
LOC132089394	132089394	1	1	0	1.000000	0.000015	pathogenic_only	1	6
LOC132090450	132090450	1	1	0	1.000000	0.000015	pathogenic_only	1	16
LOC132090595	132090595	1	0	1	0.000000	0.000015	benign_only	1	20
LOC147380392	147380392	1	0	1	0.000000	0.000015	benign_only	1	13
LOC654780	654780	1	0	1	0.000000	0.000015	benign_only	1	16
LONP2	83752	1	1	0	1.000000	0.000015	pathogenic_only	1	16
LOXL2	4017	1	0	1	0.000000	0.000015	benign_only	1	8
LPAR3	23566	1	0	1	0.000000	0.000015	benign_only	1	1
LPO	4025	1	0	1	0.000000	0.000015	benign_only	1	17
LRCH1	23143	1	0	1	0.000000	0.000015	benign_only	1	13
LRCH4	4034	1	0	1	0.000000	0.000015	benign_only	1	7
LRP3	4037	1	0	1	0.000000	0.000015	benign_only	1	19
LRP8	7804	1	0	1	0.000000	0.000015	benign_only	1	1
LRRC25	126364	1	0	1	0.000000	0.000015	benign_only	1	19
LRRC26	389816	1	0	1	0.000000	0.000015	benign_only	1	9
LRRC27	80313	1	0	1	0.000000	0.000015	benign_only	1	10
LRRC32	2615	1	0	1	0.000000	0.000015	benign_only	1	11
LRRC32-AS1	139355198	1	0	1	0.000000	0.000015	benign_only	1	11
LRRC40	55631	1	0	1	0.000000	0.000015	benign_only	1	1
LRRC52	440699	1	0	1	0.000000	0.000015	benign_only	1	1
LRRC52-AS1	400794	1	0	1	0.000000	0.000015	benign_only	1	1
LRRC66	339977	1	0	1	0.000000	0.000015	benign_only	1	4
LRRC75A	388341	1	0	1	0.000000	0.000015	benign_only	1	17
LRRC8C	84230	1	0	1	0.000000	0.000015	benign_only	1	1
LRRFIP2	9209	1	0	1	0.000000	0.000015	benign_only	1	3
LRRN1	57633	1	0	1	0.000000	0.000015	benign_only	1	3
LRRN3	54674	1	0	1	0.000000	0.000015	benign_only	1	7
LRRTM1	347730	1	0	1	0.000000	0.000015	benign_only	1	2
LRWD1	222229	1	0	1	0.000000	0.000015	benign_only	1	7
LSM11	134353	1	0	1	0.000000	0.000015	benign_only	1	5
LSR	51599	1	0	1	0.000000	0.000015	benign_only	1	19
LTB4R2	56413	1	0	1	0.000000	0.000015	benign_only	1	14
LTK	4058	1	0	1	0.000000	0.000015	benign_only	1	15
LURAP1	541468	1	0	1	0.000000	0.000015	benign_only	1	1
LY6E	4061	1	0	1	0.000000	0.000015	benign_only	1	8
LYPD3	27076	1	0	1	0.000000	0.000015	benign_only	1	19
LYPLA1	10434	1	0	1	0.000000	0.000015	benign_only	1	8
LYPLA1-TCEA1	133039973	1	0	1	0.000000	0.000015	benign_only	1	8
LYPLAL1	127018	1	0	1	0.000000	0.000015	benign_only	1	1
LYRM4	57128	1	0	1	0.000000	0.000015	benign_only	1	6
MAB21L2	10586	1	1	0	1.000000	0.000015	pathogenic_only	1	4
MAD1L1	8379	1	0	1	0.000000	0.000015	benign_only	1	7
MAEL	84944	1	0	1	0.000000	0.000015	benign_only	1	1
MAGEA4	4103	1	0	1	0.000000	0.000015	benign_only	1	X
MAGEB1	4112	1	0	1	0.000000	0.000015	benign_only	1	X
MAGEB16	139604	1	0	1	0.000000	0.000015	benign_only	1	X
MAGEB2	4113	1	0	1	0.000000	0.000015	benign_only	1	X
MAGEB3	4114	1	0	1	0.000000	0.000015	benign_only	1	X
MAGEC2	51438	1	0	1	0.000000	0.000015	benign_only	1	X
MAGEC3	139081	1	0	1	0.000000	0.000015	benign_only	1	X
MAGED1	9500	1	0	1	0.000000	0.000015	benign_only	1	X
MAGEE1	57692	1	0	1	0.000000	0.000015	benign_only	1	X
MAGI1	9223	1	0	1	0.000000	0.000015	benign_only	1	3
MAML2	84441	1	0	1	0.000000	0.000015	benign_only	1	11
MAN1C1	57134	1	0	1	0.000000	0.000015	benign_only	1	1
MAN2A2	4122	1	0	1	0.000000	0.000015	benign_only	1	15
MAP3K12	7786	1	0	1	0.000000	0.000015	benign_only	1	12
MAP3K14-AS1	100133991	1	0	1	0.000000	0.000015	benign_only	1	17
MAP3K3	4215	1	1	0	1.000000	0.000015	pathogenic_only	1	17
MAP3K4	4216	1	0	1	0.000000	0.000015	benign_only	1	6
MAP6	4135	1	0	1	0.000000	0.000015	benign_only	1	11
MAP7D1	55700	1	0	1	0.000000	0.000015	benign_only	1	1
MAP7D3	79649	1	0	1	0.000000	0.000015	benign_only	1	X
MAPK7	5598	1	0	1	0.000000	0.000015	benign_only	1	17
MAPK8IP1	9479	1	0	1	0.000000	0.000015	benign_only	1	11
MAPRE2	10982	1	1	0	1.000000	0.000015	pathogenic_only	1	18
MARK1	4139	1	0	1	0.000000	0.000015	benign_only	1	1
MAS1	4142	1	0	1	0.000000	0.000015	benign_only	1	6
MAST2	23139	1	0	1	0.000000	0.000015	benign_only	1	1
MATN1	4146	1	0	1	0.000000	0.000015	benign_only	1	1
MATN2	4147	1	0	1	0.000000	0.000015	benign_only	1	8
MAVS	57506	1	0	1	0.000000	0.000015	benign_only	1	20
MB	4151	1	1	0	1.000000	0.000015	pathogenic_only	1	22
MBL2	4153	1	0	1	0.000000	0.000015	benign_only	1	10
MBOAT4	619373	1	0	1	0.000000	0.000015	benign_only	1	8
MBOAT7	79143	1	0	1	0.000000	0.000015	benign_only	1	19
MBP	4155	1	0	1	0.000000	0.000015	benign_only	1	18
MC3R	4159	1	0	1	0.000000	0.000015	benign_only	1	20
MCAM	4162	1	0	1	0.000000	0.000015	benign_only	1	11
MCAT	27349	1	0	1	0.000000	0.000015	benign_only	1	22
MCFD2	90411	1	0	1	0.000000	0.000015	benign_only	1	2
MCIDAS	345643	1	0	1	0.000000	0.000015	benign_only	1	5
MCM10	55388	1	0	1	0.000000	0.000015	benign_only	1	10
MCM6	4175	1	0	1	0.000000	0.000015	benign_only	1	2
MCM7	4176	1	1	0	1.000000	0.000015	pathogenic_only	1	7
MDC1	9656	1	0	1	0.000000	0.000015	benign_only	1	6
MDC1-AS1	106478956	1	0	1	0.000000	0.000015	benign_only	1	6
MDGA2	161357	1	0	1	0.000000	0.000015	benign_only	1	14
MDM4	4194	1	0	1	0.000000	0.000015	benign_only	1	1
MEA1	4201	1	1	0	1.000000	0.000015	pathogenic_only	1	6
MED24	9862	1	0	1	0.000000	0.000015	benign_only	1	17
MED30	90390	1	0	1	0.000000	0.000015	benign_only	1	8
MED4	29079	1	0	1	0.000000	0.000015	benign_only	1	13
MED4-AS1	100873965	1	0	1	0.000000	0.000015	benign_only	1	13
MEIS2	4212	1	1	0	1.000000	0.000015	pathogenic_only	1	15
MELTF	4241	1	0	1	0.000000	0.000015	benign_only	1	3
MESD	23184	1	0	1	0.000000	0.000015	benign_only	1	15
METTL2A	339175	1	0	1	0.000000	0.000015	benign_only	1	17
METTL8	79828	1	1	0	1.000000	0.000015	pathogenic_only	1	2
MFHAS1	9258	1	0	1	0.000000	0.000015	benign_only	1	8
MFSD2A	84879	1	0	1	0.000000	0.000015	benign_only	1	1
MFSD6	54842	1	0	1	0.000000	0.000015	benign_only	1	2
MGAT2	4247	1	1	0	1.000000	0.000015	pathogenic_only	1	14
MGAT4A	11320	1	0	1	0.000000	0.000015	benign_only	1	2
MIA2	4253	1	0	1	0.000000	0.000015	benign_only	1	14
MIA3	375056	1	0	1	0.000000	0.000015	benign_only	1	1
MICALL2	79778	1	0	1	0.000000	0.000015	benign_only	1	7
MID2	11043	1	0	1	0.000000	0.000015	benign_only	1	X
MINK1	50488	1	0	1	0.000000	0.000015	benign_only	1	17
MIOX	55586	1	0	1	0.000000	0.000015	benign_only	1	22
MIR103A2	406896	1	1	0	1.000000	0.000015	pathogenic_only	1	20
MIR103B2	100302282	1	1	0	1.000000	0.000015	pathogenic_only	1	20
MIR3661	100500905	1	0	1	0.000000	0.000015	benign_only	1	5
MIR6084	102464833	1	1	0	1.000000	0.000015	pathogenic_only	1	1
MIR6501	102465248	1	0	1	0.000000	0.000015	benign_only	1	21
MIR6795	102465476	1	1	0	1.000000	0.000015	pathogenic_only	1	19
MIR6797	102465478	1	1	0	1.000000	0.000015	pathogenic_only	1	19
MIR9718	113218481	1	1	0	1.000000	0.000015	pathogenic_only	1	14
MKRN3	7681	1	0	1	0.000000	0.000015	benign_only	1	15
MKX	283078	1	0	1	0.000000	0.000015	benign_only	1	10
MLDHR	133834869	1	0	1	0.000000	0.000015	benign_only	1	10
MLF1	4291	1	0	1	0.000000	0.000015	benign_only	1	3
MLIP	90523	1	0	1	0.000000	0.000015	benign_only	1	6
MLKL	197259	1	0	1	0.000000	0.000015	benign_only	1	16
MLLT1	4298	1	0	1	0.000000	0.000015	benign_only	1	19
MLX	6945	1	0	1	0.000000	0.000015	benign_only	1	17
MMP10	4319	1	0	1	0.000000	0.000015	benign_only	1	11
MMP3	4314	1	0	1	0.000000	0.000015	benign_only	1	11
MMP7	4316	1	0	1	0.000000	0.000015	benign_only	1	11
MMS19	64210	1	0	1	0.000000	0.000015	benign_only	1	10
MN1	4330	1	0	1	0.000000	0.000015	benign_only	1	22
MNAT1	4331	1	0	1	0.000000	0.000015	benign_only	1	14
MNS1	55329	1	0	1	0.000000	0.000015	benign_only	1	15
MOGAT1	116255	1	0	1	0.000000	0.000015	benign_only	1	2
MOGAT2	80168	1	0	1	0.000000	0.000015	benign_only	1	11
MOK	5891	1	0	1	0.000000	0.000015	benign_only	1	14
MON1B	22879	1	0	1	0.000000	0.000015	benign_only	1	16
MORC1	27136	1	0	1	0.000000	0.000015	benign_only	1	3
MORN3	283385	1	0	1	0.000000	0.000015	benign_only	1	12
MPC1	51660	1	0	1	0.000000	0.000015	benign_only	1	6
MPEG1	219972	1	0	1	0.000000	0.000015	benign_only	1	11
MPHOSPH6	10200	1	0	1	0.000000	0.000015	benign_only	1	16
MPLKIP	136647	1	1	0	1.000000	0.000015	pathogenic_only	1	7
MPO	4353	1	1	0	1.000000	0.000015	pathogenic_only	1	17
MPP7	143098	1	0	1	0.000000	0.000015	benign_only	1	10
MPV17L2	84769	1	0	1	0.000000	0.000015	benign_only	1	19
MPZL2	10205	1	1	0	1.000000	0.000015	pathogenic_only	1	11
MPZL3	196264	1	0	1	0.000000	0.000015	benign_only	1	11
MRAP-AS1	105372779	1	0	1	0.000000	0.000015	benign_only	1	21
MRAP2	112609	1	0	1	0.000000	0.000015	benign_only	1	6
MRGPRX1	259249	1	0	1	0.000000	0.000015	benign_only	1	11
MRGPRX3	117195	1	0	1	0.000000	0.000015	benign_only	1	11
MRM1	79922	1	0	1	0.000000	0.000015	benign_only	1	17
MRPL21	219927	1	0	1	0.000000	0.000015	benign_only	1	11
MRPL43	84545	1	0	1	0.000000	0.000015	benign_only	1	10
MRPL49	740	1	1	0	1.000000	0.000015	pathogenic_only	1	11
MRPS14	63931	1	1	0	1.000000	0.000015	pathogenic_only	1	1
MRPS23	51649	1	0	1	0.000000	0.000015	benign_only	1	17
MRPS27	23107	1	0	1	0.000000	0.000015	benign_only	1	5
MRTFB	57496	1	0	1	0.000000	0.000015	benign_only	1	16
MS4A4A	51338	1	0	1	0.000000	0.000015	benign_only	1	11
MSH4	4438	1	1	0	1.000000	0.000015	pathogenic_only	1	1
MSH5	4439	1	0	1	0.000000	0.000015	benign_only	1	6
MSN	4478	1	1	0	1.000000	0.000015	pathogenic_only	1	X
MT-ND5	4540	1	1	0	1.000000	0.000015	pathogenic_only	1	MT
MTA1	9112	1	0	1	0.000000	0.000015	benign_only	1	14
MTCL2	140710	1	0	1	0.000000	0.000015	benign_only	1	20
MTDH	92140	1	0	1	0.000000	0.000015	benign_only	1	8
MTERF1	7978	1	0	1	0.000000	0.000015	benign_only	1	7
MTF1	4520	1	0	1	0.000000	0.000015	benign_only	1	1
MTIF3	219402	1	0	1	0.000000	0.000015	benign_only	1	13
MTNR1A	4543	1	0	1	0.000000	0.000015	benign_only	1	4
MTRF1	9617	1	0	1	0.000000	0.000015	benign_only	1	13
MTRFR	91574	1	0	1	0.000000	0.000015	benign_only	1	12
MUC12	10071	1	0	1	0.000000	0.000015	benign_only	1	7
MUC17	140453	1	0	1	0.000000	0.000015	benign_only	1	7
MUC7	4589	1	0	1	0.000000	0.000015	benign_only	1	4
MUL1	79594	1	0	1	0.000000	0.000015	benign_only	1	1
MUS81	80198	1	0	1	0.000000	0.000015	benign_only	1	11
MYBPH	4608	1	0	1	0.000000	0.000015	benign_only	1	1
MYBPHL	343263	1	0	1	0.000000	0.000015	benign_only	1	1
MYCL-AS1	105378668	1	0	1	0.000000	0.000015	benign_only	1	1
MYL1	4632	1	0	1	0.000000	0.000015	benign_only	1	2
MYL4	4635	1	0	1	0.000000	0.000015	benign_only	1	17
MYLK-AS1	100506826	1	0	1	0.000000	0.000015	benign_only	1	3
MYO18B-AS1	105372963	1	0	1	0.000000	0.000015	benign_only	1	22
MYO1B	4430	1	0	1	0.000000	0.000015	benign_only	1	2
MYO3B	140469	1	0	1	0.000000	0.000015	benign_only	1	2
MYO5C	55930	1	0	1	0.000000	0.000015	benign_only	1	15
MYRIP	25924	1	0	1	0.000000	0.000015	benign_only	1	3
MYT1	4661	1	0	1	0.000000	0.000015	benign_only	1	20
MZB1	51237	1	0	1	0.000000	0.000015	benign_only	1	5
MZF1	7593	1	0	1	0.000000	0.000015	benign_only	1	19
MZF1-AS1	100131691	1	0	1	0.000000	0.000015	benign_only	1	19
MZT2A	653784	1	0	1	0.000000	0.000015	benign_only	1	2
NAA25	80018	1	0	1	0.000000	0.000015	benign_only	1	12
NAA38	84316	1	0	1	0.000000	0.000015	benign_only	1	17
NAA60	79903	1	0	1	0.000000	0.000015	benign_only	1	16
NAALADL2	254827	1	0	1	0.000000	0.000015	benign_only	1	3
NAB2	4665	1	0	1	0.000000	0.000015	benign_only	1	12
NAGA	4668	1	0	1	0.000000	0.000015	benign_only	1	22
NAGPA-AS1	100507589	1	0	1	0.000000	0.000015	benign_only	1	16
NAIP	4671	1	0	1	0.000000	0.000015	benign_only	1	5
NAP1L5	266812	1	0	1	0.000000	0.000015	benign_only	1	4
NAPSA	9476	1	0	1	0.000000	0.000015	benign_only	1	19
NAT1	9	1	0	1	0.000000	0.000015	benign_only	1	8
NAT2	10	1	0	1	0.000000	0.000015	benign_only	1	8
NAV1	89796	1	0	1	0.000000	0.000015	benign_only	1	1
NBPF3	84224	1	0	1	0.000000	0.000015	benign_only	1	1
NBR1	4077	1	0	1	0.000000	0.000015	benign_only	1	17
NCEH1	57552	1	0	1	0.000000	0.000015	benign_only	1	3
NCK1	4690	1	0	1	0.000000	0.000015	benign_only	1	3
NCKAP5L	57701	1	0	1	0.000000	0.000015	benign_only	1	12
NCOA2	10499	1	0	1	0.000000	0.000015	benign_only	1	8
NCOA3	8202	1	0	1	0.000000	0.000015	benign_only	1	20
NCR3	259197	1	0	1	0.000000	0.000015	benign_only	1	6
NDST2	8509	1	0	1	0.000000	0.000015	benign_only	1	10
NDST2-ZSWIM8-AS1	127814294	1	0	1	0.000000	0.000015	benign_only	1	10
NDUFA1	4694	1	0	1	0.000000	0.000015	benign_only	1	X
NDUFA13	51079	1	1	0	1.000000	0.000015	pathogenic_only	1	19
NDUFAF2	91942	1	1	0	1.000000	0.000015	pathogenic_only	1	5
NDUFAF4	29078	1	0	1	0.000000	0.000015	benign_only	1	6
NDUFAF8	284184	1	1	0	1.000000	0.000015	pathogenic_only	1	17
NDUFB10	4716	1	0	1	0.000000	0.000015	benign_only	1	16
NDUFB3	4709	1	1	0	1.000000	0.000015	pathogenic_only	1	2
NDUFB4	4710	1	0	1	0.000000	0.000015	benign_only	1	3
NDUFC2-KCTD14	100532726	1	0	1	0.000000	0.000015	benign_only	1	11
NDUFS4	4724	1	1	0	1.000000	0.000015	pathogenic_only	1	5
NDUFV2-AS1	101927275	1	1	0	1.000000	0.000015	pathogenic_only	1	18
NDUFV3	4731	1	0	1	0.000000	0.000015	benign_only	1	21
NEFM	4741	1	0	1	0.000000	0.000015	benign_only	1	8
NEGR1	257194	1	0	1	0.000000	0.000015	benign_only	1	1
NEK3	4752	1	0	1	0.000000	0.000015	benign_only	1	13
NEK5	341676	1	0	1	0.000000	0.000015	benign_only	1	13
NEK8	284086	1	0	1	0.000000	0.000015	benign_only	1	17
NEMP2	100131211	1	0	1	0.000000	0.000015	benign_only	1	2
NETO1	81832	1	0	1	0.000000	0.000015	benign_only	1	18
NETO2	81831	1	0	1	0.000000	0.000015	benign_only	1	16
NEUROD1	4760	1	0	1	0.000000	0.000015	benign_only	1	2
NEUROD2	4761	1	0	1	0.000000	0.000015	benign_only	1	17
NFAT5	10725	1	0	1	0.000000	0.000015	benign_only	1	16
NFATC3	4775	1	0	1	0.000000	0.000015	benign_only	1	16
NFE2L3	9603	1	0	1	0.000000	0.000015	benign_only	1	7
NFIL3	4783	1	0	1	0.000000	0.000015	benign_only	1	9
NGFR	4804	1	0	1	0.000000	0.000015	benign_only	1	17
NGFR-AS1	100288866	1	0	1	0.000000	0.000015	benign_only	1	17
NIBAN1	116496	1	0	1	0.000000	0.000015	benign_only	1	1
NICN1	84276	1	1	0	1.000000	0.000015	pathogenic_only	1	3
NKG7	4818	1	0	1	0.000000	0.000015	benign_only	1	19
NKIRAS1	28512	1	0	1	0.000000	0.000015	benign_only	1	3
NKTR	4820	1	0	1	0.000000	0.000015	benign_only	1	3
NKX1-1	54729	1	0	1	0.000000	0.000015	benign_only	1	4
NKX2-1-AS1	100506237	1	0	1	0.000000	0.000015	benign_only	1	14
NKX6-3	157848	1	0	1	0.000000	0.000015	benign_only	1	8
NLGN3	54413	1	0	1	0.000000	0.000015	benign_only	1	X
NLRP13	126204	1	0	1	0.000000	0.000015	benign_only	1	19
NLRX1	79671	1	0	1	0.000000	0.000015	benign_only	1	11
NMBR	4829	1	0	1	0.000000	0.000015	benign_only	1	6
NME3	4832	1	0	1	0.000000	0.000015	benign_only	1	16
NMS	129521	1	0	1	0.000000	0.000015	benign_only	1	2
NMUR1	10316	1	0	1	0.000000	0.000015	benign_only	1	2
NOD1	10392	1	0	1	0.000000	0.000015	benign_only	1	7
NOL11	25926	1	0	1	0.000000	0.000015	benign_only	1	17
NOL12	79159	1	0	1	0.000000	0.000015	benign_only	1	22
NOLC1	9221	1	0	1	0.000000	0.000015	benign_only	1	10
NOP10	55505	1	0	1	0.000000	0.000015	benign_only	1	15
NOP14	8602	1	0	1	0.000000	0.000015	benign_only	1	4
NOS2	4843	1	0	1	0.000000	0.000015	benign_only	1	17
NOVA2	4858	1	0	1	0.000000	0.000015	benign_only	1	19
NOX5	79400	1	0	1	0.000000	0.000015	benign_only	1	15
NPAS2-AS1	101927142	1	0	1	0.000000	0.000015	benign_only	1	2
NPBWR1	2831	1	0	1	0.000000	0.000015	benign_only	1	8
NPFF	8620	1	0	1	0.000000	0.000015	benign_only	1	12
NPFFR2	10886	1	0	1	0.000000	0.000015	benign_only	1	4
NPHP3-AS1	348808	1	1	0	1.000000	0.000015	pathogenic_only	1	3
NPIPB2	729978	1	0	1	0.000000	0.000015	benign_only	1	16
NPLOC4	55666	1	0	1	0.000000	0.000015	benign_only	1	17
NPPC	4880	1	0	1	0.000000	0.000015	benign_only	1	2
NPR1	4881	1	0	1	0.000000	0.000015	benign_only	1	1
NPRL2	10641	1	0	1	0.000000	0.000015	benign_only	1	3
NPS	594857	1	0	1	0.000000	0.000015	benign_only	1	10
NPTX1	4884	1	1	0	1.000000	0.000015	pathogenic_only	1	17
NPY1R	4886	1	0	1	0.000000	0.000015	benign_only	1	4
NQO1	1728	1	0	1	0.000000	0.000015	benign_only	1	16
NR1H4	9971	1	0	1	0.000000	0.000015	benign_only	1	12
NR2C2AP	126382	1	0	1	0.000000	0.000015	benign_only	1	19
NR2F2	7026	1	1	0	1.000000	0.000015	pathogenic_only	1	15
NR4A1	3164	1	0	1	0.000000	0.000015	benign_only	1	12
NR5A2	2494	1	0	1	0.000000	0.000015	benign_only	1	1
NR6A1	2649	1	0	1	0.000000	0.000015	benign_only	1	9
NRBP1	29959	1	0	1	0.000000	0.000015	benign_only	1	2
NRG2	9542	1	0	1	0.000000	0.000015	benign_only	1	5
NRG4	145957	1	0	1	0.000000	0.000015	benign_only	1	15
NRN1L	123904	1	0	1	0.000000	0.000015	benign_only	1	16
NRSN2	80023	1	0	1	0.000000	0.000015	benign_only	1	20
NRTN	4902	1	0	1	0.000000	0.000015	benign_only	1	19
NRXN3	9369	1	0	1	0.000000	0.000015	benign_only	1	14
NSF	4905	1	1	0	1.000000	0.000015	pathogenic_only	1	17
NSFL1C	55968	1	0	1	0.000000	0.000015	benign_only	1	20
NSUN3	63899	1	0	1	0.000000	0.000015	benign_only	1	3
NT5C1A	84618	1	0	1	0.000000	0.000015	benign_only	1	1
NT5C2	22978	1	0	1	0.000000	0.000015	benign_only	1	10
NT5DC3	51559	1	0	1	0.000000	0.000015	benign_only	1	12
NTN4	59277	1	0	1	0.000000	0.000015	benign_only	1	12
NTSR2	23620	1	0	1	0.000000	0.000015	benign_only	1	2
NUAK1	9891	1	0	1	0.000000	0.000015	benign_only	1	12
NUB1	51667	1	0	1	0.000000	0.000015	benign_only	1	7
NUBP2	10101	1	0	1	0.000000	0.000015	benign_only	1	16
NUBPL	80224	1	1	0	1.000000	0.000015	pathogenic_only	1	14
NUDT16	131870	1	0	1	0.000000	0.000015	benign_only	1	3
NUP153-AS1	105374952	1	0	1	0.000000	0.000015	benign_only	1	6
NWD2	57495	1	0	1	0.000000	0.000015	benign_only	1	4
NXF1	10482	1	0	1	0.000000	0.000015	benign_only	1	11
NXPE1	120400	1	0	1	0.000000	0.000015	benign_only	1	11
NXPE2	120406	1	0	1	0.000000	0.000015	benign_only	1	11
OC90	729330	1	0	1	0.000000	0.000015	benign_only	1	8
ODAD4	83538	1	0	1	0.000000	0.000015	benign_only	1	17
ODF2	4957	1	0	1	0.000000	0.000015	benign_only	1	9
OGG1	4968	1	0	1	0.000000	0.000015	benign_only	1	3
OPALIN	93377	1	0	1	0.000000	0.000015	benign_only	1	10
OPN1MW2	728458	1	0	1	0.000000	0.000015	benign_only	1	X
OPN1SW	611	1	0	1	0.000000	0.000015	benign_only	1	7
OPN4	94233	1	0	1	0.000000	0.000015	benign_only	1	10
OPRK1	4986	1	0	1	0.000000	0.000015	benign_only	1	8
OR10J5	127385	1	0	1	0.000000	0.000015	benign_only	1	1
OR10V1	390201	1	0	1	0.000000	0.000015	benign_only	1	11
OR10X1	128367	1	0	1	0.000000	0.000015	benign_only	1	1
OR13H1	347468	1	0	1	0.000000	0.000015	benign_only	1	X
OR1A1	8383	1	0	1	0.000000	0.000015	benign_only	1	17
OR1I1	126370	1	0	1	0.000000	0.000015	benign_only	1	19
OR1J2	26740	1	0	1	0.000000	0.000015	benign_only	1	9
OR1L8	138881	1	0	1	0.000000	0.000015	benign_only	1	9
OR1N2	138882	1	0	1	0.000000	0.000015	benign_only	1	9
OR2F2	135948	1	0	1	0.000000	0.000015	benign_only	1	7
OR2S2	56656	1	0	1	0.000000	0.000015	benign_only	1	9
OR2T33	391195	1	0	1	0.000000	0.000015	benign_only	1	1
OR2T5	401993	1	0	1	0.000000	0.000015	benign_only	1	1
OR4C6	219432	1	0	1	0.000000	0.000015	benign_only	1	11
OR51A2	401667	1	0	1	0.000000	0.000015	benign_only	1	11
OR51B2	79345	1	0	1	0.000000	0.000015	benign_only	1	11
OR51B5	282763	1	0	1	0.000000	0.000015	benign_only	1	11
OR51I2	390064	1	0	1	0.000000	0.000015	benign_only	1	11
OR52I2	143502	1	0	1	0.000000	0.000015	benign_only	1	11
OR52N2	390077	1	0	1	0.000000	0.000015	benign_only	1	11
OR5A1	219982	1	0	1	0.000000	0.000015	benign_only	1	11
OR5AC2	81050	1	0	1	0.000000	0.000015	benign_only	1	3
OR5AR1	219493	1	0	1	0.000000	0.000015	benign_only	1	11
OR6B3	150681	1	0	1	0.000000	0.000015	benign_only	1	2
OR6C1	390321	1	0	1	0.000000	0.000015	benign_only	1	12
OR6C3	254786	1	0	1	0.000000	0.000015	benign_only	1	12
ORM1	5004	1	0	1	0.000000	0.000015	benign_only	1	9
ORMDL2	29095	1	0	1	0.000000	0.000015	benign_only	1	12
OS9	10956	1	0	1	0.000000	0.000015	benign_only	1	12
OSGEPL1	64172	1	0	1	0.000000	0.000015	benign_only	1	2
OSGIN1	29948	1	0	1	0.000000	0.000015	benign_only	1	16
OSGIN2	734	1	0	1	0.000000	0.000015	benign_only	1	8
OTOR	56914	1	0	1	0.000000	0.000015	benign_only	1	20
OTUD5	55593	1	1	0	1.000000	0.000015	pathogenic_only	1	X
OTUD7A	161725	1	0	1	0.000000	0.000015	benign_only	1	15
OTX2	5015	1	0	1	0.000000	0.000015	benign_only	1	14
OVOL2	58495	1	0	1	0.000000	0.000015	benign_only	1	20
OXER1	165140	1	0	1	0.000000	0.000015	benign_only	1	2
P2RX1	5023	1	0	1	0.000000	0.000015	benign_only	1	17
P2RX3	5024	1	0	1	0.000000	0.000015	benign_only	1	11
PADI2	11240	1	0	1	0.000000	0.000015	benign_only	1	1
PAICS	10606	1	1	0	1.000000	0.000015	pathogenic_only	1	4
PAK4	10298	1	0	1	0.000000	0.000015	benign_only	1	19
PALD1	27143	1	0	1	0.000000	0.000015	benign_only	1	10
PALM3	342979	1	0	1	0.000000	0.000015	benign_only	1	19
PALS1	64398	1	0	1	0.000000	0.000015	benign_only	1	14
PAM	5066	1	0	1	0.000000	0.000015	benign_only	1	5
PAN2	9924	1	0	1	0.000000	0.000015	benign_only	1	12
PARD6B	84612	1	0	1	0.000000	0.000015	benign_only	1	20
PARM1	25849	1	0	1	0.000000	0.000015	benign_only	1	4
PARP12	64761	1	0	1	0.000000	0.000015	benign_only	1	7
PARVB	29780	1	0	1	0.000000	0.000015	benign_only	1	22
PATE1	160065	1	0	1	0.000000	0.000015	benign_only	1	11
PATL1	219988	1	0	1	0.000000	0.000015	benign_only	1	11
PBK	55872	1	0	1	0.000000	0.000015	benign_only	1	8
PCAT7	101928099	1	0	1	0.000000	0.000015	benign_only	1	9
PCBP4	57060	1	0	1	0.000000	0.000015	benign_only	1	3
PCDH1	5097	1	0	1	0.000000	0.000015	benign_only	1	5
PCDH7	5099	1	0	1	0.000000	0.000015	benign_only	1	4
PCDH8	5100	1	0	1	0.000000	0.000015	benign_only	1	13
PCDHA10	56139	1	0	1	0.000000	0.000015	benign_only	1	5
PCDHA11	56138	1	0	1	0.000000	0.000015	benign_only	1	5
PCDHA12	56137	1	0	1	0.000000	0.000015	benign_only	1	5
PCDHA13	56136	1	0	1	0.000000	0.000015	benign_only	1	5
PCDHA8	56140	1	0	1	0.000000	0.000015	benign_only	1	5
PCDHA9	9752	1	0	1	0.000000	0.000015	benign_only	1	5
PCDHA@	56117	1	0	1	0.000000	0.000015	benign_only	1	5
PCDHAC1	56135	1	0	1	0.000000	0.000015	benign_only	1	5
PCDHAC2	56134	1	0	1	0.000000	0.000015	benign_only	1	5
PCDHACT	56119	1	0	1	0.000000	0.000015	benign_only	1	5
PCF11	51585	1	0	1	0.000000	0.000015	benign_only	1	11
PCID2	55795	1	0	1	0.000000	0.000015	benign_only	1	13
PCNA	5111	1	1	0	1.000000	0.000015	pathogenic_only	1	20
PCNP	57092	1	0	1	0.000000	0.000015	benign_only	1	3
PCOLCE	5118	1	0	1	0.000000	0.000015	benign_only	1	7
PCSK7	9159	1	0	1	0.000000	0.000015	benign_only	1	11
PCYOX1	51449	1	0	1	0.000000	0.000015	benign_only	1	2
PDCD1	5133	1	0	1	0.000000	0.000015	benign_only	1	2
PDCD10	11235	1	0	1	0.000000	0.000015	benign_only	1	3
PDCD5	9141	1	0	1	0.000000	0.000015	benign_only	1	19
PDE4B	5142	1	0	1	0.000000	0.000015	benign_only	1	1
PDE4C	5143	1	0	1	0.000000	0.000015	benign_only	1	19
PDE6B-AS1	101928521	1	0	1	0.000000	0.000015	benign_only	1	4
PDE6D	5147	1	0	1	0.000000	0.000015	benign_only	1	2
PDE7B	27115	1	0	1	0.000000	0.000015	benign_only	1	6
PDF	64146	1	0	1	0.000000	0.000015	benign_only	1	16
PDGFC	56034	1	0	1	0.000000	0.000015	benign_only	1	4
PDGFD	80310	1	0	1	0.000000	0.000015	benign_only	1	11
PDGFRL	5157	1	0	1	0.000000	0.000015	benign_only	1	8
PDHA2	5161	1	1	0	1.000000	0.000015	pathogenic_only	1	4
PDIA4	9601	1	0	1	0.000000	0.000015	benign_only	1	7
PDK3	5165	1	0	1	0.000000	0.000015	benign_only	1	X
PDK4	5166	1	0	1	0.000000	0.000015	benign_only	1	7
PDLIM5	10611	1	0	1	0.000000	0.000015	benign_only	1	4
PDPN	10630	1	0	1	0.000000	0.000015	benign_only	1	1
PDZK1	5174	1	0	1	0.000000	0.000015	benign_only	1	1
PENK	5179	1	0	1	0.000000	0.000015	benign_only	1	8
PEX3	8504	1	0	1	0.000000	0.000015	benign_only	1	6
PFN1	5216	1	0	1	0.000000	0.000015	benign_only	1	17
PGAM2	5224	1	0	1	0.000000	0.000015	benign_only	1	7
PGAM4	441531	1	0	1	0.000000	0.000015	benign_only	1	X
PGBD1	84547	1	0	1	0.000000	0.000015	benign_only	1	6
PGBD5	79605	1	0	1	0.000000	0.000015	benign_only	1	1
PGLS-DT	100507551	1	0	1	0.000000	0.000015	benign_only	1	19
PGLYRP2	114770	1	0	1	0.000000	0.000015	benign_only	1	19
PGS1	9489	1	0	1	0.000000	0.000015	benign_only	1	17
PHC2-AS1	101929464	1	0	1	0.000000	0.000015	benign_only	1	1
PHEX-AS1	100873942	1	1	0	1.000000	0.000015	pathogenic_only	1	X
PHF2	5253	1	0	1	0.000000	0.000015	benign_only	1	9
PHF7	51533	1	1	0	1.000000	0.000015	pathogenic_only	1	3
PHLPP1	23239	1	0	1	0.000000	0.000015	benign_only	1	18
PHOSPHO2-KLHL23	100526832	1	0	1	0.000000	0.000015	benign_only	1	2
PHOX2B-AS1	105374425	1	0	1	0.000000	0.000015	benign_only	1	4
PIAS2	9063	1	0	1	0.000000	0.000015	benign_only	1	18
PIAS3	10401	1	0	1	0.000000	0.000015	benign_only	1	1
PIGF	5281	1	0	1	0.000000	0.000015	benign_only	1	2
PIGH	5283	1	1	0	1.000000	0.000015	pathogenic_only	1	14
PIGK	10026	1	0	1	0.000000	0.000015	benign_only	1	1
PIGR	5284	1	0	1	0.000000	0.000015	benign_only	1	1
PIGY	84992	1	0	1	0.000000	0.000015	benign_only	1	4
PIK3CB	5291	1	0	1	0.000000	0.000015	benign_only	1	3
PIK3R5	23533	1	0	1	0.000000	0.000015	benign_only	1	17
PILRA	29992	1	0	1	0.000000	0.000015	benign_only	1	7
PIN4	5303	1	0	1	0.000000	0.000015	benign_only	1	X
PIP4K2A	5305	1	0	1	0.000000	0.000015	benign_only	1	10
PITRM1-AS1	100507034	1	0	1	0.000000	0.000015	benign_only	1	10
PITX1	5307	1	0	1	0.000000	0.000015	benign_only	1	5
PKIG	11142	1	1	0	1.000000	0.000015	pathogenic_only	1	20
PKN1	5585	1	0	1	0.000000	0.000015	benign_only	1	19
PKP3	11187	1	0	1	0.000000	0.000015	benign_only	1	11
PLA1A	51365	1	0	1	0.000000	0.000015	benign_only	1	3
PLA2G1B	5319	1	0	1	0.000000	0.000015	benign_only	1	12
PLA2G2A	5320	1	0	1	0.000000	0.000015	benign_only	1	1
PLA2G4C-AS1	106144526	1	0	1	0.000000	0.000015	benign_only	1	19
PLA2G4D	283748	1	0	1	0.000000	0.000015	benign_only	1	15
PLAG1	5324	1	0	1	0.000000	0.000015	benign_only	1	8
PLAGL1	5325	1	0	1	0.000000	0.000015	benign_only	1	6
PLAUR	5329	1	0	1	0.000000	0.000015	benign_only	1	19
PLBD1-AS1	101928290	1	0	1	0.000000	0.000015	benign_only	1	12
PLCB2	5330	1	0	1	0.000000	0.000015	benign_only	1	15
PLCG1	5335	1	0	1	0.000000	0.000015	benign_only	1	20
PLCL2	23228	1	0	1	0.000000	0.000015	benign_only	1	3
PLCZ1	89869	1	0	1	0.000000	0.000015	benign_only	1	12
PLEKHA7	144100	1	0	1	0.000000	0.000015	benign_only	1	11
PLEKHG4	25894	1	0	1	0.000000	0.000015	benign_only	1	16
PLIN4	729359	1	0	1	0.000000	0.000015	benign_only	1	19
PLK2	10769	1	0	1	0.000000	0.000015	benign_only	1	5
PLN	5350	1	1	0	1.000000	0.000015	pathogenic_only	1	6
PLP2	5355	1	0	1	0.000000	0.000015	benign_only	1	X
PLS3	5358	1	0	1	0.000000	0.000015	benign_only	1	X
PLXNB2	23654	1	0	1	0.000000	0.000015	benign_only	1	22
PMF1-BGLAP	100527963	1	0	1	0.000000	0.000015	benign_only	1	1
PNN	5411	1	0	1	0.000000	0.000015	benign_only	1	14
PNO1	56902	1	0	1	0.000000	0.000015	benign_only	1	2
PNPLA4	8228	1	0	1	0.000000	0.000015	benign_only	1	X
POFUT2	23275	1	0	1	0.000000	0.000015	benign_only	1	21
POLDIP2	26073	1	0	1	0.000000	0.000015	benign_only	1	17
POLR1D	51082	1	0	1	0.000000	0.000015	benign_only	1	13
POLR3C	10623	1	0	1	0.000000	0.000015	benign_only	1	1
POLR3H	171568	1	1	0	1.000000	0.000015	pathogenic_only	1	22
POM121C	100101267	1	0	1	0.000000	0.000015	benign_only	1	7
POSTN	10631	1	0	1	0.000000	0.000015	benign_only	1	13
POTEA	340441	1	0	1	0.000000	0.000015	benign_only	1	8
POU2AF1	5450	1	0	1	0.000000	0.000015	benign_only	1	11
POU2F1	5451	1	0	1	0.000000	0.000015	benign_only	1	1
POU4F2	5458	1	0	1	0.000000	0.000015	benign_only	1	4
PPAN	56342	1	0	1	0.000000	0.000015	benign_only	1	19
PPARA	5465	1	0	1	0.000000	0.000015	benign_only	1	22
PPCDC	60490	1	0	1	0.000000	0.000015	benign_only	1	15
PPCS	79717	1	1	0	1.000000	0.000015	pathogenic_only	1	1
PPFIA1	8500	1	0	1	0.000000	0.000015	benign_only	1	11
PPFIA2	8499	1	0	1	0.000000	0.000015	benign_only	1	12
PPFIBP1	8496	1	0	1	0.000000	0.000015	benign_only	1	12
PPFIBP2	8495	1	0	1	0.000000	0.000015	benign_only	1	11
PPID	5481	1	0	1	0.000000	0.000015	benign_only	1	4
PPM1F	9647	1	0	1	0.000000	0.000015	benign_only	1	22
PPM1H	57460	1	0	1	0.000000	0.000015	benign_only	1	12
PPM1J	333926	1	0	1	0.000000	0.000015	benign_only	1	1
PPP1R12C	54776	1	0	1	0.000000	0.000015	benign_only	1	19
PPP1R1B	84152	1	0	1	0.000000	0.000015	benign_only	1	17
PPP1R9B	84687	1	0	1	0.000000	0.000015	benign_only	1	17
PPP2R5B	5526	1	0	1	0.000000	0.000015	benign_only	1	11
PPP6R1	22870	1	0	1	0.000000	0.000015	benign_only	1	19
PRAC1	84366	1	0	1	0.000000	0.000015	benign_only	1	17
PRADX	126568849	1	0	1	0.000000	0.000015	benign_only	1	11
PRAMEF1	65121	1	0	1	0.000000	0.000015	benign_only	1	1
PRB4	5545	1	0	1	0.000000	0.000015	benign_only	1	12
PRDM12	59335	1	0	1	0.000000	0.000015	benign_only	1	9
PRDM15	63977	1	1	0	1.000000	0.000015	pathogenic_only	1	21
PRDX4	10549	1	0	1	0.000000	0.000015	benign_only	1	X
PRIM1	5557	1	0	1	0.000000	0.000015	benign_only	1	12
PRIMPOL	201973	1	0	1	0.000000	0.000015	benign_only	1	4
PRKACG	5568	1	0	1	0.000000	0.000015	benign_only	1	9
PRKCD	5580	1	0	1	0.000000	0.000015	benign_only	1	3
PRKCE	5581	1	0	1	0.000000	0.000015	benign_only	1	2
PRKCZ	5590	1	0	1	0.000000	0.000015	benign_only	1	1
PRKD2	25865	1	0	1	0.000000	0.000015	benign_only	1	19
PRMT3	10196	1	0	1	0.000000	0.000015	benign_only	1	11
PRMT5-DT	101926933	1	0	1	0.000000	0.000015	benign_only	1	14
PRND	23627	1	0	1	0.000000	0.000015	benign_only	1	20
PROCA1	147011	1	0	1	0.000000	0.000015	benign_only	1	17
PROK2	60675	1	0	1	0.000000	0.000015	benign_only	1	3
PROSER1	80209	1	0	1	0.000000	0.000015	benign_only	1	13
PROZ	8858	1	0	1	0.000000	0.000015	benign_only	1	13
PRPF38B	55119	1	0	1	0.000000	0.000015	benign_only	1	1
PRR5-ARHGAP8	553158	1	0	1	0.000000	0.000015	benign_only	1	22
PRSS3	5646	1	0	1	0.000000	0.000015	benign_only	1	9
PRSS36	146547	1	0	1	0.000000	0.000015	benign_only	1	16
PRSS54	221191	1	0	1	0.000000	0.000015	benign_only	1	16
PRSS8	5652	1	0	1	0.000000	0.000015	benign_only	1	16
PRTG	283659	1	0	1	0.000000	0.000015	benign_only	1	15
PRTN3	5657	1	0	1	0.000000	0.000015	benign_only	1	19
PSG6	5675	1	0	1	0.000000	0.000015	benign_only	1	19
PSG7	5676	1	0	1	0.000000	0.000015	benign_only	1	19
PSG9	5678	1	0	1	0.000000	0.000015	benign_only	1	19
PSMB8-AS1	100507463	1	0	1	0.000000	0.000015	benign_only	1	6
PSMC5	5705	1	1	0	1.000000	0.000015	pathogenic_only	1	17
PSMD10	5716	1	0	1	0.000000	0.000015	benign_only	1	X
PSMF1	9491	1	0	1	0.000000	0.000015	benign_only	1	20
PTAFR	5724	1	0	1	0.000000	0.000015	benign_only	1	1
PTCD3	55037	1	0	1	0.000000	0.000015	benign_only	1	2
PTCRA	171558	1	0	1	0.000000	0.000015	benign_only	1	6
PTGDR	5729	1	0	1	0.000000	0.000015	benign_only	1	14
PTGER2	5732	1	0	1	0.000000	0.000015	benign_only	1	14
PTGER4	5734	1	0	1	0.000000	0.000015	benign_only	1	5
PTGES	9536	1	0	1	0.000000	0.000015	benign_only	1	9
PTGES2	80142	1	0	1	0.000000	0.000015	benign_only	1	9
PTGFRN	5738	1	0	1	0.000000	0.000015	benign_only	1	1
PTGIS	5740	1	0	1	0.000000	0.000015	benign_only	1	20
PTGS1	5742	1	0	1	0.000000	0.000015	benign_only	1	9
PTK6	5753	1	0	1	0.000000	0.000015	benign_only	1	20
PTK7	5754	1	0	1	0.000000	0.000015	benign_only	1	6
PTPA	5524	1	0	1	0.000000	0.000015	benign_only	1	9
PTPN12	5782	1	0	1	0.000000	0.000015	benign_only	1	7
PTPRK	5796	1	0	1	0.000000	0.000015	benign_only	1	6
PTPRM	5797	1	0	1	0.000000	0.000015	benign_only	1	18
PTTG1IP	754	1	0	1	0.000000	0.000015	benign_only	1	21
PWWP3A	84939	1	0	1	0.000000	0.000015	benign_only	1	19
PXK	54899	1	0	1	0.000000	0.000015	benign_only	1	3
PXMP2	5827	1	0	1	0.000000	0.000015	benign_only	1	12
PYGB	5834	1	0	1	0.000000	0.000015	benign_only	1	20
PYURF	100996939	1	0	1	0.000000	0.000015	benign_only	1	4
PZP	5858	1	0	1	0.000000	0.000015	benign_only	1	12
QPCTL	54814	1	0	1	0.000000	0.000015	benign_only	1	19
RAB11A	8766	1	1	0	1.000000	0.000015	pathogenic_only	1	15
RAB18	22931	1	0	1	0.000000	0.000015	benign_only	1	10
RAB1A	5861	1	0	1	0.000000	0.000015	benign_only	1	2
RAB28	9364	1	1	0	1.000000	0.000015	pathogenic_only	1	4
RAB33B	83452	1	0	1	0.000000	0.000015	benign_only	1	4
RAB3A	5864	1	1	0	1.000000	0.000015	pathogenic_only	1	19
RAB5C	5878	1	1	0	1.000000	0.000015	pathogenic_only	1	17
RABGAP1L	9910	1	0	1	0.000000	0.000015	benign_only	1	1
RAC2	5880	1	1	0	1.000000	0.000015	pathogenic_only	1	22
RAD21L1	642636	1	0	1	0.000000	0.000015	benign_only	1	20
RAD52	5893	1	0	1	0.000000	0.000015	benign_only	1	12
RAI14	26064	1	0	1	0.000000	0.000015	benign_only	1	5
RAI2	10742	1	0	1	0.000000	0.000015	benign_only	1	X
RALBP1	10928	1	0	1	0.000000	0.000015	benign_only	1	18
RALGDS	5900	1	0	1	0.000000	0.000015	benign_only	1	9
RALY	22913	1	0	1	0.000000	0.000015	benign_only	1	20
RANBP3	8498	1	0	1	0.000000	0.000015	benign_only	1	19
RANGAP1	5905	1	0	1	0.000000	0.000015	benign_only	1	22
RAP1GAP2	23108	1	0	1	0.000000	0.000015	benign_only	1	17
RARG	5916	1	0	1	0.000000	0.000015	benign_only	1	12
RASA4	10156	1	0	1	0.000000	0.000015	benign_only	1	7
RASSF6	166824	1	0	1	0.000000	0.000015	benign_only	1	4
RASSF8	11228	1	0	1	0.000000	0.000015	benign_only	1	12
RBBP6	5930	1	0	1	0.000000	0.000015	benign_only	1	16
RBFOX3	146713	1	0	1	0.000000	0.000015	benign_only	1	17
RBL1	5933	1	0	1	0.000000	0.000015	benign_only	1	20
RBM12	10137	1	0	1	0.000000	0.000015	benign_only	1	20
RBM38	55544	1	0	1	0.000000	0.000015	benign_only	1	20
RBM38-AS1	100291105	1	0	1	0.000000	0.000015	benign_only	1	20
RBM48	84060	1	0	1	0.000000	0.000015	benign_only	1	7
RBM6	10180	1	0	1	0.000000	0.000015	benign_only	1	3
RCCD1-AS1	116435297	1	0	1	0.000000	0.000015	benign_only	1	15
RCL1	10171	1	0	1	0.000000	0.000015	benign_only	1	9
RCN1	5954	1	0	1	0.000000	0.000015	benign_only	1	11
RCVRN	5957	1	0	1	0.000000	0.000015	benign_only	1	17
RDH16	8608	1	0	1	0.000000	0.000015	benign_only	1	12
RDX	5962	1	0	1	0.000000	0.000015	benign_only	1	11
REC114	283677	1	0	1	0.000000	0.000015	benign_only	1	15
REEP2	51308	1	1	0	1.000000	0.000015	pathogenic_only	1	5
REEP3	221035	1	0	1	0.000000	0.000015	benign_only	1	10
REG3G	130120	1	0	1	0.000000	0.000015	benign_only	1	2
REG4	83998	1	0	1	0.000000	0.000015	benign_only	1	1
RELA	5970	1	0	1	0.000000	0.000015	benign_only	1	11
RELB	5971	1	0	1	0.000000	0.000015	benign_only	1	19
RELL1	768211	1	0	1	0.000000	0.000015	benign_only	1	4
REM2	161253	1	0	1	0.000000	0.000015	benign_only	1	14
RENBP	5973	1	0	1	0.000000	0.000015	benign_only	1	X
RETSAT	54884	1	0	1	0.000000	0.000015	benign_only	1	2
REV1	51455	1	0	1	0.000000	0.000015	benign_only	1	2
REXO1	57455	1	0	1	0.000000	0.000015	benign_only	1	19
REXO4	57109	1	0	1	0.000000	0.000015	benign_only	1	9
RFC2	5982	1	0	1	0.000000	0.000015	benign_only	1	7
RFX3	5991	1	0	1	0.000000	0.000015	benign_only	1	9
RGN	9104	1	0	1	0.000000	0.000015	benign_only	1	X
RGPD8	727851	1	0	1	0.000000	0.000015	benign_only	1	2
RGR	5995	1	0	1	0.000000	0.000015	benign_only	1	10
RGS3	5998	1	0	1	0.000000	0.000015	benign_only	1	9
RHBDF1	64285	1	0	1	0.000000	0.000015	benign_only	1	16
RHNO1	83695	1	0	1	0.000000	0.000015	benign_only	1	12
RHOA	387	1	1	0	1.000000	0.000015	pathogenic_only	1	3
RHOT2	89941	1	0	1	0.000000	0.000015	benign_only	1	16
RIN1	9610	1	0	1	0.000000	0.000015	benign_only	1	11
RIOX1	79697	1	0	1	0.000000	0.000015	benign_only	1	14
RIPK2	8767	1	0	1	0.000000	0.000015	benign_only	1	8
RIPPLY1	92129	1	0	1	0.000000	0.000015	benign_only	1	X
RLN2	6019	1	0	1	0.000000	0.000015	benign_only	1	9
RLN3	117579	1	0	1	0.000000	0.000015	benign_only	1	19
RMI1	80010	1	0	1	0.000000	0.000015	benign_only	1	9
RMI2	116028	1	0	1	0.000000	0.000015	benign_only	1	16
RNASE2	6036	1	0	1	0.000000	0.000015	benign_only	1	14
RNASEH2C	84153	1	1	0	1.000000	0.000015	pathogenic_only	1	11
RNF10	9921	1	0	1	0.000000	0.000015	benign_only	1	12
RNF111	54778	1	0	1	0.000000	0.000015	benign_only	1	15
RNF123	63891	1	0	1	0.000000	0.000015	benign_only	1	3
RNF126	55658	1	0	1	0.000000	0.000015	benign_only	1	19
RNF128	79589	1	0	1	0.000000	0.000015	benign_only	1	X
RNF157	114804	1	0	1	0.000000	0.000015	benign_only	1	17
RNF167	26001	1	0	1	0.000000	0.000015	benign_only	1	17
RNF207	388591	1	0	1	0.000000	0.000015	benign_only	1	1
RNF220	55182	1	1	0	1.000000	0.000015	pathogenic_only	1	1
RNF34	80196	1	0	1	0.000000	0.000015	benign_only	1	12
RNPEP	6051	1	0	1	0.000000	0.000015	benign_only	1	1
ROCK1	6093	1	0	1	0.000000	0.000015	benign_only	1	18
ROCK2	9475	1	0	1	0.000000	0.000015	benign_only	1	2
ROMO1	140823	1	0	1	0.000000	0.000015	benign_only	1	20
ROPN1	54763	1	0	1	0.000000	0.000015	benign_only	1	3
ROR1	4919	1	0	1	0.000000	0.000015	benign_only	1	1
RORB-AS1	103752585	1	1	0	1.000000	0.000015	pathogenic_only	1	9
RPAIN	84268	1	0	1	0.000000	0.000015	benign_only	1	17
RPAP1	26015	1	0	1	0.000000	0.000015	benign_only	1	15
RPAP3-DT	105369748	1	0	1	0.000000	0.000015	benign_only	1	12
RPH3A	22895	1	0	1	0.000000	0.000015	benign_only	1	12
RPIA	22934	1	0	1	0.000000	0.000015	benign_only	1	2
RPL10	6134	1	0	1	0.000000	0.000015	benign_only	1	X
RPL15	6138	1	0	1	0.000000	0.000015	benign_only	1	3
RPL28	6158	1	0	1	0.000000	0.000015	benign_only	1	19
RPL31	6160	1	0	1	0.000000	0.000015	benign_only	1	2
RPL35A	6165	1	0	1	0.000000	0.000015	benign_only	1	3
RPN1	6184	1	0	1	0.000000	0.000015	benign_only	1	3
RPP14	11102	1	0	1	0.000000	0.000015	benign_only	1	3
RPS15	6209	1	0	1	0.000000	0.000015	benign_only	1	19
RPS17	6218	1	1	0	1.000000	0.000015	pathogenic_only	1	15
RPS20	6224	1	0	1	0.000000	0.000015	benign_only	1	8
RPS6KA4	8986	1	0	1	0.000000	0.000015	benign_only	1	11
RRM1	6240	1	1	0	1.000000	0.000015	pathogenic_only	1	11
RRN3	54700	1	0	1	0.000000	0.000015	benign_only	1	16
RRP1	8568	1	0	1	0.000000	0.000015	benign_only	1	21
RRP12	23223	1	0	1	0.000000	0.000015	benign_only	1	10
RRP1B	23076	1	0	1	0.000000	0.000015	benign_only	1	21
RSAD2	91543	1	0	1	0.000000	0.000015	benign_only	1	2
RSPO2	340419	1	0	1	0.000000	0.000015	benign_only	1	8
RSPO4	343637	1	0	1	0.000000	0.000015	benign_only	1	20
RSPRY1	89970	1	0	1	0.000000	0.000015	benign_only	1	16
RTKN	6242	1	0	1	0.000000	0.000015	benign_only	1	2
RTL3	203430	1	0	1	0.000000	0.000015	benign_only	1	X
RTRAF	51637	1	0	1	0.000000	0.000015	benign_only	1	14
RUFY3	22902	1	0	1	0.000000	0.000015	benign_only	1	4
RUSF1	64755	1	0	1	0.000000	0.000015	benign_only	1	16
RXFP2	122042	1	0	1	0.000000	0.000015	benign_only	1	13
RXYLT1-AS1	104169670	1	0	1	0.000000	0.000015	benign_only	1	12
S100A2	6273	1	0	1	0.000000	0.000015	benign_only	1	1
S100A6	6277	1	0	1	0.000000	0.000015	benign_only	1	1
S100A9	6280	1	0	1	0.000000	0.000015	benign_only	1	1
S1PR1	1901	1	0	1	0.000000	0.000015	benign_only	1	1
S1PR5	53637	1	0	1	0.000000	0.000015	benign_only	1	19
SACK1H	286077	1	0	1	0.000000	0.000015	benign_only	1	8
SAMM50	25813	1	0	1	0.000000	0.000015	benign_only	1	22
SAPCD1	401251	1	0	1	0.000000	0.000015	benign_only	1	6
SARM1	23098	1	0	1	0.000000	0.000015	benign_only	1	17
SARS1	6301	1	0	1	0.000000	0.000015	benign_only	1	1
SARS2	54938	1	0	1	0.000000	0.000015	benign_only	1	19
SCAF1	58506	1	0	1	0.000000	0.000015	benign_only	1	19
SCARF1	8578	1	0	1	0.000000	0.000015	benign_only	1	17
SCGB1C1	147199	1	0	1	0.000000	0.000015	benign_only	1	11
SCML1	6322	1	0	1	0.000000	0.000015	benign_only	1	X
SCRIB	23513	1	0	1	0.000000	0.000015	benign_only	1	8
SCUBE1	80274	1	0	1	0.000000	0.000015	benign_only	1	22
SCUBE3	222663	1	1	0	1.000000	0.000015	pathogenic_only	1	6
SCYL2	55681	1	0	1	0.000000	0.000015	benign_only	1	12
SDC2	6383	1	0	1	0.000000	0.000015	benign_only	1	8
SDC3	9672	1	0	1	0.000000	0.000015	benign_only	1	1
SDHAF1	644096	1	0	1	0.000000	0.000015	benign_only	1	19
SDK1	221935	1	0	1	0.000000	0.000015	benign_only	1	7
SEC14L2	23541	1	0	1	0.000000	0.000015	benign_only	1	22
SEC23A	10484	1	0	1	0.000000	0.000015	benign_only	1	14
SEC24C	9632	1	0	1	0.000000	0.000015	benign_only	1	10
SEC61A1	29927	1	1	0	1.000000	0.000015	pathogenic_only	1	3
SEL1L	6400	1	0	1	0.000000	0.000015	benign_only	1	14
SELENBP1	8991	1	0	1	0.000000	0.000015	benign_only	1	1
SELENOS	55829	1	0	1	0.000000	0.000015	benign_only	1	15
SELL	6402	1	0	1	0.000000	0.000015	benign_only	1	1
SELPLG	6404	1	0	1	0.000000	0.000015	benign_only	1	12
SEMA3B	7869	1	0	1	0.000000	0.000015	benign_only	1	3
SEMA4D	10507	1	0	1	0.000000	0.000015	benign_only	1	9
SEMA4G	57715	1	0	1	0.000000	0.000015	benign_only	1	10
SEMA5B	54437	1	0	1	0.000000	0.000015	benign_only	1	3
SEMA6C	10500	1	0	1	0.000000	0.000015	benign_only	1	1
SEMA7A	8482	1	0	1	0.000000	0.000015	benign_only	1	15
SENP1	29843	1	0	1	0.000000	0.000015	benign_only	1	12
SEPHS1	22929	1	1	0	1.000000	0.000015	pathogenic_only	1	10
SEPTIN14	346288	1	0	1	0.000000	0.000015	benign_only	1	7
SEPTIN3	55964	1	0	1	0.000000	0.000015	benign_only	1	22
SERF2-C15ORF63	100529067	1	0	1	0.000000	0.000015	benign_only	1	15
SERINC2	347735	1	0	1	0.000000	0.000015	benign_only	1	1
SERPINA4	5267	1	0	1	0.000000	0.000015	benign_only	1	14
SERPINA5	5104	1	0	1	0.000000	0.000015	benign_only	1	14
SEZ6L	23544	1	0	1	0.000000	0.000015	benign_only	1	22
SF3B1	23451	1	1	0	1.000000	0.000015	pathogenic_only	1	2
SF3B2	10992	1	0	1	0.000000	0.000015	benign_only	1	11
SFMBT2	57713	1	0	1	0.000000	0.000015	benign_only	1	10
SFRP5	6425	1	0	1	0.000000	0.000015	benign_only	1	10
SGMS2	166929	1	0	1	0.000000	0.000015	benign_only	1	4
SH3BP4	23677	1	0	1	0.000000	0.000015	benign_only	1	2
SH3PXD2A	9644	1	0	1	0.000000	0.000015	benign_only	1	10
SH3RF1	57630	1	0	1	0.000000	0.000015	benign_only	1	4
SHCBP1	79801	1	0	1	0.000000	0.000015	benign_only	1	16
SHMT2	6472	1	0	1	0.000000	0.000015	benign_only	1	12
SHROOM1	134549	1	0	1	0.000000	0.000015	benign_only	1	5
SIAH1	6477	1	1	0	1.000000	0.000015	pathogenic_only	1	16
SIDT2	51092	1	0	1	0.000000	0.000015	benign_only	1	11
SIGLEC1	6614	1	0	1	0.000000	0.000015	benign_only	1	20
SIGLEC10-AS1	100129083	1	0	1	0.000000	0.000015	benign_only	1	19
SIGLEC15	284266	1	0	1	0.000000	0.000015	benign_only	1	18
SIGLEC5	8778	1	0	1	0.000000	0.000015	benign_only	1	19
SIGLEC7	27036	1	0	1	0.000000	0.000015	benign_only	1	19
SIGLEC8	27181	1	0	1	0.000000	0.000015	benign_only	1	19
SIGLEC9	27180	1	0	1	0.000000	0.000015	benign_only	1	19
SIN3B	23309	1	0	1	0.000000	0.000015	benign_only	1	19
SIPA1	6494	1	0	1	0.000000	0.000015	benign_only	1	11
SIPA1L2	57568	1	0	1	0.000000	0.000015	benign_only	1	1
SIRT4	23409	1	0	1	0.000000	0.000015	benign_only	1	12
SIRT6	51548	1	0	1	0.000000	0.000015	benign_only	1	19
SIVA1	10572	1	0	1	0.000000	0.000015	benign_only	1	14
SIX2	10736	1	0	1	0.000000	0.000015	benign_only	1	2
SIX6	4990	1	0	1	0.000000	0.000015	benign_only	1	14
SKIL	6498	1	0	1	0.000000	0.000015	benign_only	1	3
SLAMF7	57823	1	0	1	0.000000	0.000015	benign_only	1	1
SLC11A1	6556	1	0	1	0.000000	0.000015	benign_only	1	2
SLC12A4	6560	1	1	0	1.000000	0.000015	pathogenic_only	1	16
SLC12A7	10723	1	0	1	0.000000	0.000015	benign_only	1	5
SLC15A1	6564	1	0	1	0.000000	0.000015	benign_only	1	13
SLC16A11	162515	1	0	1	0.000000	0.000015	benign_only	1	17
SLC16A12-AS1	101926906	1	0	1	0.000000	0.000015	benign_only	1	10
SLC16A3	9123	1	0	1	0.000000	0.000015	benign_only	1	17
SLC16A4	9122	1	0	1	0.000000	0.000015	benign_only	1	1
SLC16A7	9194	1	0	1	0.000000	0.000015	benign_only	1	12
SLC16A9	220963	1	0	1	0.000000	0.000015	benign_only	1	10
SLC17A6	57084	1	0	1	0.000000	0.000015	benign_only	1	11
SLC17A9	63910	1	0	1	0.000000	0.000015	benign_only	1	20
SLC18A3	6572	1	0	1	0.000000	0.000015	benign_only	1	10
SLC1A5	6510	1	0	1	0.000000	0.000015	benign_only	1	19
SLC20A1	6574	1	0	1	0.000000	0.000015	benign_only	1	2
SLC23A3	151295	1	0	1	0.000000	0.000015	benign_only	1	2
SLC24A2	25769	1	0	1	0.000000	0.000015	benign_only	1	9
SLC24A5	283652	1	0	1	0.000000	0.000015	benign_only	1	15
SLC25A47	283600	1	0	1	0.000000	0.000015	benign_only	1	14
SLC25A5	292	1	0	1	0.000000	0.000015	benign_only	1	X
SLC26A11	284129	1	1	0	1.000000	0.000015	pathogenic_only	1	17
SLC26A7	115111	1	0	1	0.000000	0.000015	benign_only	1	8
SLC27A1	376497	1	0	1	0.000000	0.000015	benign_only	1	19
SLC28A3	64078	1	0	1	0.000000	0.000015	benign_only	1	9
SLC2A1-DT	440584	1	1	0	1.000000	0.000015	pathogenic_only	1	1
SLC2A4RG	56731	1	0	1	0.000000	0.000015	benign_only	1	20
SLC2A5	6518	1	0	1	0.000000	0.000015	benign_only	1	1
SLC2A9-AS1	105374476	1	1	0	1.000000	0.000015	pathogenic_only	1	4
SLC30A5	64924	1	0	1	0.000000	0.000015	benign_only	1	5
SLC31A1	1317	1	0	1	0.000000	0.000015	benign_only	1	9
SLC32A1	140679	1	0	1	0.000000	0.000015	benign_only	1	20
SLC35C1	55343	1	0	1	0.000000	0.000015	benign_only	1	11
SLC35D1	23169	1	0	1	0.000000	0.000015	benign_only	1	1
SLC35F3	148641	1	0	1	0.000000	0.000015	benign_only	1	1
SLC35F5	80255	1	0	1	0.000000	0.000015	benign_only	1	2
SLC37A3	84255	1	0	1	0.000000	0.000015	benign_only	1	7
SLC38A5	92745	1	0	1	0.000000	0.000015	benign_only	1	X
SLC38A9	153129	1	0	1	0.000000	0.000015	benign_only	1	5
SLC39A12	221074	1	0	1	0.000000	0.000015	benign_only	1	10
SLC39A2	29986	1	0	1	0.000000	0.000015	benign_only	1	14
SLC39A3	29985	1	0	1	0.000000	0.000015	benign_only	1	19
SLC43A1	8501	1	0	1	0.000000	0.000015	benign_only	1	11
SLC45A1	50651	1	0	1	0.000000	0.000015	benign_only	1	1
SLC46A2	57864	1	0	1	0.000000	0.000015	benign_only	1	9
SLC47A1	55244	1	0	1	0.000000	0.000015	benign_only	1	17
SLC5A10	125206	1	0	1	0.000000	0.000015	benign_only	1	17
SLC5A9	200010	1	0	1	0.000000	0.000015	benign_only	1	1
SLC6A11	6538	1	0	1	0.000000	0.000015	benign_only	1	3
SLC6A13	6540	1	0	1	0.000000	0.000015	benign_only	1	12
SLC6A17-AS1	105378897	1	0	1	0.000000	0.000015	benign_only	1	1
SLC6A3	6531	1	0	1	0.000000	0.000015	benign_only	1	5
SLC6A4	6532	1	0	1	0.000000	0.000015	benign_only	1	17
SLC7A1	6541	1	0	1	0.000000	0.000015	benign_only	1	13
SLC7A10	56301	1	0	1	0.000000	0.000015	benign_only	1	19
SLC7A4	6545	1	0	1	0.000000	0.000015	benign_only	1	22
SLC7A8	23428	1	0	1	0.000000	0.000015	benign_only	1	14
SLC9A3R1-AS1	105371893	1	0	1	0.000000	0.000015	benign_only	1	17
SLC9A4	389015	1	0	1	0.000000	0.000015	benign_only	1	2
SLC9B2	133308	1	0	1	0.000000	0.000015	benign_only	1	4
SLCO1B7	338821	1	0	1	0.000000	0.000015	benign_only	1	12
SLCO1C1	53919	1	0	1	0.000000	0.000015	benign_only	1	12
SLFN11	91607	1	0	1	0.000000	0.000015	benign_only	1	17
SLITRK1	114798	1	0	1	0.000000	0.000015	benign_only	1	13
SLMAP	7871	1	0	1	0.000000	0.000015	benign_only	1	3
SLMO2-ATP5E	100533975	1	0	1	0.000000	0.000015	benign_only	1	20
SLURP1	57152	1	1	0	1.000000	0.000015	pathogenic_only	1	8
SMAD2	4087	1	1	0	1.000000	0.000015	pathogenic_only	1	18
SMAD7	4092	1	0	1	0.000000	0.000015	benign_only	1	18
SMARCD1	6602	1	0	1	0.000000	0.000015	benign_only	1	12
SMC5	23137	1	0	1	0.000000	0.000015	benign_only	1	9
SMCR8	140775	1	0	1	0.000000	0.000015	benign_only	1	17
SMG8	55181	1	0	1	0.000000	0.000015	benign_only	1	17
SMG9	56006	1	0	1	0.000000	0.000015	benign_only	1	19
SMPDL3B	27293	1	0	1	0.000000	0.000015	benign_only	1	1
SMPX	23676	1	1	0	1.000000	0.000015	pathogenic_only	1	X
SMTN	6525	1	0	1	0.000000	0.000015	benign_only	1	22
SMUG1	23583	1	0	1	0.000000	0.000015	benign_only	1	12
SMYD1	150572	1	0	1	0.000000	0.000015	benign_only	1	2
SMYD4	114826	1	0	1	0.000000	0.000015	benign_only	1	17
SNAI1	6615	1	0	1	0.000000	0.000015	benign_only	1	20
SNAI2	6591	1	0	1	0.000000	0.000015	benign_only	1	8
SNAP47	116841	1	0	1	0.000000	0.000015	benign_only	1	1
SNAPC4	6621	1	0	1	0.000000	0.000015	benign_only	1	9
SNAPC5	10302	1	0	1	0.000000	0.000015	benign_only	1	15
SNAPIN	23557	1	1	0	1.000000	0.000015	pathogenic_only	1	1
SNCG	6623	1	0	1	0.000000	0.000015	benign_only	1	10
SNHG29	125144	1	0	1	0.000000	0.000015	benign_only	1	17
SNRPA1-DT	120766138	1	0	1	0.000000	0.000015	benign_only	1	15
SNRPB	6628	1	0	1	0.000000	0.000015	benign_only	1	20
SNX10	29887	1	1	0	1.000000	0.000015	pathogenic_only	1	7
SNX18	112574	1	0	1	0.000000	0.000015	benign_only	1	5
SNX22	79856	1	1	0	1.000000	0.000015	pathogenic_only	1	15
SNX27	81609	1	0	1	0.000000	0.000015	benign_only	1	1
SNX7	51375	1	0	1	0.000000	0.000015	benign_only	1	1
SNX8	29886	1	0	1	0.000000	0.000015	benign_only	1	7
SNX9	51429	1	0	1	0.000000	0.000015	benign_only	1	6
SOAT1	6646	1	0	1	0.000000	0.000015	benign_only	1	1
SOCS1	8651	1	0	1	0.000000	0.000015	benign_only	1	16
SOHLH1	402381	1	0	1	0.000000	0.000015	benign_only	1	9
SORBS1	10580	1	0	1	0.000000	0.000015	benign_only	1	10
SORBS2	8470	1	0	1	0.000000	0.000015	benign_only	1	4
SORCS2	57537	1	0	1	0.000000	0.000015	benign_only	1	4
SOX18	54345	1	0	1	0.000000	0.000015	benign_only	1	20
SP3	6670	1	0	1	0.000000	0.000015	benign_only	1	2
SPAG16	79582	1	0	1	0.000000	0.000015	benign_only	1	2
SPAG5	10615	1	0	1	0.000000	0.000015	benign_only	1	17
SPAG7	9552	1	0	1	0.000000	0.000015	benign_only	1	17
SPANXD	64648	1	0	1	0.000000	0.000015	benign_only	1	X
SPARC	6678	1	0	1	0.000000	0.000015	benign_only	1	5
SPATS2	65244	1	0	1	0.000000	0.000015	benign_only	1	12
SPEM1	374768	1	0	1	0.000000	0.000015	benign_only	1	17
SPESP1-NOX5	134826889	1	0	1	0.000000	0.000015	benign_only	1	15
SPHK1	8877	1	0	1	0.000000	0.000015	benign_only	1	17
SPO11	23626	1	0	1	0.000000	0.000015	benign_only	1	20
SPOCD1	90853	1	0	1	0.000000	0.000015	benign_only	1	1
SPRR2A	6700	1	0	1	0.000000	0.000015	benign_only	1	1
SPRR3	6707	1	0	1	0.000000	0.000015	benign_only	1	1
SRC	6714	1	0	1	0.000000	0.000015	benign_only	1	20
SRD5A1	6715	1	0	1	0.000000	0.000015	benign_only	1	5
SRD5A3	79644	1	0	1	0.000000	0.000015	benign_only	1	4
SRD5A3-AS1	100506462	1	0	1	0.000000	0.000015	benign_only	1	4
SRGAP3	9901	1	0	1	0.000000	0.000015	benign_only	1	3
SRGN	5552	1	0	1	0.000000	0.000015	benign_only	1	10
SRP14	6727	1	0	1	0.000000	0.000015	benign_only	1	15
SRPK3	26576	1	0	1	0.000000	0.000015	benign_only	1	X
SRPX	8406	1	0	1	0.000000	0.000015	benign_only	1	X
SRRM3	222183	1	0	1	0.000000	0.000015	benign_only	1	7
SRSF1	6426	1	1	0	1.000000	0.000015	pathogenic_only	1	17
SSBP1	6742	1	1	0	1.000000	0.000015	pathogenic_only	1	7
SSPN	8082	1	0	1	0.000000	0.000015	benign_only	1	12
SSPN-AS1	101928554	1	0	1	0.000000	0.000015	benign_only	1	12
SSR4	6748	1	0	1	0.000000	0.000015	benign_only	1	X
SSRP1	6749	1	0	1	0.000000	0.000015	benign_only	1	11
SST	6750	1	0	1	0.000000	0.000015	benign_only	1	3
SSX1	6756	1	0	1	0.000000	0.000015	benign_only	1	X
ST13	6767	1	0	1	0.000000	0.000015	benign_only	1	22
ST3GAL1	6482	1	0	1	0.000000	0.000015	benign_only	1	8
ST6GALNAC1	55808	1	0	1	0.000000	0.000015	benign_only	1	17
ST7	7982	1	0	1	0.000000	0.000015	benign_only	1	7
ST8SIA5	29906	1	0	1	0.000000	0.000015	benign_only	1	18
STARD8	9754	1	0	1	0.000000	0.000015	benign_only	1	X
STAT5A	6776	1	0	1	0.000000	0.000015	benign_only	1	17
STAT5B	6777	1	0	1	0.000000	0.000015	benign_only	1	17
STAT6	6778	1	0	1	0.000000	0.000015	benign_only	1	12
STK16	8576	1	1	0	1.000000	0.000015	pathogenic_only	1	2
STK17A	9263	1	0	1	0.000000	0.000015	benign_only	1	7
STK26	51765	1	0	1	0.000000	0.000015	benign_only	1	X
STK3	6788	1	0	1	0.000000	0.000015	benign_only	1	8
STK31	56164	1	0	1	0.000000	0.000015	benign_only	1	7
STON1	11037	1	0	1	0.000000	0.000015	benign_only	1	2
STPG3	441476	1	0	1	0.000000	0.000015	benign_only	1	9
STPG3-AS1	100129722	1	0	1	0.000000	0.000015	benign_only	1	9
STX2	2054	1	0	1	0.000000	0.000015	benign_only	1	12
STX3	6809	1	0	1	0.000000	0.000015	benign_only	1	11
STX5-DT	105369332	1	0	1	0.000000	0.000015	benign_only	1	11
STXBP5	134957	1	0	1	0.000000	0.000015	benign_only	1	6
STYK1	55359	1	0	1	0.000000	0.000015	benign_only	1	12
STYXL2	92235	1	0	1	0.000000	0.000015	benign_only	1	1
SUFU	51684	1	0	1	0.000000	0.000015	benign_only	1	10
SUGCT	79783	1	0	1	0.000000	0.000015	benign_only	1	7
SUGT1P4-STRA6LP-CCDC180	57653	1	0	1	0.000000	0.000015	benign_only	1	9
SULT1B1	27284	1	0	1	0.000000	0.000015	benign_only	1	4
SULT2A1	6822	1	0	1	0.000000	0.000015	benign_only	1	19
SUMO3	6612	1	0	1	0.000000	0.000015	benign_only	1	21
SUN5	140732	1	1	0	1.000000	0.000015	pathogenic_only	1	20
SURF2	6835	1	0	1	0.000000	0.000015	benign_only	1	9
SYAP1	94056	1	0	1	0.000000	0.000015	benign_only	1	X
SYBU	55638	1	0	1	0.000000	0.000015	benign_only	1	8
SYCE1L	100130958	1	0	1	0.000000	0.000015	benign_only	1	16
SYCP1	6847	1	0	1	0.000000	0.000015	benign_only	1	1
SYK	6850	1	0	1	0.000000	0.000015	benign_only	1	9
SYNCRIP	10492	1	0	1	0.000000	0.000015	benign_only	1	6
SYNJ2	8871	1	0	1	0.000000	0.000015	benign_only	1	6
SYTL5	94122	1	0	1	0.000000	0.000015	benign_only	1	X
SYVN1	84447	1	0	1	0.000000	0.000015	benign_only	1	11
SZT2-AS1	100873952	1	0	1	0.000000	0.000015	benign_only	1	1
TAAR5	9038	1	0	1	0.000000	0.000015	benign_only	1	6
TAC3	6866	1	0	1	0.000000	0.000015	benign_only	1	12
TAF13	6884	1	1	0	1.000000	0.000015	pathogenic_only	1	1
TAF3	83860	1	0	1	0.000000	0.000015	benign_only	1	10
TAF7L	54457	1	0	1	0.000000	0.000015	benign_only	1	X
TARBP1	6894	1	0	1	0.000000	0.000015	benign_only	1	1
TAS1R2	80834	1	0	1	0.000000	0.000015	benign_only	1	1
TAS2R1	50834	1	0	1	0.000000	0.000015	benign_only	1	5
TAS2R14	50840	1	0	1	0.000000	0.000015	benign_only	1	12
TAS2R20	259295	1	0	1	0.000000	0.000015	benign_only	1	12
TAS2R43	259289	1	0	1	0.000000	0.000015	benign_only	1	12
TASOR	23272	1	0	1	0.000000	0.000015	benign_only	1	3
TBC1D10A	83874	1	0	1	0.000000	0.000015	benign_only	1	22
TBC1D14	57533	1	0	1	0.000000	0.000015	benign_only	1	4
TBC1D20	128637	1	0	1	0.000000	0.000015	benign_only	1	20
TBC1D23	55773	1	0	1	0.000000	0.000015	benign_only	1	3
TBC1D2B	23102	1	0	1	0.000000	0.000015	benign_only	1	15
TBC1D30	23329	1	0	1	0.000000	0.000015	benign_only	1	12
TBC1D8	11138	1	0	1	0.000000	0.000015	benign_only	1	2
TBL2	26608	1	0	1	0.000000	0.000015	benign_only	1	7
TBX19	9095	1	0	1	0.000000	0.000015	benign_only	1	1
TBX22	50945	1	0	1	0.000000	0.000015	benign_only	1	X
TCERG1L	256536	1	0	1	0.000000	0.000015	benign_only	1	10
TCF7L1	83439	1	0	1	0.000000	0.000015	benign_only	1	2
TCL1A	8115	1	0	1	0.000000	0.000015	benign_only	1	14
TDRD1	56165	1	0	1	0.000000	0.000015	benign_only	1	10
TDRD5	163589	1	0	1	0.000000	0.000015	benign_only	1	1
TDRD6	221400	1	0	1	0.000000	0.000015	benign_only	1	6
TDRD9	122402	1	0	1	0.000000	0.000015	benign_only	1	14
TEAD1	7003	1	0	1	0.000000	0.000015	benign_only	1	11
TEAD3	7005	1	1	0	1.000000	0.000015	pathogenic_only	1	6
TECPR1	25851	1	0	1	0.000000	0.000015	benign_only	1	7
TEKT2	27285	1	0	1	0.000000	0.000015	benign_only	1	1
TEPSIN-AS1	105371925	1	0	1	0.000000	0.000015	benign_only	1	17
TERF2IP	54386	1	0	1	0.000000	0.000015	benign_only	1	16
TESC	54997	1	0	1	0.000000	0.000015	benign_only	1	12
TESK2	10420	1	0	1	0.000000	0.000015	benign_only	1	1
TEX11	56159	1	0	1	0.000000	0.000015	benign_only	1	X
TEX12	56158	1	1	0	1.000000	0.000015	pathogenic_only	1	11
TEX14	56155	1	0	1	0.000000	0.000015	benign_only	1	17
TEX26	122046	1	0	1	0.000000	0.000015	benign_only	1	13
TEX38	374973	1	0	1	0.000000	0.000015	benign_only	1	1
TFAM	7019	1	0	1	0.000000	0.000015	benign_only	1	10
TFAP4	7023	1	0	1	0.000000	0.000015	benign_only	1	16
TFEC	22797	1	0	1	0.000000	0.000015	benign_only	1	7
TFF2	7032	1	0	1	0.000000	0.000015	benign_only	1	21
TFIP11	24144	1	0	1	0.000000	0.000015	benign_only	1	22
TFPI	7035	1	0	1	0.000000	0.000015	benign_only	1	2
TFPI2	7980	1	0	1	0.000000	0.000015	benign_only	1	7
TGFA	7039	1	0	1	0.000000	0.000015	benign_only	1	2
TGFBRAP1	9392	1	0	1	0.000000	0.000015	benign_only	1	2
TGM4	7047	1	0	1	0.000000	0.000015	benign_only	1	3
THBS1	7057	1	0	1	0.000000	0.000015	benign_only	1	15
THBS2-AS1	101929523	1	0	1	0.000000	0.000015	benign_only	1	6
THOC5	8563	1	0	1	0.000000	0.000015	benign_only	1	22
THRSP	7069	1	0	1	0.000000	0.000015	benign_only	1	11
THSD7A	221981	1	0	1	0.000000	0.000015	benign_only	1	7
TIAM1	7074	1	0	1	0.000000	0.000015	benign_only	1	21
TIGD1	200765	1	0	1	0.000000	0.000015	benign_only	1	2
TIGD7	91151	1	0	1	0.000000	0.000015	benign_only	1	16
TIMM13	26517	1	0	1	0.000000	0.000015	benign_only	1	19
TIMM8A	1678	1	1	0	1.000000	0.000015	pathogenic_only	1	X
TIPE3	388121	1	0	1	0.000000	0.000015	benign_only	1	15
TIRAP	114609	1	0	1	0.000000	0.000015	benign_only	1	11
TJP1	7082	1	0	1	0.000000	0.000015	benign_only	1	15
TLDC2	140711	1	0	1	0.000000	0.000015	benign_only	1	20
TLL1	7092	1	0	1	0.000000	0.000015	benign_only	1	4
TLR10	81793	1	0	1	0.000000	0.000015	benign_only	1	4
TLR8	51311	1	0	1	0.000000	0.000015	benign_only	1	X
TLR8-AS1	349408	1	0	1	0.000000	0.000015	benign_only	1	X
TM7SF3	51768	1	0	1	0.000000	0.000015	benign_only	1	12
TMA16	55319	1	0	1	0.000000	0.000015	benign_only	1	4
TMC7	79905	1	0	1	0.000000	0.000015	benign_only	1	16
TMCC1	23023	1	0	1	0.000000	0.000015	benign_only	1	3
TMCC2	9911	1	0	1	0.000000	0.000015	benign_only	1	1
TMCC3	57458	1	0	1	0.000000	0.000015	benign_only	1	12
TMCO3	55002	1	0	1	0.000000	0.000015	benign_only	1	13
TMED5	50999	1	0	1	0.000000	0.000015	benign_only	1	1
TMEFF2	23671	1	0	1	0.000000	0.000015	benign_only	1	2
TMEM104	54868	1	0	1	0.000000	0.000015	benign_only	1	17
TMEM106A	113277	1	0	1	0.000000	0.000015	benign_only	1	17
TMEM119	338773	1	0	1	0.000000	0.000015	benign_only	1	12
TMEM131	23505	1	0	1	0.000000	0.000015	benign_only	1	2
TMEM131L	23240	1	0	1	0.000000	0.000015	benign_only	1	4
TMEM132B	114795	1	0	1	0.000000	0.000015	benign_only	1	12
TMEM163	81615	1	1	0	1.000000	0.000015	pathogenic_only	1	2
TMEM168	64418	1	0	1	0.000000	0.000015	benign_only	1	7
TMEM186	25880	1	0	1	0.000000	0.000015	benign_only	1	16
TMEM187	8269	1	0	1	0.000000	0.000015	benign_only	1	X
TMEM213	155006	1	0	1	0.000000	0.000015	benign_only	1	7
TMEM214	54867	1	0	1	0.000000	0.000015	benign_only	1	2
TMEM218	219854	1	1	0	1.000000	0.000015	pathogenic_only	1	11
TMEM219	124446	1	0	1	0.000000	0.000015	benign_only	1	16
TMEM238	388564	1	0	1	0.000000	0.000015	benign_only	1	19
TMEM256	254863	1	0	1	0.000000	0.000015	benign_only	1	17
TMEM256-PLSCR3	100529211	1	0	1	0.000000	0.000015	benign_only	1	17
TMEM37	140738	1	0	1	0.000000	0.000015	benign_only	1	2
TMEM79	84283	1	0	1	0.000000	0.000015	benign_only	1	1
TMEM98	26022	1	0	1	0.000000	0.000015	benign_only	1	17
TMLHE	55217	1	0	1	0.000000	0.000015	benign_only	1	X
TMPRSS11E	28983	1	0	1	0.000000	0.000015	benign_only	1	4
TMPRSS4	56649	1	0	1	0.000000	0.000015	benign_only	1	11
TMX2	51075	1	0	1	0.000000	0.000015	benign_only	1	11
TMX3	54495	1	0	1	0.000000	0.000015	benign_only	1	18
TNF	7124	1	0	1	0.000000	0.000015	benign_only	1	6
TNFRSF10B	8795	1	0	1	0.000000	0.000015	benign_only	1	8
TNFRSF17	608	1	0	1	0.000000	0.000015	benign_only	1	16
TNFRSF21	27242	1	0	1	0.000000	0.000015	benign_only	1	6
TNFRSF6B	8771	1	0	1	0.000000	0.000015	benign_only	1	20
TNFSF10	8743	1	0	1	0.000000	0.000015	benign_only	1	3
TNFSF13B	10673	1	0	1	0.000000	0.000015	benign_only	1	13
TNFSF15	9966	1	0	1	0.000000	0.000015	benign_only	1	9
TNFSF9	8744	1	0	1	0.000000	0.000015	benign_only	1	19
TNIP1	10318	1	0	1	0.000000	0.000015	benign_only	1	5
TNN	63923	1	0	1	0.000000	0.000015	benign_only	1	1
TNPO2	30000	1	0	1	0.000000	0.000015	benign_only	1	19
TNPO3	23534	1	0	1	0.000000	0.000015	benign_only	1	7
TNS4	84951	1	0	1	0.000000	0.000015	benign_only	1	17
TOLLIP	54472	1	0	1	0.000000	0.000015	benign_only	1	11
TOMM40	10452	1	0	1	0.000000	0.000015	benign_only	1	19
TOP3B	8940	1	0	1	0.000000	0.000015	benign_only	1	22
TOPBP1	11073	1	0	1	0.000000	0.000015	benign_only	1	3
TOR2A	27433	1	0	1	0.000000	0.000015	benign_only	1	9
TOX2	84969	1	0	1	0.000000	0.000015	benign_only	1	20
TOX3	27324	1	0	1	0.000000	0.000015	benign_only	1	16
TP53RK-DT	118597844	1	0	1	0.000000	0.000015	benign_only	1	20
TP73	7161	1	0	1	0.000000	0.000015	benign_only	1	1
TPCN1	53373	1	0	1	0.000000	0.000015	benign_only	1	12
TPD52L2	7165	1	0	1	0.000000	0.000015	benign_only	1	20
TPGS1	91978	1	0	1	0.000000	0.000015	benign_only	1	19
TPI1	7167	1	1	0	1.000000	0.000015	pathogenic_only	1	12
TPPP	11076	1	0	1	0.000000	0.000015	benign_only	1	5
TPSD1	23430	1	0	1	0.000000	0.000015	benign_only	1	16
TPSG1	25823	1	0	1	0.000000	0.000015	benign_only	1	16
TRAF3	7187	1	0	1	0.000000	0.000015	benign_only	1	14
TRAF4	9618	1	0	1	0.000000	0.000015	benign_only	1	17
TRAM1	23471	1	0	1	0.000000	0.000015	benign_only	1	8
TRAPPC12-AS1	100861515	1	1	0	1.000000	0.000015	pathogenic_only	1	2
TRAPPC5	126003	1	0	1	0.000000	0.000015	benign_only	1	19
TRAPPC6B	122553	1	0	1	0.000000	0.000015	benign_only	1	14
TRAPPC8	22878	1	0	1	0.000000	0.000015	benign_only	1	18
TRDMT1	1787	1	0	1	0.000000	0.000015	benign_only	1	10
TRDN-AS1	101927990	1	0	1	0.000000	0.000015	benign_only	1	6
TRERF1	55809	1	0	1	0.000000	0.000015	benign_only	1	6
TRHR	7201	1	0	1	0.000000	0.000015	benign_only	1	8
TRIB1	10221	1	0	1	0.000000	0.000015	benign_only	1	8
TRIM16	10626	1	0	1	0.000000	0.000015	benign_only	1	17
TRIM2	23321	1	0	1	0.000000	0.000015	benign_only	1	4
TRIM24	8805	1	0	1	0.000000	0.000015	benign_only	1	7
TRIM25	7706	1	0	1	0.000000	0.000015	benign_only	1	17
TRIM40	135644	1	0	1	0.000000	0.000015	benign_only	1	6
TRIM44	54765	1	0	1	0.000000	0.000015	benign_only	1	11
TRIM49B	283116	1	0	1	0.000000	0.000015	benign_only	1	11
TRIM49D1	399939	1	0	1	0.000000	0.000015	benign_only	1	11
TRIM51	84767	1	0	1	0.000000	0.000015	benign_only	1	11
TRIM6	117854	1	0	1	0.000000	0.000015	benign_only	1	11
TRIM62	55223	1	0	1	0.000000	0.000015	benign_only	1	1
TRIM63	84676	1	0	1	0.000000	0.000015	benign_only	1	1
TRIP13	9319	1	0	1	0.000000	0.000015	benign_only	1	5
TRIP6	7205	1	0	1	0.000000	0.000015	benign_only	1	7
TRMT10B	158234	1	0	1	0.000000	0.000015	benign_only	1	9
TRPM7	54822	1	0	1	0.000000	0.000015	benign_only	1	15
TSACC	128229	1	0	1	0.000000	0.000015	benign_only	1	1
TSHZ3	57616	1	0	1	0.000000	0.000015	benign_only	1	19
TSNARE1	203062	1	0	1	0.000000	0.000015	benign_only	1	8
TSNAX	7257	1	0	1	0.000000	0.000015	benign_only	1	1
TSPAN10	83882	1	0	1	0.000000	0.000015	benign_only	1	17
TSPAN18	90139	1	0	1	0.000000	0.000015	benign_only	1	11
TSPAN2	10100	1	0	1	0.000000	0.000015	benign_only	1	1
TSPAN32	10077	1	0	1	0.000000	0.000015	benign_only	1	11
TSPEAR-AS1	54082	1	1	0	1.000000	0.000015	pathogenic_only	1	21
TSPYL2	64061	1	0	1	0.000000	0.000015	benign_only	1	X
TSSC4	10078	1	0	1	0.000000	0.000015	benign_only	1	11
TTBK1	84630	1	0	1	0.000000	0.000015	benign_only	1	6
TTC12	54970	1	0	1	0.000000	0.000015	benign_only	1	11
TTC28-AS1	284900	1	0	1	0.000000	0.000015	benign_only	1	22
TTC3-AS1	100874006	1	0	1	0.000000	0.000015	benign_only	1	21
TTC7B	145567	1	0	1	0.000000	0.000015	benign_only	1	14
TTC8	123016	1	0	1	0.000000	0.000015	benign_only	1	14
TTL	150465	1	0	1	0.000000	0.000015	benign_only	1	2
TTLL6	284076	1	0	1	0.000000	0.000015	benign_only	1	17
TUBA3D	113457	1	0	1	0.000000	0.000015	benign_only	1	2
TUBA4B	80086	1	1	0	1.000000	0.000015	pathogenic_only	1	2
TUBAL3	79861	1	0	1	0.000000	0.000015	benign_only	1	10
TUBB8	347688	1	1	0	1.000000	0.000015	pathogenic_only	1	10
TUBG2	27175	1	0	1	0.000000	0.000015	benign_only	1	17
TUBGCP2	10844	1	0	1	0.000000	0.000015	benign_only	1	10
TUBGCP5	114791	1	0	1	0.000000	0.000015	benign_only	1	15
TUFT1	7286	1	0	1	0.000000	0.000015	benign_only	1	1
TULP4	56995	1	0	1	0.000000	0.000015	benign_only	1	6
TUSC3	7991	1	0	1	0.000000	0.000015	benign_only	1	8
TUT7	79670	1	0	1	0.000000	0.000015	benign_only	1	9
TXLNA	200081	1	0	1	0.000000	0.000015	benign_only	1	1
TXLNG	55787	1	0	1	0.000000	0.000015	benign_only	1	X
TXNDC11	51061	1	0	1	0.000000	0.000015	benign_only	1	16
TXNDC17	84817	1	0	1	0.000000	0.000015	benign_only	1	17
TYSND1	219743	1	0	1	0.000000	0.000015	benign_only	1	10
TYW1	55253	1	0	1	0.000000	0.000015	benign_only	1	7
TZMP1	100129250	1	0	1	0.000000	0.000015	benign_only	1	9
UACA	55075	1	0	1	0.000000	0.000015	benign_only	1	15
UBA2	10054	1	1	0	1.000000	0.000015	pathogenic_only	1	19
UBA7	7318	1	0	1	0.000000	0.000015	benign_only	1	3
UBAC1	10422	1	0	1	0.000000	0.000015	benign_only	1	9
UBAC2	337867	1	0	1	0.000000	0.000015	benign_only	1	13
UBASH3A	53347	1	0	1	0.000000	0.000015	benign_only	1	21
UBE2NL	389898	1	0	1	0.000000	0.000015	benign_only	1	X
UBE2R2-AS1	101929688	1	0	1	0.000000	0.000015	benign_only	1	9
UBE2S	27338	1	0	1	0.000000	0.000015	benign_only	1	19
UBE4B	10277	1	0	1	0.000000	0.000015	benign_only	1	1
UBN1	29855	1	0	1	0.000000	0.000015	benign_only	1	16
UBQLN1	29979	1	0	1	0.000000	0.000015	benign_only	1	9
UBQLN2	29978	1	1	0	1.000000	0.000015	pathogenic_only	1	X
UBQLNL	143630	1	0	1	0.000000	0.000015	benign_only	1	11
UBR5	51366	1	0	1	0.000000	0.000015	benign_only	1	8
UCHL1	7345	1	0	1	0.000000	0.000015	benign_only	1	4
UCKL1	54963	1	0	1	0.000000	0.000015	benign_only	1	20
UCMA	221044	1	0	1	0.000000	0.000015	benign_only	1	10
UCP1	7350	1	0	1	0.000000	0.000015	benign_only	1	4
UFM1	51569	1	1	0	1.000000	0.000015	pathogenic_only	1	13
UGP2	7360	1	1	0	1.000000	0.000015	pathogenic_only	1	2
UGT8	7368	1	0	1	0.000000	0.000015	benign_only	1	4
ULK2	9706	1	0	1	0.000000	0.000015	benign_only	1	17
ULK3	25989	1	0	1	0.000000	0.000015	benign_only	1	15
UNC93A	54346	1	0	1	0.000000	0.000015	benign_only	1	6
UNG	7374	1	0	1	0.000000	0.000015	benign_only	1	12
UPF1	5976	1	0	1	0.000000	0.000015	benign_only	1	19
UPF2	26019	1	0	1	0.000000	0.000015	benign_only	1	10
UPK2	7379	1	0	1	0.000000	0.000015	benign_only	1	11
UPP2	151531	1	0	1	0.000000	0.000015	benign_only	1	2
UQCC1	55245	1	0	1	0.000000	0.000015	benign_only	1	20
UQCRFS1	7386	1	0	1	0.000000	0.000015	benign_only	1	19
UQCRHL	440567	1	0	1	0.000000	0.000015	benign_only	1	1
USP20	10868	1	0	1	0.000000	0.000015	benign_only	1	9
USP24	23358	1	0	1	0.000000	0.000015	benign_only	1	1
USP3	9960	1	0	1	0.000000	0.000015	benign_only	1	15
USP35	57558	1	0	1	0.000000	0.000015	benign_only	1	11
USP50	373509	1	0	1	0.000000	0.000015	benign_only	1	15
USP7-AS1	105371074	1	0	1	0.000000	0.000015	benign_only	1	16
UTS2	10911	1	0	1	0.000000	0.000015	benign_only	1	1
UTS2R	2837	1	0	1	0.000000	0.000015	benign_only	1	17
UVRAG	7405	1	0	1	0.000000	0.000015	benign_only	1	11
VANGL2	57216	1	0	1	0.000000	0.000015	benign_only	1	1
VASP	7408	1	0	1	0.000000	0.000015	benign_only	1	19
VAX1	11023	1	0	1	0.000000	0.000015	benign_only	1	10
VAX2	25806	1	0	1	0.000000	0.000015	benign_only	1	2
VCAM1	7412	1	0	1	0.000000	0.000015	benign_only	1	1
VCX2	51480	1	0	1	0.000000	0.000015	benign_only	1	X
VEGFB	7423	1	0	1	0.000000	0.000015	benign_only	1	11
VGF	7425	1	0	1	0.000000	0.000015	benign_only	1	7
VILL	50853	1	0	1	0.000000	0.000015	benign_only	1	3
VIM	7431	1	0	1	0.000000	0.000015	benign_only	1	10
VIM-AS1	100507347	1	0	1	0.000000	0.000015	benign_only	1	10
VIPR2	7434	1	0	1	0.000000	0.000015	benign_only	1	7
VKORC1	79001	1	0	1	0.000000	0.000015	benign_only	1	16
VLDLR-AS1	401491	1	0	1	0.000000	0.000015	benign_only	1	9
VN1R4	317703	1	0	1	0.000000	0.000015	benign_only	1	19
VPS16	64601	1	0	1	0.000000	0.000015	benign_only	1	20
VPS18	57617	1	0	1	0.000000	0.000015	benign_only	1	15
VPS25	84313	1	0	1	0.000000	0.000015	benign_only	1	17
VPS50	55610	1	0	1	0.000000	0.000015	benign_only	1	7
VPS54	51542	1	0	1	0.000000	0.000015	benign_only	1	2
VRTN	55237	1	0	1	0.000000	0.000015	benign_only	1	14
VSIG1	340547	1	0	1	0.000000	0.000015	benign_only	1	X
VSIG10L-AS1	118827807	1	0	1	0.000000	0.000015	benign_only	1	19
WASF2	10163	1	0	1	0.000000	0.000015	benign_only	1	1
WDR45B	56270	1	0	1	0.000000	0.000015	benign_only	1	17
WDR74	54663	1	0	1	0.000000	0.000015	benign_only	1	11
WDR90	197335	1	0	1	0.000000	0.000015	benign_only	1	16
WEE1	7465	1	0	1	0.000000	0.000015	benign_only	1	11
WEE2	494551	1	0	1	0.000000	0.000015	benign_only	1	7
WEE2-AS1	285962	1	0	1	0.000000	0.000015	benign_only	1	7
WFDC2	10406	1	1	0	1.000000	0.000015	pathogenic_only	1	20
WFIKKN2	124857	1	0	1	0.000000	0.000015	benign_only	1	17
WHAMM	123720	1	0	1	0.000000	0.000015	benign_only	1	15
WIF1	11197	1	0	1	0.000000	0.000015	benign_only	1	12
WIPF1	7456	1	0	1	0.000000	0.000015	benign_only	1	2
WIPI1	55062	1	0	1	0.000000	0.000015	benign_only	1	17
WNT11	7481	1	0	1	0.000000	0.000015	benign_only	1	11
WNT16	51384	1	0	1	0.000000	0.000015	benign_only	1	7
WNT2	7472	1	0	1	0.000000	0.000015	benign_only	1	7
WNT2B	7482	1	0	1	0.000000	0.000015	benign_only	1	1
WNT3A	89780	1	0	1	0.000000	0.000015	benign_only	1	1
WNT7A	7476	1	1	0	1.000000	0.000015	pathogenic_only	1	3
WNT8B	7479	1	0	1	0.000000	0.000015	benign_only	1	10
WSB2	55884	1	0	1	0.000000	0.000015	benign_only	1	12
WSCD2	9671	1	0	1	0.000000	0.000015	benign_only	1	12
XAF1	54739	1	0	1	0.000000	0.000015	benign_only	1	17
XIRP2-AS1	100874011	1	0	1	0.000000	0.000015	benign_only	1	2
XNDC1N-ZNF705EP-ALG1L9P	122319435	1	0	1	0.000000	0.000015	benign_only	1	11
XPNPEP3	63929	1	0	1	0.000000	0.000015	benign_only	1	22
XPR1	9213	1	0	1	0.000000	0.000015	benign_only	1	1
YBEY	54059	1	0	1	0.000000	0.000015	benign_only	1	21
YIPF3	25844	1	0	1	0.000000	0.000015	benign_only	1	6
YLPM1	56252	1	0	1	0.000000	0.000015	benign_only	1	14
YTHDF1	54915	1	0	1	0.000000	0.000015	benign_only	1	20
ZBED1	9189	1	0	1	0.000000	0.000015	benign_only	1	X
ZBED4	9889	1	0	1	0.000000	0.000015	benign_only	1	22
ZBTB11	27107	1	0	1	0.000000	0.000015	benign_only	1	3
ZBTB16	7704	1	0	1	0.000000	0.000015	benign_only	1	11
ZBTB47-AS1	101928323	1	0	1	0.000000	0.000015	benign_only	1	3
ZBTB49	166793	1	0	1	0.000000	0.000015	benign_only	1	4
ZBTB7A	51341	1	1	0	1.000000	0.000015	pathogenic_only	1	19
ZCCHC12	170261	1	0	1	0.000000	0.000015	benign_only	1	X
ZCCHC13	389874	1	0	1	0.000000	0.000015	benign_only	1	X
ZDHHC13	54503	1	0	1	0.000000	0.000015	benign_only	1	11
ZDHHC14	79683	1	0	1	0.000000	0.000015	benign_only	1	6
ZEB1-AS1	220930	1	1	0	1.000000	0.000015	pathogenic_only	1	10
ZFAND6	54469	1	0	1	0.000000	0.000015	benign_only	1	15
ZFP36	7538	1	0	1	0.000000	0.000015	benign_only	1	19
ZFP69B	65243	1	0	1	0.000000	0.000015	benign_only	1	1
ZFP91-CNTF	386607	1	0	1	0.000000	0.000015	benign_only	1	11
ZFX	7543	1	1	0	1.000000	0.000015	pathogenic_only	1	X
ZFYVE16	9765	1	0	1	0.000000	0.000015	benign_only	1	5
ZGRF1	55345	1	0	1	0.000000	0.000015	benign_only	1	4
ZIC2	7546	1	0	1	0.000000	0.000015	benign_only	1	13
ZIC5	85416	1	0	1	0.000000	0.000015	benign_only	1	13
ZMYND15	84225	1	0	1	0.000000	0.000015	benign_only	1	17
ZNF100	163227	1	0	1	0.000000	0.000015	benign_only	1	19
ZNF106	64397	1	0	1	0.000000	0.000015	benign_only	1	15
ZNF112	7771	1	0	1	0.000000	0.000015	benign_only	1	19
ZNF114	163071	1	0	1	0.000000	0.000015	benign_only	1	19
ZNF131	7690	1	0	1	0.000000	0.000015	benign_only	1	5
ZNF148	7707	1	0	1	0.000000	0.000015	benign_only	1	3
ZNF157	7712	1	0	1	0.000000	0.000015	benign_only	1	X
ZNF217	7764	1	0	1	0.000000	0.000015	benign_only	1	20
ZNF225	7768	1	0	1	0.000000	0.000015	benign_only	1	19
ZNF229	7772	1	0	1	0.000000	0.000015	benign_only	1	19
ZNF253	56242	1	0	1	0.000000	0.000015	benign_only	1	19
ZNF263	10127	1	0	1	0.000000	0.000015	benign_only	1	16
ZNF28	7576	1	0	1	0.000000	0.000015	benign_only	1	19
ZNF331	55422	1	0	1	0.000000	0.000015	benign_only	1	19
ZNF33B	7582	1	0	1	0.000000	0.000015	benign_only	1	10
ZNF345	25850	1	0	1	0.000000	0.000015	benign_only	1	19
ZNF350	59348	1	0	1	0.000000	0.000015	benign_only	1	19
ZNF350-AS1	101669766	1	0	1	0.000000	0.000015	benign_only	1	19
ZNF362	149076	1	0	1	0.000000	0.000015	benign_only	1	1
ZNF365	22891	1	0	1	0.000000	0.000015	benign_only	1	10
ZNF385B	151126	1	0	1	0.000000	0.000015	benign_only	1	2
ZNF398	57541	1	0	1	0.000000	0.000015	benign_only	1	7
ZNF419	79744	1	0	1	0.000000	0.000015	benign_only	1	19
ZNF432	9668	1	0	1	0.000000	0.000015	benign_only	1	19
ZNF440	126070	1	0	1	0.000000	0.000015	benign_only	1	19
ZNF513	130557	1	0	1	0.000000	0.000015	benign_only	1	2
ZNF518B	85460	1	0	1	0.000000	0.000015	benign_only	1	4
ZNF526	116115	1	0	1	0.000000	0.000015	benign_only	1	19
ZNF532	55205	1	0	1	0.000000	0.000015	benign_only	1	18
ZNF540	163255	1	0	1	0.000000	0.000015	benign_only	1	19
ZNF559	84527	1	0	1	0.000000	0.000015	benign_only	1	19
ZNF559-ZNF177	100529215	1	0	1	0.000000	0.000015	benign_only	1	19
ZNF571	51276	1	0	1	0.000000	0.000015	benign_only	1	19
ZNF571-AS1	100507433	1	0	1	0.000000	0.000015	benign_only	1	19
ZNF580	51157	1	0	1	0.000000	0.000015	benign_only	1	19
ZNF581	51545	1	0	1	0.000000	0.000015	benign_only	1	19
ZNF582	147948	1	0	1	0.000000	0.000015	benign_only	1	19
ZNF587B	100293516	1	0	1	0.000000	0.000015	benign_only	1	19
ZNF589	51385	1	0	1	0.000000	0.000015	benign_only	1	3
ZNF607	84775	1	0	1	0.000000	0.000015	benign_only	1	19
ZNF629	23361	1	0	1	0.000000	0.000015	benign_only	1	16
ZNF655	79027	1	0	1	0.000000	0.000015	benign_only	1	7
ZNF658	26149	1	0	1	0.000000	0.000015	benign_only	1	9
ZNF671	79891	1	0	1	0.000000	0.000015	benign_only	1	19
ZNF69	7620	1	0	1	0.000000	0.000015	benign_only	1	19
ZNF699	374879	1	0	1	0.000000	0.000015	benign_only	1	19
ZNF763	284390	1	0	1	0.000000	0.000015	benign_only	1	19
ZNF839	55778	1	0	1	0.000000	0.000015	benign_only	1	14
ZNF844	284391	1	0	1	0.000000	0.000015	benign_only	1	19
ZNF845	91664	1	0	1	0.000000	0.000015	benign_only	1	19
ZNF862	643641	1	0	1	0.000000	0.000015	benign_only	1	7
ZNF875	284459	1	0	1	0.000000	0.000015	benign_only	1	19
ZNF91	7644	1	0	1	0.000000	0.000015	benign_only	1	19
ZNF93	81931	1	0	1	0.000000	0.000015	benign_only	1	19
ZNHIT3	9326	1	1	0	1.000000	0.000015	pathogenic_only	1	17
ZNRD2	10534	1	0	1	0.000000	0.000015	benign_only	1	11
ZP1	22917	1	0	1	0.000000	0.000015	benign_only	1	11
ZP2	7783	1	0	1	0.000000	0.000015	benign_only	1	16
ZPBP	11055	1	0	1	0.000000	0.000015	benign_only	1	7
ZPR1	8882	1	0	1	0.000000	0.000015	benign_only	1	11
ZRANB3	84083	1	0	1	0.000000	0.000015	benign_only	1	2
ZSCAN25	221785	1	0	1	0.000000	0.000015	benign_only	1	7
ZSCAN4	201516	1	0	1	0.000000	0.000015	benign_only	1	19
ZSWIM2	151112	1	0	1	0.000000	0.000015	benign_only	1	2
ZSWIM5	57643	1	0	1	0.000000	0.000015	benign_only	1	1
ZWILCH	55055	1	0	1	0.000000	0.000015	benign_only	1	15
ZYG11A	440590	1	0	1	0.000000	0.000015	benign_only	1	1
ZYX	7791	1	0	1	0.000000	0.000015	benign_only	1	7
ZZEF1	23140	1	0	1	0.000000	0.000015	benign_only	1	17
