gene_id	symbol_count	symbols	record_count	pathogenic_count	benign_count	gene_component_id	component_gene_count
2	1	A2M	3	0	3	GC_2	3
9	1	NAT1	1	0	1	GC_9	1
10	1	NAT2	1	0	1	GC_10	1
12	1	SERPINA3	2	0	2	GC_12	1
15	1	AANAT	1	0	1	GC_15	1
16	1	AARS1	11	2	9	GC_16	1
18	1	ABAT	5	2	3	GC_18	1
19	1	ABCA1	30	4	26	GC_19	3
20	1	ABCA2	6	0	6	GC_20	3
21	1	ABCA3	33	24	9	GC_21	1
22	1	ABCB7	8	0	8	GC_22	2
24	1	ABCA4	300	287	13	GC_24	3
25	1	ABL1	48	9	39	GC_25	2
26	1	AOC1	1	0	1	GC_26	1
27	1	ABL2	2	0	2	GC_27	1
29	1	ABR	4	0	4	GC_29	2
30	1	ACAA1	1	0	1	GC_30	1
31	1	ACACA	1	0	1	GC_31	1
32	1	ACACB	5	0	5	GC_32	2
33	1	ACADL	1	0	1	GC_33	1
34	1	ACADM	77	76	1	GC_34	1
35	1	ACADS	23	19	4	GC_35	1
36	1	ACADSB	8	5	3	GC_36	1
37	1	ACADVL	73	68	5	GC_37	5
38	1	ACAT1	32	31	1	GC_38	1
41	1	ASIC1	1	0	1	GC_41	1
43	1	ACHE	3	0	3	GC_43	1
49	1	ACR	1	0	1	GC_49	1
50	1	ACO2	2	1	1	GC_50	2
51	1	ACOX1	6	1	5	GC_51	1
52	1	ACP1	1	0	1	GC_52	1
53	1	ACP2	2	0	2	GC_53	3
54	1	ACP5	6	2	4	GC_54	1
55	1	ACP3	1	0	1	GC_55	1
58	1	ACTA1	70	70	0	GC_58	1
59	1	ACTA2	16	16	0	GC_59	3
60	1	ACTB	27	27	0	GC_60	1
70	1	ACTC1	6	6	0	GC_70	2
71	1	ACTG1	20	20	0	GC_71	2
72	1	ACTG2	15	15	0	GC_72	1
81	1	ACTN4	6	1	5	GC_81	1
87	1	ACTN1	9	6	3	GC_87	1
88	1	ACTN2	11	3	8	GC_88	1
90	1	ACVR1	6	3	3	GC_90	1
93	1	ACVR2B	4	1	3	GC_93	1
94	1	ACVRL1	104	96	8	GC_94	1
95	1	ACY1	2	0	2	GC_95	2
97	1	ACYP1	1	0	1	GC_97	2
98	1	ACYP2	5	0	5	GC_98	2
100	1	ADA	40	33	7	GC_100	3
101	1	ADAM8	4	0	4	GC_101	1
103	1	ADAR	8	3	5	GC_103	1
104	1	ADARB1	1	0	1	GC_104	1
105	1	ADARB2	2	0	2	GC_105	1
107	1	ADCY1	4	0	4	GC_107	2
109	1	ADCY3	1	0	1	GC_109	1
111	1	ADCY5	8	4	4	GC_111	1
112	1	ADCY6	1	0	1	GC_112	1
115	1	ADCY9	2	0	2	GC_115	1
118	1	ADD1	1	0	1	GC_118	1
119	1	ADD2	3	0	3	GC_119	1
120	1	ADD3	4	1	3	GC_120	1
125	1	ADH1B	1	0	1	GC_125	2
126	1	ADH1C	2	0	2	GC_126	1
131	1	ADH7	1	0	1	GC_131	1
132	1	ADK	2	1	1	GC_132	1
133	1	ADM	1	0	1	GC_133	1
135	1	ADORA2A	1	0	1	GC_135	4
136	1	ADORA2B	1	0	1	GC_136	1
142	1	PARP1	2	0	2	GC_142	1
143	1	PARP4	4	0	4	GC_143	1
148	1	ADRA1A	1	0	1	GC_148	1
151	1	ADRA2B	2	0	2	GC_151	1
153	1	ADRB1	3	0	3	GC_153	1
155	1	ADRB3	2	0	2	GC_155	1
158	1	ADSL	18	15	3	GC_158	1
164	1	AP1G1	2	1	1	GC_164	1
165	1	AEBP1	10	0	10	GC_165	1
175	1	AGA	17	11	6	GC_175	1
176	1	ACAN	47	1	46	GC_176	1
178	1	AGL	20	4	16	GC_178	1
181	1	AGRP	1	0	1	GC_181	2
182	1	JAG1	24	6	18	GC_182	1
185	1	AGTR1	3	0	3	GC_185	1
186	1	AGTR2	2	0	2	GC_186	1
187	1	APLNR	1	0	1	GC_187	1
189	1	AGXT	58	48	10	GC_189	1
190	1	NR0B1	6	3	3	GC_190	1
191	1	AHCY	7	4	3	GC_191	1
196	1	AHR	3	0	3	GC_196	1
197	1	AHSG	4	0	4	GC_197	1
203	1	AK1	2	0	2	GC_203	2
204	1	AK2	8	4	4	GC_204	2
207	1	AKT1	2	1	1	GC_207	1
210	1	ALAD	2	1	1	GC_210	1
211	1	ALAS1	1	0	1	GC_211	1
212	1	ALAS2	14	5	9	GC_212	2
213	1	ALB	2	0	2	GC_213	1
214	1	ALCAM	2	0	2	GC_214	1
215	1	ABCD1	98	77	21	GC_215	2
216	1	ALDH1A1	1	0	1	GC_216	1
217	1	ALDH2	4	0	4	GC_217	1
218	1	ALDH3A1	1	0	1	GC_218	1
219	1	ALDH1B1	5	0	5	GC_219	1
220	1	ALDH1A3	5	2	3	GC_220	2
224	1	ALDH3A2	20	15	5	GC_224	1
226	1	ALDOA	1	1	0	GC_226	2
229	1	ALDOB	10	8	2	GC_229	1
238	1	ALK	28	1	27	GC_238	1
239	1	ALOX12	4	0	4	GC_239	2
242	1	ALOX12B	15	12	3	GC_242	1
246	1	ALOX15	5	0	5	GC_246	2
247	1	ALOX15B	2	0	2	GC_247	1
249	1	ALPL	213	206	7	GC_249	1
250	1	ALPP	4	0	4	GC_250	1
251	1	ALPG	5	0	5	GC_251	2
257	1	ALX3	1	0	1	GC_257	1
258	1	AMBN	4	0	4	GC_258	1
262	1	AMD1	1	1	0	GC_262	2
268	1	AMH	12	4	8	GC_268	1
269	1	AMHR2	4	3	1	GC_269	1
270	1	AMPD1	1	0	1	GC_270	1
271	1	AMPD2	4	2	2	GC_271	2
272	1	AMPD3	4	0	4	GC_272	1
273	1	AMPH	1	0	1	GC_273	1
274	1	BIN1	6	2	4	GC_274	1
275	1	AMT	22	19	3	GC_275	2
276	1	AMY1A	1	0	1	GC_276	1
279	1	AMY2A	1	0	1	GC_279	1
283	1	ANG	2	0	2	GC_283	3
284	1	ANGPT1	1	0	1	GC_284	1
285	1	ANGPT2	4	0	4	GC_285	3
286	1	ANK1	8	0	8	GC_286	1
287	1	ANK2	58	0	58	GC_287	3
288	1	ANK3	20	0	20	GC_288	1
290	1	ANPEP	3	0	3	GC_290	2
291	1	SLC25A4	3	2	1	GC_291	1
292	1	SLC25A5	1	0	1	GC_292	1
302	1	ANXA2	1	0	1	GC_302	1
306	1	ANXA3	2	0	2	GC_306	1
308	1	ANXA5	1	0	1	GC_308	1
311	1	ANXA11	15	3	12	GC_311	2
314	1	AOC2	1	0	1	GC_314	1
316	1	AOX1	3	0	3	GC_316	2
317	1	APAF1	3	0	3	GC_317	1
319	1	APOF	1	0	1	GC_319	1
321	1	APBA2	2	0	2	GC_321	1
322	1	APBB1	3	1	2	GC_322	2
324	1	APC	61	14	47	GC_324	1
326	1	AIRE	26	18	8	GC_326	2
328	1	APEX1	3	0	3	GC_328	2
329	1	BIRC2	1	0	1	GC_329	1
330	1	BIRC3	1	0	1	GC_330	1
331	1	XIAP	4	0	4	GC_331	1
335	1	APOA1	4	3	1	GC_335	2
337	1	APOA4	9	0	9	GC_337	1
338	1	APOB	93	4	89	GC_338	3
344	1	APOC2	3	0	3	GC_344	2
347	1	APOD	1	0	1	GC_347	1
348	1	APOE	2	2	0	GC_348	1
350	1	APOH	3	0	3	GC_350	1
351	1	APP	12	8	4	GC_351	1
353	1	APRT	6	5	1	GC_353	2
354	1	KLK3	1	0	1	GC_354	1
355	1	FAS	12	8	4	GC_59	3
356	1	FASLG	1	0	1	GC_356	1
357	1	SHROOM2	3	0	3	GC_357	1
359	1	AQP2	14	14	0	GC_359	2
361	1	AQP4	2	0	2	GC_361	1
362	1	AQP5	2	0	2	GC_362	1
363	1	AQP6	1	0	1	GC_363	1
367	1	AR	49	42	7	GC_367	1
368	1	ABCC6	61	34	27	GC_368	1
372	1	ARCN1	3	0	3	GC_372	1
375	1	ARF1	4	4	0	GC_375	2
377	1	ARF3	1	1	0	GC_377	1
383	1	ARG1	17	16	1	GC_383	2
384	1	ARG2	1	0	1	GC_384	7
387	1	RHOA	1	1	0	GC_387	1
392	1	ARHGAP1	1	0	1	GC_392	1
394	1	ARHGAP5	1	0	1	GC_394	1
396	1	ARHGDIA	2	0	2	GC_396	1
403	1	ARL3	1	0	1	GC_403	1
405	1	ARNT	1	0	1	GC_405	1
407	1	ARR3	2	0	2	GC_407	1
410	1	ARSA	89	85	4	GC_410	1
411	1	ARSB	51	46	5	GC_411	2
412	1	STS	6	1	5	GC_412	1
414	1	ARSD	3	0	3	GC_414	1
415	1	ARSL	14	3	11	GC_415	1
419	1	ART3	1	0	1	GC_419	2
421	1	ARVCF	13	0	13	GC_421	1
427	1	ASAH1	26	15	11	GC_427	2
429	1	ASCL1	1	0	1	GC_429	3
435	1	ASL	56	55	1	GC_435	1
438	1	ASMT	1	0	1	GC_438	1
440	1	ASNS	15	13	2	GC_440	2
443	1	ASPA	39	35	4	GC_443	2
444	1	ASPH	3	1	2	GC_444	1
445	1	ASS1	55	52	3	GC_445	1
462	1	SERPINC1	41	34	7	GC_462	1
463	1	ZFHX3	5	0	5	GC_463	2
468	1	ATF4	7	0	7	GC_468	1
471	1	ATIC	10	0	10	GC_471	7
472	1	ATM	109	75	34	GC_472	2
473	1	RERE	34	8	26	GC_473	1
474	1	ATOH1	3	0	3	GC_474	1
476	1	ATP1A1	11	7	4	GC_476	2
477	1	ATP1A2	33	27	6	GC_477	1
478	1	ATP1A3	46	45	1	GC_478	1
480	1	ATP1A4	2	0	2	GC_480	1
486	1	FXYD2	3	0	3	GC_486	2
487	1	ATP2A1	3	0	3	GC_487	1
488	1	ATP2A2	8	6	2	GC_488	2
489	1	ATP2A3	1	0	1	GC_489	1
491	1	ATP2B2	8	3	5	GC_491	1
492	1	ATP2B3	4	1	3	GC_492	1
493	1	ATP2B4	7	0	7	GC_493	1
495	1	ATP4A	4	0	4	GC_495	1
498	1	ATP5F1A	6	3	3	GC_498	2
501	1	ALDH7A1	29	25	4	GC_501	1
513	1	ATP5F1D	1	0	1	GC_513	2
514	1	ATP5F1E	1	0	1	GC_514	2
518	1	ATP5MC3	1	0	1	GC_518	1
523	1	ATP6V1A	5	5	0	GC_523	1
525	1	ATP6V1B1	10	6	4	GC_525	1
526	1	ATP6V1B2	6	3	3	GC_526	2
529	1	ATP6V1E1	2	1	1	GC_529	1
537	1	ATP6AP1	6	1	5	GC_537	1
538	1	ATP7A	53	8	45	GC_538	3
540	1	ATP7B	127	116	11	GC_540	1
545	1	ATR	15	0	15	GC_545	1
546	1	ATRX	72	13	59	GC_546	1
547	1	KIF1A	39	36	3	GC_547	1
549	1	AUH	3	1	2	GC_549	2
550	1	AUP1	1	0	1	GC_550	4
551	1	AVP	5	2	3	GC_551	1
552	1	AVPR1A	1	0	1	GC_552	1
553	1	AVPR1B	1	0	1	GC_553	1
554	1	AVPR2	28	15	13	GC_554	1
558	1	AXL	3	0	3	GC_558	1
570	1	BAAT	6	0	6	GC_570	1
573	1	BAG1	1	0	1	GC_573	1
575	1	ADGRB1	1	0	1	GC_575	1
576	1	ADGRB2	5	0	5	GC_576	1
579	1	NKX3-2	3	0	3	GC_579	1
580	1	BARD1	14	2	12	GC_580	1
582	1	BBS1	14	11	3	GC_582	2
583	1	BBS2	16	13	3	GC_583	1
585	1	BBS4	5	2	3	GC_585	1
587	1	BCAT2	2	0	2	GC_587	1
590	1	BCHE	8	8	0	GC_590	1
593	1	BCKDHA	32	29	3	GC_593	1
594	1	BCKDHB	38	35	3	GC_594	1
608	1	TNFRSF17	1	0	1	GC_608	2
610	1	HCN2	8	1	7	GC_610	1
611	1	OPN1SW	1	0	1	GC_611	1
613	1	BCR	7	0	7	GC_613	2
617	1	BCS1L	18	17	1	GC_617	1
622	1	BDH1	2	0	2	GC_622	1
624	1	BDKRB2	1	0	1	GC_624	1
627	1	BDNF	2	0	2	GC_627	2
629	1	CFB	12	1	11	GC_629	3
631	1	BFSP1	8	0	8	GC_631	1
632	1	BGLAP	1	0	1	GC_632	2
633	1	BGN	4	0	4	GC_633	1
635	1	BHMT	2	0	2	GC_635	1
640	1	BLK	10	0	10	GC_640	3
641	1	BLM	16	5	11	GC_641	1
644	1	BLVRA	1	0	1	GC_644	1
645	1	BLVRB	2	0	2	GC_645	1
646	1	BNC1	1	0	1	GC_646	1
649	1	BMP1	6	1	5	GC_649	2
650	1	BMP2	4	0	4	GC_650	1
651	1	BMP3	3	0	3	GC_651	1
652	1	BMP4	3	0	3	GC_652	1
655	1	BMP7	1	0	1	GC_655	1
656	1	BMP8B	1	0	1	GC_656	1
657	1	BMPR1A	10	9	1	GC_657	1
658	1	BMPR1B	7	1	6	GC_658	1
659	1	BMPR2	45	27	18	GC_659	1
660	1	BMX	1	0	1	GC_660	2
667	1	DST	54	0	54	GC_667	2
668	1	FOXL2	8	7	1	GC_668	1
670	1	BPHL	1	1	0	GC_670	2
671	1	BPI	8	0	8	GC_671	1
672	1	BRCA1	368	166	202	GC_672	2
673	1	BRAF	78	71	7	GC_673	1
675	1	BRCA2	313	97	216	GC_675	1
683	1	BST1	2	0	2	GC_683	1
685	1	BTC	1	0	1	GC_685	1
686	1	BTD	67	63	4	GC_686	2
688	1	KLF5	1	0	1	GC_688	1
695	1	BTK	26	20	6	GC_695	2
699	1	BUB1	1	0	1	GC_699	1
701	1	BUB1B	8	0	8	GC_701	4
708	1	C1QBP	4	1	3	GC_708	1
710	1	SERPING1	19	13	6	GC_710	1
712	1	C1QA	2	1	1	GC_712	1
713	1	C1QB	1	0	1	GC_713	1
714	1	C1QC	4	1	3	GC_714	1
715	1	C1R	11	3	8	GC_715	2
716	1	C1S	6	0	6	GC_716	1
717	1	C2	8	0	8	GC_629	3
718	1	C3	8	4	4	GC_718	1
719	1	C3AR1	2	0	2	GC_719	1
720	1	C4A	2	0	2	GC_720	1
721	1	C4B	2	0	2	GC_721	1
722	1	C4BPA	7	0	7	GC_722	1
726	1	CAPN5	5	2	3	GC_726	1
727	1	C5	15	0	15	GC_727	1
729	1	C6	15	0	15	GC_729	1
730	1	C7	10	1	9	GC_730	1
731	1	C8A	12	0	12	GC_731	1
732	1	C8B	6	0	6	GC_732	1
733	1	C8G	2	0	2	GC_733	1
734	1	OSGIN2	1	0	1	GC_734	1
735	1	C9	10	0	10	GC_735	1
740	1	MRPL49	1	1	0	GC_740	1
745	1	MYRF	2	0	2	GC_745	1
747	1	DAGLA	3	0	3	GC_747	1
754	1	PTTG1IP	1	0	1	GC_754	1
755	1	CFAP410	12	5	7	GC_755	1
759	1	CA1	3	0	3	GC_759	1
760	1	CA2	3	1	2	GC_760	1
762	1	CA4	5	0	5	GC_762	1
763	1	CA5A	6	1	5	GC_763	1
767	1	CA8	1	0	1	GC_767	1
771	1	CA12	1	0	1	GC_771	1
773	1	CACNA1A	93	62	31	GC_773	2
774	1	CACNA1B	16	0	16	GC_774	2
775	1	CACNA1C	48	21	27	GC_775	2
776	1	CACNA1D	13	2	11	GC_776	2
777	1	CACNA1E	120	6	114	GC_777	1
778	1	CACNA1F	12	2	10	GC_778	2
779	1	CACNA1S	39	7	32	GC_779	1
781	1	CACNA2D1	8	0	8	GC_781	1
783	1	CACNB2	10	0	10	GC_783	1
785	1	CACNB4	1	0	1	GC_785	1
788	1	SLC25A20	7	6	1	GC_788	1
790	1	CAD	9	2	7	GC_790	3
799	1	CALCR	3	0	3	GC_799	1
800	1	CALD1	6	0	6	GC_800	1
801	1	CALM1	4	4	0	GC_801	2
805	1	CALM2	5	5	0	GC_805	1
808	1	CALM3	3	3	0	GC_808	1
811	1	CALR	1	0	1	GC_811	1
815	1	CAMK2A	3	3	0	GC_815	1
816	1	CAMK2B	27	4	23	GC_816	1
817	1	CAMK2D	1	0	1	GC_817	1
818	1	CAMK2G	1	1	0	GC_818	1
823	1	CAPN1	7	1	6	GC_823	1
824	1	CAPN2	1	0	1	GC_824	1
825	1	CAPN3	89	80	9	GC_825	3
827	1	CAPN6	1	0	1	GC_827	1
828	1	CAPS	2	0	2	GC_828	1
831	1	CAST	9	0	9	GC_831	3
833	1	CARS1	5	0	5	GC_833	2
834	1	CASP1	1	0	1	GC_834	1
837	1	CASP4	2	0	2	GC_837	1
840	1	CASP7	1	0	1	GC_840	1
841	1	CASP8	6	1	5	GC_841	2
842	1	CASP9	2	0	2	GC_842	1
843	1	CASP10	3	0	3	GC_843	1
844	1	CASQ1	5	1	4	GC_844	1
845	1	CASQ2	7	4	3	GC_845	1
846	1	CASR	70	62	8	GC_846	1
847	1	CAT	3	0	3	GC_847	1
857	1	CAV1	2	0	2	GC_857	1
858	1	CAV2	1	0	1	GC_858	1
859	1	CAV3	3	2	1	GC_859	3
860	1	RUNX2	11	9	2	GC_860	2
861	1	RUNX1	78	44	34	GC_861	2
863	1	CBFA2T3	1	0	1	GC_863	1
867	1	CBL	22	10	12	GC_867	1
868	1	CBLB	2	0	2	GC_868	1
871	1	SERPINH1	2	1	1	GC_871	1
875	1	CBS	60	58	2	GC_875	1
881	1	CCIN	1	0	1	GC_881	1
883	1	KYAT1	1	0	1	GC_883	4
889	1	KRIT1	10	4	6	GC_889	1
890	1	CCNA2	2	0	2	GC_890	2
894	1	CCND2	10	7	3	GC_894	1
899	1	CCNF	4	1	3	GC_899	2
902	1	CCNH	6	0	6	GC_902	2
909	1	CD1A	2	0	2	GC_909	1
910	1	CD1B	5	0	5	GC_910	2
911	1	CD1C	3	0	3	GC_910	2
912	1	CD1D	1	0	1	GC_912	1
913	1	CD1E	1	0	1	GC_913	1
915	1	CD3D	1	0	1	GC_915	1
916	1	CD3E	2	0	2	GC_916	1
917	1	CD3G	3	1	2	GC_917	2
920	1	CD4	4	0	4	GC_920	1
921	1	CD5	2	0	2	GC_921	1
925	1	CD8A	2	0	2	GC_925	1
930	1	CD19	2	0	2	GC_930	1
933	1	CD22	3	0	3	GC_933	1
939	1	CD27	3	1	2	GC_939	3
941	1	CD80	1	0	1	GC_941	1
942	1	CD86	2	0	2	GC_942	1
945	1	CD33	11	0	11	GC_945	1
946	1	SIGLEC6	2	0	2	GC_946	1
947	1	CD34	1	0	1	GC_947	1
948	1	CD36	1	0	1	GC_948	1
949	1	SCARB1	5	0	5	GC_949	2
950	1	SCARB2	4	0	4	GC_950	1
953	1	ENTPD1	1	0	1	GC_953	2
954	1	ENTPD2	1	0	1	GC_954	1
955	1	ENTPD6	2	0	2	GC_955	1
957	1	ENTPD5	8	1	7	GC_957	3
958	1	CD40	5	0	5	GC_958	1
959	1	CD40LG	10	6	4	GC_959	1
960	1	CD44	4	0	4	GC_960	1
962	1	CD48	1	0	1	GC_962	1
966	1	CD59	1	1	0	GC_966	1
967	1	CD63	4	4	0	GC_967	3
968	1	CD68	1	0	1	GC_968	1
976	1	ADGRE5	1	0	1	GC_976	1
977	1	CD151	1	0	1	GC_977	1
987	1	LRBA	17	2	15	GC_987	2
990	1	CDC6	3	0	3	GC_990	1
991	1	CDC20	1	0	1	GC_991	1
993	1	CDC25A	1	0	1	GC_993	1
998	1	CDC42	10	10	0	GC_998	1
999	1	CDH1	91	15	76	GC_999	1
1000	1	CDH2	7	1	6	GC_1000	2
1001	1	CDH3	8	1	7	GC_1001	1
1002	1	CDH4	2	0	2	GC_1002	1
1005	1	CDH7	1	0	1	GC_1005	1
1006	1	CDH8	1	0	1	GC_1006	1
1007	1	CDH9	1	0	1	GC_1007	1
1009	1	CDH11	6	1	5	GC_1009	1
1010	1	CDH12	3	0	3	GC_1010	1
1012	1	CDH13	7	0	7	GC_1012	1
1013	1	CDH15	8	0	8	GC_1013	2
1014	1	CDH16	1	0	1	GC_1014	1
1015	1	CDH17	2	0	2	GC_1015	1
1019	1	CDK4	2	2	0	GC_1019	1
1021	1	CDK6	1	0	1	GC_1021	1
1024	1	CDK8	1	1	0	GC_1024	1
1025	1	CDK9	1	1	0	GC_1025	1
1026	1	CDKN1A	1	0	1	GC_1026	1
1027	1	CDKN1B	4	0	4	GC_1027	1
1028	1	CDKN1C	11	4	7	GC_1028	1
1029	1	CDKN2A	57	38	19	GC_1029	1
1041	1	CDSN	12	0	12	GC_1041	2
1048	1	CEACAM5	9	0	9	GC_1048	1
1050	1	CEBPA	2	0	2	GC_1050	1
1053	1	CEBPE	2	0	2	GC_1053	1
1056	1	CEL	17	0	17	GC_1056	1
1062	1	CENPE	15	0	15	GC_1062	1
1063	1	CENPF	45	0	45	GC_1063	1
1069	1	CETN2	1	0	1	GC_1069	1
1071	1	CETP	10	0	10	GC_1071	1
1075	1	CTSC	12	9	3	GC_1075	1
1080	1	CFTR	181	178	3	GC_1080	6
1084	1	CEACAM3	6	0	6	GC_1084	1
1101	1	CHAD	2	0	2	GC_1101	2
1103	1	CHAT	32	16	16	GC_1103	2
1105	1	CHD1	3	0	3	GC_1105	1
1106	1	CHD2	35	9	26	GC_1106	1
1107	1	CHD3	28	19	9	GC_1107	3
1108	1	CHD4	22	15	7	GC_1108	2
1109	1	AKR1C4	2	0	2	GC_1109	1
1111	1	CHEK1	1	0	1	GC_1111	1
1117	1	CHI3L2	2	0	2	GC_1117	2
1118	1	CHIT1	5	0	5	GC_1118	1
1120	1	CHKB	1	0	1	GC_1120	2
1121	1	CHM	11	2	9	GC_1121	2
1129	1	CHRM2	6	0	6	GC_1129	2
1130	1	LYST	22	1	21	GC_1130	1
1131	1	CHRM3	2	0	2	GC_1131	1
1133	1	CHRM5	1	0	1	GC_1133	3
1134	1	CHRNA1	7	4	3	GC_1134	1
1135	1	CHRNA2	16	0	16	GC_1135	1
1136	1	CHRNA3	1	0	1	GC_1136	1
1137	1	CHRNA4	29	3	26	GC_1137	3
1138	1	CHRNA5	3	0	3	GC_1138	1
1139	1	CHRNA7	1	0	1	GC_1139	1
1140	1	CHRNB1	4	2	2	GC_1140	1
1141	1	CHRNB2	12	4	8	GC_1141	1
1142	1	CHRNB3	1	0	1	GC_1142	1
1143	1	CHRNB4	2	0	2	GC_1143	1
1144	1	CHRND	5	3	2	GC_1144	1
1145	1	CHRNE	21	18	3	GC_1145	3
1146	1	CHRNG	6	3	3	GC_1146	2
1147	1	CHUK	3	0	3	GC_1147	1
1154	1	CISH	1	0	1	GC_1154	1
1158	1	CKM	1	0	1	GC_1158	1
1159	1	CKMT1B	1	0	1	GC_1159	1
1161	1	ERCC8	9	8	1	GC_1161	2
1173	1	AP2M1	1	1	0	GC_1173	1
1175	1	AP2S1	5	3	2	GC_1175	1
1178	1	CLC	1	0	1	GC_1178	1
1179	1	CLCA1	3	0	3	GC_1179	1
1180	1	CLCN1	70	63	7	GC_1180	2
1181	1	CLCN2	14	3	11	GC_1181	1
1182	1	CLCN3	3	3	0	GC_1182	1
1183	1	CLCN4	15	8	7	GC_1183	1
1184	1	CLCN5	12	4	8	GC_1184	2
1185	1	CLCN6	4	1	3	GC_1185	1
1186	1	CLCN7	16	12	4	GC_1186	1
1187	1	CLCNKA	16	0	16	GC_1187	2
1188	1	CLCNKB	32	12	20	GC_1188	3
1191	1	CLU	3	0	3	GC_1191	1
1193	1	CLIC2	1	0	1	GC_1193	1
1200	1	TPP1	32	25	7	GC_1200	1
1201	1	CLN3	24	14	10	GC_1201	1
1203	1	CLN5	7	6	1	GC_1203	1
1209	1	CLPTM1	1	0	1	GC_1209	1
1213	1	CLTC	2	1	1	GC_1213	2
1215	1	CMA1	1	0	1	GC_1215	2
1230	1	CCR1	2	0	2	GC_1230	1
1235	1	CCR6	1	0	1	GC_1235	1
1240	1	CMKLR1	1	0	1	GC_1240	1
1244	1	ABCC2	26	7	19	GC_1244	3
1258	1	CNGB1	21	5	16	GC_1258	1
1259	1	CNGA1	4	3	1	GC_1259	2
1260	1	CNGA2	3	0	3	GC_1260	1
1261	1	CNGA3	50	46	4	GC_1261	1
1262	1	CNGA4	2	0	2	GC_1262	1
1269	1	CNR2	1	0	1	GC_1269	1
1270	1	CNTF	1	0	1	GC_1270	2
1272	1	CNTN1	5	0	5	GC_1272	1
1277	1	COL1A1	150	132	18	GC_1277	2
1278	1	COL1A2	194	183	11	GC_1278	2
1280	1	COL2A1	130	117	13	GC_1280	1
1281	1	COL3A1	153	140	13	GC_1281	2
1282	1	COL4A1	65	48	17	GC_1282	2
1284	1	COL4A2	45	2	43	GC_1284	3
1285	1	COL4A3	146	126	20	GC_1285	4
1286	1	COL4A4	108	88	20	GC_1285	4
1287	1	COL4A5	242	215	27	GC_1287	1
1288	1	COL4A6	18	0	18	GC_1288	1
1289	1	COL5A1	46	3	43	GC_1289	2
1290	1	COL5A2	31	1	30	GC_1290	1
1291	1	COL6A1	48	28	20	GC_1291	1
1292	1	COL6A2	53	28	25	GC_1292	1
1293	1	COL6A3	57	10	47	GC_1293	1
1294	1	COL7A1	157	121	36	GC_1294	1
1296	1	COL8A2	5	0	5	GC_1296	1
1297	1	COL9A1	7	0	7	GC_1297	1
1298	1	COL9A2	12	0	12	GC_1298	2
1299	1	COL9A3	19	0	19	GC_1299	2
1300	1	COL10A1	15	2	13	GC_1300	2
1301	1	COL11A1	17	5	12	GC_1301	1
1302	1	COL11A2	18	3	15	GC_1302	1
1303	1	COL12A1	27	3	24	GC_1303	1
1305	1	COL13A1	6	0	6	GC_1305	1
1306	1	COL15A1	1	0	1	GC_1306	1
1307	1	COL16A1	3	0	3	GC_1307	1
1308	1	COL17A1	19	1	18	GC_1308	1
1311	1	COMP	41	36	5	GC_1311	1
1312	1	COMT	1	0	1	GC_1312	1
1314	1	COPA	9	2	7	GC_1314	1
1316	1	KLF6	1	0	1	GC_1316	1
1317	1	SLC31A1	1	0	1	GC_1317	1
1327	1	COX4I1	1	0	1	GC_1327	1
1349	1	COX7B	1	0	1	GC_1349	1
1351	1	COX8A	1	0	1	GC_1351	2
1352	1	COX10	7	2	5	GC_1352	1
1355	1	COX15	4	1	3	GC_1355	1
1356	1	CP	16	5	11	GC_1356	2
1357	1	CPA1	8	1	7	GC_1357	1
1358	1	CPA2	2	0	2	GC_1358	1
1359	1	CPA3	2	0	2	GC_1359	1
1360	1	CPB1	1	0	1	GC_1360	1
1362	1	CPD	1	0	1	GC_1362	1
1363	1	CPE	2	0	2	GC_1363	1
1369	1	CPN1	1	0	1	GC_1369	1
1371	1	CPOX	8	2	6	GC_1371	2
1373	1	CPS1	35	27	8	GC_1373	1
1374	1	CPT1A	19	12	7	GC_1374	2
1376	1	CPT2	24	18	6	GC_1376	2
1378	1	CR1	1	0	1	GC_1378	1
1380	1	CR2	10	0	10	GC_1380	1
1384	1	CRAT	2	0	2	GC_1384	1
1387	1	CREBBP	90	29	61	GC_1387	1
1388	1	ATF6B	1	0	1	GC_1388	1
1390	1	CREM	1	0	1	GC_1390	1
1392	1	CRH	1	0	1	GC_1392	2
1394	1	CRHR1	1	0	1	GC_1394	2
1396	1	CRIP1	1	0	1	GC_1396	1
1399	1	CRKL	1	0	1	GC_1399	1
1400	1	CRMP1	1	0	1	GC_1400	1
1406	1	CRX	17	11	6	GC_1406	1
1409	1	CRYAA	8	8	0	GC_1409	1
1410	1	CRYAB	1	0	1	GC_1410	3
1411	1	CRYBA1	4	0	4	GC_1411	1
1413	1	CRYBA4	6	1	5	GC_1413	2
1414	1	CRYBB1	4	1	3	GC_1413	2
1415	1	CRYBB2	5	3	2	GC_1415	1
1417	1	CRYBB3	3	0	3	GC_1417	1
1419	1	CRYGB	2	0	2	GC_1419	4
1420	1	CRYGC	2	0	2	GC_1419	4
1421	1	CRYGD	4	2	2	GC_1419	4
1427	1	CRYGS	1	0	1	GC_1427	1
1428	1	CRYM	1	0	1	GC_1428	1
1429	1	CRYZ	1	0	1	GC_1429	1
1436	1	CSF1R	30	9	21	GC_1436	2
1437	1	CSF2	1	0	1	GC_1437	1
1438	1	CSF2RA	10	0	10	GC_1438	1
1439	1	CSF2RB	8	0	8	GC_1439	1
1440	1	CSF3	2	0	2	GC_1440	1
1441	1	CSF3R	13	2	11	GC_1441	1
1444	1	CSHL1	2	0	2	GC_1444	1
1445	1	CSK	1	0	1	GC_1445	1
1457	1	CSNK2A1	14	13	1	GC_1457	1
1460	1	CSNK2B	9	9	0	GC_1460	1
1462	1	VCAN	42	0	42	GC_1462	2
1464	1	CSPG4	2	0	2	GC_1464	1
1468	1	SLC25A10	3	0	3	GC_1468	1
1470	1	CST2	1	0	1	GC_1470	1
1471	1	CST3	4	0	4	GC_1471	3
1472	1	CST4	3	0	3	GC_1472	1
1475	1	CSTA	2	0	2	GC_1475	1
1482	1	NKX2-5	8	2	6	GC_1482	1
1487	1	CTBP1	6	1	5	GC_1487	2
1488	1	CTBP2	2	0	2	GC_1488	1
1489	1	CTF1	2	0	2	GC_1489	1
1491	1	CTH	1	0	1	GC_1491	1
1493	1	CTLA4	23	11	12	GC_1493	2
1495	1	CTNNA1	7	0	7	GC_1495	1
1496	1	CTNNA2	2	0	2	GC_1496	2
1497	1	CTNS	23	16	7	GC_1497	2
1499	1	CTNNB1	5	3	2	GC_1499	2
1500	1	CTNND1	4	0	4	GC_1500	3
1501	1	CTNND2	8	0	8	GC_1501	1
1506	1	CTRL	1	0	1	GC_1506	1
1508	1	CTSB	9	0	9	GC_1508	2
1509	1	CTSD	2	0	2	GC_1509	2
1511	1	CTSG	3	0	3	GC_1511	1
1512	1	CTSH	1	0	1	GC_1512	1
1513	1	CTSK	12	11	1	GC_1513	1
1514	1	CTSL	1	0	1	GC_1514	1
1522	1	CTSZ	3	0	3	GC_1522	1
1523	1	CUX1	12	0	12	GC_1523	2
1524	1	CX3CR1	2	0	2	GC_1524	1
1535	1	CYBA	10	7	3	GC_1535	1
1536	1	CYBB	12	9	3	GC_1536	1
1537	1	CYC1	3	0	3	GC_1537	1
1540	1	CYLD	1	0	1	GC_1540	1
1543	1	CYP1A1	6	0	6	GC_1543	1
1544	1	CYP1A2	1	0	1	GC_1544	1
1545	1	CYP1B1	39	31	8	GC_1545	2
1548	1	CYP2A6	3	0	3	GC_1548	1
1549	1	CYP2A7	6	0	6	GC_1549	1
1551	1	CYP3A7	1	0	1	GC_1551	3
1555	1	CYP2B6	1	0	1	GC_1555	1
1558	1	CYP2C8	1	0	1	GC_1558	1
1559	1	CYP2C9	2	0	2	GC_1559	1
1565	1	CYP2D6	4	0	4	GC_1565	1
1571	1	CYP2E1	1	0	1	GC_1571	1
1572	1	CYP2F1	5	0	5	GC_1572	1
1580	1	CYP4B1	5	0	5	GC_1580	1
1581	1	CYP7A1	3	0	3	GC_1581	1
1582	1	CYP8B1	3	0	3	GC_1582	1
1583	1	CYP11A1	7	4	3	GC_1583	1
1584	1	CYP11B1	37	30	7	GC_1584	3
1585	1	CYP11B2	19	7	12	GC_1585	2
1586	1	CYP17A1	38	37	1	GC_1586	2
1588	1	CYP19A1	9	5	4	GC_1588	4
1589	1	CYP21A2	28	23	5	GC_1589	4
1591	1	CYP24A1	15	9	6	GC_1591	1
1593	1	CYP27A1	25	19	6	GC_1593	1
1594	1	CYP27B1	18	16	2	GC_1594	1
1595	1	CYP51A1	3	0	3	GC_1595	3
1600	1	DAB1	9	0	9	GC_1600	2
1601	1	DAB2	5	0	5	GC_1601	2
1604	1	CD55	6	0	6	GC_1604	1
1605	1	DAG1	6	0	6	GC_1605	1
1606	1	DGKA	1	0	1	GC_1606	1
1612	1	DAPK1	2	0	2	GC_1612	1
1615	1	DARS1	1	0	1	GC_1615	1
1620	1	BRINP1	2	0	2	GC_1620	1
1621	1	DBH	13	0	13	GC_1621	2
1628	1	DBP	1	0	1	GC_1628	1
1629	1	DBT	18	11	7	GC_1629	1
1630	1	DCC	5	0	5	GC_1630	1
1632	1	ECI1	1	0	1	GC_1632	1
1634	1	DCN	4	0	4	GC_1634	1
1636	1	ACE	24	3	21	GC_1636	1
1638	1	DCT	1	0	1	GC_1638	1
1639	1	DCTN1	27	3	24	GC_1639	1
1641	1	DCX	21	20	1	GC_1641	1
1642	1	DDB1	1	1	0	GC_1642	1
1643	1	DDB2	3	1	2	GC_1643	1
1644	1	DDC	25	18	7	GC_1644	2
1645	1	AKR1C1	1	0	1	GC_1645	1
1646	1	AKR1C2	1	0	1	GC_1646	1
1649	1	DDIT3	3	0	3	GC_1649	1
1650	1	DDOST	3	1	2	GC_1650	1
1654	1	DDX3X	28	26	2	GC_1654	1
1656	1	DDX6	2	1	1	GC_1656	1
1657	1	DMXL1	1	0	1	GC_1657	1
1659	1	DHX8	3	0	3	GC_1659	2
1662	1	DDX10	2	0	2	GC_1662	1
1663	1	DDX11	21	1	20	GC_1663	1
1666	1	DECR1	1	0	1	GC_1666	1
1670	1	DEFA5	1	0	1	GC_1670	1
1671	1	DEFA6	1	0	1	GC_1671	1
1673	1	DEFB4A	1	0	1	GC_1673	1
1674	1	DES	22	21	1	GC_1674	1
1675	1	CFD	4	2	2	GC_1675	2
1676	1	DFFA	2	0	2	GC_1676	1
1678	1	TIMM8A	1	1	0	GC_1678	1
1687	1	GSDME	8	0	8	GC_1687	1
1690	1	COCH	13	6	7	GC_1690	2
1716	1	DGUOK	14	13	1	GC_1716	3
1717	1	DHCR7	73	71	2	GC_1717	1
1718	1	DHCR24	2	1	1	GC_1718	1
1719	1	DHFR	5	0	5	GC_1719	2
1723	1	DHODH	5	2	3	GC_1723	2
1725	1	DHPS	1	1	0	GC_1725	1
1727	1	CYB5R3	11	7	4	GC_1727	1
1728	1	NQO1	1	0	1	GC_1728	1
1729	1	DIAPH1	11	0	11	GC_1729	1
1730	1	DIAPH2	1	0	1	GC_1730	1
1736	1	DKC1	7	4	3	GC_1736	1
1737	1	DLAT	12	1	11	GC_1737	1
1738	1	DLD	10	7	3	GC_1738	1
1739	1	DLG1	1	0	1	GC_1739	1
1740	1	DLG2	1	0	1	GC_1740	1
1741	1	DLG3	3	0	3	GC_1741	2
1742	1	DLG4	10	5	5	GC_37	5
1743	1	DLST	1	0	1	GC_1743	1
1747	1	DLX3	3	1	2	GC_1747	1
1748	1	DLX4	1	0	1	GC_1748	1
1749	1	DLX5	2	0	2	GC_1749	1
1755	1	DMBT1	7	0	7	GC_1755	1
1756	1	DMD	144	9	135	GC_1756	1
1757	1	SARDH	5	0	5	GC_1757	1
1758	1	DMP1	8	1	7	GC_1758	3
1759	1	DNM1	23	13	10	GC_1759	4
1760	1	DMPK	2	0	2	GC_1760	3
1761	1	DMRT1	2	0	2	GC_1761	1
1763	1	DNA2	8	1	7	GC_1763	1
1767	1	DNAH5	87	16	71	GC_1767	4
1768	1	DNAH6	17	0	17	GC_1768	1
1769	1	DNAH8	29	0	29	GC_1769	2
1770	1	DNAH9	40	0	40	GC_1770	3
1773	1	DNASE1	8	0	8	GC_1773	3
1774	1	DNASE1L1	1	1	0	GC_1774	3
1776	1	DNASE1L3	5	0	5	GC_1776	1
1777	1	DNASE2	3	0	3	GC_1777	2
1778	1	DYNC1H1	95	36	59	GC_1778	2
1780	1	DYNC1I1	1	0	1	GC_1780	1
1785	1	DNM2	30	20	10	GC_1785	2
1786	1	DNMT1	18	2	16	GC_1786	1
1787	1	TRDMT1	1	0	1	GC_1787	1
1788	1	DNMT3A	22	14	8	GC_1788	1
1789	1	DNMT3B	10	8	2	GC_1789	2
1791	1	DNTT	2	0	2	GC_1791	1
1794	1	DOCK2	8	0	8	GC_1794	2
1795	1	DOCK3	2	0	2	GC_1795	1
1796	1	DOK1	2	0	2	GC_550	4
1798	1	DPAGT1	5	4	1	GC_1798	2
1801	1	DPH1	5	1	4	GC_1801	1
1803	1	DPP4	2	0	2	GC_1803	1
1804	1	DPP6	5	0	5	GC_1804	1
1805	1	DPT	2	0	2	GC_1805	1
1806	1	DPYD	5	4	1	GC_1806	2
1807	1	DPYS	10	6	4	GC_1807	1
1808	1	DPYSL2	1	0	1	GC_1808	1
1811	1	SLC26A3	17	5	12	GC_1811	1
1813	1	DRD2	2	0	2	GC_1813	1
1814	1	DRD3	2	0	2	GC_1814	1
1815	1	DRD4	2	0	2	GC_1815	1
1816	1	DRD5	1	0	1	GC_1816	4
1821	1	DRP2	6	0	6	GC_1821	1
1822	1	ATN1	9	3	6	GC_1822	1
1823	1	DSC1	2	0	2	GC_1823	3
1824	1	DSC2	9	0	9	GC_1823	3
1825	1	DSC3	4	0	4	GC_1825	1
1826	1	DSCAM	4	0	4	GC_1826	1
1828	1	DSG1	22	0	22	GC_1828	4
1829	1	DSG2	26	4	22	GC_1829	2
1830	1	DSG3	5	0	5	GC_1830	1
1832	1	DSP	35	7	28	GC_1832	2
1834	1	DSPP	34	1	33	GC_1758	3
1836	1	SLC26A2	17	13	4	GC_1836	1
1837	1	DTNA	4	0	4	GC_1837	1
1841	1	DTYMK	1	0	1	GC_1841	2
1847	1	DUSP5	1	0	1	GC_1847	1
1848	1	DUSP6	3	0	3	GC_1848	5
1852	1	DUSP9	1	0	1	GC_1852	1
1855	1	DVL1	20	0	20	GC_1855	2
1856	1	DVL2	2	2	0	GC_37	5
1857	1	DVL3	2	0	2	GC_1857	1
1859	1	DYRK1A	38	10	28	GC_1859	1
1861	1	TOR1A	4	0	4	GC_1861	2
1869	1	E2F1	2	0	2	GC_1869	1
1870	1	E2F2	2	0	2	GC_1870	2
1871	1	E2F3	1	0	1	GC_1871	1
1874	1	E2F4	1	0	1	GC_1874	2
1889	1	ECE1	4	0	4	GC_1889	1
1890	1	TYMP	19	14	5	GC_1890	5
1892	1	ECHS1	18	16	2	GC_1892	2
1893	1	ECM1	8	1	7	GC_1893	1
1896	1	EDA	35	34	1	GC_1896	1
1901	1	S1PR1	1	0	1	GC_1901	1
1906	1	EDN1	1	0	1	GC_1906	1
1908	1	EDN3	1	0	1	GC_1908	1
1910	1	EDNRB	1	0	1	GC_1910	2
1911	1	PHC1	3	0	3	GC_1911	1
1912	1	PHC2	2	0	2	GC_1912	2
1917	1	EEF1A2	12	11	1	GC_1917	2
1936	1	EEF1D	3	0	3	GC_1936	1
1938	1	EEF2	1	0	1	GC_1938	1
1942	1	EFNA1	1	0	1	GC_1942	1
1947	1	EFNB1	6	3	3	GC_1947	1
1949	1	EFNB3	1	0	1	GC_1949	1
1950	1	EGF	18	0	18	GC_1950	2
1951	1	CELSR3	8	0	8	GC_1951	1
1952	1	CELSR2	20	0	20	GC_1952	2
1953	1	MEGF6	8	0	8	GC_1953	1
1954	1	MEGF8	10	0	10	GC_1954	1
1956	1	EGFR	10	0	10	GC_1956	1
1959	1	EGR2	11	9	2	GC_1959	1
1962	1	EHHADH	14	0	14	GC_1962	1
1967	1	EIF2B1	2	1	1	GC_1967	2
1969	1	EPHA2	13	0	13	GC_1969	1
1974	1	EIF4A2	1	1	0	GC_1974	1
1979	1	EIF4EBP2	1	0	1	GC_1979	2
1981	1	EIF4G1	6	0	6	GC_1981	1
1984	1	EIF5A	1	1	0	GC_1984	1
1991	1	ELANE	25	19	6	GC_1675	2
2000	1	ELF4	2	0	2	GC_2000	1
2002	1	ELK1	2	0	2	GC_2002	1
2004	1	ELK3	1	0	1	GC_2004	1
2006	1	ELN	18	1	17	GC_2006	2
2009	1	EML1	4	0	4	GC_2009	2
2010	1	EMD	5	2	3	GC_2010	1
2013	1	EMP2	1	0	1	GC_2013	1
2015	1	ADGRE1	3	0	3	GC_2015	2
2017	1	CTTN	1	0	1	GC_2017	1
2021	1	ENDOG	2	0	2	GC_883	4
2022	1	ENG	89	45	44	GC_2022	2
2027	1	ENO3	5	0	5	GC_2027	1
2028	1	ENPEP	3	0	3	GC_2028	1
2033	1	EP300	96	5	91	GC_2033	2
2034	1	EPAS1	16	2	14	GC_2034	2
2035	1	EPB41	3	1	2	GC_2035	1
2036	1	EPB41L1	4	0	4	GC_2036	1
2038	1	EPB42	2	1	1	GC_2038	1
2041	1	EPHA1	1	0	1	GC_2041	2
2042	1	EPHA3	2	0	2	GC_2042	1
2044	1	EPHA5	2	0	2	GC_2044	1
2046	1	EPHA8	2	0	2	GC_2046	1
2048	1	EPHB2	3	0	3	GC_2048	1
2050	1	EPHB4	27	4	23	GC_2050	3
2051	1	EPHB6	1	0	1	GC_2051	1
2052	1	EPHX1	3	0	3	GC_2052	1
2053	1	EPHX2	1	0	1	GC_2053	1
2054	1	STX2	1	0	1	GC_2054	1
2055	1	CLN8	13	10	3	GC_2055	1
2056	1	EPO	2	0	2	GC_2056	1
2057	1	EPOR	6	0	6	GC_2057	1
2058	1	EPRS1	12	0	12	GC_2058	1
2059	1	EPS8	6	0	6	GC_2059	1
2064	1	ERBB2	12	0	12	GC_2064	1
2065	1	ERBB3	6	0	6	GC_2065	1
2066	1	ERBB4	2	0	2	GC_2066	1
2067	1	ERCC1	4	0	4	GC_2067	2
2068	1	ERCC2	25	20	5	GC_2068	1
2069	1	EREG	1	0	1	GC_2069	1
2070	1	EYA4	4	1	3	GC_2070	1
2071	1	ERCC3	1	0	1	GC_2071	1
2072	1	ERCC4	10	3	7	GC_2072	1
2073	1	ERCC5	20	3	17	GC_2073	4
2074	1	ERCC6	28	6	22	GC_2074	3
2077	1	ERF	8	3	5	GC_2077	1
2081	1	ERN1	1	0	1	GC_2081	1
2099	1	ESR1	6	0	6	GC_2099	3
2100	1	ESR2	4	0	4	GC_2100	1
2101	1	ESRRA	1	0	1	GC_2101	1
2103	1	ESRRB	4	0	4	GC_2103	1
2104	1	ESRRG	1	1	0	GC_2104	1
2108	1	ETFA	7	6	1	GC_2108	1
2109	1	ETFB	7	2	5	GC_2109	1
2110	1	ETFDH	60	59	1	GC_2110	1
2113	1	ETS1	1	0	1	GC_2113	1
2114	1	ETS2	2	0	2	GC_2114	2
2118	1	ETV4	3	0	3	GC_1659	2
2119	1	ETV5	1	0	1	GC_2119	2
2120	1	ETV6	8	5	3	GC_2120	2
2121	1	EVC	26	4	22	GC_2121	2
2122	1	MECOM	7	3	4	GC_2122	1
2123	1	EVI2A	2	0	2	GC_2123	7
2124	1	EVI2B	3	0	3	GC_2123	7
2125	1	EVPL	1	0	1	GC_2125	1
2131	1	EXT1	23	19	4	GC_2131	1
2132	1	EXT2	11	3	8	GC_2132	1
2137	1	EXTL3	4	1	3	GC_2137	1
2138	1	EYA1	8	2	6	GC_2138	1
2139	1	EYA2	2	0	2	GC_2139	1
2145	1	EZH1	1	1	0	GC_2145	1
2146	1	EZH2	9	6	3	GC_2146	1
2147	1	F2	6	5	1	GC_2147	1
2149	1	F2R	1	0	1	GC_2149	1
2152	1	F3	3	0	3	GC_2152	1
2153	1	F5	28	4	24	GC_2153	1
2155	1	F7	19	18	1	GC_2155	1
2157	1	F8	134	114	20	GC_2157	3
2158	1	F9	72	61	11	GC_2158	1
2159	1	F10	6	3	3	GC_2159	2
2160	1	F11	41	37	4	GC_2160	2
2161	1	F12	5	1	4	GC_2161	1
2162	1	F13A1	8	4	4	GC_2162	1
2165	1	F13B	2	0	2	GC_2165	1
2166	1	FAAH	3	0	3	GC_2166	1
2169	1	FABP2	1	0	1	GC_2169	1
2175	1	FANCA	84	38	46	GC_2175	5
2176	1	FANCC	7	2	5	GC_2176	2
2177	1	FANCD2	19	4	15	GC_2177	3
2178	1	FANCE	5	0	5	GC_2178	1
2181	1	ACSL3	1	0	1	GC_2181	2
2182	1	ACSL4	3	0	3	GC_2182	1
2184	1	FAH	26	23	3	GC_2184	1
2185	1	PTK2B	2	0	2	GC_2185	1
2186	1	BPTF	26	0	26	GC_2186	2
2187	1	FANCB	23	0	23	GC_2187	1
2188	1	FANCF	4	1	3	GC_2188	3
2189	1	FANCG	7	2	5	GC_2189	1
2191	1	FAP	3	0	3	GC_2191	1
2192	1	FBLN1	5	0	5	GC_2192	1
2193	1	FARSA	1	1	0	GC_2193	1
2194	1	FASN	23	0	23	GC_2194	2
2195	1	FAT1	66	0	66	GC_2195	5
2196	1	FAT2	44	0	44	GC_2196	3
2199	1	FBLN2	3	0	3	GC_2199	1
2200	1	FBN1	600	578	22	GC_2200	4
2201	1	FBN2	57	11	46	GC_2201	2
2202	1	EFEMP1	2	1	1	GC_2202	1
2203	1	FBP1	8	5	3	GC_2203	1
2205	1	FCER1A	5	0	5	GC_2205	1
2206	1	MS4A2	2	0	2	GC_2206	1
2209	1	FCGR1A	1	0	1	GC_2209	2
2212	1	FCGR2A	2	0	2	GC_2212	1
2213	1	FCGR2B	1	0	1	GC_2213	1
2214	1	FCGR3A	4	0	4	GC_2214	1
2215	1	FCGR3B	2	0	2	GC_2215	1
2217	1	FCGRT	1	0	1	GC_2217	1
2218	1	FKTN	12	7	5	GC_2218	1
2220	1	FCN2	2	0	2	GC_2220	1
2222	1	FDFT1	1	0	1	GC_2222	1
2232	1	FDXR	10	4	6	GC_2232	2
2235	1	FECH	8	6	2	GC_2235	1
2239	1	GPC4	3	0	3	GC_2239	1
2242	1	FES	1	0	1	GC_2242	1
2243	1	FGA	10	5	5	GC_2243	1
2244	1	FGB	4	1	3	GC_2244	1
2245	1	FGD1	13	3	10	GC_2245	2
2247	1	FGF2	1	0	1	GC_2247	1
2248	1	FGF3	3	1	2	GC_2248	1
2251	1	FGF6	1	0	1	GC_2251	1
2253	1	FGF8	1	1	0	GC_2253	1
2254	1	FGF9	2	0	2	GC_2254	1
2255	1	FGF10	2	0	2	GC_2255	1
2257	1	FGF12	5	2	3	GC_2257	1
2258	1	FGF13	1	1	0	GC_2258	1
2259	1	FGF14	4	0	4	GC_2259	1
2260	1	FGFR1	35	26	9	GC_2260	2
2261	1	FGFR3	62	35	27	GC_2261	1
2262	1	GPC5	1	0	1	GC_2262	1
2263	1	FGFR2	59	53	6	GC_2263	1
2264	1	FGFR4	1	0	1	GC_2264	1
2266	1	FGG	6	4	2	GC_2266	1
2271	1	FH	87	84	3	GC_2271	1
2273	1	FHL1	10	4	6	GC_2273	1
2274	1	FHL2	3	0	3	GC_2274	2
2275	1	FHL3	1	0	1	GC_2275	1
2288	1	FKBP4	2	0	2	GC_2288	2
2290	1	FOXG1	82	49	33	GC_2290	1
2294	1	FOXF1	3	1	2	GC_2294	1
2296	1	FOXC1	9	7	2	GC_2296	2
2299	1	FOXI1	1	0	1	GC_2299	1
2301	1	FOXE3	9	1	8	GC_2301	2
2303	1	FOXC2	3	1	2	GC_2303	2
2304	1	FOXE1	1	0	1	GC_2304	1
2305	1	FOXM1	4	0	4	GC_2305	2
2306	1	FOXD2	1	0	1	GC_2306	1
2312	1	FLG	145	0	145	GC_2312	4
2313	1	FLI1	1	0	1	GC_2313	1
2314	1	FLII	3	0	3	GC_2314	1
2316	1	FLNA	85	9	76	GC_2316	2
2317	1	FLNB	46	7	39	GC_2317	3
2318	1	FLNC	44	7	37	GC_2318	3
2319	1	FLOT2	1	0	1	GC_2319	1
2321	1	FLT1	4	0	4	GC_2321	3
2322	1	FLT3	9	0	9	GC_2322	2
2324	1	FLT4	26	5	21	GC_2324	1
2326	1	FMO1	2	0	2	GC_2326	1
2327	1	FMO2	3	0	3	GC_2327	2
2328	1	FMO3	18	9	9	GC_2328	2
2329	1	FMO4	3	0	3	GC_2329	1
2330	1	FMO5	2	0	2	GC_2330	4
2332	1	FMR1	5	0	5	GC_2332	1
2334	1	AFF2	12	0	12	GC_2334	1
2335	1	FN1	43	5	38	GC_471	7
2346	1	FOLH1	3	0	3	GC_2346	1
2348	1	FOLR1	2	1	1	GC_2348	2
2350	1	FOLR2	2	0	2	GC_2350	1
2352	1	FOLR3	1	0	1	GC_2352	1
2353	1	FOS	2	0	2	GC_2353	1
2356	1	FPGS	1	0	1	GC_2356	2
2357	1	FPR1	8	0	8	GC_2357	1
2358	1	FPR2	1	0	1	GC_2358	1
2395	1	FXN	5	2	3	GC_2395	2
2475	1	MTOR	57	19	38	GC_2475	2
2487	1	FRZB	1	0	1	GC_2487	1
2491	1	CENPI	2	0	2	GC_2491	1
2492	1	FSHR	3	0	3	GC_2492	1
2494	1	NR5A2	1	0	1	GC_2494	1
2495	1	FTH1	6	5	1	GC_2495	2
2512	1	FTL	2	1	1	GC_2512	2
2516	1	NR5A1	11	9	2	GC_2516	1
2517	1	FUCA1	10	2	8	GC_2517	2
2521	1	FUS	10	7	3	GC_2521	1
2524	1	FUT2	1	0	1	GC_2524	2
2525	1	FUT3	1	0	1	GC_2525	1
2526	1	FUT4	1	0	1	GC_2526	3
2527	1	FUT5	2	0	2	GC_2527	1
2528	1	FUT6	2	0	2	GC_2528	1
2529	1	FUT7	1	0	1	GC_20	3
2530	1	FUT8	2	0	2	GC_2530	1
2532	1	ACKR1	2	0	2	GC_2532	1
2533	1	FYB1	3	0	3	GC_2533	1
2534	1	FYN	1	0	1	GC_2534	1
2535	1	FZD2	6	2	4	GC_2535	1
2538	1	G6PC1	41	36	5	GC_2538	1
2539	1	G6PD	84	82	2	GC_2539	2
2542	1	SLC37A4	21	19	2	GC_2542	1
2548	1	GAA	182	165	17	GC_2548	2
2550	1	GABBR1	1	1	0	GC_2550	1
2554	1	GABRA1	12	10	2	GC_2554	1
2555	1	GABRA2	5	3	2	GC_2555	1
2556	1	GABRA3	3	0	3	GC_2556	1
2557	1	GABRA4	1	0	1	GC_2557	1
2558	1	GABRA5	4	2	2	GC_2558	2
2559	1	GABRA6	1	0	1	GC_2559	1
2560	1	GABRB1	3	0	3	GC_2560	1
2561	1	GABRB2	18	10	8	GC_2561	1
2562	1	GABRB3	25	17	8	GC_2558	2
2563	1	GABRD	6	2	4	GC_2563	1
2564	1	GABRE	2	0	2	GC_2564	1
2566	1	GABRG2	19	14	5	GC_2566	1
2571	1	GAD1	3	0	3	GC_2571	1
2572	1	GAD2	4	0	4	GC_2572	1
2580	1	GAK	4	0	4	GC_2580	2
2581	1	GALC	55	49	6	GC_2581	2
2582	1	GALE	8	8	0	GC_2582	1
2583	1	B4GALNT1	8	3	5	GC_2583	1
2584	1	GALK1	18	12	6	GC_2584	2
2588	1	GALNS	65	57	8	GC_2588	5
2590	1	GALNT2	2	0	2	GC_2590	1
2591	1	GALNT3	7	4	3	GC_2591	1
2592	1	GALT	84	84	0	GC_2592	2
2593	1	GAMT	48	34	14	GC_2593	2
2595	1	GANC	2	0	2	GC_2595	1
2615	1	LRRC32	1	0	1	GC_2615	2
2617	1	GARS1	20	9	11	GC_2617	1
2621	1	GAS6	5	0	5	GC_2621	2
2622	1	DRC4	8	0	8	GC_2622	1
2623	1	GATA1	8	4	4	GC_2623	1
2624	1	GATA2	25	19	6	GC_2624	1
2625	1	GATA3	6	3	3	GC_2625	1
2626	1	GATA4	9	2	7	GC_2626	1
2627	1	GATA6	6	2	4	GC_2627	1
2628	1	GATM	10	4	6	GC_2628	1
2629	1	GBA1	69	67	2	GC_2629	2
2632	1	GBE1	27	17	10	GC_2632	1
2637	1	GBX2	1	0	1	GC_2637	2
2638	1	GC	1	0	1	GC_2638	1
2639	1	GCDH	114	110	4	GC_2639	4
2641	1	GCG	1	0	1	GC_2641	2
2642	1	GCGR	2	0	2	GC_2642	1
2643	1	GCH1	7	7	0	GC_2643	2
2645	1	GCK	316	306	10	GC_2645	1
2646	1	GCKR	5	0	5	GC_2646	1
2649	1	NR6A1	1	0	1	GC_2649	1
2651	1	GCNT2	6	1	5	GC_2651	1
2652	1	OPN1MW	2	0	2	GC_2652	1
2653	1	GCSH	3	1	2	GC_2653	2
2657	1	GDF1	3	1	2	GC_2657	2
2658	1	GDF2	10	1	9	GC_2658	1
2660	1	MSTN	5	0	5	GC_2660	2
2662	1	GDF10	1	0	1	GC_2662	1
2668	1	GDNF	2	0	2	GC_2668	1
2669	1	GEM	1	0	1	GC_2669	1
2670	1	GFAP	34	18	16	GC_2670	2
2671	1	GFER	3	1	2	GC_2671	1
2672	1	GFI1	6	1	5	GC_2672	2
2673	1	GFPT1	4	4	0	GC_2673	1
2674	1	GFRA1	1	0	1	GC_2674	1
2675	1	GFRA2	1	0	1	GC_2675	1
2677	1	GGCX	6	3	3	GC_2677	1
2678	1	GGT1	3	0	3	GC_2678	1
2683	1	B4GALT1	1	0	1	GC_2683	1
2687	1	GGT5	1	0	1	GC_2687	1
2688	1	GH1	6	2	4	GC_2688	3
2690	1	GHR	8	3	5	GC_2690	1
2692	1	GHRHR	13	8	5	GC_2692	1
2693	1	GHSR	1	0	1	GC_2693	1
2694	1	CBLIF	6	1	5	GC_2694	1
2697	1	GJA1	12	11	1	GC_2697	1
2700	1	GJA3	15	11	4	GC_2700	1
2701	1	GJA4	2	0	2	GC_2701	1
2703	1	GJA8	21	16	5	GC_2703	1
2705	1	GJB1	70	68	2	GC_2705	1
2706	1	GJB2	83	75	8	GC_2706	1
2707	1	GJB3	5	0	5	GC_2707	1
2717	1	GLA	251	248	3	GC_2717	3
2719	1	GPC3	19	2	17	GC_2719	1
2720	1	GLB1	85	75	10	GC_2720	3
2729	1	GCLC	1	0	1	GC_2729	2
2731	1	GLDC	59	50	9	GC_2731	1
2733	1	GLE1	8	5	3	GC_2733	2
2735	1	GLI1	7	0	7	GC_2735	1
2736	1	GLI2	37	0	37	GC_2736	1
2737	1	GLI3	43	2	41	GC_2737	1
2741	1	GLRA1	14	8	6	GC_2741	1
2742	1	GLRA2	1	1	0	GC_2742	1
2743	1	GLRB	2	0	2	GC_2743	1
2746	1	GLUD1	8	6	2	GC_2746	4
2747	1	GLUD2	1	0	1	GC_2747	1
2752	1	GLUL	1	1	0	GC_2752	1
2760	1	GM2A	5	0	5	GC_2760	1
2765	1	GML	1	0	1	GC_2765	1
2767	1	GNA11	4	3	1	GC_2767	1
2769	1	GNA15	2	0	2	GC_2769	2
2770	1	GNAI1	5	4	1	GC_2770	1
2771	1	GNAI2	1	1	0	GC_2771	1
2773	1	GNAI3	4	3	1	GC_2773	2
2774	1	GNAL	2	0	2	GC_2774	1
2775	1	GNAO1	34	24	10	GC_2775	1
2776	1	GNAQ	4	4	0	GC_2776	1
2778	1	GNAS	45	27	18	GC_2778	2
2779	1	GNAT1	1	0	1	GC_2779	1
2780	1	GNAT2	1	0	1	GC_2780	1
2782	1	GNB1	21	17	4	GC_2782	1
2783	1	GNB2	3	3	0	GC_2783	1
2784	1	GNB3	1	0	1	GC_2784	2
2785	1	GNG3	1	0	1	GC_2785	3
2796	1	GNRH1	2	0	2	GC_2796	1
2797	1	GNRH2	1	0	1	GC_2797	1
2798	1	GNRHR	14	14	0	GC_2798	1
2799	1	GNS	2	1	1	GC_2799	1
2801	1	GOLGA2	2	0	2	GC_2801	1
2802	1	GOLGA3	1	0	1	GC_2802	1
2803	1	GOLGA4	5	0	5	GC_2803	2
2805	1	GOT1	1	0	1	GC_2805	1
2806	1	GOT2	8	2	6	GC_2806	2
2811	1	GP1BA	22	15	7	GC_2811	1
2812	1	GP1BB	13	10	3	GC_2812	2
2813	1	GP2	1	0	1	GC_2813	1
2815	1	GP9	14	10	4	GC_2815	1
2817	1	GPC1	1	0	1	GC_2817	1
2819	1	GPD1	3	1	2	GC_2819	1
2820	1	GPD2	1	0	1	GC_2820	1
2821	1	GPI	6	4	2	GC_2821	1
2822	1	GPLD1	6	1	5	GC_2822	3
2825	1	CMKLR2	1	0	1	GC_2825	1
2831	1	NPBWR1	1	0	1	GC_2831	1
2837	1	UTS2R	1	0	1	GC_2837	1
2838	1	GPR15	1	0	1	GC_2838	1
2840	1	GPR17	1	0	1	GC_2840	2
2841	1	GPR18	1	0	1	GC_2841	2
2857	1	GPR34	1	0	1	GC_2857	3
2859	1	GPR35	7	0	7	GC_2859	2
2861	1	GPR37	1	0	1	GC_2861	1
2863	1	GPR39	1	0	1	GC_2863	1
2865	1	FFAR3	2	0	2	GC_2865	1
2869	1	GRK5	3	0	3	GC_2869	1
2875	1	GPT	5	0	5	GC_2875	1
2876	1	GPX1	1	0	1	GC_2876	1
2879	1	GPX4	4	1	3	GC_2879	1
2886	1	GRB7	2	0	2	GC_2886	1
2887	1	GRB10	1	0	1	GC_2887	1
2890	1	GRIA1	2	1	1	GC_2890	1
2891	1	GRIA2	4	4	0	GC_2891	1
2892	1	GRIA3	5	2	3	GC_2892	1
2894	1	GRID1	2	0	2	GC_2894	1
2895	1	GRID2	6	2	4	GC_2895	1
2896	1	GRN	8	1	7	GC_2896	1
2897	1	GRIK1	1	0	1	GC_2897	1
2898	1	GRIK2	2	1	1	GC_2898	1
2900	1	GRIK4	4	0	4	GC_2900	1
2901	1	GRIK5	1	0	1	GC_2901	1
2902	1	GRIN1	25	22	3	GC_2902	1
2903	1	GRIN2A	77	42	35	GC_2903	1
2904	1	GRIN2B	77	51	26	GC_2904	1
2905	1	GRIN2C	6	0	6	GC_2905	1
2906	1	GRIN2D	10	2	8	GC_2906	2
2908	1	NR3C1	4	0	4	GC_2908	2
2911	1	GRM1	10	0	10	GC_2911	1
2913	1	GRM3	1	0	1	GC_2913	1
2915	1	GRM5	2	0	2	GC_2915	3
2916	1	GRM6	14	2	12	GC_2916	2
2917	1	GRM7	4	0	4	GC_2917	1
2918	1	GRM8	5	0	5	GC_2918	1
2919	1	CXCL1	1	0	1	GC_2919	1
2925	1	GRPR	1	0	1	GC_2925	1
2934	1	GSN	28	3	25	GC_2934	2
2936	1	GSR	6	0	6	GC_2936	2
2937	1	GSS	6	6	0	GC_2937	1
2949	1	GSTM5	4	0	4	GC_2949	1
2950	1	GSTP1	2	0	2	GC_2950	1
2954	1	GSTZ1	2	0	2	GC_2954	1
2956	1	MSH6	109	51	58	GC_2956	3
2961	1	GTF2E2	1	0	1	GC_2961	1
2965	1	GTF2H1	1	0	1	GC_2965	1
2967	1	GTF2H3	1	0	1	GC_2967	2
2972	1	BRF1	6	2	4	GC_2972	2
2975	1	GTF3C1	2	0	2	GC_2975	1
2978	1	GUCA1A	15	14	1	GC_2978	3
2979	1	GUCA1B	4	1	3	GC_2978	3
2982	1	GUCY1A1	2	0	2	GC_2982	1
2984	1	GUCY2C	5	0	5	GC_2984	3
2986	1	GUCY2F	4	0	4	GC_2986	1
2990	1	GUSB	8	7	1	GC_2990	1
2992	1	GYG1	6	1	5	GC_2992	1
2995	1	GYPC	2	0	2	GC_2995	1
2996	1	GYPE	1	0	1	GC_2996	1
2997	1	GYS1	3	0	3	GC_2997	2
2998	1	GYS2	15	3	12	GC_2998	1
3000	1	GUCY2D	46	32	14	GC_3000	1
3001	1	GZMA	1	0	1	GC_3001	1
3002	1	GZMB	1	0	1	GC_3002	1
3004	1	GZMM	2	0	2	GC_3004	1
3008	1	H1-4	8	0	8	GC_3008	1
3020	1	H3-3A	8	8	0	GC_3020	2
3021	1	H3-3B	4	4	0	GC_3021	1
3026	1	HABP2	6	0	6	GC_3026	1
3028	1	HSD17B10	3	3	0	GC_3028	1
3030	1	HADHA	10	7	3	GC_3030	2
3032	1	HADHB	14	13	1	GC_3032	1
3033	1	HADH	3	1	2	GC_3033	1
3034	1	HAL	2	0	2	GC_3034	1
3035	1	HARS1	8	1	7	GC_3035	2
3036	1	HAS1	1	0	1	GC_3036	1
3038	1	HAS3	1	0	1	GC_3038	1
3039	1	HBA1	15	13	2	GC_3039	2
3040	1	HBA2	18	17	1	GC_3040	2
3043	1	HBB	44	38	6	GC_3043	4
3047	1	HBG1	2	0	2	GC_3047	2
3048	1	HBG2	1	1	0	GC_3048	2
3052	1	HCCS	7	1	6	GC_3052	1
3053	1	SERPIND1	3	0	3	GC_3053	2
3054	1	HCFC1	31	1	30	GC_3054	2
3055	1	HCK	2	0	2	GC_3055	1
3061	1	HCRTR1	1	0	1	GC_3061	1
3064	1	HTT	16	0	16	GC_3064	1
3067	1	HDC	3	0	3	GC_3067	1
3069	1	HDLBP	2	0	2	GC_3069	2
3070	1	HELLS	4	0	4	GC_3070	1
3071	1	NCKAP1L	5	2	3	GC_3071	1
3073	1	HEXA	43	40	3	GC_3073	1
3074	1	HEXB	22	14	8	GC_3074	1
3075	1	CFH	17	4	13	GC_3075	1
3077	1	HFE	2	2	0	GC_3077	1
3078	1	CFHR1	7	0	7	GC_3078	1
3080	1	CFHR2	6	0	6	GC_3080	1
3081	1	HGD	33	28	5	GC_3081	1
3082	1	HGF	3	0	3	GC_3082	1
3084	1	NRG1	4	0	4	GC_3084	2
3091	1	HIF1A	2	0	2	GC_3091	2
3092	1	HIP1	4	0	4	GC_3092	2
3094	1	HINT1	5	5	0	GC_3094	1
3096	1	HIVEP1	2	0	2	GC_3096	1
3097	1	HIVEP2	102	0	102	GC_3097	1
3098	1	HK1	11	7	4	GC_3098	1
3101	1	HK3	1	0	1	GC_3101	1
3110	1	MNX1	3	0	3	GC_3110	2
3113	1	HLA-DPA1	1	0	1	GC_3113	1
3133	1	HLA-E	1	0	1	GC_3133	1
3141	1	HLCS	21	13	8	GC_3141	1
3145	1	HMBS	18	15	3	GC_3145	1
3146	1	HMGB1	1	0	1	GC_3146	1
3155	1	HMGCL	9	8	1	GC_3155	1
3156	1	HMGCR	1	1	0	GC_3156	1
3158	1	HMGCS2	9	8	1	GC_3158	1
3162	1	HMOX1	2	0	2	GC_3162	1
3164	1	NR4A1	1	0	1	GC_3164	1
3166	1	HMX1	3	0	3	GC_3166	1
3167	1	HMX2	1	0	1	GC_3167	2
3170	1	FOXA2	5	0	5	GC_3170	1
3172	1	HNF4A	66	57	9	GC_3172	1
3176	1	HNMT	1	1	0	GC_3176	1
3181	1	HNRNPA2B1	2	0	2	GC_3181	2
3187	1	HNRNPH1	1	1	0	GC_3187	2
3188	1	HNRNPH2	4	4	0	GC_2717	3
3190	1	HNRNPK	4	3	1	GC_3190	2
3192	1	HNRNPU	24	1	23	GC_3192	1
3198	1	HOXA1	2	0	2	GC_3198	1
3209	1	HOXA13	2	0	2	GC_3209	2
3211	1	HOXB1	3	0	3	GC_3211	1
3218	1	HOXB8	1	0	1	GC_3218	1
3219	1	HOXB9	1	0	1	GC_3219	1
3221	1	HOXC4	1	0	1	GC_3221	3
3222	1	HOXC5	1	0	1	GC_3221	3
3225	1	HOXC9	1	0	1	GC_3225	1
3229	1	HOXC13	2	0	2	GC_3229	2
3236	1	HOXD10	1	0	1	GC_3236	1
3239	1	HOXD13	4	1	3	GC_3239	1
3240	1	HP	2	0	2	GC_3240	1
3242	1	HPD	6	1	5	GC_3242	2
3248	1	HPGD	3	1	2	GC_3248	1
3250	1	HPR	1	0	1	GC_3250	1
3251	1	HPRT1	2	1	1	GC_3251	1
3257	1	HPS1	25	7	18	GC_3257	1
3263	1	HPX	5	0	5	GC_3263	1
3265	1	HRAS	36	20	16	GC_3265	2
3269	1	HRH1	3	0	3	GC_3269	1
3270	1	HRC	3	0	3	GC_3270	1
3273	1	HRG	10	0	10	GC_3273	2
3283	1	HSD3B1	1	0	1	GC_3283	1
3284	1	HSD3B2	15	11	4	GC_3284	2
3291	1	HSD11B2	4	2	2	GC_3291	1
3293	1	HSD17B3	17	15	2	GC_3293	2
3294	1	HSD17B2	4	0	4	GC_3294	1
3295	1	HSD17B4	27	17	10	GC_3295	2
3299	1	HSF4	4	0	4	GC_3299	2
3300	1	DNAJB2	3	0	3	GC_3300	1
3305	1	HSPA1L	2	0	2	GC_3305	1
3308	1	HSPA4	1	0	1	GC_3308	1
3309	1	HSPA5	1	0	1	GC_3309	1
3310	1	HSPA6	1	0	1	GC_3310	1
3315	1	HSPB1	17	16	1	GC_3315	1
3316	1	HSPB2	1	0	1	GC_1410	3
3321	1	IGSF3	2	0	2	GC_3321	1
3329	1	HSPD1	2	0	2	GC_3329	1
3339	1	HSPG2	66	2	64	GC_3339	3
3340	1	NDST1	3	1	2	GC_3340	1
3346	1	HTN1	1	0	1	GC_3346	1
3347	1	HTN3	1	0	1	GC_3347	1
3350	1	HTR1A	3	0	3	GC_3350	1
3352	1	HTR1D	1	0	1	GC_3352	1
3354	1	HTR1E	1	0	1	GC_3354	1
3356	1	HTR2A	1	0	1	GC_3356	1
3357	1	HTR2B	4	0	4	GC_3357	2
3360	1	HTR4	1	0	1	GC_3360	1
3362	1	HTR6	1	0	1	GC_3362	1
3363	1	HTR7	1	0	1	GC_3363	1
3371	1	TNC	33	0	33	GC_3371	2
3373	1	HYAL1	5	0	5	GC_3373	1
3376	1	IARS1	9	0	9	GC_3376	1
3383	1	ICAM1	2	0	2	GC_3383	1
3394	1	IRF8	3	0	3	GC_3394	1
3417	1	IDH1	5	2	3	GC_3417	1
3418	1	IDH2	4	1	3	GC_3418	1
3419	1	IDH3A	2	0	2	GC_3419	2
3420	1	IDH3B	2	0	2	GC_3420	2
3423	1	IDS	124	105	19	GC_3423	3
3425	1	IDUA	94	71	23	GC_3425	2
3426	1	CFI	14	2	12	GC_3426	1
3428	1	IFI16	2	0	2	GC_3428	1
3430	1	IFI35	1	0	1	GC_3430	1
3431	1	SP110	16	0	16	GC_3431	2
3433	1	IFIT2	2	0	2	GC_3433	4
3437	1	IFIT3	1	0	1	GC_3433	4
3439	1	IFNA1	3	0	3	GC_3439	1
3440	1	IFNA2	4	0	4	GC_3440	1
3441	1	IFNA4	3	0	3	GC_3441	1
3442	1	IFNA5	1	0	1	GC_3442	1
3446	1	IFNA10	2	0	2	GC_3446	1
3448	1	IFNA14	1	0	1	GC_3448	1
3449	1	IFNA16	2	0	2	GC_3449	1
3454	1	IFNAR1	4	0	4	GC_3454	1
3455	1	IFNAR2	7	0	7	GC_3455	3
3456	1	IFNB1	2	0	2	GC_3456	1
3459	1	IFNGR1	5	1	4	GC_3459	1
3460	1	IFNGR2	5	1	4	GC_3460	2
3475	1	IFRD1	1	0	1	GC_3475	1
3476	1	IGBP1	3	0	3	GC_3476	1
3479	1	IGF1	2	0	2	GC_3479	2
3480	1	IGF1R	8	1	7	GC_3480	2
3481	1	IGF2	2	1	1	GC_3481	3
3482	1	IGF2R	1	0	1	GC_3482	1
3483	1	IGFALS	6	1	5	GC_3483	1
3489	1	IGFBP6	1	0	1	GC_3489	1
3491	1	CCN1	1	0	1	GC_3491	1
3508	1	IGHMBP2	33	18	15	GC_3508	3
3516	1	RBPJ	3	1	2	GC_3516	2
3535	1	IGL	2	0	2	GC_3535	2
3543	1	IGLL1	17	0	17	GC_3543	1
3547	1	IGSF1	10	0	10	GC_3547	1
3549	1	IHH	5	3	2	GC_3549	1
3551	1	IKBKB	8	1	7	GC_3551	1
3552	1	IL1A	1	0	1	GC_3552	1
3556	1	IL1RAP	1	0	1	GC_3556	1
3557	1	IL1RN	1	0	1	GC_3557	1
3559	1	IL2RA	1	0	1	GC_3559	1
3560	1	IL2RB	8	0	8	GC_3560	1
3561	1	IL2RG	27	16	11	GC_3561	2
3562	1	IL3	1	0	1	GC_3562	1
3563	1	IL3RA	1	0	1	GC_3563	1
3566	1	IL4R	3	0	3	GC_3566	1
3568	1	IL5RA	1	0	1	GC_3568	1
3569	1	IL6	1	0	1	GC_3569	1
3570	1	IL6R	2	0	2	GC_3570	1
3572	1	IL6ST	8	0	8	GC_3572	1
3575	1	IL7R	19	6	13	GC_3575	1
3577	1	CXCR1	2	0	2	GC_3577	1
3579	1	CXCR2	4	0	4	GC_3579	1
3581	1	IL9R	2	0	2	GC_3581	1
3587	1	IL10RA	14	1	13	GC_3587	1
3588	1	IL10RB	4	0	4	GC_3455	3
3590	1	IL11RA	6	2	4	GC_3590	1
3592	1	IL12A	2	0	2	GC_3592	2
3593	1	IL12B	5	0	5	GC_3593	1
3594	1	IL12RB1	18	1	17	GC_3594	1
3595	1	IL12RB2	10	0	10	GC_3595	1
3601	1	IL15RA	3	0	3	GC_3601	1
3603	1	IL16	2	0	2	GC_3603	1
3604	1	TNFRSF9	2	0	2	GC_3604	1
3607	1	FOXK2	4	0	4	GC_3607	2
3611	1	ILK	4	0	4	GC_3611	2
3612	1	IMPA1	2	0	2	GC_3612	1
3613	1	IMPA2	1	0	1	GC_3613	1
3614	1	IMPDH1	2	2	0	GC_3614	1
3617	1	IMPG1	10	0	10	GC_3617	1
3619	1	INCENP	8	0	8	GC_3619	1
3620	1	IDO1	2	0	2	GC_3620	1
3623	1	INHA	1	0	1	GC_3623	1
3626	1	INHBC	1	0	1	GC_3626	1
3627	1	CXCL10	1	0	1	GC_419	2
3628	1	INPP1	1	0	1	GC_3628	1
3630	1	INS	6	6	0	GC_3481	3
3631	1	INPP4A	1	0	1	GC_3631	1
3633	1	INPP5B	5	0	5	GC_3633	2
3636	1	INPPL1	5	0	5	GC_3636	1
3640	1	INSL3	2	0	2	GC_3640	1
3641	1	INSL4	1	0	1	GC_3641	1
3643	1	INSR	6	2	4	GC_3643	1
3645	1	INSRR	5	0	5	GC_3645	3
3654	1	IRAK1	3	0	3	GC_3654	1
3655	1	ITGA6	9	0	9	GC_3655	2
3656	1	IRAK2	1	0	1	GC_3656	1
3658	1	IREB2	4	0	4	GC_3658	1
3661	1	IRF3	2	0	2	GC_3661	1
3662	1	IRF4	1	0	1	GC_3662	1
3664	1	IRF6	14	11	3	GC_3664	1
3665	1	IRF7	3	0	3	GC_3665	1
3667	1	IRS1	3	0	3	GC_3667	1
3672	1	ITGA1	1	0	1	GC_3672	3
3673	1	ITGA2	14	0	14	GC_3672	3
3674	1	ITGA2B	82	73	9	GC_3674	2
3675	1	ITGA3	8	1	7	GC_3675	1
3676	1	ITGA4	1	0	1	GC_3676	1
3678	1	ITGA5	2	0	2	GC_3678	2
3679	1	ITGA7	12	0	12	GC_3679	2
3680	1	ITGA9	2	0	2	GC_3680	1
3682	1	ITGAE	1	0	1	GC_3682	1
3683	1	ITGAL	1	0	1	GC_3683	1
3684	1	ITGAM	5	0	5	GC_3684	2
3687	1	ITGAX	1	0	1	GC_3687	1
3689	1	ITGB2	14	7	7	GC_3689	1
3690	1	ITGB3	71	61	10	GC_3690	5
3691	1	ITGB4	25	6	19	GC_2584	2
3694	1	ITGB6	2	0	2	GC_3694	1
3695	1	ITGB7	2	0	2	GC_3695	2
3697	1	ITIH1	2	0	2	GC_3697	1
3699	1	ITIH3	3	0	3	GC_3699	1
3700	1	ITIH4	1	0	1	GC_3700	1
3702	1	ITK	3	0	3	GC_3702	1
3703	1	STT3A	2	2	0	GC_3703	1
3704	1	ITPA	10	1	9	GC_3704	2
3707	1	ITPKB	5	0	5	GC_3707	2
3708	1	ITPR1	32	21	11	GC_3708	3
3709	1	ITPR2	4	0	4	GC_3709	1
3710	1	ITPR3	4	1	3	GC_3710	1
3712	1	IVD	36	31	5	GC_3712	1
3713	1	IVL	6	0	6	GC_3713	1
3714	1	JAG2	7	1	6	GC_3714	1
3716	1	JAK1	1	0	1	GC_3716	2
3717	1	JAK2	8	1	7	GC_3717	2
3718	1	JAK3	24	11	13	GC_3718	1
3720	1	JARID2	5	0	5	GC_3720	1
3728	1	JUP	5	0	5	GC_3728	1
3730	1	ANOS1	10	1	9	GC_3730	1
3735	1	KARS1	12	5	7	GC_3735	1
3736	1	KCNA1	13	12	1	GC_3736	1
3737	1	KCNA2	16	13	3	GC_3737	1
3738	1	KCNA3	2	2	0	GC_3738	1
3741	1	KCNA5	6	0	6	GC_3741	1
3744	1	KCNA10	3	0	3	GC_3744	1
3745	1	KCNB1	60	32	28	GC_3745	1
3746	1	KCNC1	9	5	4	GC_3746	1
3748	1	KCNC3	14	2	12	GC_3748	2
3750	1	KCND1	2	0	2	GC_3750	1
3751	1	KCND2	8	3	5	GC_3751	1
3752	1	KCND3	8	5	3	GC_3752	1
3753	1	KCNE1	2	0	2	GC_3753	1
3756	1	KCNH1	25	7	18	GC_3756	1
3757	1	KCNH2	92	77	15	GC_3757	1
3758	1	KCNJ1	18	15	3	GC_3758	1
3759	1	KCNJ2	22	20	2	GC_3759	1
3762	1	KCNJ5	7	1	6	GC_3762	1
3763	1	KCNJ6	1	0	1	GC_3763	2
3764	1	KCNJ8	2	0	2	GC_3764	3
3766	1	KCNJ10	4	3	1	GC_3766	1
3767	1	KCNJ11	23	21	2	GC_3767	1
3769	1	KCNJ13	3	2	1	GC_3769	2
3772	1	KCNJ15	1	0	1	GC_3772	1
3773	1	KCNJ16	1	0	1	GC_3773	1
3777	1	KCNK3	2	0	2	GC_3777	1
3778	1	KCNMA1	9	4	5	GC_3778	2
3781	1	KCNN2	2	2	0	GC_3781	2
3782	1	KCNN3	3	0	3	GC_3782	1
3783	1	KCNN4	2	1	1	GC_3783	1
3784	1	KCNQ1	141	132	9	GC_3784	2
3785	1	KCNQ2	143	129	14	GC_3785	1
3786	1	KCNQ3	19	7	12	GC_3786	1
3787	1	KCNS1	3	0	3	GC_3787	1
3788	1	KCNS2	1	0	1	GC_3788	2
3790	1	KCNS3	1	0	1	GC_3790	1
3791	1	KDR	8	0	8	GC_3791	1
3792	1	KEL	1	0	1	GC_3792	1
3795	1	KHK	2	0	2	GC_3795	2
3796	1	KIF2A	11	4	7	GC_3796	2
3798	1	KIF5A	14	12	2	GC_3798	1
3799	1	KIF5B	2	1	1	GC_3799	1
3800	1	KIF5C	8	4	4	GC_3800	1
3814	1	KISS1	5	0	5	GC_3814	1
3815	1	KIT	14	9	5	GC_3815	1
3818	1	KLKB1	10	1	9	GC_3818	1
3822	1	KLRC2	3	0	3	GC_3822	1
3823	1	KLRC3	4	0	4	GC_3823	1
3827	1	KNG1	1	0	1	GC_3827	1
3831	1	KLC1	1	0	1	GC_3831	2
3832	1	KIF11	24	2	22	GC_3832	1
3835	1	KIF22	9	3	6	GC_3835	1
3845	1	KRAS	36	35	1	GC_3845	1
3848	1	KRT1	14	7	7	GC_3848	1
3849	1	KRT2	15	2	13	GC_3849	1
3850	1	KRT3	5	0	5	GC_3850	1
3851	1	KRT4	8	0	8	GC_3851	1
3852	1	KRT5	33	22	11	GC_3852	3
3853	1	KRT6A	16	6	10	GC_3853	1
3854	1	KRT6B	12	2	10	GC_3854	1
3855	1	KRT7	4	0	4	GC_3855	1
3856	1	KRT8	5	0	5	GC_3856	1
3857	1	KRT9	8	6	2	GC_3857	1
3858	1	KRT10	17	5	12	GC_3858	2
3859	1	KRT12	6	1	5	GC_3859	1
3860	1	KRT13	6	0	6	GC_3860	1
3861	1	KRT14	19	13	6	GC_3861	1
3866	1	KRT15	1	0	1	GC_3866	1
3868	1	KRT16	12	5	7	GC_3868	1
3872	1	KRT17	8	4	4	GC_3872	1
3875	1	KRT18	1	0	1	GC_3875	2
3887	1	KRT81	4	0	4	GC_3887	2
3889	1	KRT83	12	1	11	GC_3889	1
3890	1	KRT84	1	0	1	GC_3890	1
3891	1	KRT85	3	0	3	GC_3891	1
3892	1	KRT86	7	0	7	GC_3887	2
3895	1	KTN1	3	0	3	GC_3895	1
3897	1	L1CAM	35	12	23	GC_3897	1
3898	1	LAD1	1	0	1	GC_3898	1
3899	1	AFF3	4	2	2	GC_3899	1
3902	1	LAG3	2	0	2	GC_3902	1
3908	1	LAMA2	31	5	26	GC_3908	2
3909	1	LAMA3	27	1	26	GC_3909	2
3910	1	LAMA4	29	0	29	GC_3910	3
3911	1	LAMA5	92	0	92	GC_3911	2
3912	1	LAMB1	15	0	15	GC_3912	1
3913	1	LAMB2	22	3	19	GC_3913	1
3914	1	LAMB3	20	4	16	GC_3914	1
3915	1	LAMC1	7	0	7	GC_3915	1
3916	1	LAMP1	2	0	2	GC_3916	1
3918	1	LAMC2	14	1	13	GC_3918	1
3920	1	LAMP2	12	3	9	GC_3920	1
3929	1	LBP	6	0	6	GC_3929	1
3930	1	LBR	9	4	5	GC_3930	1
3931	1	LCAT	11	8	3	GC_3931	2
3932	1	LCK	4	0	4	GC_3932	1
3933	1	LCN1	1	0	1	GC_3933	1
3934	1	LCN2	1	0	1	GC_3934	1
3936	1	LCP1	1	0	1	GC_3936	1
3937	1	LCP2	2	0	2	GC_3937	2
3938	1	LCT	9	0	9	GC_3938	2
3939	1	LDHA	1	0	1	GC_3939	1
3948	1	LDHC	1	0	1	GC_3948	1
3949	1	LDLR	519	506	13	GC_3949	3
3952	1	LEP	1	0	1	GC_3952	1
3953	1	LEPR	7	1	6	GC_3953	2
3954	1	LETM1	10	0	10	GC_3954	1
3955	1	LFNG	1	0	1	GC_3955	1
3957	1	LGALS2	1	0	1	GC_3957	1
3958	1	LGALS3	1	0	1	GC_3958	1
3959	1	LGALS3BP	1	0	1	GC_3959	1
3960	1	LGALS4	1	0	1	GC_3960	1
3964	1	LGALS8	1	0	1	GC_3964	1
3965	1	LGALS9	1	0	1	GC_3965	1
3972	1	LHB	8	0	8	GC_3972	1
3973	1	LHCGR	12	6	6	GC_3973	3
3976	1	LIF	1	0	1	GC_3976	1
3977	1	LIFR	10	1	9	GC_3977	1
3978	1	LIG1	14	0	14	GC_3978	1
3980	1	LIG3	3	0	3	GC_3980	1
3981	1	LIG4	14	7	7	GC_3981	1
3982	1	LIM2	1	1	0	GC_3982	1
3984	1	LIMK1	3	0	3	GC_3984	1
3987	1	LIMS1	1	0	1	GC_3987	1
3988	1	LIPA	28	21	7	GC_3433	4
3990	1	LIPC	4	0	4	GC_3990	1
3991	1	LIPE	14	0	14	GC_3991	3
3993	1	LLGL2	5	1	4	GC_3993	3
3996	1	LLGL1	3	0	3	GC_3996	1
3998	1	LMAN1	4	0	4	GC_3998	2
4000	1	LMNA	91	84	7	GC_4000	3
4001	1	LMNB1	7	3	4	GC_4001	1
4008	1	LMO7	2	0	2	GC_4008	1
4010	1	LMX1B	13	10	3	GC_4010	1
4014	1	LORICRIN	4	0	4	GC_4014	1
4015	1	LOX	8	1	7	GC_4015	2
4017	1	LOXL2	1	0	1	GC_4017	1
4023	1	LPL	32	29	3	GC_4023	1
4025	1	LPO	1	0	1	GC_4025	1
4026	1	LPP	5	0	5	GC_4026	1
4034	1	LRCH4	1	0	1	GC_4034	1
4035	1	LRP1	12	0	12	GC_4035	1
4036	1	LRP2	51	1	50	GC_4036	1
4037	1	LRP3	1	0	1	GC_4037	1
4038	1	LRP4	13	1	12	GC_4038	2
4040	1	LRP6	4	0	4	GC_4040	1
4041	1	LRP5	28	21	7	GC_4041	1
4043	1	LRPAP1	4	0	4	GC_4043	2
4047	1	LSS	13	2	11	GC_4047	1
4048	1	LTA4H	2	0	2	GC_4048	1
4051	1	CYP4F3	3	0	3	GC_4051	1
4052	1	LTBP1	7	0	7	GC_4052	1
4053	1	LTBP2	10	1	9	GC_4053	1
4054	1	LTBP3	3	0	3	GC_4054	2
4055	1	LTBR	3	0	3	GC_4055	1
4057	1	LTF	3	0	3	GC_4057	1
4058	1	LTK	1	0	1	GC_4058	1
4059	1	BCAM	3	0	3	GC_4059	1
4061	1	LY6E	1	0	1	GC_4061	1
4063	1	LY9	2	0	2	GC_4063	1
4064	1	CD180	1	0	1	GC_4064	1
4065	1	LY75	5	0	5	GC_4065	2
4068	1	SH2D1A	2	2	0	GC_4068	1
4069	1	LYZ	7	0	7	GC_4069	1
4070	1	TACSTD2	4	0	4	GC_4070	1
4072	1	EPCAM	9	1	8	GC_4072	1
4077	1	NBR1	1	0	1	GC_4077	1
4087	1	SMAD2	1	1	0	GC_4087	1
4088	1	SMAD3	19	17	2	GC_4088	2
4089	1	SMAD4	16	13	3	GC_4089	1
4091	1	SMAD6	6	0	6	GC_4091	1
4092	1	SMAD7	1	0	1	GC_4092	1
4093	1	SMAD9	3	0	3	GC_4093	1
4094	1	MAF	18	10	8	GC_4094	2
4099	1	MAG	7	0	7	GC_4099	1
4103	1	MAGEA4	1	0	1	GC_4103	1
4112	1	MAGEB1	1	0	1	GC_4112	1
4113	1	MAGEB2	1	0	1	GC_4113	1
4114	1	MAGEB3	1	0	1	GC_4114	1
4117	1	MAK	6	3	3	GC_4117	1
4122	1	MAN2A2	1	0	1	GC_4122	1
4125	1	MAN2B1	35	19	16	GC_4125	2
4126	1	MANBA	8	1	7	GC_4126	1
4128	1	MAOA	3	1	2	GC_4128	1
4130	1	MAP1A	2	0	2	GC_4130	1
4131	1	MAP1B	13	0	13	GC_4131	1
4133	1	MAP2	5	0	5	GC_4133	1
4135	1	MAP6	1	0	1	GC_4135	1
4137	1	MAPT	26	9	17	GC_4137	1
4139	1	MARK1	1	0	1	GC_4139	1
4141	1	MARS1	5	0	5	GC_4141	1
4142	1	MAS1	1	0	1	GC_4142	1
4143	1	MAT1A	12	12	0	GC_4143	1
4144	1	MAT2A	2	0	2	GC_4144	1
4146	1	MATN1	1	0	1	GC_4146	1
4147	1	MATN2	1	0	1	GC_4147	1
4148	1	MATN3	5	2	3	GC_4148	2
4149	1	MAX	18	3	15	GC_4149	3
4151	1	MB	1	1	0	GC_4151	1
4153	1	MBL2	1	0	1	GC_4153	1
4155	1	MBP	1	0	1	GC_4155	1
4157	1	MC1R	12	0	12	GC_4157	1
4158	1	MC2R	7	4	3	GC_4158	1
4159	1	MC3R	1	0	1	GC_4159	1
4160	1	MC4R	11	9	2	GC_4160	1
4162	1	MCAM	1	0	1	GC_4162	1
4163	1	MCC	3	0	3	GC_4163	1
4166	1	CHST6	9	7	2	GC_4166	1
4168	1	MCF2	3	0	3	GC_4168	1
4171	1	MCM2	13	0	13	GC_4171	1
4173	1	MCM4	2	0	2	GC_4173	1
4174	1	MCM5	5	0	5	GC_4174	1
4175	1	MCM6	1	0	1	GC_4175	1
4176	1	MCM7	1	1	0	GC_4176	1
4179	1	CD46	2	0	2	GC_4179	2
4189	1	DNAJB9	1	0	1	GC_4189	1
4191	1	MDH2	5	1	4	GC_4191	1
4194	1	MDM4	1	0	1	GC_4194	2
4201	1	MEA1	1	1	0	GC_4201	2
4204	1	MECP2	196	73	123	GC_4204	2
4205	1	MEF2A	2	0	2	GC_4205	1
4208	1	MEF2C	8	8	0	GC_4208	1
4210	1	MEFV	15	9	6	GC_4210	2
4212	1	MEIS2	1	1	0	GC_4212	1
4214	1	MAP3K1	12	1	11	GC_4214	2
4215	1	MAP3K3	1	1	0	GC_4215	1
4216	1	MAP3K4	1	0	1	GC_4216	1
4221	1	MEN1	77	71	6	GC_4221	1
4222	1	MEOX1	3	0	3	GC_4222	1
4233	1	MET	18	4	14	GC_4233	1
4240	1	MFGE8	2	0	2	GC_4240	1
4241	1	MELTF	1	0	1	GC_4241	1
4247	1	MGAT2	1	1	0	GC_4247	1
4253	1	MIA2	1	0	1	GC_4253	1
4254	1	KITLG	2	0	2	GC_4254	1
4255	1	MGMT	2	0	2	GC_4255	1
4256	1	MGP	4	0	4	GC_4256	1
4261	1	CIITA	13	0	13	GC_4261	1
4281	1	MID1	13	1	12	GC_4281	2
4284	1	MIP	3	1	2	GC_4284	1
4285	1	MIPEP	10	1	9	GC_4285	3
4286	1	MITF	8	4	4	GC_4286	1
4287	1	ATXN3	3	0	3	GC_4287	2
4288	1	MKI67	14	0	14	GC_4288	1
4291	1	MLF1	1	0	1	GC_4291	1
4292	1	MLH1	175	143	32	GC_4292	1
4297	1	KMT2A	72	10	62	GC_4297	2
4298	1	MLLT1	1	0	1	GC_4298	1
4299	1	AFF1	2	0	2	GC_4299	1
4306	1	NR3C2	10	0	10	GC_4306	1
4308	1	TRPM1	26	3	23	GC_4308	3
4311	1	MME	6	2	4	GC_4311	1
4312	1	MMP1	2	0	2	GC_4312	1
4313	1	MMP2	6	0	6	GC_4313	1
4314	1	MMP3	1	0	1	GC_4314	1
4316	1	MMP7	1	0	1	GC_4316	1
4317	1	MMP8	6	0	6	GC_4317	2
4318	1	MMP9	8	0	8	GC_4318	2
4319	1	MMP10	1	0	1	GC_4319	1
4322	1	MMP13	6	3	3	GC_4322	2
4323	1	MMP14	6	0	6	GC_4323	1
4326	1	MMP17	2	0	2	GC_4326	1
4327	1	MMP19	5	0	5	GC_4327	1
4329	1	ALDH6A1	3	0	3	GC_4329	2
4330	1	MN1	1	0	1	GC_4330	1
4331	1	MNAT1	1	0	1	GC_4331	1
4337	1	MOCS1	13	5	8	GC_4337	1
4338	1	MOCS2	9	2	7	GC_4338	2
4351	1	MPI	10	7	3	GC_4351	1
4352	1	MPL	19	12	7	GC_4352	1
4353	1	MPO	1	1	0	GC_4353	2
4358	1	MPV17	10	10	0	GC_4358	1
4359	1	MPZ	54	54	0	GC_4359	1
4361	1	MRE11	6	1	5	GC_4361	1
4363	1	ABCC1	2	0	2	GC_4363	1
4430	1	MYO1B	1	0	1	GC_4430	1
4436	1	MSH2	185	127	58	GC_4436	1
4437	1	MSH3	10	1	9	GC_1719	2
4438	1	MSH4	1	1	0	GC_4438	1
4439	1	MSH5	1	0	1	GC_4439	3
4478	1	MSN	1	1	0	GC_4478	1
4485	1	MST1	4	0	4	GC_4485	1
4486	1	MST1R	4	0	4	GC_4486	1
4487	1	MSX1	5	0	5	GC_4487	2
4488	1	MSX2	3	1	2	GC_4488	1
4507	1	MTAP	3	0	3	GC_4507	1
4520	1	MTF1	1	0	1	GC_4520	1
4522	1	MTHFD1	9	2	7	GC_4522	3
4524	1	MTHFR	26	24	2	GC_4524	1
4534	1	MTM1	22	18	4	GC_4534	1
4540	1	MT-ND5	1	1	0	GC_4540	1
4542	1	MYO1F	8	0	8	GC_4542	1
4543	1	MTNR1A	1	0	1	GC_4543	1
4547	1	MTTP	16	2	14	GC_4547	1
4548	1	MTR	12	1	11	GC_4548	1
4552	1	MTRR	18	4	14	GC_4552	2
4585	1	MUC4	6	0	6	GC_4585	1
4589	1	MUC7	1	0	1	GC_4589	1
4591	1	TRIM37	3	0	3	GC_4591	1
4593	1	MUSK	14	3	11	GC_4593	1
4594	1	MMUT	81	77	4	GC_4594	1
4595	1	MUTYH	42	28	14	GC_4595	2
4597	1	MVD	2	1	1	GC_4597	2
4598	1	MVK	31	28	3	GC_4598	2
4599	1	MX1	2	0	2	GC_4599	1
4604	1	MYBPC1	7	4	3	GC_4604	1
4605	1	MYBL2	4	0	4	GC_4605	1
4607	1	MYBPC3	41	19	22	GC_4607	1
4608	1	MYBPH	1	0	1	GC_4608	1
4609	1	MYC	2	0	2	GC_4609	1
4613	1	MYCN	8	3	5	GC_4613	2
4615	1	MYD88	3	0	3	GC_4615	1
4618	1	MYF6	2	0	2	GC_4618	1
4620	1	MYH2	6	1	5	GC_4620	7
4621	1	MYH3	18	5	13	GC_4621	1
4622	1	MYH4	4	0	4	GC_4620	7
4624	1	MYH6	21	0	21	GC_4624	3
4625	1	MYH7	201	189	12	GC_4625	4
4626	1	MYH8	17	1	16	GC_4620	7
4627	1	MYH9	42	20	22	GC_4627	2
4629	1	MYH11	19	0	19	GC_4629	2
4632	1	MYL1	1	0	1	GC_4632	1
4633	1	MYL2	7	7	0	GC_4633	2
4634	1	MYL3	3	3	0	GC_4634	1
4635	1	MYL4	1	0	1	GC_4635	1
4638	1	MYLK	30	0	30	GC_4638	2
4640	1	MYO1A	13	0	13	GC_4640	1
4641	1	MYO1C	12	0	12	GC_4641	1
4642	1	MYO1D	2	0	2	GC_4642	1
4643	1	MYO1E	2	0	2	GC_4643	2
4644	1	MYO5A	5	0	5	GC_4644	1
4645	1	MYO5B	26	4	22	GC_4645	2
4646	1	MYO6	8	2	6	GC_4646	1
4647	1	MYO7A	101	87	14	GC_4647	1
4648	1	MYO7B	2	0	2	GC_4648	1
4649	1	MYO9A	15	0	15	GC_4649	2
4650	1	MYO9B	4	0	4	GC_4650	1
4651	1	MYO10	7	0	7	GC_4651	1
4653	1	MYOC	71	46	25	GC_4653	1
4659	1	PPP1R12A	3	0	3	GC_4659	1
4661	1	MYT1	1	0	1	GC_4661	1
4665	1	NAB2	1	0	1	GC_4665	1
4666	1	NACA	3	0	3	GC_4666	1
4668	1	NAGA	1	0	1	GC_4668	1
4669	1	NAGLU	62	58	4	GC_4669	2
4671	1	NAIP	1	0	1	GC_4671	1
4677	1	NARS1	2	1	1	GC_4677	1
4680	1	CEACAM6	1	0	1	GC_4680	1
4683	1	NBN	7	0	7	GC_4683	2
4688	1	NCF2	13	3	10	GC_4688	1
4689	1	NCF4	4	1	3	GC_4689	2
4690	1	NCK1	1	0	1	GC_4690	2
4691	1	NCL	2	0	2	GC_4691	1
4692	1	NDN	3	0	3	GC_4692	1
4693	1	NDP	12	11	1	GC_4693	2
4694	1	NDUFA1	1	0	1	GC_4694	2
4700	1	NDUFA6	2	0	2	GC_4700	1
4703	1	NEB	94	8	86	GC_4703	2
4704	1	NDUFA9	4	0	4	GC_4704	1
4705	1	NDUFA10	4	1	3	GC_4705	1
4709	1	NDUFB3	1	1	0	GC_4709	1
4710	1	NDUFB4	1	0	1	GC_4710	2
4714	1	NDUFB8	4	0	4	GC_4714	1
4715	1	NDUFB9	3	0	3	GC_4715	1
4716	1	NDUFB10	1	0	1	GC_4716	1
4719	1	NDUFS1	6	6	0	GC_4719	1
4720	1	NDUFS2	3	1	2	GC_4720	2
4722	1	NDUFS3	2	2	0	GC_4722	1
4723	1	NDUFV1	9	8	1	GC_4723	2
4724	1	NDUFS4	1	1	0	GC_4724	1
4726	1	NDUFS6	2	2	0	GC_4726	1
4728	1	NDUFS8	2	2	0	GC_4728	1
4729	1	NDUFV2	3	1	2	GC_4729	2
4731	1	NDUFV3	1	0	1	GC_4731	1
4734	1	NEDD4	8	0	8	GC_4734	1
4741	1	NEFM	1	0	1	GC_4741	1
4744	1	NEFH	22	0	22	GC_4744	1
4745	1	NELL1	7	0	7	GC_4745	1
4747	1	NEFL	12	8	4	GC_4747	2
4750	1	NEK1	7	0	7	GC_4750	1
4751	1	NEK2	3	0	3	GC_4751	1
4752	1	NEK3	1	0	1	GC_4752	1
4758	1	NEU1	17	16	1	GC_4758	1
4760	1	NEUROD1	1	0	1	GC_4760	1
4761	1	NEUROD2	1	0	1	GC_4761	1
4763	1	NF1	308	282	26	GC_2123	7
4771	1	NF2	5	3	2	GC_4771	1
4772	1	NFATC1	8	0	8	GC_4772	1
4773	1	NFATC2	4	0	4	GC_4773	1
4774	1	NFIA	3	0	3	GC_4774	1
4775	1	NFATC3	1	0	1	GC_4775	1
4780	1	NFE2L2	5	0	5	GC_4780	1
4781	1	NFIB	3	3	0	GC_4781	1
4783	1	NFIL3	1	0	1	GC_4783	1
4784	1	NFIX	14	12	2	GC_4784	1
4790	1	NFKB1	8	0	8	GC_4790	1
4791	1	NFKB2	5	1	4	GC_4791	2
4792	1	NFKBIA	4	1	3	GC_4792	1
4796	1	TONSL	13	1	12	GC_4796	2
4803	1	NGF	5	0	5	GC_4803	2
4804	1	NGFR	1	0	1	GC_4804	2
4810	1	NHS	46	0	46	GC_4810	1
4811	1	NID1	13	0	13	GC_4811	2
4818	1	NKG7	1	0	1	GC_4818	1
4820	1	NKTR	1	0	1	GC_4820	2
4821	1	NKX2-2	4	0	4	GC_4821	1
4829	1	NMBR	1	0	1	GC_4829	1
4832	1	NME3	1	0	1	GC_4832	2
4838	1	NODAL	4	1	3	GC_4838	1
4839	1	NOP2	4	0	4	GC_4839	1
4841	1	NONO	2	0	2	GC_4841	1
4842	1	NOS1	5	0	5	GC_4842	1
4843	1	NOS2	1	0	1	GC_4843	1
4846	1	NOS3	9	0	9	GC_4846	2
4848	1	CNOT2	2	0	2	GC_4848	1
4849	1	CNOT3	10	1	9	GC_4849	1
4851	1	NOTCH1	62	2	60	GC_4851	2
4853	1	NOTCH2	32	0	32	GC_4853	1
4854	1	NOTCH3	156	111	45	GC_4854	2
4855	1	NOTCH4	2	0	2	GC_4855	1
4856	1	CCN3	1	0	1	GC_4856	1
4858	1	NOVA2	1	0	1	GC_4858	1
4860	1	PNP	11	7	4	GC_4860	1
4862	1	NPAS2	3	0	3	GC_4862	2
4863	1	NPAT	7	0	7	GC_4863	1
4864	1	NPC1	112	101	11	GC_4864	1
4867	1	NPHP1	7	1	6	GC_4867	1
4868	1	NPHS1	45	33	12	GC_4868	2
4878	1	NPPA	5	0	5	GC_4878	3
4879	1	NPPB	3	0	3	GC_4879	1
4880	1	NPPC	1	0	1	GC_4880	1
4881	1	NPR1	1	0	1	GC_4881	1
4882	1	NPR2	8	5	3	GC_4882	2
4883	1	NPR3	2	0	2	GC_4883	1
4884	1	NPTX1	1	1	0	GC_4884	1
4886	1	NPY1R	1	0	1	GC_4886	1
4887	1	NPY2R	2	0	2	GC_4887	1
4891	1	SLC11A2	6	0	6	GC_4891	1
4892	1	NRAP	25	0	25	GC_4892	1
4893	1	NRAS	15	15	0	GC_4893	1
4897	1	NRCAM	3	0	3	GC_4897	1
4901	1	NRL	10	4	6	GC_4901	2
4902	1	NRTN	1	0	1	GC_4902	1
4905	1	NSF	1	1	0	GC_4905	5
4909	1	NTF4	2	0	2	GC_4909	1
4913	1	NTHL1	5	1	4	GC_4913	1
4914	1	NTRK1	33	18	15	GC_3645	3
4915	1	NTRK2	8	2	6	GC_4915	1
4919	1	ROR1	1	0	1	GC_4919	1
4920	1	ROR2	12	0	12	GC_4920	1
4921	1	DDR2	2	2	0	GC_4921	1
4923	1	NTSR1	3	0	3	GC_4923	1
4926	1	NUMA1	8	0	8	GC_4926	4
4928	1	NUP98	5	0	5	GC_4928	1
4929	1	NR4A2	2	0	2	GC_4929	1
4935	1	GPR143	14	9	5	GC_4935	1
4938	1	OAS1	10	0	10	GC_4938	1
4940	1	OAS3	4	0	4	GC_4940	1
4942	1	OAT	22	21	1	GC_4942	2
4948	1	OCA2	62	50	12	GC_4948	1
4952	1	OCRL	23	9	14	GC_4952	2
4953	1	ODC1	3	0	3	GC_4953	1
4957	1	ODF2	1	0	1	GC_4957	1
4967	1	OGDH	2	0	2	GC_4967	1
4968	1	OGG1	1	0	1	GC_4968	1
4974	1	OMG	2	0	2	GC_2123	7
4976	1	OPA1	21	14	7	GC_4976	3
4982	1	TNFRSF11B	3	0	3	GC_4982	1
4983	1	OPHN1	14	1	13	GC_4983	1
4986	1	OPRK1	1	0	1	GC_4986	2
4990	1	SIX6	1	0	1	GC_4990	2
4992	1	OR1F1	3	0	3	GC_4992	1
4994	1	OR3A1	2	0	2	GC_4994	2
4995	1	OR3A2	2	0	2	GC_4994	2
4998	1	ORC1	14	3	11	GC_4998	1
5000	1	ORC4	4	1	3	GC_5000	1
5002	1	SLC67A1	3	0	3	GC_5002	2
5003	1	SLC67A1-AS	2	0	2	GC_5002	2
5004	1	ORM1	1	0	1	GC_5004	1
5009	1	OTC	49	47	2	GC_5009	1
5015	1	OTX2	1	0	1	GC_5015	1
5016	1	OVGP1	5	0	5	GC_5016	1
5018	1	OXA1L	2	0	2	GC_5018	1
5019	1	OXCT1	4	1	3	GC_5019	1
5021	1	OXTR	5	1	4	GC_859	3
5023	1	P2RX1	1	0	1	GC_5023	1
5024	1	P2RX3	1	0	1	GC_5024	1
5027	1	P2RX7	6	0	6	GC_5027	1
5030	1	P2RY4	2	0	2	GC_5030	1
5032	1	P2RY11	6	0	6	GC_5032	4
5034	1	P4HB	4	0	4	GC_5034	1
5037	1	PEBP1	2	0	2	GC_5037	1
5046	1	PCSK6	2	0	2	GC_5046	2
5048	1	PAFAH1B1	4	4	0	GC_5048	1
5053	1	PAH	427	425	2	GC_429	3
5054	1	SERPINE1	2	0	2	GC_5054	1
5055	1	SERPINB2	3	0	3	GC_5055	1
5058	1	PAK1	5	5	0	GC_5058	1
5063	1	PAK3	4	0	4	GC_5063	1
5064	1	PALM	2	0	2	GC_5064	1
5066	1	PAM	1	0	1	GC_5066	1
5067	1	CNTN3	4	0	4	GC_5067	1
5069	1	PAPPA	5	0	5	GC_5069	2
5071	1	PRKN	20	12	8	GC_5071	3
5073	1	PARN	3	0	3	GC_5073	1
5075	1	PAX1	6	0	6	GC_5075	1
5076	1	PAX2	7	7	0	GC_5076	1
5077	1	PAX3	24	19	5	GC_5077	2
5078	1	PAX4	6	0	6	GC_5078	1
5079	1	PAX5	16	1	15	GC_5079	2
5080	1	PAX6	19	18	1	GC_5080	2
5083	1	PAX9	4	1	3	GC_5083	1
5087	1	PBX1	5	3	2	GC_5087	1
5091	1	PC	10	4	6	GC_5091	1
5092	1	PCBD1	2	1	1	GC_5092	1
5095	1	PCCA	27	23	4	GC_5095	1
5096	1	PCCB	38	36	2	GC_5096	1
5097	1	PCDH1	1	0	1	GC_5097	1
5099	1	PCDH7	1	0	1	GC_5099	1
5100	1	PCDH8	1	0	1	GC_5100	1
5104	1	SERPINA5	1	0	1	GC_5104	1
5105	1	PCK1	7	0	7	GC_5105	1
5106	1	PCK2	6	0	6	GC_4901	2
5108	1	PCM1	4	0	4	GC_5108	1
5111	1	PCNA	1	1	0	GC_5111	1
5116	1	PCNT	69	0	69	GC_5116	2
5118	1	PCOLCE	1	0	1	GC_5118	1
5119	1	CHMP1A	10	0	10	GC_5119	1
5122	1	PCSK1	4	0	4	GC_831	3
5125	1	PCSK5	6	0	6	GC_5125	1
5127	1	CDK16	1	0	1	GC_5127	1
5130	1	PCYT1A	6	3	3	GC_5130	2
5133	1	PDCD1	1	0	1	GC_5133	1
5137	1	PDE1C	4	0	4	GC_5137	1
5138	1	PDE2A	3	0	3	GC_5138	1
5139	1	PDE3A	6	0	6	GC_5139	3
5140	1	PDE3B	3	1	2	GC_5140	2
5141	1	PDE4A	2	0	2	GC_5141	1
5142	1	PDE4B	1	0	1	GC_5142	1
5143	1	PDE4C	1	0	1	GC_5143	2
5144	1	PDE4D	8	2	6	GC_5144	1
5145	1	PDE6A	14	9	5	GC_5145	1
5146	1	PDE6C	6	2	4	GC_5146	1
5147	1	PDE6D	1	0	1	GC_5147	1
5152	1	PDE9A	2	0	2	GC_5152	1
5155	1	PDGFB	5	0	5	GC_5155	1
5156	1	PDGFRA	13	0	13	GC_5156	2
5157	1	PDGFRL	1	0	1	GC_5157	1
5158	1	PDE6B	25	15	10	GC_5158	2
5159	1	PDGFRB	41	7	34	GC_5159	1
5160	1	PDHA1	36	25	11	GC_5160	2
5161	1	PDHA2	1	1	0	GC_5161	1
5162	1	PDHB	2	1	1	GC_5162	2
5165	1	PDK3	1	0	1	GC_5165	1
5166	1	PDK4	1	0	1	GC_5166	1
5167	1	ENPP1	12	8	4	GC_5167	1
5168	1	ENPP2	2	0	2	GC_5168	1
5172	1	SLC26A4	131	117	14	GC_5172	3
5173	1	PDYN	6	0	6	GC_5173	2
5174	1	PDZK1	1	0	1	GC_5174	1
5176	1	SERPINF1	5	0	5	GC_5176	2
5178	1	PEG3	10	0	10	GC_5178	2
5179	1	PENK	1	0	1	GC_5179	1
5184	1	PEPD	18	9	9	GC_5184	1
5187	1	PER1	2	0	2	GC_5187	1
5188	1	GATB	2	0	2	GC_5188	2
5189	1	PEX1	21	13	8	GC_5189	6
5190	1	PEX6	26	12	14	GC_5190	1
5191	1	PEX7	8	7	1	GC_5191	1
5192	1	PEX10	9	5	4	GC_5192	1
5193	1	PEX12	4	2	2	GC_5193	1
5194	1	PEX13	3	1	2	GC_5194	1
5195	1	PEX14	5	0	5	GC_5195	1
5198	1	PFAS	5	2	3	GC_5198	2
5199	1	CFP	5	0	5	GC_5199	1
5205	1	ATP8B1	20	11	9	GC_5205	2
5211	1	PFKL	2	0	2	GC_5211	1
5213	1	PFKM	9	4	5	GC_5213	1
5216	1	PFN1	1	0	1	GC_5216	1
5224	1	PGAM2	1	0	1	GC_5224	3
5230	1	PGK1	10	1	9	GC_538	3
5236	1	PGM1	10	5	5	GC_5236	2
5238	1	PGM3	6	1	5	GC_5238	2
5241	1	PGR	4	0	4	GC_5241	1
5243	1	ABCB1	6	0	6	GC_5243	1
5244	1	ABCB4	18	14	4	GC_5244	2
5251	1	PHEX	50	45	5	GC_5251	5
5253	1	PHF2	1	0	1	GC_5253	1
5255	1	PHKA1	4	0	4	GC_5255	1
5256	1	PHKA2	35	11	24	GC_5256	2
5257	1	PHKB	6	0	6	GC_5257	1
5261	1	PHKG2	5	5	0	GC_5261	1
5264	1	PHYH	7	4	3	GC_5264	1
5265	1	SERPINA1	10	6	4	GC_5265	1
5267	1	SERPINA4	1	0	1	GC_5267	1
5269	1	SERPINB6	6	0	6	GC_5269	1
5271	1	SERPINB8	4	0	4	GC_5271	1
5274	1	SERPINI1	15	1	14	GC_5274	1
5277	1	PIGA	15	6	9	GC_5277	1
5279	1	PIGC	2	0	2	GC_5279	2
5281	1	PIGF	1	0	1	GC_5281	1
5283	1	PIGH	1	1	0	GC_384	7
5284	1	PIGR	1	0	1	GC_5284	1
5286	1	PIK3C2A	6	0	6	GC_5286	1
5287	1	PIK3C2B	3	0	3	GC_5287	1
5288	1	PIK3C2G	2	0	2	GC_5288	2
5290	1	PIK3CA	49	46	3	GC_5290	1
5291	1	PIK3CB	1	0	1	GC_5291	1
5293	1	PIK3CD	33	12	21	GC_5293	2
5294	1	PIK3CG	5	0	5	GC_5294	1
5295	1	PIK3R1	4	2	2	GC_5295	1
5296	1	PIK3R2	19	3	16	GC_5296	2
5297	1	PI4KA	5	2	3	GC_3053	2
5303	1	PIN4	1	0	1	GC_5303	2
5304	1	PIP	2	0	2	GC_5304	1
5305	1	PIP4K2A	1	0	1	GC_5305	1
5307	1	PITX1	1	0	1	GC_5307	1
5308	1	PITX2	6	5	1	GC_5308	1
5310	1	PKD1	123	37	86	GC_5310	3
5311	1	PKD2	13	6	7	GC_5311	2
5313	1	PKLR	23	23	0	GC_5313	1
5314	1	PKHD1	114	83	31	GC_5314	2
5317	1	PKP1	10	0	10	GC_5317	1
5318	1	PKP2	22	7	15	GC_5318	1
5319	1	PLA2G1B	1	0	1	GC_5319	1
5320	1	PLA2G2A	1	0	1	GC_5320	1
5321	1	PLA2G4A	3	0	3	GC_5321	1
5324	1	PLAG1	1	0	1	GC_5324	1
5325	1	PLAGL1	1	0	1	GC_5325	1
5327	1	PLAT	2	0	2	GC_5327	1
5328	1	PLAU	8	0	8	GC_5328	4
5329	1	PLAUR	1	0	1	GC_5329	1
5330	1	PLCB2	1	0	1	GC_5330	1
5331	1	PLCB3	4	0	4	GC_5331	1
5332	1	PLCB4	12	3	9	GC_5332	1
5333	1	PLCD1	3	0	3	GC_5333	1
5335	1	PLCG1	1	0	1	GC_5335	1
5336	1	PLCG2	26	1	25	GC_5336	1
5337	1	PLD1	13	1	12	GC_5337	1
5338	1	PLD2	5	0	5	GC_5338	1
5339	1	PLEC	67	1	66	GC_5339	2
5340	1	PLG	9	2	7	GC_5340	1
5341	1	PLEK	2	0	2	GC_5341	1
5345	1	SERPINF2	4	0	4	GC_5345	1
5346	1	PLIN1	8	0	8	GC_5346	2
5350	1	PLN	1	1	0	GC_5350	2
5351	1	PLOD1	14	2	12	GC_5351	2
5352	1	PLOD2	5	0	5	GC_5352	1
5354	1	PLP1	20	19	1	GC_5354	2
5355	1	PLP2	1	0	1	GC_5355	1
5357	1	PLS1	4	0	4	GC_5357	1
5358	1	PLS3	1	0	1	GC_5358	1
5360	1	PLTP	3	0	3	GC_5360	1
5361	1	PLXNA1	6	0	6	GC_5361	1
5362	1	PLXNA2	14	0	14	GC_5362	1
5364	1	PLXNB1	3	0	3	GC_5364	1
5365	1	PLXNB3	4	0	4	GC_5365	1
5371	1	PML	3	0	3	GC_5371	1
5373	1	PMM2	62	59	3	GC_5373	2
5375	1	PMP2	5	2	3	GC_5375	1
5376	1	PMP22	21	18	3	GC_5376	1
5378	1	PMS1	10	0	10	GC_5378	1
5393	1	EXOSC9	3	1	2	GC_890	2
5395	1	PMS2	72	36	36	GC_5395	2
5396	1	PRRX1	2	0	2	GC_5396	1
5411	1	PNN	1	0	1	GC_5411	1
5420	1	PODXL	8	0	8	GC_5420	1
5422	1	POLA1	25	1	24	GC_5422	1
5424	1	POLD1	18	2	16	GC_5424	1
5426	1	POLE	25	2	23	GC_5426	3
5427	1	POLE2	3	0	3	GC_5427	1
5428	1	POLG	73	63	10	GC_5428	3
5429	1	POLH	9	1	8	GC_5429	1
5430	1	POLR2A	5	4	1	GC_5430	1
5435	1	POLR2F	9	5	4	GC_5435	2
5442	1	POLRMT	7	0	7	GC_5442	1
5444	1	PON1	2	0	2	GC_5444	1
5445	1	PON2	3	0	3	GC_5445	2
5446	1	PON3	3	0	3	GC_5446	1
5447	1	POR	8	6	2	GC_5447	2
5449	1	POU1F1	6	4	2	GC_5449	1
5450	1	POU2AF1	1	0	1	GC_5450	1
5451	1	POU2F1	1	0	1	GC_5451	1
5455	1	POU3F3	5	4	1	GC_5455	1
5456	1	POU3F4	2	1	1	GC_5456	1
5458	1	POU4F2	1	0	1	GC_5458	1
5465	1	PPARA	1	0	1	GC_5465	1
5468	1	PPARG	7	6	1	GC_5468	2
5476	1	CTSA	6	5	1	GC_5476	1
5479	1	PPIB	3	2	1	GC_5479	2
5481	1	PPID	1	0	1	GC_5481	1
5493	1	PPL	12	0	12	GC_5493	1
5498	1	PPOX	3	2	1	GC_5498	1
5500	1	PPP1CB	7	7	0	GC_5500	1
5506	1	PPP1R3A	14	0	14	GC_5506	1
5515	1	PPP2CA	6	5	1	GC_5515	2
5518	1	PPP2R1A	15	13	2	GC_5518	1
5524	1	PTPA	1	0	1	GC_5524	1
5526	1	PPP2R5B	1	0	1	GC_5526	1
5527	1	PPP2R5C	3	1	2	GC_5527	1
5528	1	PPP2R5D	14	13	1	GC_4201	2
5530	1	PPP3CA	7	5	2	GC_5530	1
5538	1	PPT1	25	23	2	GC_5538	1
5545	1	PRB4	1	0	1	GC_5545	1
5551	1	PRF1	36	33	3	GC_5551	1
5552	1	SRGN	1	0	1	GC_5552	1
5554	1	PRH1	5	0	5	GC_5554	6
5557	1	PRIM1	1	0	1	GC_5557	1
5566	1	PRKACA	2	1	1	GC_5566	1
5568	1	PRKACG	1	0	1	GC_5568	1
5573	1	PRKAR1A	11	3	8	GC_5573	4
5575	1	PRKAR1B	3	1	2	GC_5575	1
5580	1	PRKCD	1	0	1	GC_5580	1
5581	1	PRKCE	1	0	1	GC_5581	1
5582	1	PRKCG	11	9	2	GC_5582	1
5585	1	PKN1	1	0	1	GC_5585	1
5587	1	PRKD1	4	0	4	GC_5587	1
5588	1	PRKCQ	2	0	2	GC_5588	1
5589	1	PRKCSH	11	0	11	GC_5589	3
5590	1	PRKCZ	1	0	1	GC_5590	1
5591	1	PRKDC	28	0	28	GC_5591	3
5592	1	PRKG1	5	1	4	GC_5592	1
5594	1	MAPK1	6	6	0	GC_5594	1
5598	1	MAPK7	1	0	1	GC_5598	1
5604	1	MAP2K1	22	20	2	GC_5604	2
5605	1	MAP2K2	21	13	8	GC_5605	1
5606	1	MAP2K3	2	0	2	GC_5606	1
5610	1	EIF2AK2	5	1	4	GC_5610	1
5611	1	DNAJC3	1	0	1	GC_5611	1
5620	1	PRM2	2	0	2	GC_5620	1
5621	1	PRNP	23	11	12	GC_5621	1
5624	1	PROC	36	31	5	GC_5624	1
5625	1	PRODH	12	0	12	GC_5625	1
5626	1	PROP1	12	9	3	GC_5626	1
5627	1	PROS1	8	8	0	GC_5627	1
5630	1	PRPH	2	0	2	GC_5630	2
5631	1	PRPS1	8	8	0	GC_5631	1
5644	1	PRSS1	11	7	4	GC_5644	2
5646	1	PRSS3	1	0	1	GC_5646	2
5648	1	MASP1	7	0	7	GC_5648	2
5649	1	RELN	27	0	27	GC_5649	3
5650	1	KLK7	1	0	1	GC_5650	1
5651	1	TMPRSS15	6	0	6	GC_5651	1
5652	1	PRSS8	1	0	1	GC_5652	1
5653	1	KLK6	1	0	1	GC_5653	1
5654	1	HTRA1	11	7	4	GC_5654	1
5657	1	PRTN3	1	0	1	GC_5657	1
5660	1	PSAP	13	8	5	GC_5660	1
5662	1	PSD	2	0	2	GC_5662	2
5663	1	PSEN1	49	48	1	GC_5663	1
5664	1	PSEN2	9	2	7	GC_5664	1
5670	1	PSG2	2	0	2	GC_5670	1
5672	1	PSG4	2	0	2	GC_5672	1
5675	1	PSG6	1	0	1	GC_5675	1
5676	1	PSG7	1	0	1	GC_5676	1
5678	1	PSG9	1	0	1	GC_5678	1
5692	1	PSMB4	2	0	2	GC_5692	1
5696	1	PSMB8	4	1	3	GC_5696	1
5697	1	PYY	3	0	3	GC_5697	1
5698	1	PSMB9	3	0	3	GC_5698	1
5705	1	PSMC5	1	1	0	GC_5705	1
5707	1	PSMD1	4	0	4	GC_3357	2
5716	1	PSMD10	1	0	1	GC_5716	1
5723	1	PSPH	6	0	6	GC_5723	1
5724	1	PTAFR	1	0	1	GC_5724	1
5725	1	PTBP1	2	1	1	GC_5725	1
5727	1	PTCH1	95	15	80	GC_5727	3
5728	1	PTEN	206	191	15	GC_5728	4
5729	1	PTGDR	1	0	1	GC_5729	1
5732	1	PTGER2	1	0	1	GC_5732	1
5734	1	PTGER4	1	0	1	GC_5734	1
5737	1	PTGFR	2	0	2	GC_5737	1
5738	1	PTGFRN	1	0	1	GC_5738	1
5739	1	PTGIR	2	0	2	GC_5739	1
5740	1	PTGIS	1	0	1	GC_5740	1
5742	1	PTGS1	1	0	1	GC_5742	1
5745	1	PTH1R	4	1	3	GC_5745	1
5753	1	PTK6	1	0	1	GC_5753	1
5754	1	PTK7	1	0	1	GC_5754	1
5768	1	QSOX1	2	0	2	GC_5768	1
5771	1	PTPN2	2	0	2	GC_5771	1
5781	1	PTPN11	105	98	7	GC_5781	1
5782	1	PTPN12	1	0	1	GC_5782	1
5783	1	PTPN13	5	0	5	GC_5783	1
5784	1	PTPN14	8	0	8	GC_5784	1
5788	1	PTPRC	11	0	11	GC_5788	1
5789	1	PTPRD	4	0	4	GC_5789	2
5792	1	PTPRF	4	0	4	GC_5792	1
5795	1	PTPRJ	6	0	6	GC_5795	1
5796	1	PTPRK	1	0	1	GC_5796	1
5797	1	PTPRM	1	0	1	GC_5797	1
5799	1	PTPRN2	9	0	9	GC_5799	1
5800	1	PTPRO	7	0	7	GC_5800	1
5805	1	PTS	31	31	0	GC_5805	3
5806	1	PTX3	3	0	3	GC_5806	2
5813	1	PURA	12	11	1	GC_5813	2
5816	1	PVALB	2	0	2	GC_5816	1
5818	1	NECTIN1	3	0	3	GC_5818	1
5819	1	NECTIN2	2	0	2	GC_5819	1
5824	1	PEX19	3	1	2	GC_5824	1
5825	1	ABCD3	1	0	1	GC_5825	1
5826	1	ABCD4	20	3	17	GC_5826	1
5827	1	PXMP2	1	0	1	GC_5426	3
5828	1	PEX2	2	0	2	GC_5828	1
5830	1	PEX5	5	2	3	GC_5830	1
5831	1	PYCR1	11	7	4	GC_5831	1
5832	1	ALDH18A1	9	6	3	GC_5832	1
5834	1	PYGB	1	0	1	GC_5834	1
5836	1	PYGL	10	4	6	GC_5836	1
5837	1	PYGM	32	27	5	GC_5837	1
5858	1	PZP	1	0	1	GC_2	3
5859	1	QARS1	6	2	4	GC_5859	1
5860	1	QDPR	8	8	0	GC_5860	2
5861	1	RAB1A	1	0	1	GC_5861	1
5864	1	RAB3A	1	1	0	GC_5864	1
5871	1	MAP4K2	2	0	2	GC_5871	2
5873	1	RAB27A	4	2	2	GC_5873	1
5878	1	RAB5C	1	1	0	GC_5878	1
5879	1	RAC1	6	6	0	GC_5879	1
5880	1	RAC2	1	1	0	GC_5880	1
5881	1	RAC3	4	4	0	GC_5881	1
5885	1	RAD21	4	0	4	GC_5885	1
5888	1	RAD51	7	2	5	GC_5888	1
5889	1	RAD51C	11	8	3	GC_5889	1
5890	1	RAD51B	8	0	8	GC_5890	1
5891	1	MOK	1	0	1	GC_5891	1
5892	1	RAD51D	11	1	10	GC_5892	3
5893	1	RAD52	1	0	1	GC_5893	1
5894	1	RAF1	52	36	16	GC_5894	1
5896	1	RAG1	56	44	12	GC_5896	1
5897	1	RAG2	36	32	4	GC_5897	1
5898	1	RALA	3	2	1	GC_5898	1
5900	1	RALGDS	1	0	1	GC_5900	1
5903	1	RANBP2	44	9	35	GC_5903	2
5905	1	RANGAP1	1	0	1	GC_5905	1
5913	1	RAPSN	15	12	3	GC_5913	1
5915	1	RARB	5	5	0	GC_5915	1
5916	1	RARG	1	0	1	GC_5916	1
5917	1	RARS1	10	5	5	GC_5917	1
5921	1	RASA1	12	0	12	GC_902	2
5922	1	RASA2	5	0	5	GC_5922	2
5923	1	RASGRF1	2	0	2	GC_5923	2
5925	1	RB1	57	22	35	GC_5925	2
5927	1	KDM5A	7	0	7	GC_5927	2
5930	1	RBBP6	1	0	1	GC_5930	1
5932	1	RBBP8	3	0	3	GC_5932	1
5933	1	RBL1	1	0	1	GC_5933	1
5934	1	RBL2	2	0	2	GC_5934	1
5947	1	RBP1	2	0	2	GC_5947	2
5949	1	RBP3	6	0	6	GC_5949	1
5954	1	RCN1	1	0	1	GC_5954	1
5956	1	OPN1LW	3	1	2	GC_5956	1
5957	1	RCVRN	1	0	1	GC_5957	1
5959	1	RDH5	13	10	3	GC_967	3
5961	1	PRPH2	60	55	5	GC_5961	1
5962	1	RDX	1	0	1	GC_5962	1
5965	1	RECQL	7	0	7	GC_5965	1
5966	1	REL	2	0	2	GC_5966	1
5970	1	RELA	1	0	1	GC_5970	1
5971	1	RELB	1	0	1	GC_5971	1
5972	1	REN	3	1	2	GC_5972	2
5973	1	RENBP	1	0	1	GC_5973	1
5976	1	UPF1	1	0	1	GC_5976	1
5977	1	DPF2	3	2	1	GC_5977	1
5978	1	REST	21	0	21	GC_5978	1
5979	1	RET	64	52	12	GC_5979	1
5980	1	REV3L	9	0	9	GC_5980	1
5981	1	RFC1	4	0	4	GC_5981	1
5982	1	RFC2	1	0	1	GC_5982	1
5989	1	RFX1	2	0	2	GC_5989	1
5991	1	RFX3	1	0	1	GC_5991	1
5992	1	RFX4	2	0	2	GC_5992	3
5993	1	RFX5	5	0	5	GC_5993	1
5994	1	RFXAP	2	0	2	GC_5994	2
5995	1	RGR	1	0	1	GC_5995	1
5998	1	RGS3	1	0	1	GC_5998	1
6005	1	RHAG	3	1	2	GC_6005	1
6006	1	RHCE	4	0	4	GC_6006	1
6010	1	RHO	73	72	1	GC_6010	1
6011	1	GRK1	2	1	1	GC_6011	1
6016	1	RIT1	30	29	1	GC_6016	1
6017	1	RLBP1	6	5	1	GC_6017	1
6018	1	RLF	3	0	3	GC_6018	1
6019	1	RLN2	1	0	1	GC_6019	1
6036	1	RNASE2	1	0	1	GC_6036	1
6038	1	RNASE4	2	0	2	GC_283	3
6041	1	RNASEL	2	0	2	GC_6041	1
6046	1	BRD2	1	0	1	GC_6046	1
6049	1	RNF6	2	0	2	GC_6049	1
6051	1	RNPEP	1	0	1	GC_6051	1
6091	1	ROBO1	9	0	9	GC_6091	1
6092	1	ROBO2	10	0	10	GC_6092	2
6093	1	ROCK1	1	0	1	GC_6093	1
6094	1	ROM1	3	0	3	GC_6094	1
6095	1	RORA	3	0	3	GC_6095	2
6096	1	RORB	3	2	1	GC_6096	2
6097	1	RORC	2	0	2	GC_6097	1
6098	1	ROS1	7	0	7	GC_6098	1
6100	1	RP9	2	0	2	GC_6100	1
6101	1	RP1	25	4	21	GC_6101	2
6102	1	RP2	15	7	8	GC_6102	2
6103	1	RPGR	77	25	52	GC_6103	2
6121	1	RPE65	106	100	6	GC_6121	1
6123	1	RPL3L	3	0	3	GC_6123	1
6125	1	RPL5	2	0	2	GC_6125	2
6134	1	RPL10	1	0	1	GC_6134	1
6138	1	RPL15	1	0	1	GC_6138	2
6158	1	RPL28	1	0	1	GC_6158	2
6160	1	RPL31	1	0	1	GC_6160	2
6165	1	RPL35A	1	0	1	GC_6165	2
6182	1	MRPL12	2	0	2	GC_6182	1
6184	1	RPN1	1	0	1	GC_6184	1
6185	1	RPN2	4	0	4	GC_6185	1
6197	1	RPS6KA3	9	3	6	GC_6197	1
6209	1	RPS15	1	0	1	GC_6209	1
6218	1	RPS17	1	1	0	GC_6218	1
6223	1	RPS19	15	10	5	GC_6223	2
6224	1	RPS20	1	0	1	GC_6224	1
6229	1	RPS24	4	1	3	GC_6229	2
6231	1	RPS26	3	3	0	GC_6231	1
6237	1	RRAS	4	0	4	GC_6237	1
6238	1	RRBP1	6	0	6	GC_6238	1
6239	1	RREB1	16	0	16	GC_6239	1
6240	1	RRM1	1	1	0	GC_6240	1
6242	1	RTKN	1	0	1	GC_6242	1
6247	1	RS1	111	80	31	GC_6247	2
6249	1	CLIP1	1	0	1	GC_6249	1
6252	1	RTN1	4	0	4	GC_6252	1
6253	1	RTN2	6	0	6	GC_6253	1
6259	1	RYK	2	0	2	GC_6259	1
6261	1	RYR1	157	109	48	GC_6261	2
6262	1	RYR2	83	60	23	GC_6262	2
6263	1	RYR3	28	0	28	GC_1133	3
6272	1	SORT1	2	0	2	GC_6272	1
6273	1	S100A2	1	0	1	GC_6273	1
6277	1	S100A6	1	0	1	GC_6277	1
6280	1	S100A9	1	0	1	GC_6280	1
6288	1	SAA1	2	0	2	GC_6288	1
6295	1	SAG	4	1	3	GC_6295	1
6297	1	SALL2	4	0	4	GC_6297	1
6299	1	SALL1	19	0	19	GC_6299	1
6301	1	SARS1	1	0	1	GC_6301	1
6304	1	SATB1	5	3	2	GC_6304	1
6305	1	SBF1	9	1	8	GC_6305	1
6307	1	MSMO1	3	0	3	GC_6307	1
6309	1	SC5D	3	0	3	GC_6309	1
6310	1	ATXN1	2	0	2	GC_6310	1
6314	1	ATXN7	1	0	1	GC_6314	1
6317	1	SERPINB3	2	0	2	GC_6317	1
6322	1	SCML1	1	0	1	GC_6322	1
6323	1	SCN1A	294	271	23	GC_6323	4
6324	1	SCN1B	12	4	8	GC_6324	1
6326	1	SCN2A	126	112	14	GC_6326	1
6327	1	SCN2B	4	0	4	GC_6327	1
6328	1	SCN3A	24	10	14	GC_6328	1
6329	1	SCN4A	77	60	17	GC_2688	3
6330	1	SCN4B	2	0	2	GC_6330	1
6331	1	SCN5A	80	64	16	GC_6331	2
6332	1	SCN7A	14	0	14	GC_6332	1
6334	1	SCN8A	85	75	10	GC_6334	1
6335	1	SCN9A	29	9	20	GC_6323	4
6336	1	SCN10A	53	0	53	GC_6336	2
6337	1	SCNN1A	7	0	7	GC_6337	1
6338	1	SCNN1B	10	3	7	GC_6338	1
6340	1	SCNN1G	2	0	2	GC_6340	1
6341	1	SCO1	3	1	2	GC_6341	2
6344	1	SCTR	2	0	2	GC_6344	1
6355	1	CCL8	1	0	1	GC_6355	1
6356	1	CCL11	1	0	1	GC_6356	1
6367	1	CCL22	1	0	1	GC_6367	1
6370	1	CCL25	1	0	1	GC_6370	1
6376	1	CX3CL1	2	0	2	GC_6376	1
6382	1	SDC1	4	0	4	GC_6382	1
6383	1	SDC2	1	0	1	GC_6383	1
6389	1	SDHA	25	20	5	GC_6389	1
6390	1	SDHB	58	54	4	GC_6390	1
6391	1	SDHC	37	16	21	GC_6391	1
6392	1	SDHD	38	21	17	GC_6392	2
6400	1	SEL1L	1	0	1	GC_6400	1
6401	1	SELE	3	0	3	GC_6401	1
6402	1	SELL	1	0	1	GC_6402	1
6403	1	SELP	3	0	3	GC_6403	1
6404	1	SELPLG	1	0	1	GC_6404	1
6418	1	SET	2	1	1	GC_6418	1
6424	1	SFRP4	2	0	2	GC_6424	1
6425	1	SFRP5	1	0	1	GC_6425	1
6426	1	SRSF1	1	1	0	GC_6426	2
6439	1	SFTPB	6	0	6	GC_6439	1
6440	1	SFTPC	6	3	3	GC_6440	1
6441	1	SFTPD	5	0	5	GC_6441	1
6442	1	SGCA	36	35	1	GC_6442	1
6443	1	SGCB	19	17	2	GC_6443	2
6444	1	SGCD	3	1	2	GC_6444	1
6445	1	SGCG	10	7	3	GC_6445	1
6448	1	SGSH	61	42	19	GC_6448	5
6452	1	SH3BP2	16	6	10	GC_6452	1
6453	1	ITSN1	2	0	2	GC_6453	1
6462	1	SHBG	3	0	3	GC_6462	1
6468	1	FBXW4	4	0	4	GC_6468	2
6469	1	SHH	10	7	3	GC_6469	1
6470	1	SHMT1	3	0	3	GC_6470	1
6472	1	SHMT2	1	0	1	GC_6472	1
6473	1	SHOX	5	4	1	GC_6473	2
6476	1	SI	15	2	13	GC_6476	1
6477	1	SIAH1	1	1	0	GC_6477	2
6482	1	ST3GAL1	1	0	1	GC_6482	1
6487	1	ST3GAL3	2	0	2	GC_6487	1
6490	1	PMEL	6	0	6	GC_6490	1
6491	1	STIL	8	0	8	GC_6491	1
6492	1	SIM1	6	0	6	GC_6492	2
6494	1	SIPA1	1	0	1	GC_6494	1
6495	1	SIX1	7	6	1	GC_6495	2
6496	1	SIX3	2	0	2	GC_6496	1
6497	1	SKI	23	11	12	GC_6497	1
6498	1	SKIL	1	0	1	GC_6498	1
6499	1	SKIC2	10	0	10	GC_6499	2
6503	1	SLA	3	0	3	GC_6503	2
6504	1	SLAMF1	2	0	2	GC_6504	1
6505	1	SLC1A1	2	0	2	GC_6505	1
6506	1	SLC1A2	14	1	13	GC_6506	1
6507	1	SLC1A3	4	0	4	GC_6507	2
6508	1	SLC4A3	8	0	8	GC_6508	1
6509	1	SLC1A4	5	2	3	GC_6509	1
6510	1	SLC1A5	1	0	1	GC_6510	1
6513	1	SLC2A1	46	42	4	GC_6513	2
6514	1	SLC2A2	8	3	5	GC_6514	1
6518	1	SLC2A5	1	0	1	GC_6518	1
6519	1	SLC3A1	15	14	1	GC_6519	2
6520	1	SLC3A2	3	0	3	GC_6520	1
6521	1	SLC4A1	23	15	8	GC_6521	1
6523	1	SLC5A1	8	4	4	GC_6523	1
6524	1	SLC5A2	2	1	1	GC_6524	2
6525	1	SMTN	1	0	1	GC_6525	1
6528	1	SLC5A5	7	5	2	GC_6528	1
6529	1	SLC6A1	33	23	10	GC_6529	2
6530	1	SLC6A2	4	0	4	GC_6530	1
6531	1	SLC6A3	1	0	1	GC_6531	1
6532	1	SLC6A4	1	0	1	GC_6532	1
6535	1	SLC6A8	45	19	26	GC_6535	1
6536	1	SLC6A9	3	0	3	GC_6536	1
6538	1	SLC6A11	1	0	1	GC_6538	1
6540	1	SLC6A13	1	0	1	GC_6540	1
6541	1	SLC7A1	1	0	1	GC_6541	1
6545	1	SLC7A4	1	0	1	GC_6545	1
6547	1	SLC8A3	2	0	2	GC_6547	1
6550	1	SLC9A3	7	1	6	GC_6550	2
6554	1	SLC10A1	2	0	2	GC_6554	1
6555	1	SLC10A2	6	0	6	GC_6555	1
6556	1	SLC11A1	1	0	1	GC_6556	1
6557	1	SLC12A1	17	9	8	GC_6557	2
6558	1	SLC12A2	4	1	3	GC_6558	2
6559	1	SLC12A3	100	92	8	GC_6559	2
6560	1	SLC12A4	1	1	0	GC_3931	2
6561	1	SLC13A1	2	0	2	GC_6561	1
6563	1	SLC14A1	2	0	2	GC_6563	1
6564	1	SLC15A1	1	0	1	GC_6564	1
6566	1	SLC16A1	4	0	4	GC_6566	1
6567	1	SLC16A2	17	4	13	GC_6567	1
6569	1	SLC34A1	8	2	6	GC_6569	1
6571	1	SLC18A2	2	1	1	GC_6571	1
6572	1	SLC18A3	1	0	1	GC_1103	2
6573	1	SLC19A1	18	0	18	GC_6573	2
6574	1	SLC20A1	1	0	1	GC_6574	1
6575	1	SLC20A2	12	4	8	GC_6575	1
6576	1	SLC25A1	5	3	2	GC_6576	1
6578	1	SLCO2A1	10	4	6	GC_6578	2
6583	1	SLC22A4	2	0	2	GC_6583	2
6584	1	SLC22A5	58	53	5	GC_6584	1
6586	1	SLIT3	3	0	3	GC_6586	1
6591	1	SNAI2	1	0	1	GC_6591	1
6594	1	SMARCA1	2	0	2	GC_6594	1
6595	1	SMARCA2	59	26	33	GC_6595	1
6596	1	HLTF	5	0	5	GC_6596	1
6597	1	SMARCA4	17	12	5	GC_6597	1
6598	1	SMARCB1	12	11	1	GC_6598	1
6601	1	SMARCC2	7	2	5	GC_6601	1
6602	1	SMARCD1	1	0	1	GC_6602	1
6603	1	SMARCD2	2	0	2	GC_6603	2
6605	1	SMARCE1	3	2	1	GC_6605	1
6606	1	SMN1	8	8	0	GC_6606	1
6608	1	SMO	5	0	5	GC_6608	2
6609	1	SMPD1	89	75	14	GC_322	2
6611	1	SMS	7	4	3	GC_6611	1
6612	1	SUMO3	1	0	1	GC_6612	1
6614	1	SIGLEC1	1	0	1	GC_6614	1
6615	1	SNAI1	1	0	1	GC_6615	1
6616	1	SNAP25	11	9	2	GC_6616	1
6621	1	SNAPC4	1	0	1	GC_6621	1
6622	1	SNCA	2	1	1	GC_6622	1
6623	1	SNCG	1	0	1	GC_6623	1
6628	1	SNRPB	1	0	1	GC_6628	1
6640	1	SNTA1	4	0	4	GC_6640	1
6646	1	SOAT1	1	0	1	GC_6646	1
6647	1	SOD1	52	52	0	GC_6647	3
6651	1	SON	59	0	59	GC_6651	2
6652	1	SORD	8	2	6	GC_6652	1
6653	1	SORL1	18	0	18	GC_6653	3
6654	1	SOS1	60	36	24	GC_6654	2
6655	1	SOS2	41	6	35	GC_6655	1
6657	1	SOX2	4	2	2	GC_6657	3
6658	1	SOX3	6	0	6	GC_6658	2
6659	1	SOX4	3	0	3	GC_6659	2
6660	1	SOX5	7	6	1	GC_6660	1
6662	1	SOX9	16	9	7	GC_6662	2
6663	1	SOX10	9	5	4	GC_5435	2
6664	1	SOX11	18	14	4	GC_6664	1
6670	1	SP3	1	0	1	GC_6670	1
6674	1	SPAG1	12	0	12	GC_6674	2
6675	1	UAP1	2	0	2	GC_6675	1
6678	1	SPARC	1	0	1	GC_6678	1
6683	1	SPAST	67	58	9	GC_6683	1
6687	1	SPG7	25	20	5	GC_6687	2
6689	1	SPIB	2	0	2	GC_6689	1
6690	1	SPINK1	3	0	3	GC_6690	1
6692	1	SPINT1	3	0	3	GC_6692	1
6693	1	SPN	3	0	3	GC_6693	1
6694	1	SPP2	2	0	2	GC_6694	1
6696	1	SPP1	2	0	2	GC_6696	1
6697	1	SPR	3	3	0	GC_6697	2
6700	1	SPRR2A	1	0	1	GC_6700	1
6707	1	SPRR3	1	0	1	GC_6707	1
6708	1	SPTA1	24	5	19	GC_6708	1
6709	1	SPTAN1	41	3	38	GC_6709	1
6710	1	SPTB	18	4	14	GC_6710	1
6711	1	SPTBN1	7	1	6	GC_6711	2
6712	1	SPTBN2	31	4	27	GC_6712	1
6714	1	SRC	1	0	1	GC_6714	1
6715	1	SRD5A1	1	0	1	GC_6715	2
6716	1	SRD5A2	32	30	2	GC_6716	1
6718	1	AKR1D1	3	3	0	GC_6718	1
6720	1	SREBF1	3	1	2	GC_6720	1
6721	1	SREBF2	4	0	4	GC_6721	1
6722	1	SRF	2	0	2	GC_6722	1
6727	1	SRP14	1	0	1	GC_6727	2
6729	1	SRP54	3	2	1	GC_6729	1
6731	1	SRP72	5	0	5	GC_6731	2
6742	1	SSBP1	1	1	0	GC_6742	1
6748	1	SSR4	1	0	1	GC_6748	1
6749	1	SSRP1	1	0	1	GC_6749	1
6750	1	SST	1	0	1	GC_6750	1
6755	1	SSTR5	5	0	5	GC_6755	1
6756	1	SSX1	1	0	1	GC_6756	1
6764	1	DENND2B	2	0	2	GC_6764	1
6767	1	ST13	1	0	1	GC_6767	1
6768	1	ST14	10	0	10	GC_6768	1
6769	1	STAC	2	0	2	GC_6769	1
6770	1	STAR	16	15	1	GC_6770	1
6772	1	STAT1	10	10	0	GC_6772	1
6773	1	STAT2	6	0	6	GC_6773	1
6774	1	STAT3	27	23	4	GC_6774	1
6775	1	STAT4	2	0	2	GC_6775	1
6776	1	STAT5A	1	0	1	GC_6776	1
6777	1	STAT5B	1	0	1	GC_6777	1
6778	1	STAT6	1	0	1	GC_6778	1
6785	1	ELOVL4	6	3	3	GC_6785	1
6786	1	STIM1	12	3	9	GC_6786	2
6788	1	STK3	1	0	1	GC_3788	2
6789	1	STK4	4	0	4	GC_6789	1
6790	1	AURKA	1	0	1	GC_6790	2
6792	1	CDKL5	178	114	64	GC_6247	2
6794	1	STK11	21	19	2	GC_6794	2
6809	1	STX3	1	0	1	GC_6809	1
6812	1	STXBP1	44	35	9	GC_6812	2
6813	1	STXBP2	26	12	14	GC_6813	3
6820	1	SULT2B1	5	0	5	GC_6820	1
6821	1	SUOX	11	6	5	GC_6821	1
6822	1	SULT2A1	1	0	1	GC_6822	1
6833	1	ABCC8	70	66	4	GC_6833	2
6834	1	SURF1	12	9	3	GC_6834	3
6835	1	SURF2	1	0	1	GC_6834	3
6840	1	SVIL	12	0	12	GC_6840	2
6843	1	VAMP1	3	2	1	GC_6843	2
6845	1	VAMP7	2	0	2	GC_6845	1
6847	1	SYCP1	1	0	1	GC_6847	1
6850	1	SYK	1	0	1	GC_6850	1
6853	1	SYN1	3	1	2	GC_6853	1
6854	1	SYN2	2	0	2	GC_6854	1
6855	1	SYP	2	0	2	GC_6855	1
6857	1	SYT1	7	7	0	GC_6857	1
6860	1	SYT4	2	0	2	GC_6860	1
6862	1	TBXT	2	0	2	GC_6862	1
6865	1	TACR2	3	0	3	GC_6865	1
6866	1	TAC3	1	0	1	GC_6866	1
6868	1	ADAM17	9	0	9	GC_6868	2
6870	1	TACR3	3	1	2	GC_6870	2
6872	1	TAF1	23	7	16	GC_6872	1
6873	1	TAF2	7	0	7	GC_6873	2
6874	1	TAF4	4	0	4	GC_6874	1
6875	1	TAF4B	3	0	3	GC_6875	2
6876	1	TAGLN	3	0	3	GC_6876	2
6878	1	TAF6	3	0	3	GC_6878	2
6881	1	TAF10	5	0	5	GC_3611	2
6884	1	TAF13	1	1	0	GC_6884	1
6885	1	MAP3K7	2	2	0	GC_6885	1
6888	1	TALDO1	3	2	1	GC_6888	2
6890	1	TAP1	16	0	16	GC_6890	2
6891	1	TAP2	12	0	12	GC_6891	1
6892	1	TAPBP	4	0	4	GC_6892	1
6894	1	TARBP1	1	0	1	GC_6894	1
6897	1	TARS1	4	0	4	GC_6897	1
6898	1	TAT	9	6	3	GC_6898	3
6899	1	TBX1	9	1	8	GC_6899	1
6900	1	CNTN2	9	0	9	GC_6900	1
6901	1	TAFAZZIN	11	10	1	GC_1774	3
6904	1	TBCD	20	5	15	GC_6904	2
6905	1	TBCE	10	1	9	GC_6905	3
6909	1	TBX2	4	1	3	GC_6909	1
6910	1	TBX5	21	5	16	GC_6910	1
6911	1	TBX6	3	0	3	GC_6911	1
6913	1	TBX15	4	0	4	GC_6913	1
6915	1	TBXA2R	5	0	5	GC_6915	1
6916	1	TBXAS1	13	1	12	GC_6916	1
6925	1	TCF4	49	23	26	GC_6925	3
6926	1	TBX3	5	0	5	GC_6926	1
6927	1	HNF1A	156	122	34	GC_6927	2
6928	1	HNF1B	21	16	5	GC_6928	2
6929	1	TCF3	13	1	12	GC_6929	1
6934	1	TCF7L2	7	1	6	GC_6934	1
6935	1	ZEB1	7	1	6	GC_6935	3
6938	1	TCF12	3	0	3	GC_6938	1
6942	1	TCF20	55	0	55	GC_6942	1
6945	1	MLX	1	0	1	GC_6945	1
6947	1	TCN1	3	0	3	GC_6947	1
6948	1	TCN2	13	0	13	GC_6948	1
6949	1	TCOF1	47	1	46	GC_6949	2
6957	1	TRB	11	7	4	GC_5644	2
6997	1	CRIPTO	1	0	1	GC_6997	1
7003	1	TEAD1	1	0	1	GC_7003	1
7005	1	TEAD3	1	1	0	GC_7005	2
7007	1	TECTA	21	6	15	GC_7007	3
7010	1	TEK	21	8	13	GC_7010	1
7011	1	TEP1	11	0	11	GC_7011	1
7014	1	TERF2	2	0	2	GC_7014	1
7015	1	TERT	22	14	8	GC_7015	1
7018	1	TF	8	0	8	GC_7018	1
7019	1	TFAM	1	0	1	GC_7019	1
7020	1	TFAP2A	11	11	0	GC_7020	3
7021	1	TFAP2B	3	2	1	GC_7021	1
7023	1	TFAP4	1	0	1	GC_7023	1
7025	1	NR2F1	16	15	1	GC_7025	2
7026	1	NR2F2	1	1	0	GC_7026	1
7030	1	TFE3	5	2	3	GC_7030	1
7032	1	TFF2	1	0	1	GC_7032	1
7035	1	TFPI	1	0	1	GC_7035	3
7036	1	TFR2	8	4	4	GC_7036	2
7037	1	TFRC	4	0	4	GC_7037	1
7038	1	TG	32	4	28	GC_6503	2
7039	1	TGFA	1	0	1	GC_7039	1
7040	1	TGFB1	7	3	4	GC_7040	1
7042	1	TGFB2	10	6	4	GC_7042	1
7043	1	TGFB3	4	2	2	GC_7043	1
7044	1	LEFTY2	6	0	6	GC_7044	1
7045	1	TGFBI	13	8	5	GC_7045	1
7046	1	TGFBR1	19	17	2	GC_7046	1
7047	1	TGM4	1	0	1	GC_7047	1
7048	1	TGFBR2	42	34	8	GC_7048	1
7049	1	TGFBR3	5	0	5	GC_7049	1
7050	1	TGIF1	5	1	4	GC_7050	1
7051	1	TGM1	62	54	8	GC_7051	1
7052	1	TGM2	3	0	3	GC_7052	1
7053	1	TGM3	2	0	2	GC_7053	1
7054	1	TH	25	23	2	GC_7054	1
7056	1	THBD	7	0	7	GC_7056	1
7057	1	THBS1	1	0	1	GC_7057	1
7058	1	THBS2	2	0	2	GC_7058	2
7062	1	TCHH	3	0	3	GC_7062	1
7066	1	THPO	7	1	6	GC_7066	1
7067	1	THRA	3	3	0	GC_7067	1
7068	1	THRB	26	24	2	GC_7068	2
7069	1	THRSP	1	0	1	GC_7069	2
7071	1	KLF10	2	0	2	GC_7071	1
7072	1	TIA1	3	1	2	GC_7072	1
7074	1	TIAM1	1	0	1	GC_7074	1
7078	1	TIMP3	4	2	2	GC_7078	2
7080	1	NKX2-1	9	7	2	GC_7080	3
7082	1	TJP1	1	0	1	GC_7082	1
7084	1	TK2	20	19	1	GC_7084	2
7086	1	TKT	4	0	4	GC_7086	1
7092	1	TLL1	1	0	1	GC_7092	1
7093	1	TLL2	3	0	3	GC_7093	1
7096	1	TLR1	5	0	5	GC_7096	1
7097	1	TLR2	3	0	3	GC_7097	1
7098	1	TLR3	6	0	6	GC_7098	1
7100	1	TLR5	6	0	6	GC_7100	1
7103	1	TSPAN8	2	0	2	GC_7103	1
7112	1	TMPO	18	0	18	GC_7112	1
7113	1	TMPRSS2	4	0	4	GC_7113	3
7122	1	CLDN5	2	2	0	GC_7122	1
7124	1	TNF	1	0	1	GC_7124	1
7128	1	TNFAIP3	10	0	10	GC_7128	2
7132	1	TNFRSF1A	15	10	5	GC_7132	1
7133	1	TNFRSF1B	2	0	2	GC_7133	1
7136	1	TNNI2	3	3	0	GC_7136	1
7137	1	TNNI3	22	21	1	GC_7137	1
7138	1	TNNT1	2	0	2	GC_7138	1
7139	1	TNNT2	23	21	2	GC_7139	1
7140	1	TNNT3	2	2	0	GC_7140	1
7143	1	TNR	2	0	2	GC_7143	1
7145	1	TNS1	6	0	6	GC_7145	1
7148	1	TNXB	92	2	90	GC_1589	4
7153	1	TOP2A	3	0	3	GC_7153	1
7155	1	TOP2B	7	0	7	GC_7155	2
7156	1	TOP3A	8	0	8	GC_7156	2
7157	1	TP53	288	209	79	GC_7157	1
7158	1	TP53BP1	4	0	4	GC_7158	2
7159	1	TP53BP2	3	0	3	GC_7159	1
7161	1	TP73	1	0	1	GC_7161	1
7165	1	TPD52L2	1	0	1	GC_7165	1
7167	1	TPI1	1	1	0	GC_7167	1
7168	1	TPM1	15	12	3	GC_7168	1
7169	1	TPM2	6	6	0	GC_7169	1
7170	1	TPM3	7	6	1	GC_7170	1
7173	1	TPO	19	8	11	GC_7173	2
7174	1	TPP2	2	0	2	GC_7174	1
7175	1	TPR	3	0	3	GC_7175	2
7177	1	TPSAB1	11	0	11	GC_7177	1
7187	1	TRAF3	1	0	1	GC_7187	1
7200	1	TRH	3	0	3	GC_7200	1
7201	1	TRHR	1	0	1	GC_7201	1
7204	1	TRIO	50	8	42	GC_7204	3
7205	1	TRIP6	1	0	1	GC_7205	1
7225	1	TRPC6	11	6	5	GC_7225	1
7226	1	TRPM2	15	0	15	GC_7226	1
7227	1	TRPS1	30	7	23	GC_7227	1
7248	1	TSC1	56	7	49	GC_7248	1
7249	1	TSC2	182	72	110	GC_5310	3
7252	1	TSHB	4	1	3	GC_7252	1
7253	1	TSHR	15	10	5	GC_7253	3
7257	1	TSNAX	1	0	1	GC_7257	4
7259	1	TSPYL1	2	0	2	GC_7259	2
7267	1	TTC3	4	0	4	GC_7267	3
7270	1	TTF1	3	0	3	GC_7270	1
7273	1	TTN	370	9	361	GC_7273	20
7274	1	TTPA	7	7	0	GC_7274	1
7275	1	TUB	3	0	3	GC_7275	2
7276	1	TTR	77	75	2	GC_7276	1
7277	1	TUBA4A	3	2	1	GC_7277	3
7280	1	TUBB2A	12	10	2	GC_670	2
7283	1	TUBG1	2	1	1	GC_7283	1
7286	1	TUFT1	1	0	1	GC_7286	1
7287	1	TULP1	18	15	3	GC_7005	2
7289	1	TULP3	2	0	2	GC_7289	1
7291	1	TWIST1	10	9	1	GC_7291	2
7293	1	TNFRSF4	3	0	3	GC_7293	1
7296	1	TXNRD1	2	0	2	GC_7296	1
7297	1	TYK2	12	0	12	GC_7297	1
7299	1	TYR	83	83	0	GC_7299	1
7301	1	TYRO3	3	0	3	GC_7301	1
7305	1	TYROBP	2	0	2	GC_7305	1
7306	1	TYRP1	5	1	4	GC_7306	2
7317	1	UBA1	19	0	19	GC_7317	2
7318	1	UBA7	1	0	1	GC_7318	1
7337	1	UBE3A	16	10	6	GC_7337	2
7343	1	UBTF	2	1	1	GC_7343	2
7345	1	UCHL1	1	0	1	GC_7345	1
7350	1	UCP1	1	0	1	GC_7350	1
7351	1	UCP2	5	0	5	GC_7351	1
7352	1	UCP3	4	0	4	GC_7352	1
7355	1	SLC35A2	17	3	14	GC_7355	1
7358	1	UGDH	3	2	1	GC_7358	1
7360	1	UGP2	1	1	0	GC_7360	1
7361	1	UGT1A	16	10	6	GC_7361	10
7363	1	UGT2B4	2	0	2	GC_7363	1
7366	1	UGT2B15	2	0	2	GC_7366	1
7367	1	UGT2B17	3	0	3	GC_7367	1
7368	1	UGT8	1	0	1	GC_7368	1
7369	1	UMOD	23	17	6	GC_7369	1
7372	1	UMPS	2	0	2	GC_7372	1
7373	1	COL14A1	8	0	8	GC_7373	1
7374	1	UNG	1	0	1	GC_7374	1
7375	1	USP4	3	0	3	GC_7375	1
7379	1	UPK2	1	0	1	GC_7379	1
7380	1	UPK3A	5	0	5	GC_7380	1
7381	1	UQCRB	3	0	3	GC_7381	1
7385	1	UQCRC2	5	1	4	GC_7385	2
7386	1	UQCRFS1	1	0	1	GC_7386	2
7389	1	UROD	6	6	0	GC_7389	1
7390	1	UROS	8	4	4	GC_7390	1
7399	1	USH2A	236	149	87	GC_7399	4
7401	1	CLRN1	9	9	0	GC_7401	2
7402	1	UTRN	5	0	5	GC_7402	1
7403	1	KDM6A	27	2	25	GC_7403	2
7405	1	UVRAG	1	0	1	GC_7405	1
7407	1	VARS1	5	3	2	GC_7407	2
7408	1	VASP	1	0	1	GC_7408	1
7409	1	VAV1	2	0	2	GC_7409	1
7412	1	VCAM1	1	0	1	GC_7412	1
7414	1	VCL	3	0	3	GC_7414	1
7415	1	VCP	14	13	1	GC_7415	1
7421	1	VDR	5	5	0	GC_7421	1
7423	1	VEGFB	1	0	1	GC_7423	1
7424	1	VEGFC	5	0	5	GC_7424	1
7425	1	VGF	1	0	1	GC_7425	1
7428	1	VHL	114	106	8	GC_7428	2
7429	1	VIL1	4	0	4	GC_7429	1
7430	1	EZR	1	0	1	GC_7430	1
7431	1	VIM	1	0	1	GC_7431	2
7433	1	VIPR1	4	0	4	GC_7433	1
7434	1	VIPR2	1	0	1	GC_7434	1
7436	1	VLDLR	5	0	5	GC_7436	3
7439	1	BEST1	114	106	8	GC_2495	2
7442	1	TRPV1	3	0	3	GC_7442	1
7443	1	VRK1	5	5	0	GC_7443	1
7444	1	VRK2	2	0	2	GC_7444	2
7450	1	VWF	117	88	29	GC_7450	1
7453	1	WARS1	2	1	1	GC_7453	1
7454	1	WAS	20	13	7	GC_7454	1
7455	1	ZAN	6	0	6	GC_7455	1
7456	1	WIPF1	1	0	1	GC_7456	1
7461	1	CLIP2	1	0	1	GC_7461	1
7465	1	WEE1	1	0	1	GC_7465	1
7466	1	WFS1	53	34	19	GC_7466	1
7468	1	NSD2	21	1	20	GC_7468	1
7471	1	WNT1	4	3	1	GC_7471	1
7472	1	WNT2	1	0	1	GC_7472	1
7474	1	WNT5A	3	1	2	GC_7474	1
7476	1	WNT7A	1	1	0	GC_7476	1
7479	1	WNT8B	1	0	1	GC_7479	1
7480	1	WNT10B	2	0	2	GC_7480	1
7481	1	WNT11	1	0	1	GC_7481	1
7482	1	WNT2B	1	0	1	GC_7482	2
7484	1	WNT9B	5	0	5	GC_4905	5
7486	1	WRN	14	2	12	GC_7486	1
7490	1	WT1	15	10	5	GC_7490	2
7498	1	XDH	14	0	14	GC_7498	1
7507	1	XPA	10	4	6	GC_7507	1
7508	1	XPC	16	2	14	GC_7508	2
7515	1	XRCC1	6	0	6	GC_7515	1
7516	1	XRCC2	2	0	2	GC_7516	1
7517	1	XRCC3	2	0	2	GC_3831	2
7518	1	XRCC4	7	1	6	GC_7518	1
7528	1	YY1	5	4	1	GC_7528	1
7532	1	YWHAG	6	5	1	GC_7532	1
7535	1	ZAP70	4	2	2	GC_7535	1
7538	1	ZFP36	1	0	1	GC_7538	1
7543	1	ZFX	1	1	0	GC_7543	1
7545	1	ZIC1	3	0	3	GC_7545	1
7546	1	ZIC2	1	0	1	GC_7546	1
7547	1	ZIC3	7	1	6	GC_7547	1
7552	1	ZNF711	2	0	2	GC_7552	1
7576	1	ZNF28	1	0	1	GC_7576	2
7582	1	ZNF33B	1	0	1	GC_7582	1
7592	1	ZNF41	7	0	7	GC_7592	1
7593	1	MZF1	1	0	1	GC_7593	3
7597	1	ZBTB25	5	0	5	GC_4522	3
7620	1	ZNF69	1	0	1	GC_7620	2
7634	1	ZNF80	2	0	2	GC_7634	1
7644	1	ZNF91	1	0	1	GC_7644	1
7681	1	MKRN3	1	0	1	GC_7681	1
7690	1	ZNF131	1	0	1	GC_7690	1
7694	1	ZNF135	2	0	2	GC_7694	1
7700	1	ZNF141	5	0	5	GC_7700	1
7701	1	ZNF142	9	0	9	GC_7701	1
7702	1	ZNF143	3	0	3	GC_7702	1
7703	1	PCGF2	11	2	9	GC_7703	2
7704	1	ZBTB16	1	0	1	GC_7704	1
7706	1	TRIM25	1	0	1	GC_7706	1
7707	1	ZNF148	1	0	1	GC_7707	1
7712	1	ZNF157	1	0	1	GC_7712	1
7737	1	RNF113A	3	0	3	GC_7737	1
7750	1	ZMYM2	2	0	2	GC_7750	1
7762	1	ZNF215	4	0	4	GC_7762	1
7764	1	ZNF217	1	0	1	GC_7764	1
7767	1	ZNF224	3	0	3	GC_7767	2
7768	1	ZNF225	1	0	1	GC_7768	1
7771	1	ZNF112	1	0	1	GC_7771	1
7772	1	ZNF229	1	0	1	GC_7772	1
7776	1	ZNF236	4	0	4	GC_7776	1
7783	1	ZP2	1	0	1	GC_7783	1
7784	1	ZP3	7	0	7	GC_7784	1
7786	1	MAP3K12	1	0	1	GC_7786	1
7789	1	ZXDA	4	0	4	GC_7789	1
7791	1	ZYX	1	0	1	GC_7791	2
7798	1	LUZP1	2	0	2	GC_7798	1
7799	1	PRDM2	4	0	4	GC_7799	2
7802	1	DNALI1	1	0	1	GC_7802	1
7804	1	LRP8	1	0	1	GC_7804	1
7809	1	BSND	9	7	2	GC_7809	1
7813	1	EVI5	3	0	3	GC_7813	1
7818	1	DAP3	6	0	6	GC_7818	2
7827	1	NPHS2	23	21	2	GC_7827	2
7837	1	PXDN	6	0	6	GC_7837	1
7840	1	ALMS1	53	3	50	GC_7840	2
7841	1	MOGS	11	0	11	GC_7841	2
7846	1	TUBA1A	80	80	0	GC_7846	1
7849	1	PAX8	8	2	6	GC_7849	2
7850	1	IL1R2	1	0	1	GC_7850	1
7855	1	FZD5	1	0	1	GC_7855	1
7862	1	BRPF1	7	0	7	GC_7862	1
7866	1	IFRD2	1	0	1	GC_7866	1
7869	1	SEMA3B	1	0	1	GC_7869	1
7871	1	SLMAP	1	0	1	GC_7871	1
7874	1	USP7	2	0	2	GC_7874	2
7879	1	RAB7A	2	2	0	GC_7879	1
7881	1	KCNAB1	3	0	3	GC_7881	1
7915	1	ALDH5A1	26	17	9	GC_2822	3
7922	1	SLC39A7	3	0	3	GC_7922	1
7957	1	EPM2A	22	8	14	GC_7957	3
7965	1	AIMP2	2	0	2	GC_5395	2
7978	1	MTERF1	1	0	1	GC_7978	1
7980	1	TFPI2	1	0	1	GC_7980	1
7982	1	ST7	1	0	1	GC_7982	1
7991	1	TUSC3	1	0	1	GC_7991	1
7994	1	KAT6A	129	1	128	GC_7994	1
8021	1	NUP214	6	1	5	GC_8021	1
8022	1	LHX3	2	0	2	GC_8022	1
8029	1	CUBN	58	1	57	GC_8029	1
8031	1	NCOA4	5	0	5	GC_8031	1
8036	1	SHOC2	9	3	6	GC_8036	1
8045	1	RASSF7	2	0	2	GC_8045	1
8048	1	CSRP3	17	1	16	GC_8048	1
8050	1	PDHX	10	0	10	GC_8050	4
8074	1	FGF23	7	5	2	GC_8074	1
8076	1	MFAP5	3	0	3	GC_8076	1
8082	1	SSPN	1	0	1	GC_8082	2
8085	1	KMT2D	260	24	236	GC_8085	2
8086	1	AAAS	12	9	3	GC_8086	2
8091	1	HMGA2	1	0	1	GC_8091	1
8092	1	ALX1	4	0	4	GC_8092	2
8100	1	IFT88	7	0	7	GC_8100	1
8111	1	GPR68	1	0	1	GC_8111	1
8115	1	TCL1A	1	0	1	GC_8115	1
8120	1	AP3B2	5	0	5	GC_8120	2
8131	1	NPRL3	8	0	8	GC_8131	2
8139	1	GAN	3	2	1	GC_8139	1
8140	1	SLC7A5	2	0	2	GC_8140	1
8148	1	TAF15	4	0	4	GC_8148	1
8161	1	COIL	1	0	1	GC_8161	1
8165	1	AKAP1	5	0	5	GC_8165	1
8178	1	ELL	1	0	1	GC_8178	1
8195	1	MKKS	14	7	7	GC_8195	3
8200	1	GDF5	12	4	8	GC_8200	2
8202	1	NCOA3	1	0	1	GC_8202	1
8204	1	NRIP1	18	0	18	GC_8204	1
8208	1	CHAF1B	3	0	3	GC_8208	1
8216	1	LZTR1	12	9	3	GC_8216	1
8218	1	CLTCL1	14	0	14	GC_8218	1
8220	1	ESS2	3	0	3	GC_8220	1
8224	1	SYN3	6	2	4	GC_7078	2
8228	1	PNPLA4	1	0	1	GC_8228	2
8239	1	USP9X	14	2	12	GC_8239	1
8241	1	RBM10	9	1	8	GC_8241	3
8242	1	KDM5C	18	9	9	GC_8242	1
8243	1	SMC1A	21	18	3	GC_8243	2
8260	1	NAA10	13	13	0	GC_8260	1
8263	1	F8A1	1	0	1	GC_2157	3
8269	1	TMEM187	1	0	1	GC_8269	1
8270	1	LAGE3	2	0	2	GC_8270	2
8288	1	EPX	4	0	4	GC_8288	1
8289	1	ARID1A	67	7	60	GC_8289	3
8291	1	DYSF	113	86	27	GC_8291	2
8292	1	COLQ	9	6	3	GC_8292	1
8295	1	TRRAP	36	4	32	GC_8295	2
8302	1	KLRC4	1	0	1	GC_8302	2
8309	1	ACOX2	3	0	3	GC_8309	1
8312	1	AXIN1	3	0	3	GC_8312	1
8313	1	AXIN2	10	0	10	GC_8313	1
8314	1	BAP1	18	10	8	GC_8314	2
8318	1	CDC45	4	1	3	GC_8318	1
8320	1	EOMES	2	0	2	GC_8320	2
8322	1	FZD4	8	5	3	GC_8322	2
8323	1	FZD6	2	0	2	GC_8323	1
8324	1	FZD7	1	0	1	GC_8324	1
8328	1	GFI1B	6	0	6	GC_8328	1
8364	1	H4C3	1	1	0	GC_8364	1
8367	1	H4C5	2	2	0	GC_8367	2
8379	1	MAD1L1	1	0	1	GC_8379	1
8383	1	OR1A1	1	0	1	GC_8383	1
8398	1	PLA2G6	38	34	4	GC_8398	1
8405	1	SPOP	4	4	0	GC_8405	1
8406	1	SRPX	1	0	1	GC_8406	1
8408	1	ULK1	3	0	3	GC_8408	1
8411	1	EEA1	1	0	1	GC_8411	1
8412	1	BCAR3	1	0	1	GC_8412	1
8419	1	BFSP2	3	0	3	GC_8419	2
8425	1	LTBP4	16	0	16	GC_8425	1
8431	1	NR0B2	2	0	2	GC_8431	2
8437	1	RASAL1	2	0	2	GC_8437	1
8438	1	RAD54L	6	1	5	GC_8438	2
8443	1	GNPAT	7	2	5	GC_8443	3
8448	1	DOC2A	3	0	3	GC_8448	1
8449	1	DHX16	1	1	0	GC_8449	1
8450	1	CUL4B	3	0	3	GC_8450	1
8452	1	CUL3	3	2	1	GC_8452	1
8455	1	ATRN	8	0	8	GC_8455	2
8456	1	FOXN1	18	6	12	GC_8456	1
8458	1	TTF2	10	0	10	GC_8458	1
8462	1	KLF11	10	0	10	GC_8462	1
8463	1	TEAD2	3	0	3	GC_8463	1
8467	1	SMARCA5	2	2	0	GC_8467	1
8470	1	SORBS2	1	0	1	GC_8470	1
8471	1	IRS4	3	0	3	GC_8471	1
8473	1	OGT	2	1	1	GC_8473	1
8481	1	OFD1	25	1	24	GC_8481	1
8482	1	SEMA7A	1	0	1	GC_8482	1
8492	1	PRSS12	6	0	6	GC_8492	1
8493	1	PPM1D	10	0	10	GC_8493	1
8495	1	PPFIBP2	1	0	1	GC_8495	1
8496	1	PPFIBP1	1	0	1	GC_8496	1
8498	1	RANBP3	1	0	1	GC_8498	1
8499	1	PPFIA2	1	0	1	GC_8499	1
8500	1	PPFIA1	1	0	1	GC_8500	1
8501	1	SLC43A1	1	0	1	GC_8501	1
8504	1	PEX3	1	0	1	GC_8504	1
8506	1	CNTNAP1	2	0	2	GC_8506	1
8509	1	NDST2	1	0	1	GC_8509	2
8513	1	LIPF	1	0	1	GC_8513	1
8516	1	ITGA8	7	0	7	GC_8516	1
8517	1	IKBKG	3	1	2	GC_2539	2
8518	1	ELP1	17	1	16	GC_8518	1
8522	1	GAS7	1	0	1	GC_8522	1
8525	1	DGKZ	10	0	10	GC_8525	1
8526	1	DGKE	1	0	1	GC_8526	1
8528	1	DDO	1	0	1	GC_8528	1
8529	1	CYP4F2	1	0	1	GC_8529	1
8532	1	CPZ	1	0	1	GC_8532	1
8537	1	BCAS1	3	0	3	GC_8537	1
8538	1	BARX2	1	0	1	GC_8538	1
8540	1	AGPS	2	1	1	GC_8540	2
8541	1	PPFIA3	3	2	1	GC_8541	1
8542	1	APOL1	10	0	10	GC_8542	1
8544	1	PIR	2	0	2	GC_8544	2
8546	1	AP3B1	6	0	6	GC_8546	1
8548	1	BLZF1	1	0	1	GC_8548	1
8549	1	LGR5	4	0	4	GC_8549	1
8556	1	CDC14A	9	2	7	GC_8556	1
8557	1	TCAP	2	0	2	GC_8557	1
8560	1	DEGS1	6	4	2	GC_8560	1
8563	1	THOC5	1	0	1	GC_8563	1
8565	1	YARS1	8	3	5	GC_8565	1
8566	1	PDXK	3	1	2	GC_8566	1
8567	1	MADD	6	0	6	GC_8567	1
8568	1	RRP1	1	0	1	GC_8568	1
8573	1	CASK	11	6	5	GC_2857	3
8574	1	AKR7A2	1	0	1	GC_8574	1
8575	1	PRKRA	8	2	6	GC_8575	2
8576	1	STK16	1	1	0	GC_7277	3
8578	1	SCARF1	1	0	1	GC_8578	1
8600	1	TNFSF11	3	0	3	GC_8600	3
8602	1	NOP14	1	0	1	GC_8602	1
8603	1	FAM193A	1	0	1	GC_8603	1
8604	1	SLC25A12	2	0	2	GC_8604	1
8605	1	PLA2G4C	2	0	2	GC_8605	2
8608	1	RDH16	1	0	1	GC_8608	1
8609	1	KLF7	2	1	1	GC_8609	1
8620	1	NPFF	1	0	1	GC_8620	2
8621	1	CDK13	58	15	43	GC_8621	2
8622	1	PDE8B	4	0	4	GC_8622	1
8624	1	PSMG1	2	0	2	GC_8624	1
8625	1	RFXANK	4	1	3	GC_8625	2
8626	1	TP63	25	22	3	GC_8626	2
8629	1	JRK	2	0	2	GC_8629	1
8632	1	DNAH17	25	0	25	GC_8632	6
8635	1	RNASET2	6	0	6	GC_8635	1
8639	1	AOC3	6	0	6	GC_8639	1
8642	1	DCHS1	37	1	36	GC_8642	1
8643	1	PTCH2	11	0	11	GC_8643	1
8644	1	AKR1C3	2	0	2	GC_8644	1
8646	1	CHRD	2	0	2	GC_8646	1
8647	1	ABCB11	55	46	9	GC_8647	2
8651	1	SOCS1	1	0	1	GC_8651	2
8654	1	PDE5A	3	0	3	GC_8654	1
8659	1	ALDH4A1	8	0	8	GC_8659	3
8660	1	IRS2	3	0	3	GC_8660	1
8661	1	EIF3A	3	0	3	GC_8661	1
8665	1	EIF3F	1	1	0	GC_8665	1
8671	1	SLC4A4	3	0	3	GC_8671	1
8672	1	EIF4G3	1	0	1	GC_8672	1
8675	1	STX16	4	0	4	GC_8675	2
8676	1	STX11	5	1	4	GC_8676	1
8681	1	JMJD7-PLA2G4B	1	0	1	GC_8681	2
8689	1	KRT36	2	0	2	GC_8689	1
8692	1	HYAL2	2	0	2	GC_8692	1
8693	1	GALNT4	2	0	2	GC_1848	5
8694	1	DGAT1	2	0	2	GC_8694	1
8701	1	DNAH11	138	8	130	GC_8701	4
8710	1	SERPINB7	2	0	2	GC_8710	1
8712	1	PAGE1	2	0	2	GC_8712	1
8714	1	ABCC3	4	0	4	GC_8714	1
8720	1	MBTPS1	6	0	6	GC_8720	1
8722	1	CTSF	3	0	3	GC_8722	1
8726	1	EED	3	1	2	GC_8726	1
8727	1	CTNNAL1	1	0	1	GC_8727	1
8729	1	GBF1	4	0	4	GC_8729	1
8733	1	GPAA1	9	2	7	GC_8733	1
8736	1	MYOM1	24	0	24	GC_8736	1
8737	1	RIPK1	2	1	1	GC_8737	1
8738	1	CRADD	8	1	7	GC_8738	1
8741	1	TNFSF13	2	0	2	GC_8741	2
8743	1	TNFSF10	1	0	1	GC_8743	1
8744	1	TNFSF9	1	0	1	GC_8744	1
8745	1	ADAM23	3	0	3	GC_8745	1
8751	1	ADAM15	2	0	2	GC_8751	3
8754	1	ADAM9	4	0	4	GC_8754	1
8763	1	CD164	4	0	4	GC_8763	1
8766	1	RAB11A	1	1	0	GC_8766	1
8767	1	RIPK2	1	0	1	GC_8767	1
8771	1	TNFRSF6B	1	0	1	GC_8771	3
8777	1	MPDZ	28	0	28	GC_8777	1
8778	1	SIGLEC5	1	0	1	GC_8778	1
8785	1	MATN4	4	0	4	GC_8785	1
8787	1	RGS9	4	0	4	GC_8787	1
8788	1	DLK1	5	0	5	GC_8788	1
8789	1	FBP2	1	0	1	GC_8789	2
8792	1	TNFRSF11A	7	0	7	GC_8792	1
8793	1	TNFRSF10D	3	0	3	GC_8793	1
8795	1	TNFRSF10B	1	0	1	GC_8795	2
8797	1	TNFRSF10A	2	0	2	GC_8797	1
8799	1	PEX11B	2	1	1	GC_8799	1
8801	1	SUCLG2	6	0	6	GC_8801	1
8802	1	SUCLG1	2	1	1	GC_8802	1
8803	1	SUCLA2	9	3	6	GC_8803	2
8805	1	TRIM24	1	0	1	GC_8805	1
8807	1	IL18RAP	1	0	1	GC_8807	1
8808	1	IL36R	2	0	2	GC_8808	1
8811	1	GALR2	3	0	3	GC_8811	1
8813	1	DPM1	4	4	0	GC_8813	3
8818	1	DPM2	2	0	2	GC_8818	1
8820	1	HESX1	2	1	1	GC_8820	1
8828	1	NRP2	2	0	2	GC_8828	1
8829	1	NRP1	3	0	3	GC_8829	1
8831	1	SYNGAP1	30	11	19	GC_8831	2
8833	1	GMPS	1	0	1	GC_8833	1
8837	1	CFLAR	1	0	1	GC_8837	2
8838	1	CCN6	12	6	6	GC_8838	1
8840	1	CCN4	1	0	1	GC_8840	1
8842	1	PROM1	3	2	1	GC_8842	1
8850	1	KAT2B	2	0	2	GC_8850	1
8853	1	ASAP2	1	0	1	GC_8853	1
8854	1	ALDH1A2	1	0	1	GC_8854	1
8858	1	PROZ	1	0	1	GC_8858	2
8863	1	PER3	6	0	6	GC_8863	2
8864	1	PER2	4	0	4	GC_8864	1
8867	1	SYNJ1	13	1	12	GC_8867	1
8869	1	ST3GAL5	5	3	2	GC_8869	2
8871	1	SYNJ2	1	0	1	GC_8871	1
8876	1	VNN1	2	0	2	GC_8876	1
8877	1	SPHK1	1	0	1	GC_8877	1
8878	1	SQSTM1	9	3	6	GC_8878	1
8879	1	SGPL1	4	2	2	GC_8879	1
8882	1	ZPR1	1	0	1	GC_8882	1
8884	1	SLC5A6	5	1	4	GC_8884	1
8886	1	DDX18	3	0	3	GC_8886	1
8888	1	MCM3AP	16	1	15	GC_8888	3
8890	1	EIF2B4	8	5	3	GC_8890	2
8891	1	EIF2B3	9	6	3	GC_8891	1
8892	1	EIF2B2	10	9	1	GC_8892	1
8893	1	EIF2B5	32	28	4	GC_8893	1
8898	1	MTMR2	7	0	7	GC_8898	1
8904	1	CPNE1	1	0	1	GC_8904	2
8905	1	AP1S2	1	0	1	GC_8905	1
8908	1	GYG2	8	0	8	GC_8908	1
8909	1	ENDOU	1	0	1	GC_8909	2
8910	1	SGCE	6	2	4	GC_8910	2
8911	1	CACNA1I	2	0	2	GC_8911	1
8912	1	CACNA1H	73	0	73	GC_8912	1
8913	1	CACNA1G	47	2	45	GC_8913	1
8914	1	TIMELESS	4	0	4	GC_8914	1
8915	1	BCL10	2	0	2	GC_8915	2
8916	1	HERC3	1	0	1	GC_8916	2
8924	1	HERC2	17	0	17	GC_8924	1
8925	1	HERC1	25	0	25	GC_8925	1
8927	1	BSN	2	0	2	GC_8927	1
8928	1	FOXH1	3	0	3	GC_8928	1
8929	1	PHOX2B	2	1	1	GC_8929	2
8930	1	MBD4	7	0	7	GC_8930	1
8940	1	TOP3B	1	0	1	GC_8940	1
8942	1	KYNU	3	2	1	GC_8942	1
8943	1	AP3D1	5	0	5	GC_8943	1
8945	1	BTRC	4	0	4	GC_8945	1
8972	1	MGAM	2	0	2	GC_8972	1
8974	1	P4HA2	5	2	3	GC_8974	1
8985	1	PLOD3	7	0	7	GC_8985	1
8986	1	RPS6KA4	1	0	1	GC_8986	1
8988	1	HSPB3	3	0	3	GC_8988	1
8989	1	TRPA1	6	0	6	GC_8989	2
8991	1	SELENBP1	1	0	1	GC_8991	1
8994	1	LIMD1	1	0	1	GC_8994	1
8997	1	KALRN	2	0	2	GC_8997	1
9001	1	HAP1	6	0	6	GC_9001	1
9002	1	F2RL3	1	0	1	GC_9002	1
9013	1	TAF1C	2	0	2	GC_9013	2
9015	1	TAF1A	2	0	2	GC_9015	1
9020	1	MAP3K14	6	0	6	GC_9020	3
9024	1	BRSK2	5	1	4	GC_9024	1
9026	1	HIP1R	1	0	1	GC_9026	1
9027	1	NAT8	2	0	2	GC_9027	1
9031	1	BAZ1B	2	0	2	GC_9031	1
9033	1	PKD2L1	4	0	4	GC_9033	1
9037	1	SEMA5A	2	0	2	GC_9037	1
9038	1	TAAR5	1	0	1	GC_9038	1
9046	1	DOK2	1	0	1	GC_9046	1
9049	1	AIP	13	3	10	GC_9049	1
9051	1	PSTPIP1	14	2	12	GC_9051	1
9052	1	GPRC5A	1	0	1	GC_9052	1
9054	1	NFS1	3	0	3	GC_9054	2
9056	1	SLC7A7	9	7	2	GC_9056	2
9057	1	SLC7A6	3	0	3	GC_9057	1
9060	1	PAPSS2	3	0	3	GC_9060	1
9063	1	PIAS2	1	0	1	GC_9063	1
9064	1	MAP3K6	5	0	5	GC_9064	1
9073	1	CLDN8	2	0	2	GC_9073	1
9075	1	CLDN2	1	0	1	GC_9075	2
9076	1	CLDN1	1	0	1	GC_9076	2
9091	1	PIGQ	20	2	18	GC_9091	1
9094	1	UNC119	2	0	2	GC_9094	2
9095	1	TBX19	1	0	1	GC_9095	1
9096	1	TBX18	2	0	2	GC_9096	1
9098	1	USP6	2	0	2	GC_9098	1
9101	1	USP8	11	0	11	GC_9101	2
9103	1	FCGR2C	1	0	1	GC_9103	1
9104	1	RGN	1	0	1	GC_9104	1
9112	1	MTA1	1	0	1	GC_9112	1
9113	1	LATS1	1	0	1	GC_9113	1
9119	1	KRT75	2	0	2	GC_9119	1
9122	1	SLC16A4	1	0	1	GC_9122	1
9123	1	SLC16A3	1	0	1	GC_9123	1
9125	1	CNOT9	2	2	0	GC_9125	1
9126	1	SMC3	9	6	3	GC_9126	1
9128	1	PRPF4	2	1	1	GC_9128	1
9129	1	PRPF3	7	4	3	GC_9129	1
9131	1	AIFM1	13	3	10	GC_9131	3
9132	1	KCNQ4	14	8	6	GC_9132	1
9133	1	CCNB2	2	0	2	GC_9133	1
9138	1	ARHGEF1	4	0	4	GC_9138	1
9141	1	PDCD5	1	0	1	GC_9141	1
9146	1	HGS	1	0	1	GC_9146	1
9149	1	DYRK1B	3	0	3	GC_9149	1
9150	1	CTDP1	18	0	18	GC_9150	1
9152	1	SLC6A5	17	3	14	GC_9152	1
9153	1	SLC28A2	2	0	2	GC_9153	2
9156	1	EXO1	4	0	4	GC_9156	1
9159	1	PCSK7	1	0	1	GC_6876	2
9173	1	IL33R	6	0	6	GC_9173	1
9177	1	HTR3B	1	0	1	GC_9177	1
9179	1	AP4M1	6	2	4	GC_6878	2
9180	1	OSMR	6	1	5	GC_9180	1
9181	1	ARHGEF2	1	0	1	GC_9181	1
9187	1	SLC24A1	6	0	6	GC_9187	1
9189	1	ZBED1	1	0	1	GC_9189	2
9194	1	SLC16A7	1	0	1	GC_9194	1
9197	1	SLC33A1	5	0	5	GC_9197	1
9200	1	HACD1	5	0	5	GC_9200	2
9203	1	ZMYM3	3	1	2	GC_9203	1
9209	1	LRRFIP2	1	0	1	GC_9209	1
9210	1	BMP15	4	0	4	GC_9210	1
9211	1	LGI1	5	3	2	GC_9211	1
9212	1	AURKB	1	0	1	GC_9212	1
9213	1	XPR1	1	0	1	GC_9213	1
9215	1	LARGE1	6	1	5	GC_9215	1
9217	1	VAPB	5	1	4	GC_9217	1
9221	1	NOLC1	1	0	1	GC_9221	1
9223	1	MAGI1	1	0	1	GC_9223	1
9227	1	LRAT	3	2	1	GC_9227	1
9228	1	DLGAP2	1	0	1	GC_9228	2
9230	1	RAB11B	4	2	2	GC_9230	1
9231	1	DLG5	7	0	7	GC_9231	1
9235	1	IL32	5	0	5	GC_9235	1
9236	1	CCPG1	2	1	1	GC_9236	5
9241	1	NOG	5	3	2	GC_9241	1
9244	1	CRLF1	3	0	3	GC_9244	1
9247	1	GCM2	11	1	10	GC_9247	1
9248	1	GPR50	1	0	1	GC_9248	2
9254	1	CACNA2D2	3	0	3	GC_9254	2
9255	1	AIMP1	3	0	3	GC_9255	1
9256	1	TSPOAP1	11	0	11	GC_9256	3
9258	1	MFHAS1	1	0	1	GC_9258	1
9263	1	STK17A	1	0	1	GC_9263	1
9276	1	COPB2	1	0	1	GC_9276	1
9289	1	ADGRG1	11	4	7	GC_9289	1
9290	1	GPR55	1	0	1	GC_9290	1
9293	1	GPR52	1	0	1	GC_9293	2
9294	1	S1PR2	4	0	4	GC_9294	1
9311	1	ASIC3	1	0	1	GC_9311	1
9312	1	KCNB2	2	1	1	GC_9312	1
9313	1	MMP20	6	1	5	GC_9313	1
9317	1	PTER	2	0	2	GC_9317	1
9319	1	TRIP13	1	0	1	GC_9319	1
9320	1	TRIP12	5	1	4	GC_9320	1
9321	1	TRIP11	20	0	20	GC_9321	1
9322	1	TRIP10	3	0	3	GC_9322	1
9325	1	TRIP4	2	0	2	GC_9325	1
9326	1	ZNHIT3	1	1	0	GC_9326	1
9331	1	B4GALT6	1	0	1	GC_9331	1
9332	1	CD163	5	0	5	GC_9332	1
9333	1	TGM5	12	2	10	GC_9333	1
9340	1	GLP2R	5	0	5	GC_9340	1
9342	1	SNAP29	5	1	4	GC_9342	1
9343	1	EFTUD2	8	5	3	GC_9343	1
9344	1	TAOK2	5	0	5	GC_9344	1
9353	1	SLIT2	3	0	3	GC_9353	1
9358	1	ITGBL1	2	0	2	GC_9358	1
9361	1	LONP1	18	1	17	GC_9361	1
9363	1	RAB33A	13	3	10	GC_9131	3
9364	1	RAB28	1	1	0	GC_9364	1
9365	1	KL	12	0	12	GC_9365	2
9368	1	NHERF1	3	0	3	GC_9368	2
9369	1	NRXN3	1	0	1	GC_9369	1
9370	1	ADIPOQ	2	0	2	GC_9370	2
9373	1	PLAA	2	0	2	GC_9373	1
9376	1	SLC22A8	2	0	2	GC_9376	1
9377	1	COX5A	1	0	1	GC_9377	2
9378	1	NRXN1	5	0	5	GC_9378	2
9379	1	NRXN2	5	0	5	GC_9379	1
9380	1	GRHPR	15	9	6	GC_9380	1
9381	1	OTOF	39	18	21	GC_9381	2
9382	1	COG1	7	0	7	GC_9382	4
9388	1	LIPG	4	0	4	GC_9388	1
9389	1	SLC22A14	3	0	3	GC_9389	1
9391	1	CIAO1	1	0	1	GC_9391	3
9392	1	TGFBRAP1	1	0	1	GC_9392	1
9394	1	HS6ST1	5	0	5	GC_9394	1
9398	1	CD101	7	0	7	GC_9398	3
9400	1	RECQL5	5	0	5	GC_9400	1
9401	1	RECQL4	37	3	34	GC_9401	2
9402	1	GRAP2	3	0	3	GC_9402	1
9409	1	PEX16	7	3	4	GC_9409	1
9411	1	ARHGAP29	1	0	1	GC_9411	1
9414	1	TJP2	19	3	16	GC_9414	1
9420	1	CYP7B1	8	6	2	GC_9420	1
9421	1	HAND1	1	0	1	GC_9421	1
9427	1	ECEL1	12	5	7	GC_9427	1
9437	1	NCR1	4	2	2	GC_9437	2
9439	1	MED23	13	12	1	GC_383	2
9440	1	MED17	6	2	4	GC_9440	2
9445	1	ITM2B	2	0	2	GC_9445	2
9446	1	GSTO1	1	0	1	GC_9446	2
9451	1	EIF2AK3	11	2	9	GC_9451	2
9455	1	HOMER2	5	0	5	GC_9455	1
9459	1	ARHGEF6	3	0	3	GC_9459	1
9466	1	IL27RA	2	0	2	GC_9466	1
9469	1	CHST3	6	2	4	GC_9469	1
9472	1	AKAP6	3	0	3	GC_9472	1
9475	1	ROCK2	1	0	1	GC_9475	1
9476	1	NAPSA	1	0	1	GC_9476	1
9479	1	MAPK8IP1	1	0	1	GC_9479	1
9487	1	PIGL	3	3	0	GC_9487	1
9488	1	PIGB	11	2	9	GC_9236	5
9489	1	PGS1	1	0	1	GC_8632	6
9491	1	PSMF1	1	0	1	GC_9491	1
9493	1	KIF23	8	0	8	GC_9493	1
9495	1	AKAP5	2	0	2	GC_4522	3
9496	1	TBX4	9	1	8	GC_9496	1
9499	1	MYOT	12	5	7	GC_9499	2
9500	1	MAGED1	1	0	1	GC_9500	1
9508	1	ADAMTS3	6	0	6	GC_9508	1
9509	1	ADAMTS2	13	0	13	GC_9509	1
9510	1	ADAMTS1	4	0	4	GC_9510	1
9512	1	PMPCB	6	1	5	GC_9512	2
9513	1	FXR2	1	0	1	GC_9513	1
9514	1	GAL3ST1	1	0	1	GC_9514	1
9516	1	LITAF	9	3	6	GC_9516	1
9517	1	SPTLC2	9	3	6	GC_9517	1
9518	1	GDF15	1	0	1	GC_9518	1
9526	1	MPDU1	4	0	4	GC_9526	1
9531	1	BAG3	16	4	12	GC_9531	1
9533	1	POLR1C	13	9	4	GC_9533	5
9536	1	PTGES	1	0	1	GC_9536	1
9542	1	NRG2	1	0	1	GC_9542	1
9543	1	IGDCC3	1	0	1	GC_9543	1
9552	1	SPAG7	1	0	1	GC_9552	1
9557	1	CHD1L	11	0	11	GC_2330	4
9563	1	H6PD	11	0	11	GC_9563	1
9564	1	BCAR1	5	0	5	GC_9564	1
9567	1	GTPBP1	6	0	6	GC_9567	2
9568	1	GABBR2	16	4	12	GC_9568	2
9569	1	GTF2IRD1	2	0	2	GC_9569	1
9570	1	GOSR2	5	1	4	GC_4905	5
9573	1	GDF3	4	0	4	GC_9573	1
9575	1	CLOCK	1	0	1	GC_9575	1
9578	1	CDC42BPB	10	4	6	GC_9578	2
9581	1	PREPL	10	1	9	GC_6519	2
9582	1	APOBEC3B	1	0	1	GC_9582	2
9585	1	KIF20B	2	0	2	GC_9585	1
9592	1	IER2	1	0	1	GC_9592	1
9600	1	PITPNM1	2	0	2	GC_9600	1
9601	1	PDIA4	1	0	1	GC_9601	1
9603	1	NFE2L3	1	0	1	GC_3181	2
9604	1	RNF14	12	0	12	GC_9604	2
9607	1	CARTPT	1	0	1	GC_9607	1
9610	1	RIN1	1	0	1	GC_9610	1
9611	1	NCOR1	4	0	4	GC_9611	2
9612	1	NCOR2	3	0	3	GC_9612	1
9617	1	MTRF1	1	0	1	GC_9617	2
9618	1	TRAF4	1	0	1	GC_9618	1
9620	1	CELSR1	13	0	13	GC_9620	2
9622	1	KLK4	2	0	2	GC_9622	1
9627	1	SNCAIP	9	0	9	GC_9627	2
9628	1	RGS6	3	0	3	GC_9628	1
9630	1	GNA14	1	0	1	GC_9630	1
9632	1	SEC24C	1	0	1	GC_9632	1
9636	1	ISG15	2	0	2	GC_9636	1
9638	1	FEZ1	1	0	1	GC_9638	1
9639	1	ARHGEF10	13	0	13	GC_9639	1
9640	1	ZNF592	3	0	3	GC_9640	1
9644	1	SH3PXD2A	1	0	1	GC_9644	1
9645	1	MICAL2	2	0	2	GC_9645	1
9646	1	CTR9	5	3	2	GC_9646	2
9647	1	PPM1F	1	0	1	GC_9647	1
9648	1	GCC2	3	0	3	GC_9648	1
9651	1	PLCH2	3	0	3	GC_9651	1
9652	1	SKIC3	12	1	11	GC_9652	1
9654	1	TTLL4	3	0	3	GC_9654	1
9656	1	MDC1	1	0	1	GC_9656	2
9657	1	IQCB1	4	0	4	GC_9657	1
9659	1	PDE4DIP	3	0	3	GC_9659	1
9662	1	CEP135	9	0	9	GC_9662	1
9663	1	LPIN2	9	2	7	GC_9663	1
9666	1	DZIP3	1	0	1	GC_9666	1
9668	1	ZNF432	1	0	1	GC_9668	1
9669	1	EIF5B	1	0	1	GC_9669	1
9671	1	WSCD2	1	0	1	GC_9671	1
9672	1	SDC3	1	0	1	GC_9672	1
9681	1	DEPDC5	21	0	21	GC_9681	1
9682	1	KDM4A	1	0	1	GC_9682	1
9687	1	GREB1	4	0	4	GC_9687	1
9688	1	NUP93	5	1	4	GC_9688	1
9696	1	CROCC	7	0	7	GC_9696	1
9698	1	PUM1	3	1	2	GC_9698	2
9699	1	RIMS2	2	0	2	GC_9699	1
9700	1	ESPL1	5	0	5	GC_9700	1
9702	1	CEP57	4	0	4	GC_9702	1
9704	1	DHX34	6	0	6	GC_9704	1
9706	1	ULK2	1	0	1	GC_9706	1
9711	1	RUBCN	7	0	7	GC_9711	1
9715	1	FAM131B	1	0	1	GC_7791	2
9718	1	ECE2	2	0	2	GC_9718	3
9719	1	ADAMTSL2	5	3	2	GC_9719	1
9722	1	NOS1AP	2	0	2	GC_9722	1
9723	1	SEMA3E	7	0	7	GC_9723	1
9724	1	UTP14C	6	3	3	GC_9724	2
9725	1	TMEM63A	5	2	3	GC_9725	1
9731	1	CEP104	13	0	13	GC_9731	2
9732	1	DOCK4	5	0	5	GC_9732	1
9736	1	USP34	2	0	2	GC_9736	1
9738	1	CCP110	4	0	4	GC_9738	1
9739	1	SETD1A	17	1	16	GC_9739	1
9742	1	IFT140	31	8	23	GC_9742	3
9743	1	ARHGAP32	4	0	4	GC_9743	1
9745	1	ZNF536	4	0	4	GC_9745	1
9750	1	RIPOR2	20	0	20	GC_9750	1
9752	1	PCDHA9	1	0	1	GC_9752	10
9754	1	STARD8	1	0	1	GC_9754	1
9757	1	KMT2B	105	6	99	GC_9757	1
9758	1	FRMPD4	16	0	16	GC_9758	1
9759	1	HDAC4	21	2	19	GC_9759	1
9765	1	ZFYVE16	1	0	1	GC_9765	1
9772	1	TMEM94	6	0	6	GC_9772	1
9774	1	BCLAF1	1	0	1	GC_9774	1
9778	1	KIAA0232	4	0	4	GC_9778	1
9780	1	PIEZO1	56	10	46	GC_9780	4
9782	1	MATR3	4	1	3	GC_9782	1
9785	1	DHX38	7	0	7	GC_9785	2
9786	1	KIAA0586	22	1	21	GC_9786	1
9790	1	BMS1	6	0	6	GC_9790	1
9791	1	PTDSS1	11	1	10	GC_9791	1
9794	1	MAML1	2	0	2	GC_9794	1
9806	1	SPOCK2	2	0	2	GC_9806	1
9814	1	SFI1	3	0	3	GC_9814	1
9815	1	GIT2	2	0	2	GC_9815	1
9816	1	URB2	3	0	3	GC_9816	1
9820	1	CUL7	21	3	18	GC_9820	1
9821	1	RB1CC1	2	0	2	GC_9821	1
9828	1	ARHGEF17	1	0	1	GC_9828	2
9829	1	DNAJC6	6	0	6	GC_9829	1
9830	1	TRIM14	3	0	3	GC_9830	2
9833	1	MELK	3	0	3	GC_9833	1
9837	1	GINS1	2	0	2	GC_9837	1
9839	1	ZEB2	45	8	37	GC_9839	1
9841	1	ZBTB24	4	1	3	GC_9841	1
9843	1	HEPH	2	0	2	GC_9843	1
9846	1	GAB2	2	0	2	GC_9846	2
9851	1	KIAA0753	19	0	19	GC_9851	1
9853	1	RUSC2	6	0	6	GC_9853	1
9855	1	FARP2	3	0	3	GC_9855	1
9856	1	KIAA0319	1	0	1	GC_9856	1
9857	1	CEP350	4	0	4	GC_9857	1
9859	1	CEP170	1	0	1	GC_9859	1
9860	1	LRIG2	6	0	6	GC_9860	1
9862	1	MED24	1	0	1	GC_9862	1
9863	1	MAGI2	3	0	3	GC_9863	1
9866	1	TRIM66	2	0	2	GC_9866	1
9869	1	SETDB1	3	0	3	GC_9869	1
9870	1	AREL1	1	0	1	GC_9870	2
9871	1	SEC24D	14	1	13	GC_9871	1
9873	1	FCHSD2	1	0	1	GC_9873	2
9875	1	URB1	7	0	7	GC_9875	4
9882	1	TBC1D4	9	0	9	GC_9882	2
9883	1	POM121	4	0	4	GC_9883	1
9885	1	OSBPL2	6	0	6	GC_9885	1
9889	1	ZBED4	1	0	1	GC_9889	2
9891	1	NUAK1	1	0	1	GC_9891	1
9894	1	TELO2	19	2	17	GC_9894	1
9895	1	TECPR2	12	0	12	GC_9895	1
9896	1	FIG4	5	1	4	GC_9896	1
9897	1	WASHC5	11	6	5	GC_9897	2
9901	1	SRGAP3	1	0	1	GC_9901	1
9902	1	MRC2	2	0	2	GC_9902	1
9905	1	SGSM2	2	0	2	GC_9905	1
9907	1	AP5Z1	10	0	10	GC_9907	1
9910	1	RABGAP1L	1	0	1	GC_9293	2
9911	1	TMCC2	1	0	1	GC_9911	1
9914	1	ATP2C2	7	0	7	GC_9914	3
9915	1	ARNT2	3	0	3	GC_9915	2
9918	1	NCAPD2	6	0	6	GC_9918	1
9919	1	SEC16A	9	0	9	GC_9919	1
9921	1	RNF10	1	0	1	GC_9921	1
9922	1	IQSEC1	6	1	5	GC_9922	1
9923	1	ZBTB40	2	0	2	GC_9923	1
9924	1	PAN2	1	0	1	GC_9924	1
9927	1	MFN2	57	53	4	GC_9927	1
9928	1	KIF14	17	0	17	GC_9928	1
9933	1	PUM3	3	0	3	GC_9933	1
9935	1	MAFB	11	6	5	GC_9935	1
9940	1	DLEC1	3	0	3	GC_9940	1
9942	1	XYLB	2	0	2	GC_9942	1
9947	1	MAGEC1	5	0	5	GC_9947	1
9948	1	WDR1	3	0	3	GC_9948	1
9950	1	GOLGA5	1	0	1	GC_9950	1
9953	1	HS3ST3B1	1	0	1	GC_9953	1
9960	1	USP3	1	0	1	GC_9960	1
9961	1	MVP	3	0	3	GC_9961	1
9966	1	TNFSF15	1	0	1	GC_9966	1
9968	1	MED12	42	13	29	GC_9968	2
9969	1	MED13	18	2	16	GC_9969	1
9971	1	NR1H4	1	0	1	GC_9971	1
9972	1	NUP153	2	0	2	GC_9972	2
9980	1	DOP1B	6	0	6	GC_9980	1
9982	1	FGFBP1	1	0	1	GC_9982	1
9987	1	HNRNPDL	5	2	3	GC_9987	1
9990	1	SLC12A6	5	4	1	GC_9990	2
9992	1	KCNE2	2	0	2	GC_9992	2
9997	1	SCO2	11	5	6	GC_1890	5
10000	1	AKT3	4	3	1	GC_10000	1
10002	1	NR2E3	24	18	6	GC_10002	1
10009	1	ZBTB33	2	0	2	GC_10009	2
10010	1	TANK	2	0	2	GC_10010	2
10011	1	SRA1	4	0	4	GC_10011	1
10013	1	HDAC6	7	0	7	GC_10013	1
10014	1	HDAC5	3	0	3	GC_10014	1
10015	1	PDCD6IP	2	0	2	GC_10015	1
10017	1	BCL2L10	1	0	1	GC_10017	2
10019	1	SH2B3	6	0	6	GC_10019	1
10020	1	GNE	38	37	1	GC_10020	1
10021	1	HCN4	22	7	15	GC_10021	3
10026	1	PIGK	1	0	1	GC_10026	1
10038	1	PARP2	2	0	2	GC_10038	1
10039	1	PARP3	2	0	2	GC_10039	1
10042	1	HMGXB4	1	0	1	GC_10042	1
10046	1	MAMLD1	13	0	13	GC_10046	1
10049	1	DNAJB6	10	7	3	GC_10049	1
10054	1	UBA2	1	1	0	GC_10054	2
10056	1	FARSB	6	1	5	GC_10056	1
10058	1	ABCB6	6	0	6	GC_10058	1
10059	1	DNM1L	9	8	1	GC_10059	1
10060	1	ABCC9	9	6	3	GC_3764	3
10062	1	NR1H3	2	0	2	GC_53	3
10068	1	IL18BP	6	0	6	GC_4926	4
10071	1	MUC12	1	0	1	GC_10071	1
10072	1	DPP3	2	0	2	GC_10072	1
10075	1	HUWE1	42	13	29	GC_10075	2
10077	1	TSPAN32	1	0	1	GC_10077	1
10078	1	TSSC4	1	0	1	GC_10078	1
10079	1	ATP9A	1	0	1	GC_10079	1
10082	1	GPC6	6	1	5	GC_10082	2
10083	1	USH1C	13	3	10	GC_10083	1
10084	1	PQBP1	2	1	1	GC_10084	1
10087	1	CERT1	10	1	9	GC_10087	2
10095	1	ARPC1B	3	0	3	GC_10095	1
10100	1	TSPAN2	1	0	1	GC_10100	1
10101	1	NUBP2	1	0	1	GC_10101	1
10102	1	TSFM	9	2	7	GC_10102	2
10103	1	TSPAN1	11	9	2	GC_10103	3
10111	1	RAD50	4	2	2	GC_10111	1
10112	1	KIF20A	3	0	3	GC_10112	1
10114	1	HIPK3	1	0	1	GC_10114	1
10117	1	ENAM	5	0	5	GC_10117	1
10125	1	RASGRP1	2	0	2	GC_10125	1
10127	1	ZNF263	1	0	1	GC_10127	2
10128	1	LRPPRC	10	1	9	GC_10128	1
10129	1	FRY	4	0	4	GC_10129	2
10131	1	TRAP1	10	0	10	GC_1773	3
10133	1	OPTN	3	0	3	GC_10133	2
10137	1	RBM12	1	0	1	GC_8904	2
10142	1	AKAP9	58	0	58	GC_1595	3
10149	1	ADGRG2	2	0	2	GC_10149	1
10153	1	CEBPZ	1	0	1	GC_10153	3
10154	1	PLXNC1	4	0	4	GC_10154	2
10155	1	TRIM28	3	0	3	GC_10155	1
10156	1	RASA4	1	0	1	GC_10156	1
10157	1	AASS	3	1	2	GC_10157	1
10159	1	ATP6AP2	3	0	3	GC_10159	1
10161	1	LPAR6	4	3	1	GC_5925	2
10163	1	WASF2	1	0	1	GC_10163	1
10165	1	SLC25A13	10	10	0	GC_10165	1
10166	1	SLC25A15	12	11	1	GC_10166	1
10171	1	RCL1	1	0	1	GC_10171	1
10174	1	SORBS3	8	0	8	GC_10174	1
10178	1	TENM1	2	0	2	GC_10178	1
10180	1	RBM6	1	0	1	GC_10180	1
10188	1	TNK2	7	0	7	GC_10188	1
10194	1	TSHZ1	4	0	4	GC_10194	1
10195	1	ALG3	9	7	2	GC_10195	1
10196	1	PRMT3	1	0	1	GC_10196	1
10199	1	MPHOSPH10	4	0	4	GC_10199	1
10200	1	MPHOSPH6	1	0	1	GC_10200	1
10202	1	DHRS2	2	0	2	GC_10202	1
10203	1	CALCRL	1	0	1	GC_7035	3
10205	1	MPZL2	1	1	0	GC_10205	1
10207	1	PATJ	2	0	2	GC_10207	1
10210	1	TOPORS	11	0	11	GC_10210	2
10216	1	PRG4	4	0	4	GC_10216	1
10219	1	KLRG1	4	0	4	GC_2	3
10221	1	TRIB1	1	0	1	GC_10221	1
10223	1	GPA33	1	0	1	GC_10223	2
10225	1	CD96	2	0	2	GC_10225	1
10229	1	COQ7	4	0	4	GC_10229	2
10232	1	MSLN	6	0	6	GC_10232	1
10235	1	RASGRP2	4	1	3	GC_10235	1
10243	1	GPHN	46	38	8	GC_384	7
10256	1	CNKSR1	8	0	8	GC_10256	1
10257	1	ABCC4	5	0	5	GC_10257	1
10262	1	SF3B4	3	0	3	GC_10262	1
10265	1	IRX5	3	0	3	GC_10265	1
10269	1	ZMPSTE24	2	1	1	GC_10269	2
10270	1	AKAP8	6	0	6	GC_10270	1
10273	1	STUB1	3	2	1	GC_10273	2
10274	1	STAG1	9	3	6	GC_10274	1
10276	1	NET1	2	0	2	GC_10276	1
10277	1	UBE4B	1	0	1	GC_10277	1
10280	1	SIGMAR1	6	3	3	GC_10280	2
10283	1	CWC27	3	0	3	GC_10283	1
10290	1	SPEG	26	0	26	GC_10290	4
10293	1	TRAIP	3	0	3	GC_10293	1
10295	1	BCKDK	1	0	1	GC_10295	1
10297	1	APC2	15	0	15	GC_10297	2
10298	1	PAK4	1	0	1	GC_10298	1
10300	1	KATNB1	10	0	10	GC_10300	1
10302	1	SNAPC5	1	0	1	GC_5604	2
10309	1	CCNO	4	0	4	GC_10309	1
10312	1	TCIRG1	17	6	11	GC_10312	1
10316	1	NMUR1	1	0	1	GC_10316	1
10318	1	TNIP1	1	0	1	GC_10318	1
10319	1	LAMC3	30	0	30	GC_10319	2
10320	1	IKZF1	6	3	3	GC_10320	1
10324	1	KLHL41	8	0	8	GC_10324	1
10327	1	AKR1A1	1	0	1	GC_10327	1
10329	1	RXYLT1	6	2	4	GC_10329	2
10331	1	B3GNT3	1	0	1	GC_10331	1
10333	1	TLR6	2	0	2	GC_10333	1
10335	1	IRAG1	4	0	4	GC_10335	1
10342	1	TFG	6	3	3	GC_10342	1
10345	1	TRDN	23	1	22	GC_10345	2
10346	1	TRIM22	4	0	4	GC_10346	3
10347	1	ABCA7	15	0	15	GC_10347	1
10351	1	ABCA8	2	0	2	GC_10351	1
10352	1	WARS2	6	2	4	GC_10352	1
10365	1	KLF2	1	0	1	GC_10365	1
10367	1	MICU1	3	1	2	GC_10367	1
10370	1	CITED2	2	0	2	GC_10370	2
10371	1	SEMA3A	5	0	5	GC_10371	1
10379	1	IRF9	2	0	2	GC_10379	1
10381	1	TUBB3	20	19	1	GC_10381	1
10382	1	TUBB4A	19	18	1	GC_10382	2
10383	1	TUBB4B	3	3	0	GC_10383	1
10388	1	SYCP2	6	0	6	GC_10388	1
10390	1	CEPT1	1	0	1	GC_10390	1
10392	1	NOD1	1	0	1	GC_10392	1
10395	1	DLC1	18	0	18	GC_10395	2
10397	1	NDRG1	2	0	2	GC_10397	1
10400	1	PEMT	2	0	2	GC_10400	1
10401	1	PIAS3	1	0	1	GC_10401	1
10404	1	CPQ	4	0	4	GC_10404	1
10406	1	WFDC2	1	1	0	GC_10406	2
10408	1	MYCNOS	2	0	2	GC_4613	2
10411	1	RAPGEF3	5	0	5	GC_10411	2
10413	1	YAP1	3	0	3	GC_10413	1
10420	1	TESK2	1	0	1	GC_10420	1
10422	1	UBAC1	1	0	1	GC_10422	1
10430	1	TMEM147	3	3	0	GC_10430	3
10434	1	LYPLA1	1	0	1	GC_10434	2
10436	1	EMG1	2	0	2	GC_10436	1
10449	1	ACAA2	1	0	1	GC_10449	1
10451	1	VAV3	3	0	3	GC_10451	1
10452	1	TOMM40	1	0	1	GC_10452	2
10456	1	HAX1	2	0	2	GC_10456	1
10457	1	GPNMB	1	0	1	GC_10457	1
10460	1	TACC3	2	0	2	GC_10460	1
10461	1	MERTK	16	5	11	GC_10461	1
10462	1	CLEC10A	2	0	2	GC_10462	1
10463	1	SLC30A9	2	0	2	GC_10463	1
10464	1	PIBF1	9	1	8	GC_10464	2
10466	1	COG5	5	1	4	GC_10466	1
10468	1	FST	2	0	2	GC_10468	1
10469	1	TIMM44	4	0	4	GC_10469	1
10472	1	ZBTB18	14	10	4	GC_10472	1
10479	1	SLC9A6	10	0	10	GC_10479	2
10482	1	NXF1	1	0	1	GC_10482	1
10483	1	SEC23B	14	8	6	GC_10483	2
10484	1	SEC23A	1	0	1	GC_10484	1
10489	1	LRRC41	2	0	2	GC_8438	2
10491	1	CRTAP	2	1	1	GC_10491	2
10492	1	SYNCRIP	1	0	1	GC_10492	1
10497	1	UNC13B	2	0	2	GC_10497	1
10499	1	NCOA2	1	0	1	GC_10499	1
10500	1	SEMA6C	1	0	1	GC_10500	1
10501	1	SEMA6B	8	1	7	GC_10501	1
10507	1	SEMA4D	1	0	1	GC_10507	2
10512	1	SEMA3C	4	0	4	GC_10512	1
10514	1	MYBBP1A	9	0	9	GC_10514	1
10516	1	FBLN5	1	1	0	GC_10516	1
10517	1	FBXW10	1	0	1	GC_10517	1
10518	1	CIB2	3	1	2	GC_10518	1
10522	1	DEAF1	18	10	8	GC_10522	2
10525	1	HYOU1	1	0	1	GC_10525	2
10526	1	IPO8	1	0	1	GC_10526	1
10529	1	NEBL	16	0	16	GC_10529	2
10531	1	PITRM1	22	1	21	GC_10531	3
10533	1	ATG7	3	0	3	GC_10533	1
10534	1	ZNRD2	1	0	1	GC_10534	2
10535	1	RNASEH2A	6	3	3	GC_10535	1
10541	1	ANP32B	1	0	1	GC_10541	1
10549	1	PRDX4	1	0	1	GC_10549	1
10555	1	AGPAT2	4	1	3	GC_10555	1
10558	1	SPTLC1	12	6	6	GC_10558	1
10559	1	SLC35A1	2	0	2	GC_10559	1
10560	1	SLC19A2	8	5	3	GC_10560	1
10565	1	ARFGEF1	5	1	4	GC_10565	2
10568	1	SLC34A2	7	0	7	GC_10568	1
10572	1	SIVA1	1	0	1	GC_10572	1
10577	1	NPC2	5	3	2	GC_97	2
10579	1	TACC2	8	0	8	GC_10579	1
10580	1	SORBS1	1	0	1	GC_10580	1
10585	1	POMT1	27	13	14	GC_10585	1
10586	1	MAB21L2	1	1	0	GC_987	2
10587	1	TXNRD2	13	0	13	GC_10587	2
10592	1	SMC2	3	0	3	GC_10592	1
10594	1	PRPF8	13	13	0	GC_10594	1
10595	1	ERN2	1	0	1	GC_10595	1
10598	1	AHSA1	1	0	1	GC_10598	1
10599	1	SLCO1B1	8	0	8	GC_10599	1
10606	1	PAICS	1	1	0	GC_10606	1
10611	1	PDLIM5	1	0	1	GC_10611	1
10613	1	ERLIN1	1	0	1	GC_10613	1
10615	1	SPAG5	1	0	1	GC_10615	1
10617	1	STAMBP	4	3	1	GC_10617	2
10623	1	POLR3C	1	0	1	GC_10623	1
10626	1	TRIM16	1	0	1	GC_10626	1
10630	1	PDPN	1	0	1	GC_10630	1
10631	1	POSTN	1	0	1	GC_10631	1
10635	1	RAD51AP1	3	0	3	GC_10635	1
10637	1	LEFTY1	3	0	3	GC_10637	1
10641	1	NPRL2	1	0	1	GC_10641	1
10642	1	IGF2BP1	1	0	1	GC_10642	1
10653	1	SPINT2	6	1	5	GC_10653	1
10654	1	PMVK	2	0	2	GC_10654	1
10655	1	DMRT2	5	0	5	GC_10655	1
10659	1	CELF2	2	2	0	GC_10659	2
10661	1	KLF1	9	2	7	GC_10661	4
10664	1	CTCF	12	10	2	GC_10664	1
10667	1	FARS2	11	7	4	GC_10667	4
10668	1	CGRRF1	1	0	1	GC_10668	1
10669	1	CGREF1	1	0	1	GC_3795	2
10673	1	TNFSF13B	1	0	1	GC_10673	1
10677	1	AVIL	3	0	3	GC_10102	2
10678	1	B3GNT2	2	0	2	GC_10678	1
10681	1	GNB5	5	3	2	GC_10681	2
10682	1	EBP	13	7	6	GC_10682	1
10683	1	DLL3	12	2	10	GC_10683	4
10686	1	CLDN16	11	7	4	GC_9076	2
10694	1	CCT8	1	0	1	GC_10694	1
10699	1	CORIN	4	0	4	GC_10699	1
10714	1	POLD3	2	0	2	GC_10714	1
10715	1	CERS1	3	1	2	GC_2657	2
10716	1	TBR1	4	3	1	GC_10716	1
10717	1	AP4B1	9	0	9	GC_10717	4
10718	1	NRG3	2	0	2	GC_10718	1
10721	1	POLQ	12	0	12	GC_10721	1
10723	1	SLC12A7	1	0	1	GC_10723	1
10725	1	NFAT5	1	0	1	GC_10725	1
10726	1	NUDC	2	0	2	GC_8431	2
10730	1	YME1L1	2	0	2	GC_10730	1
10733	1	PLK4	6	0	6	GC_10733	1
10734	1	STAG3	2	0	2	GC_10734	1
10735	1	STAG2	7	0	7	GC_10735	1
10736	1	SIX2	1	0	1	GC_10736	1
10742	1	RAI2	1	0	1	GC_10742	1
10743	1	RAI1	114	0	114	GC_10743	1
10747	1	MASP2	11	1	10	GC_10747	2
10749	1	KIF1C	9	3	6	GC_10749	1
10752	1	CHL1	7	0	7	GC_10752	1
10755	1	GIPC1	1	0	1	GC_10755	1
10758	1	TRAF3IP2	6	0	6	GC_10758	3
10763	1	NES	6	0	6	GC_10763	1
10765	1	KDM5B	3	0	3	GC_10765	1
10769	1	PLK2	1	0	1	GC_10769	1
10771	1	ZMYND11	9	3	6	GC_10771	2
10785	1	WDR4	8	1	7	GC_10785	1
10788	1	IQGAP2	4	0	4	GC_10788	1
10795	1	ZNF268	2	0	2	GC_10795	1
10801	1	SEPTIN9	7	1	6	GC_10801	1
10804	1	GJB6	8	3	5	GC_10804	1
10806	1	SDCCAG8	4	0	4	GC_10806	1
10808	1	HSPH1	2	0	2	GC_10808	1
10810	1	WASF3	2	0	2	GC_10810	1
10840	1	ALDH1L1	1	0	1	GC_10840	2
10841	1	FTCD	10	0	10	GC_10841	2
10844	1	TUBGCP2	1	0	1	GC_10844	1
10845	1	CLPX	1	0	1	GC_10845	1
10846	1	PDE10A	5	4	1	GC_10846	1
10847	1	SRCAP	50	0	50	GC_10847	1
10849	1	POLR1G	4	0	4	GC_2067	2
10850	1	CCL27	1	0	1	GC_10850	1
10855	1	HPSE	1	0	1	GC_10855	1
10859	1	LILRB1	1	0	1	GC_10859	1
10861	1	SLC26A1	27	13	14	GC_3425	2
10863	1	ADAM28	1	0	1	GC_10863	3
10868	1	USP20	1	0	1	GC_10868	1
10877	1	CFHR4	19	0	19	GC_10877	1
10878	1	CFHR3	9	0	9	GC_10878	1
10886	1	NPFFR2	1	0	1	GC_10886	1
10888	1	GPR83	1	0	1	GC_10888	1
10891	1	PPARGC1A	4	0	4	GC_10891	1
10892	1	MALT1	4	0	4	GC_10892	1
10899	1	JTB	1	0	1	GC_10899	1
10901	1	DHRS4	1	0	1	GC_10901	1
10908	1	PNPLA6	12	7	5	GC_10908	1
10911	1	UTS2	1	0	1	GC_10911	1
10913	1	EDAR	10	8	2	GC_5903	2
10916	1	MAGED2	3	0	3	GC_10916	1
10917	1	BTNL3	1	0	1	GC_10917	1
10919	1	EHMT2	1	1	0	GC_10919	3
10926	1	DBF4	1	0	1	GC_10926	1
10928	1	RALBP1	1	0	1	GC_10928	1
10939	1	AFG3L2	7	7	0	GC_10939	1
10940	1	POP1	6	1	5	GC_10940	1
10941	1	UGT2A1	3	0	3	GC_10941	3
10943	1	MSL3	2	0	2	GC_10943	1
10956	1	OS9	1	0	1	GC_10956	1
10964	1	IFI44L	2	0	2	GC_10964	1
10965	1	ACOT2	1	0	1	GC_10965	4
10969	1	EBNA1BP2	2	0	2	GC_10969	1
10970	1	CKAP4	1	0	1	GC_10970	1
10973	1	ASCC3	3	0	3	GC_10973	1
10978	1	CLP1	2	1	1	GC_10978	1
10982	1	MAPRE2	1	1	0	GC_10982	1
10989	1	IMMT	1	0	1	GC_10989	1
10990	1	LILRB5	1	0	1	GC_10990	1
10992	1	SF3B2	1	0	1	GC_10992	2
10993	1	SDS	2	0	2	GC_10993	1
10994	1	ILVBL	3	0	3	GC_10994	1
10998	1	SLC27A5	9	0	9	GC_10998	1
10999	1	SLC27A4	8	3	5	GC_10999	1
11005	1	SPINK5	20	1	19	GC_11005	1
11009	1	IL24	2	0	2	GC_11009	1
11011	1	TLK2	3	3	0	GC_11011	1
11019	1	LIAS	4	0	4	GC_11019	1
11020	1	IFT27	5	1	4	GC_11020	2
11023	1	VAX1	1	0	1	GC_11023	1
11037	1	STON1	1	0	1	GC_3973	3
11043	1	MID2	1	0	1	GC_11043	2
11047	1	ADRM1	1	0	1	GC_11047	1
11055	1	ZPBP	1	0	1	GC_11055	1
11064	1	CNTRL	6	0	6	GC_11064	1
11067	1	DEPP1	1	0	1	GC_11067	2
11069	1	RAPGEF4	2	0	2	GC_11069	1
11073	1	TOPBP1	1	0	1	GC_11073	1
11076	1	TPPP	1	0	1	GC_11076	1
11078	1	TRIOBP	60	0	60	GC_11078	3
11081	1	KERA	1	1	0	GC_11081	1
11083	1	DIDO1	5	0	5	GC_11083	1
11093	1	ADAMTS13	38	16	22	GC_11093	1
11096	1	ADAMTS5	4	0	4	GC_11096	1
11098	1	PRSS23	7	5	2	GC_8322	2
11102	1	RPP14	1	0	1	GC_11102	2
11107	1	PRDM5	11	2	9	GC_11107	1
11113	1	CIT	10	0	10	GC_11113	1
11117	1	EMILIN1	2	0	2	GC_11117	1
11119	1	BTN3A1	1	0	1	GC_11119	1
11120	1	BTN2A1	1	0	1	GC_11120	1
11122	1	PTPRT	6	0	6	GC_11122	1
11126	1	CD160	1	0	1	GC_11126	1
11128	1	POLR3A	12	7	5	GC_11128	2
11132	1	CAPN10	6	0	6	GC_11132	2
11133	1	KPTN	2	0	2	GC_11133	1
11136	1	SLC7A9	14	10	4	GC_11136	1
11138	1	TBC1D8	1	0	1	GC_6160	2
11141	1	IL1RAPL1	10	0	10	GC_11141	1
11142	1	PKIG	1	1	0	GC_100	3
11144	1	DMC1	1	0	1	GC_11144	1
11146	1	GLMN	7	0	7	GC_11146	1
11149	1	POPDC1	6	1	5	GC_11149	1
11151	1	CORO1A	1	0	1	GC_11151	1
11152	1	WDR45	22	7	15	GC_11152	2
11153	1	FICD	2	1	1	GC_11153	1
11154	1	AP4S1	3	1	2	GC_11154	1
11155	1	LDB3	19	2	17	GC_11155	2
11160	1	ERLIN2	3	3	0	GC_11160	1
11168	1	PSIP1	2	0	2	GC_11168	1
11169	1	WDHD1	5	0	5	GC_11169	1
11172	1	INSL6	9	1	8	GC_3717	2
11173	1	ADAMTS7	2	0	2	GC_11173	1
11174	1	ADAMTS6	1	0	1	GC_11174	1
11177	1	BAZ1A	1	0	1	GC_11177	1
11178	1	LZTS1	9	0	9	GC_11178	1
11181	1	TREH	2	0	2	GC_11181	1
11182	1	SLC2A6	2	0	2	GC_11182	1
11187	1	PKP3	1	0	1	GC_11187	1
11188	1	NISCH	4	0	4	GC_11188	1
11190	1	CEP250	20	0	20	GC_11190	2
11194	1	ABCB8	3	0	3	GC_11194	1
11196	1	SEC23IP	3	0	3	GC_11196	1
11197	1	WIF1	1	0	1	GC_11197	1
11199	1	ANXA10	2	0	2	GC_11199	1
11200	1	CHEK2	8	6	2	GC_11200	1
11212	1	PLPBP	7	2	5	GC_11212	2
11214	1	AKAP13	6	0	6	GC_11214	2
11215	1	AKAP11	9	0	9	GC_11215	1
11218	1	DDX20	1	0	1	GC_11218	1
11222	1	MRPL3	3	0	3	GC_11222	1
11226	1	GALNT6	2	0	2	GC_11226	1
11228	1	RASSF8	1	0	1	GC_11228	1
11231	1	SEC63	3	0	3	GC_11231	1
11232	1	POLG2	7	1	6	GC_11232	2
11234	1	HPS5	10	0	10	GC_11234	2
11235	1	PDCD10	1	0	1	GC_11235	1
11240	1	PADI2	1	0	1	GC_11240	1
11250	1	GPR45	2	0	2	GC_11250	1
11253	1	MAN1B1	11	2	9	GC_11253	2
11262	1	SP140	12	0	12	GC_3431	2
11274	1	USP18	5	0	5	GC_11274	1
11277	1	TREX1	2	2	0	GC_11277	3
11279	1	KLF8	2	0	2	GC_11279	1
11280	1	SCN11A	35	4	31	GC_11280	2
11284	1	PNKP	9	4	5	GC_11284	1
11285	1	B4GALT7	4	3	1	GC_11285	1
11311	1	VPS45	4	2	2	GC_11311	1
11315	1	PARK7	2	0	2	GC_11315	1
11317	1	RBPJL	3	0	3	GC_11317	1
11320	1	MGAT4A	1	0	1	GC_11320	1
11322	1	TMC6	14	0	14	GC_11322	5
11326	1	VSIG4	2	0	2	GC_11326	2
11330	1	CTRC	2	0	2	GC_11330	1
11336	1	EXOC3	1	0	1	GC_11336	1
11338	1	U2AF2	4	4	0	GC_11338	1
11342	1	RNF13	3	0	3	GC_11342	1
11346	1	SYNPO	4	0	4	GC_11346	2
22795	1	NID2	7	0	7	GC_22795	2
22796	1	COG2	6	0	6	GC_22796	1
22797	1	TFEC	1	0	1	GC_22797	1
22798	1	LAMB4	2	0	2	GC_22798	1
22800	1	RRAS2	6	6	0	GC_22800	2
22807	1	IKZF2	1	0	1	GC_22807	1
22808	1	MRAS	4	4	0	GC_22808	1
22820	1	COPG1	1	0	1	GC_22820	1
22827	1	PUF60	7	6	1	GC_22827	1
22837	1	COBLL1	1	0	1	GC_22837	1
22839	1	DLGAP4	1	0	1	GC_22839	1
22844	1	FRMPD1	3	0	3	GC_22844	1
22845	1	DOLK	4	1	3	GC_22845	2
22848	1	AAK1	1	0	1	GC_22848	1
22852	1	ANKRD26	18	0	18	GC_22852	2
22853	1	LMTK2	1	0	1	GC_22853	1
22856	1	CHSY1	7	0	7	GC_22856	2
22858	1	CILK1	6	0	6	GC_22858	1
22859	1	ADGRL1	2	0	2	GC_22859	2
22861	1	NLRP1	35	1	34	GC_22861	1
22862	1	FNDC3A	1	0	1	GC_22862	1
22866	1	CNKSR2	2	0	2	GC_22866	1
22868	1	FASTKD2	4	0	4	GC_22868	1
22870	1	PPP6R1	1	0	1	GC_22870	1
22872	1	SEC31A	2	0	2	GC_22872	1
22873	1	DZIP1	1	0	1	GC_22873	1
22876	1	INPP5F	1	0	1	GC_22876	1
22878	1	TRAPPC8	1	0	1	GC_22878	1
22879	1	MON1B	1	0	1	GC_22879	2
22880	1	MORC2	16	10	6	GC_22880	1
22883	1	CLSTN1	2	0	2	GC_22883	1
22884	1	WDR37	9	5	4	GC_22884	1
22891	1	ZNF365	1	0	1	GC_22891	1
22893	1	BAHD1	1	0	1	GC_22893	1
22894	1	DIS3	3	0	3	GC_10464	2
22895	1	RPH3A	1	0	1	GC_22895	1
22897	1	CEP164	23	1	22	GC_22897	1
22899	1	ARHGEF15	13	0	13	GC_22899	1
22900	1	CARD8	8	0	8	GC_22900	1
22901	1	ARSG	11	0	11	GC_5573	4
22902	1	RUFY3	1	0	1	GC_22902	1
22906	1	TRAK1	10	0	10	GC_22906	1
22907	1	DHX30	7	3	4	GC_22907	1
22909	1	FAN1	10	0	10	GC_22909	2
22913	1	RALY	1	0	1	GC_22913	1
22915	1	MMRN1	2	0	2	GC_22915	1
22917	1	ZP1	1	0	1	GC_22917	1
22918	1	CD93	2	0	2	GC_22918	1
22926	1	ATF6	8	1	7	GC_22926	1
22929	1	SEPHS1	1	1	0	GC_22929	1
22930	1	RAB3GAP1	9	1	8	GC_22930	1
22931	1	RAB18	1	0	1	GC_22931	1
22933	1	SIRT2	3	0	3	GC_22933	1
22934	1	RPIA	1	0	1	GC_22934	2
22936	1	ELL2	1	0	1	GC_22936	1
22941	1	SHANK2	9	0	9	GC_22941	1
22948	1	CCT5	3	0	3	GC_22948	1
22953	1	P2RX2	12	1	11	GC_22953	1
22954	1	TRIM32	2	2	0	GC_22954	2
22977	1	AKR7A3	1	0	1	GC_22977	1
22978	1	NT5C2	1	0	1	GC_22978	1
22982	1	DIP2C	2	0	2	GC_22982	1
22983	1	MAST1	9	2	7	GC_22983	2
22986	1	SORCS3	3	0	3	GC_22986	1
22989	1	MYH15	4	0	4	GC_22989	2
22990	1	PCNX1	2	0	2	GC_22990	1
22992	1	KDM2A	2	2	0	GC_22992	1
22995	1	CEP152	13	1	12	GC_22995	1
22997	1	IGSF9B	1	0	1	GC_22997	1
22999	1	RIMS1	6	0	6	GC_22999	1
23001	1	WDFY3	10	2	8	GC_23001	3
23002	1	DAAM1	1	0	1	GC_23002	1
23005	1	MAPKBP1	12	0	12	GC_23005	1
23013	1	SPEN	15	0	15	GC_23013	1
23015	1	GOLGA8A	1	0	1	GC_23015	1
23019	1	CNOT1	6	1	5	GC_23019	1
23020	1	SNRNP200	14	7	7	GC_23020	1
23022	1	PALLD	16	0	16	GC_23022	1
23023	1	TMCC1	1	0	1	GC_23023	1
23025	1	UNC13A	3	1	2	GC_23025	1
23026	1	MYO16	4	0	4	GC_23026	1
23028	1	KDM1A	3	1	2	GC_23028	1
23030	1	KDM4B	1	1	0	GC_23030	1
23031	1	MAST3	9	2	7	GC_23031	2
23033	1	DOP1A	3	0	3	GC_5238	2
23035	1	PHLPP2	2	0	2	GC_23035	1
23036	1	ZNF292	31	0	31	GC_23036	2
23037	1	PDZD2	5	0	5	GC_23037	1
23040	1	MYT1L	11	4	7	GC_23040	1
23042	1	PDXDC1	2	0	2	GC_23042	2
23043	1	TNIK	2	0	2	GC_23043	1
23048	1	FNBP1	1	0	1	GC_23048	1
23049	1	SMG1	2	0	2	GC_23049	2
23051	1	ZHX3	3	0	3	GC_23051	1
23054	1	NCOA6	3	0	3	GC_23054	1
23059	1	CLUAP1	6	0	6	GC_23059	1
23064	1	SETX	46	7	39	GC_23064	2
23065	1	EMC1	14	2	12	GC_23065	2
23066	1	CAND2	3	0	3	GC_23066	1
23067	1	SETD1B	18	6	12	GC_23067	1
23076	1	RRP1B	1	0	1	GC_23076	1
23077	1	MYCBP2	4	0	4	GC_23077	1
23078	1	VWA8	3	0	3	GC_23078	1
23086	1	EXPH5	26	0	26	GC_23086	1
23090	1	ZNF423	5	0	5	GC_23090	1
23093	1	TTLL5	10	1	9	GC_23093	1
23094	1	SIPA1L3	19	0	19	GC_23094	1
23095	1	KIF1B	19	0	19	GC_23095	2
23096	1	IQSEC2	23	4	19	GC_23096	1
23097	1	CDK19	2	2	0	GC_262	2
23098	1	SARM1	1	0	1	GC_23098	2
23102	1	TBC1D2B	1	0	1	GC_23102	1
23107	1	MRPS27	1	0	1	GC_23107	1
23108	1	RAP1GAP2	1	0	1	GC_23108	1
23109	1	DDN	2	0	2	GC_23109	1
23111	1	SPART	2	0	2	GC_23111	1
23112	1	TNRC6B	4	0	4	GC_23112	1
23113	1	CUL9	1	0	1	GC_23113	1
23114	1	NFASC	5	0	5	GC_23114	1
23118	1	TAB2	2	0	2	GC_23118	2
23125	1	CAMTA2	1	0	1	GC_23125	1
23126	1	POGZ	19	1	18	GC_23126	1
23129	1	PLXND1	10	0	10	GC_23129	1
23130	1	ATG2A	3	0	3	GC_23130	1
23131	1	GPATCH8	3	0	3	GC_23131	1
23133	1	PHF8	4	0	4	GC_23133	1
23135	1	KDM6B	26	0	26	GC_23135	1
23136	1	EPB41L3	6	0	6	GC_23136	1
23137	1	SMC5	1	0	1	GC_23137	1
23139	1	MAST2	1	0	1	GC_23139	1
23140	1	ZZEF1	1	0	1	GC_23140	1
23141	1	ANKLE2	11	0	11	GC_23141	1
23143	1	LRCH1	1	0	1	GC_23143	1
23144	1	ZC3H3	2	0	2	GC_23144	1
23149	1	FCHO1	8	0	8	GC_23149	1
23151	1	GRAMD4	1	0	1	GC_23151	1
23152	1	CIC	30	1	29	GC_23152	1
23155	1	CLCC1	9	1	8	GC_23155	2
23162	1	MAPK8IP3	12	4	8	GC_23162	1
23163	1	GGA3	2	0	2	GC_23163	2
23165	1	NUP205	9	0	9	GC_23165	1
23166	1	STAB1	5	0	5	GC_23166	1
23169	1	SLC35D1	1	0	1	GC_23169	1
23171	1	GPD1L	1	0	1	GC_23171	1
23174	1	ZCCHC14	2	0	2	GC_23174	1
23175	1	LPIN1	5	0	5	GC_23175	1
23177	1	CEP68	3	0	3	GC_23177	1
23178	1	PASK	8	0	8	GC_23178	3
23179	1	RGL1	3	0	3	GC_23179	2
23181	1	DIP2A	1	0	1	GC_23181	1
23184	1	MESD	1	0	1	GC_23184	2
23189	1	KANK1	33	0	33	GC_23189	2
23191	1	CYFIP1	4	0	4	GC_23191	1
23193	1	GANAB	13	1	12	GC_23193	1
23196	1	FAM120A	1	0	1	GC_23196	2
23203	1	PMPCA	2	0	2	GC_23203	1
23205	1	ACSBG1	2	0	2	GC_3419	2
23207	1	PLEKHM2	6	0	6	GC_23207	1
23209	1	MLC1	27	20	7	GC_23209	2
23212	1	RRS1	2	0	2	GC_23212	1
23213	1	SULF1	7	0	7	GC_23213	1
23216	1	TBC1D1	2	0	2	GC_23216	2
23218	1	NBEAL2	12	1	11	GC_23218	1
23219	1	FBXO28	1	1	0	GC_23219	1
23220	1	DTX4	1	0	1	GC_23220	1
23221	1	RHOBTB2	37	7	30	GC_23221	1
23223	1	RRP12	1	0	1	GC_23223	1
23224	1	SYNE2	110	0	110	GC_23224	1
23225	1	NUP210	2	0	2	GC_23225	1
23228	1	PLCL2	1	0	1	GC_23228	1
23229	1	ARHGEF9	12	5	7	GC_23229	1
23230	1	VPS13A	16	0	16	GC_23230	1
23231	1	SEL1L3	3	0	3	GC_23231	1
23233	1	EXOC6B	2	0	2	GC_23233	1
23236	1	PLCB1	4	0	4	GC_23236	1
23239	1	PHLPP1	1	0	1	GC_23239	1
23240	1	TMEM131L	1	0	1	GC_23240	1
23241	1	PACS2	29	1	28	GC_2972	2
23242	1	COBL	4	0	4	GC_23242	1
23243	1	ANKRD28	1	0	1	GC_686	2
23245	1	ASTN2	9	2	7	GC_22954	2
23247	1	KATNIP	30	0	30	GC_23247	3
23250	1	ATP11A	4	0	4	GC_23250	2
23255	1	MTCL1	5	0	5	GC_23255	1
23258	1	DENND5A	5	0	5	GC_23258	2
23259	1	DDHD2	6	1	5	GC_23259	1
23261	1	CAMTA1	26	1	25	GC_23261	2
23263	1	MCF2L	6	0	6	GC_23263	1
23266	1	ADGRL2	1	0	1	GC_23266	1
23268	1	DNMBP	2	0	2	GC_23268	2
23269	1	MGA	8	0	8	GC_23269	1
23271	1	CAMSAP2	1	0	1	GC_23271	1
23272	1	TASOR	1	0	1	GC_23272	1
23274	1	CLEC16A	4	0	4	GC_23274	1
23275	1	POFUT2	1	0	1	GC_23275	1
23277	1	CLUH	1	0	1	GC_23277	1
23279	1	NUP160	5	0	5	GC_23279	2
23288	1	IQCE	1	0	1	GC_23288	1
23291	1	FBXW11	4	4	0	GC_23291	1
23293	1	SMG6	3	0	3	GC_23293	1
23299	1	BICD2	44	8	36	GC_23299	1
23303	1	KIF13B	2	0	2	GC_23303	1
23306	1	NEMP1	2	0	2	GC_23306	1
23308	1	ICOSLG	4	0	4	GC_23308	1
23309	1	SIN3B	1	0	1	GC_23309	1
23310	1	NCAPD3	11	0	11	GC_23310	1
23312	1	DMXL2	23	0	23	GC_23312	1
23314	1	SATB2	26	16	10	GC_23314	2
23316	1	CUX2	21	1	20	GC_23316	1
23317	1	DNAJC13	11	0	11	GC_23317	1
23318	1	TUT4	2	0	2	GC_23318	1
23321	1	TRIM2	1	0	1	GC_23321	1
23322	1	RPGRIP1L	16	4	12	GC_23322	1
23324	1	MAN2B2	5	0	5	GC_23324	1
23325	1	WASHC4	3	0	3	GC_23325	1
23327	1	NEDD4L	20	3	17	GC_23327	2
23328	1	SASH1	4	0	4	GC_23328	1
23329	1	TBC1D30	1	0	1	GC_23329	1
23331	1	TTC28	2	0	2	GC_23331	2
23332	1	CLASP1	1	0	1	GC_23332	1
23334	1	SZT2	23	1	22	GC_23334	3
23336	1	SYNM	10	0	10	GC_23336	1
23345	1	SYNE1	91	0	91	GC_2099	3
23347	1	SMCHD1	6	0	6	GC_23347	1
23348	1	DOCK9	1	0	1	GC_23348	2
23352	1	UBR4	5	0	5	GC_23352	1
23353	1	SUN1	14	0	14	GC_23353	1
23355	1	VPS8	2	0	2	GC_23355	1
23358	1	USP24	1	0	1	GC_23358	1
23359	1	ENTREP2	5	1	4	GC_23359	2
23360	1	FNBP4	6	0	6	GC_23360	1
23361	1	ZNF629	1	0	1	GC_23361	1
23362	1	PSD3	6	0	6	GC_23362	1
23363	1	OBSL1	25	0	25	GC_23363	1
23365	1	ARHGEF12	1	0	1	GC_23365	1
23368	1	PPP1R13B	3	0	3	GC_23368	1
23370	1	ARHGEF18	11	0	11	GC_23370	1
23371	1	TNS2	5	0	5	GC_23371	1
23378	1	RRP8	2	0	2	GC_23378	2
23379	1	ICE1	6	0	6	GC_23379	1
23381	1	SMG5	2	0	2	GC_23381	2
23384	1	SPECC1L	24	1	23	GC_135	4
23385	1	NCSTN	2	0	2	GC_23385	1
23387	1	SIK3	3	0	3	GC_23387	1
23389	1	MED13L	80	9	71	GC_23389	1
23394	1	ADNP	35	0	35	GC_23394	1
23395	1	LARS2	16	10	6	GC_23395	2
23396	1	PIP5K1C	6	1	5	GC_23396	1
23397	1	NCAPH	3	0	3	GC_23397	1
23400	1	ATP13A2	17	1	16	GC_23400	1
23401	1	FRAT2	1	0	1	GC_23401	1
23404	1	EXOSC2	2	0	2	GC_23404	1
23405	1	DICER1	98	19	79	GC_23405	1
23409	1	SIRT4	1	0	1	GC_23409	1
23410	1	SIRT3	2	0	2	GC_23410	1
23411	1	SIRT1	3	0	3	GC_23411	2
23414	1	ZFPM2	17	0	17	GC_23414	3
23417	1	MLYCD	8	2	6	GC_23417	3
23418	1	CRB1	82	74	8	GC_23418	1
23424	1	TDRD7	4	0	4	GC_23424	1
23426	1	GRIP1	5	0	5	GC_23426	1
23428	1	SLC7A8	1	0	1	GC_23428	1
23430	1	TPSD1	1	0	1	GC_23430	1
23431	1	AP4E1	6	0	6	GC_23431	1
23432	1	GPR161	1	0	1	GC_23432	1
23435	1	TARDBP	13	10	3	GC_10747	2
23436	1	CELA3B	1	0	1	GC_23436	1
23438	1	HARS2	3	0	3	GC_23438	1
23443	1	SLC35A3	4	1	3	GC_23443	1
23451	1	SF3B1	1	1	0	GC_23451	1
23456	1	ABCB10	1	0	1	GC_23456	1
23461	1	ABCA5	7	0	7	GC_23461	1
23469	1	PHF3	7	6	1	GC_23469	2
23471	1	TRAM1	1	0	1	GC_23471	1
23474	1	ETHE1	13	11	2	GC_23474	2
23476	1	BRD4	10	1	9	GC_23476	1
23479	1	ISCU	4	0	4	GC_23479	2
23483	1	TGDS	2	1	1	GC_23483	2
23484	1	LEPROTL1	1	0	1	GC_23484	2
23493	1	HEY2	1	0	1	GC_23493	1
23495	1	TNFRSF13B	6	2	4	GC_23495	1
23498	1	HAAO	2	0	2	GC_23498	1
23499	1	MACF1	85	1	84	GC_23499	3
23503	1	ZFYVE26	27	8	19	GC_384	7
23505	1	TMEM131	1	0	1	GC_23505	1
23507	1	LRRC8B	2	0	2	GC_23507	1
23509	1	POFUT1	4	0	4	GC_23509	1
23511	1	NUP188	8	0	8	GC_22845	2
23512	1	SUZ12	2	0	2	GC_23512	1
23513	1	SCRIB	1	0	1	GC_23513	1
23514	1	SPIDR	2	0	2	GC_23514	1
23516	1	SLC39A14	2	0	2	GC_23516	1
23522	1	KAT6B	58	0	58	GC_23522	1
23523	1	CABIN1	13	0	13	GC_23523	1
23524	1	SRRM2	23	0	23	GC_23524	1
23526	1	ARHGAP45	5	0	5	GC_23526	1
23529	1	CLCF1	2	0	2	GC_23529	2
23530	1	NNT	7	0	7	GC_23530	1
23532	1	PRAME	2	0	2	GC_3535	2
23533	1	PIK3R5	1	0	1	GC_23533	1
23534	1	TNPO3	1	0	1	GC_23534	1
23541	1	SEC14L2	1	0	1	GC_23541	1
23543	1	RBFOX2	2	0	2	GC_23543	1
23544	1	SEZ6L	1	0	1	GC_23544	1
23545	1	ATP6V0A2	7	1	6	GC_23545	1
23549	1	DNPEP	1	0	1	GC_23549	1
23552	1	CDK20	1	0	1	GC_23552	1
23554	1	TSPAN12	4	3	1	GC_23554	1
23556	1	PIGN	18	8	10	GC_23556	1
23557	1	SNAPIN	1	1	0	GC_23557	1
23562	1	CLDN14	2	1	1	GC_23562	2
23563	1	CHST5	3	0	3	GC_23563	1
23566	1	LPAR3	1	0	1	GC_23566	1
23568	1	ARL2BP	2	0	2	GC_23568	1
23569	1	PADI4	3	0	3	GC_23569	1
23581	1	CASP14	1	0	1	GC_23581	1
23583	1	SMUG1	1	0	1	GC_23583	1
23586	1	RIGI	9	0	9	GC_23586	2
23587	1	ELP5	1	0	1	GC_23587	1
23590	1	PDSS1	3	0	3	GC_23590	1
23592	1	LEMD3	3	0	3	GC_23592	1
23597	1	ACOT9	2	0	2	GC_23597	1
23600	1	AMACR	14	1	13	GC_23600	2
23604	1	DAPK2	2	0	2	GC_23604	1
23607	1	CD2AP	7	0	7	GC_23607	1
23613	1	ZMYND8	2	0	2	GC_23613	1
23619	1	ZIM2	10	0	10	GC_5178	2
23620	1	NTSR2	1	0	1	GC_23620	1
23626	1	SPO11	1	0	1	GC_23626	1
23627	1	PRND	1	0	1	GC_23627	1
23630	1	KCNE5	1	0	1	GC_23630	1
23636	1	NUP62	4	0	4	GC_23636	2
23639	1	DNAAF11	8	2	6	GC_23639	1
23646	1	PLD3	7	0	7	GC_23646	1
23654	1	PLXNB2	1	0	1	GC_23654	2
23671	1	TMEFF2	1	0	1	GC_23671	2
23676	1	SMPX	1	1	0	GC_23676	1
23677	1	SH3BP4	1	0	1	GC_23677	1
23705	1	CADM1	1	0	1	GC_23705	2
23708	1	GSPT2	1	0	1	GC_23708	1
23729	1	SHPK	4	0	4	GC_23729	1
23732	1	FRRS1L	2	0	2	GC_23732	1
23742	1	NPAP1	9	0	9	GC_23742	1
23743	1	BHMT2	1	0	1	GC_23743	1
23746	1	AIPL1	26	15	11	GC_23746	1
23761	1	PISD	3	1	2	GC_23761	1
23762	1	OSBP2	2	0	2	GC_23762	2
23765	1	IL17RA	10	0	10	GC_23765	2
23767	1	FLRT3	4	0	4	GC_23767	2
23768	1	FLRT2	1	0	1	GC_23768	1
23769	1	FLRT1	2	0	2	GC_23769	2
23774	1	BRD1	3	0	3	GC_23774	1
23779	1	ARHGAP8	1	0	1	GC_23779	2
23780	1	APOL2	1	0	1	GC_23780	1
23786	1	BCL2L13	1	0	1	GC_23786	1
24137	1	KIF4A	1	0	1	GC_24137	1
24138	1	IFIT5	1	0	1	GC_24138	1
24140	1	FTSJ1	5	1	4	GC_24140	1
24144	1	TFIP11	1	0	1	GC_24144	1
24145	1	PANX1	5	0	5	GC_24145	2
24148	1	PRPF6	2	0	2	GC_24148	1
25758	1	KIAA1549L	1	0	1	GC_25758	1
25764	1	HYPK	1	0	1	GC_25764	2
25769	1	SLC24A2	1	0	1	GC_25769	1
25771	1	TBC1D22A	2	0	2	GC_25771	1
25777	1	SUN2	12	0	12	GC_9567	2
25778	1	DSTYK	4	0	4	GC_25778	1
25782	1	RAB3GAP2	6	1	5	GC_25782	1
25788	1	RAD54B	2	0	2	GC_25788	1
25790	1	CFAP45	1	0	1	GC_25790	1
25792	1	CIZ1	11	3	8	GC_1759	4
25793	1	FBXO7	8	1	7	GC_25793	1
25794	1	FSCN2	9	0	9	GC_25794	1
25802	1	LMOD1	2	0	2	GC_25802	1
25805	1	BAMBI	1	0	1	GC_25805	1
25806	1	VAX2	1	0	1	GC_25806	1
25813	1	SAMM50	1	0	1	GC_25813	1
25821	1	MTO1	8	3	5	GC_25821	1
25823	1	TPSG1	1	0	1	GC_25823	1
25825	1	BACE2	1	0	1	GC_25825	1
25831	1	HECTD1	3	0	3	GC_25831	1
25836	1	NIPBL	37	17	20	GC_25836	1
25839	1	COG4	6	2	4	GC_25839	1
25844	1	YIPF3	1	0	1	GC_9533	5
25849	1	PARM1	1	0	1	GC_25849	1
25850	1	ZNF345	1	0	1	GC_25850	2
25851	1	TECPR1	1	0	1	GC_25851	1
25854	1	FAM149A	2	0	2	GC_25854	1
25861	1	WHRN	12	0	12	GC_25861	1
25865	1	PRKD2	1	0	1	GC_25865	1
25871	1	RMP64	2	0	2	GC_25871	1
25878	1	MXRA5	12	0	12	GC_25878	1
25880	1	TMEM186	1	0	1	GC_5373	2
25885	1	POLR1A	16	0	16	GC_25885	2
25886	1	POC1A	5	2	3	GC_25886	1
25894	1	PLEKHG4	1	0	1	GC_25894	1
25906	1	ANAPC15	1	0	1	GC_25906	3
25911	1	DPCD	1	0	1	GC_25911	1
25913	1	POT1	9	5	4	GC_25913	1
25914	1	RTTN	22	1	21	GC_25914	1
25923	1	ATL3	5	0	5	GC_25923	2
25924	1	MYRIP	1	0	1	GC_25924	2
25926	1	NOL11	1	0	1	GC_25926	1
25929	1	GEMIN5	6	2	4	GC_25929	1
25930	1	PTPN23	16	0	16	GC_25930	1
25939	1	SAMHD1	8	7	1	GC_25939	1
25942	1	SIN3A	6	0	6	GC_25942	1
25953	1	PNKD	10	2	8	GC_25953	4
25959	1	KANK2	17	0	17	GC_25959	1
25960	1	ADGRA2	2	0	2	GC_25960	1
25970	1	SH2B1	4	0	4	GC_25970	1
25973	1	PARS2	4	0	4	GC_25973	1
25974	1	MMACHC	28	25	3	GC_25974	2
25975	1	EGFL6	5	0	5	GC_25975	1
25978	1	CHMP2B	2	0	2	GC_25978	1
25980	1	AAR2	1	0	1	GC_25980	1
25981	1	DNAH1	51	1	50	GC_25981	1
25989	1	ULK3	1	0	1	GC_25989	1
25992	1	SNED1	2	0	2	GC_25992	2
26001	1	RNF167	1	0	1	GC_26001	1
26003	1	GORASP2	1	0	1	GC_26003	1
26005	1	C2CD3	34	0	34	GC_26005	2
26007	1	TKFC	2	1	1	GC_26007	1
26011	1	TENM4	9	0	9	GC_26011	1
26013	1	L3MBTL1	1	0	1	GC_26013	1
26015	1	RPAP1	1	0	1	GC_26015	1
26018	1	LRIG1	8	0	8	GC_26018	1
26019	1	UPF2	1	0	1	GC_26019	1
26020	1	LRP10	3	0	3	GC_26020	1
26022	1	TMEM98	1	0	1	GC_26022	1
26024	1	PTCD1	2	0	2	GC_26024	2
26027	1	ACOT11	4	0	4	GC_26027	2
26030	1	PLEKHG3	5	0	5	GC_26030	1
26033	1	ATRNL1	2	0	2	GC_26033	1
26035	1	GLCE	1	0	1	GC_26035	1
26037	1	SIPA1L1	2	0	2	GC_26037	1
26038	1	CHD5	6	3	3	GC_26038	1
26040	1	SETBP1	83	8	75	GC_26040	1
26046	1	LTN1	2	0	2	GC_26046	1
26047	1	CNTNAP2	5	0	5	GC_26047	1
26053	1	AUTS2	41	1	40	GC_26053	1
26056	1	RAB11FIP5	2	0	2	GC_26056	1
26057	1	ANKRD17	1	0	1	GC_26057	1
26058	1	GIGYF2	5	2	3	GC_3769	2
26060	1	APPL1	6	0	6	GC_26060	3
26061	1	HACL1	1	0	1	GC_26061	1
26064	1	RAI14	1	0	1	GC_26064	1
26073	1	POLDIP2	1	0	1	GC_26073	2
26074	1	CFAP61	1	1	0	GC_26074	1
26090	1	ABHD12	2	0	2	GC_26090	1
26092	1	TOR1AIP1	5	0	5	GC_26092	2
26094	1	DCAF4	2	0	2	GC_26094	1
26115	1	TANC2	12	0	12	GC_26115	2
26119	1	LDLRAP1	4	2	2	GC_26119	2
26121	1	PRPF31	2	2	0	GC_26121	1
26123	1	TCTN3	8	3	5	GC_26123	2
26128	1	KIFBP	4	0	4	GC_26128	2
26130	1	GAPVD1	2	0	2	GC_26130	1
26137	1	ZBTB20	24	13	11	GC_26137	2
26146	2	IFT54|TRAF3IP1	10	0	10	GC_26146	1
26149	1	ZNF658	1	0	1	GC_26149	1
26154	1	ABCA12	41	13	28	GC_26154	2
26160	1	IFT172	19	4	15	GC_26160	4
26173	1	INTS1	5	0	5	GC_26173	1
26189	1	OR1A2	2	0	2	GC_26189	1
26191	1	PTPN22	4	0	4	GC_10717	4
26206	1	SPAG8	7	3	4	GC_4882	2
26227	1	PHGDH	10	7	3	GC_26227	1
26229	1	B3GAT3	5	3	2	GC_26229	1
26230	1	TIAM2	2	0	2	GC_26230	1
26235	1	FBXL4	12	11	1	GC_26235	1
26249	1	KLHL3	5	5	0	GC_26249	1
26254	1	OPTC	2	0	2	GC_26254	1
26258	1	BLOC1S6	2	0	2	GC_26258	1
26259	1	FBXW8	2	0	2	GC_26259	1
26267	1	FBXO10	1	0	1	GC_26267	1
26269	1	FBXO8	1	0	1	GC_26269	1
26270	1	FBXO6	2	0	2	GC_26270	1
26273	1	FBXO3	1	0	1	GC_26273	1
26275	1	HIBCH	8	4	4	GC_26275	1
26276	1	VPS33B	3	0	3	GC_26276	1
26277	1	TINF2	9	4	5	GC_26277	2
26278	1	SACS	38	20	18	GC_26278	1
26280	1	IL1RAPL2	1	0	1	GC_26280	1
26281	1	FGF20	2	0	2	GC_26281	1
26287	1	ANKRD2	2	0	2	GC_26287	1
26290	1	GALNT8	3	0	3	GC_26290	1
26301	1	GBGT1	1	0	1	GC_26301	1
26330	1	GAPDHS	1	0	1	GC_10430	3
26353	1	HSPB8	6	1	5	GC_26353	1
26470	1	SEZ6L2	2	0	2	GC_26470	1
26503	1	SLC17A5	15	10	5	GC_26503	2
26504	1	CNNM4	1	0	1	GC_26504	1
26507	1	CNNM1	1	0	1	GC_26507	1
26509	1	MYOF	5	0	5	GC_26509	1
26512	1	INTS6	1	0	1	GC_26512	1
26517	1	TIMM13	1	0	1	GC_26517	2
26523	1	AGO1	3	3	0	GC_26523	1
26524	1	LATS2	3	0	3	GC_26524	1
26525	1	IL36RN	2	1	1	GC_26525	1
26539	1	OR10H1	5	0	5	GC_26539	1
26576	1	SRPK3	1	0	1	GC_26576	1
26580	1	BSCL2	10	4	6	GC_2785	3
26586	1	CKAP2	1	0	1	GC_26586	1
26608	1	TBL2	1	0	1	GC_26608	1
26610	1	ELP4	6	1	5	GC_5080	2
26740	1	OR1J2	1	0	1	GC_26740	3
26747	1	NUFIP1	2	0	2	GC_26747	1
26750	1	RPS6KC1	9	0	9	GC_26750	1
26873	1	OPLAH	14	0	14	GC_26873	1
26960	1	NBEA	23	1	22	GC_26960	1
26998	1	FETUB	2	0	2	GC_26998	2
26999	1	CYFIP2	16	4	12	GC_26999	3
27010	1	TPK1	3	2	1	GC_27010	1
27019	1	DNAI1	17	5	12	GC_27019	1
27030	1	MLH3	21	0	21	GC_9870	2
27031	1	NPHP3	11	5	6	GC_27031	4
27032	1	ATP2C1	4	1	3	GC_27032	1
27034	1	ACAD8	6	4	2	GC_27034	1
27035	1	NOX1	4	0	4	GC_27035	1
27036	1	SIGLEC7	1	0	1	GC_27036	1
27040	1	LAT	2	0	2	GC_27040	1
27063	1	ANKRD1	3	0	3	GC_27063	1
27068	1	PPA2	11	4	7	GC_27068	1
27076	1	LYPD3	1	0	1	GC_27076	1
27077	1	B9D1	5	2	3	GC_27077	1
27085	1	MTBP	4	0	4	GC_27085	1
27086	1	FOXP1	29	12	17	GC_27086	2
27094	1	KCNMB3	3	0	3	GC_27094	1
27107	1	ZBTB11	1	0	1	GC_27107	1
27109	1	DMAC2L	4	1	3	GC_27109	2
27115	1	PDE7B	1	0	1	GC_27115	1
27120	1	DKKL1	3	0	3	GC_27120	2
27122	1	DKK3	1	0	1	GC_27122	1
27125	1	AFF4	15	4	11	GC_27125	1
27127	1	SMC1B	2	0	2	GC_27127	1
27128	1	CYTH4	2	0	2	GC_27128	1
27129	1	HSPB7	2	0	2	GC_27129	1
27130	1	INVS	7	0	7	GC_27130	1
27133	1	KCNH5	5	3	2	GC_27133	1
27136	1	MORC1	1	0	1	GC_27136	1
27141	1	CIDEB	1	0	1	GC_27141	3
27143	1	PALD1	1	0	1	GC_27143	1
27145	1	FILIP1	1	0	1	GC_27145	1
27148	1	STK36	18	0	18	GC_27148	1
27151	1	CPAMD8	27	0	27	GC_27151	1
27152	1	INTU	4	0	4	GC_27152	1
27159	1	CHIA	4	0	4	GC_27159	1
27161	1	AGO2	5	5	0	GC_27161	2
27175	1	TUBG2	1	0	1	GC_27175	1
27178	1	IL37	2	0	2	GC_27178	1
27180	1	SIGLEC9	1	0	1	GC_27180	1
27181	1	SIGLEC8	1	0	1	GC_27181	1
27183	1	VPS4A	2	2	0	GC_27183	2
27185	1	DISC1	5	0	5	GC_7257	4
27189	1	IL17C	1	0	1	GC_27189	1
27197	1	GPR82	1	0	1	GC_2857	3
27202	1	C5AR2	2	0	2	GC_27202	1
27229	1	TUBGCP4	4	0	4	GC_7158	2
27232	1	GNMT	1	0	1	GC_27232	2
27235	1	COQ2	9	3	6	GC_27235	2
27237	1	ARHGEF16	1	0	1	GC_27237	1
27238	1	GPKOW	1	0	1	GC_27238	1
27241	1	BBS9	11	0	11	GC_27241	1
27242	1	TNFRSF21	1	0	1	GC_27242	1
27245	1	AHDC1	64	0	64	GC_27245	1
27247	1	NFU1	6	3	3	GC_27247	1
27249	1	MMADHC	8	2	6	GC_27249	1
27252	1	KLHL20	1	1	0	GC_27252	1
27255	1	CNTN6	4	0	4	GC_27255	1
27284	1	SULT1B1	1	0	1	GC_27284	1
27285	1	TEKT2	1	0	1	GC_27285	1
27286	1	SRPX2	3	0	3	GC_27286	1
27288	1	RBMXL2	2	0	2	GC_27288	2
27293	1	SMPDL3B	1	0	1	GC_27293	1
27295	1	PDLIM3	3	0	3	GC_27295	2
27299	1	ADAMDEC1	5	0	5	GC_10863	3
27301	1	APEX2	1	0	1	GC_27301	1
27302	1	BMP10	2	0	2	GC_27302	1
27304	1	MOCS3	3	0	3	GC_27304	1
27306	1	HPGDS	3	0	3	GC_27306	1
27315	1	PGAP2	5	3	2	GC_27315	1
27324	1	TOX3	1	0	1	GC_27324	1
27327	1	TNRC6A	5	0	5	GC_27327	1
27328	1	PCDH11X	2	0	2	GC_27328	1
27329	1	ANGPTL3	3	0	3	GC_27329	2
27330	1	RPS6KA6	2	0	2	GC_27330	1
27333	1	GOLIM4	1	0	1	GC_27333	1
27338	1	UBE2S	1	0	1	GC_6158	2
27340	1	UTP20	5	0	5	GC_27340	1
27343	1	POLL	2	0	2	GC_27343	1
27349	1	MCAT	1	0	1	GC_27349	1
27350	1	APOBEC3C	1	0	1	GC_27350	1
27352	1	SGSM3	2	0	2	GC_27352	1
27429	1	HTRA2	5	0	5	GC_550	4
27433	1	TOR2A	1	0	1	GC_27433	1
27436	1	EML4	1	0	1	GC_27436	1
27440	1	HDHD5	2	0	2	GC_27440	1
27443	1	CECR2	4	0	4	GC_27443	1
27445	1	PCLO	53	0	53	GC_27445	2
28234	1	SLCO1B3	8	0	8	GC_28234	3
28512	1	NKIRAS1	1	0	1	GC_6138	2
28513	1	CDH19	1	0	1	GC_28513	1
28514	1	DLL1	10	0	10	GC_28514	2
28952	1	CCDC22	8	0	8	GC_28952	1
28960	1	DCPS	3	0	3	GC_28960	2
28962	1	OSTM1	2	0	2	GC_28962	1
28976	1	ACAD9	21	16	5	GC_28976	2
28981	1	IFT81	3	1	2	GC_28981	1
28982	1	FLVCR1	10	6	4	GC_28982	2
28983	1	TMPRSS11E	1	0	1	GC_28983	1
28988	1	DBNL	1	0	1	GC_5224	3
28992	1	MACROD1	2	0	2	GC_23769	2
29063	1	ZCCHC4	4	0	4	GC_29063	1
29071	1	C1GALT1C1	3	0	3	GC_29071	1
29072	1	SETD2	51	2	49	GC_29072	1
29078	1	NDUFAF4	1	0	1	GC_29078	2
29079	1	MED4	1	0	1	GC_29079	2
29085	1	PHPT1	2	0	2	GC_29085	2
29095	1	ORMDL2	1	0	1	GC_29095	1
29102	1	DROSHA	3	0	3	GC_29102	1
29110	1	TBK1	9	1	8	GC_29110	1
29116	1	MYLIP	2	0	2	GC_29116	1
29118	1	DDX25	1	1	0	GC_29118	3
29119	1	CTNNA3	10	0	10	GC_29119	1
29122	1	PRSS50	2	0	2	GC_29122	1
29123	1	ANKRD11	131	8	123	GC_2588	5
29124	1	LGALS13	1	0	1	GC_29124	1
29760	1	BLNK	2	0	2	GC_29760	1
29775	1	CARD10	2	0	2	GC_29775	1
29780	1	PARVB	1	0	1	GC_29780	1
29781	1	NCAPH2	7	3	4	GC_1890	5
29843	1	SENP1	1	0	1	GC_29843	1
29850	1	TRPM5	2	0	2	GC_29850	1
29851	1	ICOS	1	0	1	GC_29851	1
29855	1	UBN1	1	0	1	GC_29855	1
29881	1	NPC1L1	2	0	2	GC_29881	1
29886	1	SNX8	1	0	1	GC_29886	1
29887	1	SNX10	1	1	0	GC_29887	1
29893	1	PSMC3IP	2	0	2	GC_29893	1
29899	1	GPSM2	5	0	5	GC_23155	2
29906	1	ST8SIA5	1	0	1	GC_29906	1
29911	1	HOOK2	2	0	2	GC_29911	1
29914	1	UBIAD1	3	0	3	GC_29914	1
29920	1	PYCR2	3	2	1	GC_29920	1
29925	1	GMPPB	13	10	3	GC_29925	2
29926	1	GMPPA	2	0	2	GC_10290	4
29927	1	SEC61A1	1	1	0	GC_29927	1
29929	1	ALG6	8	3	5	GC_29929	1
29933	1	GPR132	1	0	1	GC_29933	1
29940	1	DSE	13	0	13	GC_7259	2
29943	1	PADI1	2	0	2	GC_29943	1
29948	1	OSGIN1	1	0	1	GC_29948	1
29954	1	POMT2	12	8	4	GC_29954	1
29957	1	SLC25A24	3	2	1	GC_29957	1
29958	1	DMGDH	7	1	6	GC_29958	1
29959	1	NRBP1	1	0	1	GC_29959	1
29968	1	PSAT1	2	1	1	GC_29968	1
29969	1	MDFIC	2	0	2	GC_29969	1
29974	1	A1CF	1	0	1	GC_29974	1
29978	1	UBQLN2	1	1	0	GC_29978	1
29979	1	UBQLN1	1	0	1	GC_29979	1
29980	1	DONSON	6	1	5	GC_29980	1
29985	1	SLC39A3	1	0	1	GC_29985	1
29986	1	SLC39A2	1	0	1	GC_29986	2
29992	1	PILRA	1	0	1	GC_29992	2
29994	1	BAZ2B	10	1	9	GC_29994	2
29998	1	BICRA	4	0	4	GC_29998	1
30000	1	TNPO2	1	0	1	GC_30000	2
30008	1	EFEMP2	7	4	3	GC_30008	1
30011	1	SH3KBP1	3	0	3	GC_30011	1
30061	1	SLC40A1	15	10	5	GC_30061	1
30062	1	RAX	2	0	2	GC_30062	1
30812	1	SOX8	2	0	2	GC_30812	1
30813	1	VSX1	6	0	6	GC_30813	1
30817	1	ADGRE2	8	0	8	GC_30817	1
30848	1	CTAG2	3	0	3	GC_30848	1
30849	1	PIK3R4	2	0	2	GC_30849	1
43849	1	KLK12	1	0	1	GC_43849	1
49855	1	SCAPER	10	0	10	GC_49855	2
50484	1	RRM2B	7	5	2	GC_50484	2
50485	1	SMARCAL1	17	10	7	GC_50485	1
50488	1	MINK1	1	0	1	GC_50488	1
50489	1	CD207	1	0	1	GC_50489	1
50506	1	DUOX2	22	8	14	GC_50506	3
50507	1	NOX4	2	0	2	GC_50507	1
50509	1	COL5A3	2	0	2	GC_50509	1
50615	1	IL21R	1	0	1	GC_50615	3
50616	1	IL22	1	0	1	GC_50616	1
50617	1	ATP6V0A4	15	6	9	GC_50617	3
50618	1	ITSN2	5	0	5	GC_50618	1
50619	1	DEF6	4	0	4	GC_50619	1
50628	1	GEMIN4	20	1	19	GC_50628	1
50636	1	ANO7	10	0	10	GC_3069	2
50640	1	PNPLA8	4	0	4	GC_50640	1
50649	1	ARHGEF4	1	0	1	GC_50649	1
50651	1	SLC45A1	1	0	1	GC_50651	1
50674	1	NEUROG3	4	2	2	GC_50674	1
50700	1	RDH8	2	0	2	GC_50700	1
50801	1	KCNK4	8	2	6	GC_50801	2
50805	1	IRX4	2	0	2	GC_50805	1
50814	1	NSDHL	14	0	14	GC_50814	1
50832	1	TAS2R4	2	0	2	GC_50832	1
50834	1	TAS2R1	1	0	1	GC_50834	1
50835	1	TAS2R9	2	0	2	GC_50835	1
50840	1	TAS2R14	1	0	1	GC_5554	6
50846	1	DHH	1	0	1	GC_50846	2
50853	1	VILL	1	0	1	GC_50853	1
50859	1	SPOCK3	2	0	2	GC_50859	1
50863	1	NTM	2	0	2	GC_50863	1
50937	1	CDON	27	0	27	GC_50937	1
50939	1	IMPG2	3	1	2	GC_50939	1
50940	1	PDE11A	5	0	5	GC_50940	1
50943	1	FOXP3	11	6	5	GC_50943	1
50944	1	SHANK1	5	0	5	GC_50944	1
50945	1	TBX22	1	0	1	GC_50945	1
50964	1	SOST	3	1	2	GC_50964	1
50999	1	TMED5	1	0	1	GC_50999	1
51004	1	COQ6	12	1	11	GC_957	3
51008	1	ASCC1	7	0	7	GC_51008	1
51010	1	EXOSC3	11	6	5	GC_51010	2
51021	1	MRPS16	3	0	3	GC_51021	2
51025	1	PAM16	2	0	2	GC_51025	3
51053	1	GMNN	4	0	4	GC_51053	1
51057	1	WDPCP	7	0	7	GC_51057	1
51059	1	FAM135B	2	0	2	GC_51059	1
51061	1	TXNDC11	1	0	1	GC_51061	1
51062	1	ATL1	18	17	1	GC_51062	1
51066	1	SSUH2	4	1	3	GC_859	3
51067	1	YARS2	6	3	3	GC_51067	1
51074	1	APIP	1	0	1	GC_8050	4
51075	1	TMX2	1	0	1	GC_1500	3
51079	1	NDUFA13	1	1	0	GC_51079	2
51081	1	MRPS7	4	0	4	GC_23163	2
51082	1	POLR1D	1	0	1	GC_51082	2
51083	1	GAL	2	0	2	GC_51083	1
51085	1	MLXIPL	9	0	9	GC_51085	1
51086	1	TNNI3K	14	1	13	GC_51086	3
51091	1	SEPSECS	8	4	4	GC_51091	1
51092	1	SIDT2	1	0	1	GC_51092	1
51095	1	TRNT1	8	4	4	GC_51095	2
51098	1	IFT52	1	0	1	GC_51098	1
51099	1	ABHD5	4	1	3	GC_51099	1
51102	1	MECR	5	2	3	GC_51102	1
51103	1	NDUFAF1	6	0	6	GC_51103	1
51109	1	RDH11	2	0	2	GC_384	7
51111	1	KMT5B	5	0	5	GC_51111	1
51112	1	TRAPPC12	8	1	7	GC_51112	2
51114	1	ZDHHC9	2	1	1	GC_51114	1
51116	1	MRPS2	5	1	4	GC_51116	2
51117	1	COQ4	12	4	8	GC_51117	2
51119	1	SBDS	4	3	1	GC_51119	1
51124	1	IER3IP1	1	1	0	GC_51124	1
51127	1	TRIM17	4	0	4	GC_51127	1
51128	1	SAR1B	2	2	0	GC_51128	1
51129	1	ANGPTL4	1	0	1	GC_51129	1
51132	1	RLIM	7	3	4	GC_51132	1
51134	1	CEP83	5	0	5	GC_10154	2
51135	1	IRAK4	6	0	6	GC_51135	1
51142	1	CHCHD2	2	0	2	GC_51142	2
51151	1	SLC45A2	19	16	3	GC_51151	1
51157	1	ZNF580	1	0	1	GC_51157	3
51162	1	EGFL7	1	0	1	GC_51162	1
51163	1	DBR1	1	0	1	GC_51163	1
51168	1	MYO15A	62	35	27	GC_51168	2
51172	1	NAGPA	2	0	2	GC_51172	3
51176	1	LEF1	1	0	1	GC_51176	1
51185	1	CRBN	1	1	0	GC_51095	2
51191	1	HERC5	2	0	2	GC_51191	3
51194	1	IPO11	1	0	1	GC_51194	1
51196	1	PLCE1	15	1	14	GC_51196	3
51199	1	NIN	16	0	16	GC_51199	3
51204	1	TACO1	2	0	2	GC_51204	1
51205	1	ACP6	1	0	1	GC_51205	1
51206	1	GP6	28	0	28	GC_51206	1
51209	1	RAB9B	20	19	1	GC_5354	2
51218	1	GLRX5	1	0	1	GC_51218	1
51227	1	PIGP	4	1	3	GC_51227	2
51232	1	CRIM1	2	0	2	GC_51232	1
51237	1	MZB1	1	0	1	GC_51237	2
51244	1	CCDC174	4	0	4	GC_51244	2
51251	1	NT5C3A	2	1	1	GC_51251	1
51256	1	TBC1D7	4	0	4	GC_51256	3
51259	1	TMEM216	3	2	1	GC_51259	1
51267	1	CLEC1A	2	0	2	GC_51267	1
51271	1	UBAP1	2	0	2	GC_51271	1
51276	1	ZNF571	1	0	1	GC_51276	3
51279	1	C1RL	1	1	0	GC_715	2
51281	1	ANKMY1	2	0	2	GC_51281	1
51283	1	BFAR	1	0	1	GC_51283	1
51284	1	TLR7	3	0	3	GC_51284	1
51293	1	CD320	4	0	4	GC_51293	1
51294	1	PCDH12	14	0	14	GC_9604	2
51297	1	BPIFA1	1	0	1	GC_51297	1
51300	1	TIMMDC1	5	1	4	GC_51300	1
51305	1	KCNK9	2	2	0	GC_51305	1
51308	1	REEP2	1	1	0	GC_51308	1
51311	1	TLR8	1	0	1	GC_51311	2
51314	1	NME8	10	0	10	GC_51314	1
51317	1	PHF21A	10	0	10	GC_51317	1
51322	1	WAC	10	0	10	GC_51322	1
51327	1	AHSP	1	0	1	GC_51327	1
51332	1	SPTBN5	21	0	21	GC_51332	2
51335	1	NGRN	2	0	2	GC_51335	1
51338	1	MS4A4A	1	0	1	GC_51338	1
51339	1	DACT1	6	0	6	GC_51339	2
51341	1	ZBTB7A	1	1	0	GC_51341	1
51343	1	FZR1	1	0	1	GC_51343	1
51360	1	MBTPS2	8	2	6	GC_51360	1
51363	1	CHST15	1	0	1	GC_51363	1
51364	1	ZMYND10	9	2	7	GC_51364	1
51365	1	PLA1A	1	0	1	GC_51365	1
51366	1	UBR5	1	0	1	GC_51366	1
51375	1	SNX7	1	0	1	GC_51375	1
51384	1	WNT16	1	0	1	GC_51384	1
51385	1	ZNF589	1	0	1	GC_51385	1
51399	1	TRAPPC4	2	0	2	GC_51399	1
51412	1	ACTL6B	1	1	0	GC_51412	1
51421	1	AMOTL2	1	0	1	GC_51421	1
51422	1	PRKAG2	12	7	5	GC_51422	1
51426	1	POLK	5	0	5	GC_10087	2
51427	1	ZNF107	3	0	3	GC_51427	1
51428	1	DDX41	4	2	2	GC_51428	1
51429	1	SNX9	1	0	1	GC_51429	1
51430	1	SUCO	2	0	2	GC_51430	1
51438	1	MAGEC2	1	0	1	GC_51438	1
51449	1	PCYOX1	1	0	1	GC_51449	1
51455	1	REV1	1	0	1	GC_51455	1
51460	1	SFMBT1	2	0	2	GC_51460	1
51466	1	EVL	1	0	1	GC_51466	1
51473	1	DCDC2	5	0	5	GC_51473	1
51475	1	CABP2	6	0	6	GC_51475	1
51477	1	ISYNA1	1	0	1	GC_51477	1
51478	1	HSD17B7	1	0	1	GC_51478	1
51480	1	VCX2	1	0	1	GC_51480	2
51481	1	VCX3A	4	0	4	GC_51481	2
51490	1	SPOUT1	3	1	2	GC_883	4
51496	1	CTDSPL2	1	0	1	GC_51496	1
51501	1	HIKESHI	2	1	1	GC_51501	1
51512	1	GTSE1	5	0	5	GC_51512	1
51520	1	LARS1	9	0	9	GC_51520	2
51524	1	TMEM138	2	2	0	GC_51524	1
51533	1	PHF7	1	1	0	GC_8314	2
51540	1	SCLY	3	0	3	GC_51540	2
51542	1	VPS54	1	0	1	GC_51542	1
51545	1	ZNF581	1	0	1	GC_51157	3
51548	1	SIRT6	1	0	1	GC_51548	1
51550	1	CINP	1	0	1	GC_51550	1
51559	1	NT5DC3	1	0	1	GC_51559	2
51567	1	TDP2	4	0	4	GC_51567	2
51569	1	UFM1	1	1	0	GC_51569	1
51574	1	LARP7	3	0	3	GC_51574	2
51585	1	PCF11	1	0	1	GC_51585	1
51594	1	NBAS	42	5	37	GC_51594	2
51599	1	LSR	1	0	1	GC_51599	1
51601	1	LIPT1	4	2	2	GC_51601	2
51604	1	PIGT	11	5	6	GC_51604	1
51611	1	DPH5	1	1	0	GC_51611	2
51626	1	DYNC2LI1	16	3	13	GC_51626	2
51637	1	RTRAF	1	0	1	GC_22795	2
51649	1	MRPS23	1	0	1	GC_51649	1
51651	1	PTRH2	2	1	1	GC_51651	1
51660	1	MPC1	1	0	1	GC_51660	1
51663	1	ZFR	2	0	2	GC_51663	1
51667	1	NUB1	1	0	1	GC_51667	1
51684	1	SUFU	1	0	1	GC_51684	1
51693	1	TRAPPC2L	5	2	3	GC_2588	5
51702	1	PADI3	2	2	0	GC_51702	1
51703	1	ACSL5	2	0	2	GC_51703	1
51704	1	GPRC5B	2	0	2	GC_51704	1
51705	1	EMCN	1	0	1	GC_51705	1
51710	1	ZNF44	3	0	3	GC_51710	1
51715	1	RAB23	3	0	3	GC_51715	1
51726	1	DNAJB11	3	2	1	GC_51726	1
51733	1	UPB1	2	1	1	GC_51733	1
51738	1	GHRL	1	0	1	GC_51738	2
51741	1	WWOX	18	2	16	GC_4094	2
51744	1	CD244	1	0	1	GC_51744	1
51750	1	RTEL1	22	2	20	GC_8771	3
51752	1	ERAP1	3	0	3	GC_51752	2
51755	1	CDK12	5	0	5	GC_51755	1
51761	1	ATP8A2	5	1	4	GC_51761	1
51763	1	INPP5K	5	0	5	GC_51763	1
51765	1	STK26	1	0	1	GC_51765	1
51768	1	TM7SF3	1	0	1	GC_51768	1
51776	1	MAP3K20	7	0	7	GC_51776	2
51778	1	MYOZ2	3	0	3	GC_51778	1
51780	1	KDM3B	5	2	3	GC_51780	1
51807	1	TUBA8	4	0	4	GC_51807	1
51816	1	ADA2	21	16	5	GC_51816	1
53335	1	BCL11A	3	1	2	GC_53335	1
53336	1	CPXCR1	1	0	1	GC_53336	1
53347	1	UBASH3A	1	0	1	GC_53347	1
53353	1	LRP1B	11	0	11	GC_53353	1
53373	1	TPCN1	1	0	1	GC_53373	1
53405	1	CLIC5	12	0	12	GC_53405	1
53616	1	ADAM22	7	0	7	GC_53616	2
53630	1	BCO1	4	0	4	GC_53630	1
53637	1	S1PR5	1	0	1	GC_53637	1
53834	1	FGFRL1	5	0	5	GC_53834	1
53841	1	CDHR5	1	0	1	GC_53841	1
53904	1	MYO3A	12	1	11	GC_53904	1
53905	1	DUOX1	2	0	2	GC_53905	1
53919	1	SLCO1C1	1	0	1	GC_53919	1
53942	1	CNTN5	6	0	6	GC_53942	1
53947	1	A4GALT	3	0	3	GC_53947	1
54014	1	BRWD1	2	0	2	GC_54014	1
54020	1	SLC37A1	3	0	3	GC_54020	1
54059	1	YBEY	1	0	1	GC_8888	3
54082	1	TSPEAR-AS1	1	1	0	GC_54082	7
54084	1	TSPEAR	14	2	12	GC_54082	7
54101	1	RIPK4	7	0	7	GC_54101	1
54102	1	CLIC6	4	0	4	GC_54102	2
54103	1	GSAP	1	0	1	GC_54103	1
54106	1	TLR9	2	0	2	GC_54106	1
54112	1	GPR88	1	0	1	GC_54112	1
54187	1	NANS	3	0	3	GC_9830	2
54205	1	CYCS	2	2	0	GC_54205	1
54206	1	ERRFI1	2	0	2	GC_54206	1
54209	1	TREM2	11	3	8	GC_54209	1
54221	1	SNTG2	4	0	4	GC_54221	1
54332	1	GDAP1	14	14	0	GC_54332	2
54345	1	SOX18	1	0	1	GC_54345	1
54346	1	UNC93A	1	0	1	GC_54346	1
54386	1	TERF2IP	1	0	1	GC_54386	1
54413	1	NLGN3	1	0	1	GC_54413	1
54414	1	SIAE	8	0	8	GC_54414	1
54434	1	SSH1	3	0	3	GC_54434	1
54437	1	SEMA5B	1	0	1	GC_54437	1
54443	1	ANLN	8	1	7	GC_54443	1
54453	1	RIN2	14	0	14	GC_54453	1
54456	1	MOV10L1	2	0	2	GC_54456	1
54457	1	TAF7L	1	0	1	GC_54457	1
54463	1	RETREG1	4	0	4	GC_54463	1
54469	1	ZFAND6	1	0	1	GC_54469	1
54471	1	MIEF1	2	0	2	GC_54471	1
54472	1	TOLLIP	1	0	1	GC_54472	1
54474	1	KRT20	1	0	1	GC_54474	1
54476	1	RNF216	6	0	6	GC_54476	1
54480	1	CHPF2	2	0	2	GC_54480	1
54482	1	TRMT13	2	0	2	GC_54482	2
54490	1	UGT2B28	3	0	3	GC_54490	1
54495	1	TMX3	1	0	1	GC_54495	2
54496	1	PRMT7	2	0	2	GC_54496	1
54499	1	TMCO1	2	0	2	GC_54499	1
54503	1	ZDHHC13	1	0	1	GC_54503	1
54504	1	CPVL	2	0	2	GC_54504	2
54507	1	ADAMTSL4	15	1	14	GC_54507	3
54514	1	DDX4	1	0	1	GC_54514	1
54517	1	PUS7	2	1	1	GC_54517	1
54518	1	APBB1IP	3	0	3	GC_54518	1
54520	1	CCDC93	1	0	1	GC_54520	1
54532	1	USP53	5	0	5	GC_54532	1
54537	1	SHLD2	2	0	2	GC_2746	4
54538	1	ROBO4	7	0	7	GC_54538	1
54539	1	NDUFB11	4	1	3	GC_8241	3
54549	1	SDK2	2	0	2	GC_54549	1
54551	1	MAGEL2	38	0	38	GC_54551	1
54567	1	DLL4	5	2	3	GC_54567	1
54575	1	UGT1A10	16	10	6	GC_7361	10
54576	1	UGT1A8	16	10	6	GC_7361	10
54577	1	UGT1A7	16	10	6	GC_7361	10
54578	1	UGT1A6	12	10	2	GC_7361	10
54579	1	UGT1A5	12	10	2	GC_7361	10
54583	1	EGLN1	6	0	6	GC_54583	1
54584	1	GNB1L	2	0	2	GC_54584	1
54585	1	LZTFL1	5	1	4	GC_54585	1
54600	1	UGT1A9	16	10	6	GC_7361	10
54617	1	INO80	3	0	3	GC_54617	1
54620	1	FBXL19	1	0	1	GC_54620	1
54625	1	PARP14	3	0	3	GC_54625	1
54627	1	MAP10	2	0	2	GC_54627	1
54657	1	UGT1A4	11	10	1	GC_7361	10
54658	1	UGT1A1	10	10	0	GC_7361	10
54659	1	UGT1A3	11	10	1	GC_7361	10
54663	1	WDR74	1	0	1	GC_54663	2
54664	1	TMEM106B	4	1	3	GC_54664	1
54674	1	LRRN3	1	0	1	GC_54674	2
54676	1	GTPBP2	1	0	1	GC_54676	2
54700	1	RRN3	1	0	1	GC_23042	2
54714	1	CNGB3	14	3	11	GC_54714	1
54715	1	RBFOX1	10	0	10	GC_54715	2
54716	1	SLC6A20	4	0	4	GC_54716	1
54729	1	NKX1-1	1	0	1	GC_54729	1
54739	1	XAF1	1	0	1	GC_54739	1
54751	1	FBLIM1	2	0	2	GC_54751	1
54756	1	IL17RD	6	0	6	GC_54756	2
54757	1	FAM20A	6	0	6	GC_5573	4
54763	1	ROPN1	1	0	1	GC_54763	1
54765	1	TRIM44	1	0	1	GC_54765	1
54768	1	HYDIN	6	0	6	GC_54768	1
54776	1	PPP1R12C	1	0	1	GC_54776	1
54778	1	RNF111	1	0	1	GC_54778	1
54790	1	TET2	17	0	17	GC_54790	2
54795	1	TRPM4	15	2	13	GC_54795	1
54796	1	BNC2	8	0	8	GC_54796	2
54800	1	KLHL24	2	1	1	GC_54800	1
54802	1	TRIT1	7	3	4	GC_54802	2
54805	1	CNNM2	6	4	2	GC_54805	1
54806	1	AHI1	26	9	17	GC_54806	1
54808	1	DYM	2	0	2	GC_54808	1
54809	1	SAMD9	26	7	19	GC_54809	1
54814	1	QPCTL	1	0	1	GC_54814	1
54820	1	NDE1	13	0	13	GC_4629	2
54821	1	ERCC6L	1	0	1	GC_5303	2
54822	1	TRPM7	1	0	1	GC_54822	1
54832	1	VPS13C	35	1	34	GC_54832	1
54840	1	APTX	5	2	3	GC_54840	1
54841	1	BIVM	2	0	2	GC_2073	4
54842	1	MFSD6	1	0	1	GC_54842	2
54843	1	SYTL2	3	0	3	GC_54843	1
54845	1	ESRP1	1	0	1	GC_54845	1
54849	1	DEF8	2	0	2	GC_54849	1
54857	1	GDPD2	1	0	1	GC_54857	1
54862	1	CC2D1A	14	0	14	GC_54862	1
54867	1	TMEM214	1	0	1	GC_54867	1
54868	1	TMEM104	1	0	1	GC_54868	1
54872	1	PIGG	24	2	22	GC_54872	1
54873	1	PALMD	2	0	2	GC_54873	1
54875	1	CNTLN	2	0	2	GC_54875	1
54879	1	ST7L	2	0	2	GC_7482	2
54880	1	BCOR	27	0	27	GC_54880	2
54884	1	RETSAT	1	0	1	GC_54884	1
54885	1	TBC1D8B	4	0	4	GC_54885	1
54888	1	NSUN2	5	0	5	GC_6715	2
54891	1	INO80D	1	0	1	GC_54891	1
54892	1	NCAPG2	5	0	5	GC_54892	2
54893	1	MTMR10	2	0	2	GC_22909	2
54894	1	RNF43	13	0	13	GC_54894	1
54897	1	CASZ1	16	0	16	GC_54897	1
54899	1	PXK	1	0	1	GC_54899	1
54901	1	CDKAL1	1	0	1	GC_54901	1
54902	1	TTC19	3	1	2	GC_9611	2
54903	1	MKS1	5	2	3	GC_54903	2
54904	1	NSD3	5	0	5	GC_54904	1
54914	1	FOCAD	19	0	19	GC_54914	1
54915	1	YTHDF1	1	0	1	GC_54915	1
54916	1	TMEM260	2	0	2	GC_54916	1
54919	1	DNAAF5	18	3	15	GC_54919	1
54928	1	BPNT2	2	0	2	GC_54928	1
54930	1	HAUS4	1	0	1	GC_54930	2
54931	1	TRMT10C	3	0	3	GC_54931	1
54932	1	EXD3	1	0	1	GC_54932	1
54936	1	ADPRS	3	3	0	GC_54936	1
54938	1	SARS2	1	0	1	GC_54938	2
54941	1	RNF125	5	0	5	GC_54941	1
54947	1	LPCAT2	3	0	3	GC_54947	1
54949	1	SDHAF2	5	1	4	GC_54949	1
54960	1	GEMIN8	1	0	1	GC_54960	1
54963	1	UCKL1	1	0	1	GC_54963	1
54968	1	TMEM70	7	0	7	GC_54968	1
54970	1	TTC12	1	0	1	GC_54970	1
54974	1	THG1L	2	1	1	GC_54974	2
54977	1	SLC25A38	6	3	3	GC_54977	1
54982	1	CLN6	15	12	3	GC_54982	1
54986	1	ULK4	6	0	6	GC_54986	1
54988	1	ACSM5	1	0	1	GC_54988	1
54997	1	TESC	1	0	1	GC_54997	1
55002	1	TMCO3	1	0	1	GC_55002	1
55005	1	RMND1	8	2	6	GC_55005	1
55008	1	HERC6	4	0	4	GC_51191	3
55023	1	PHIP	19	7	12	GC_55023	2
55024	1	BANK1	1	0	1	GC_55024	1
55026	1	TMEM255A	2	0	2	GC_10009	2
55033	1	FKBP14	1	0	1	GC_55033	2
55034	1	MOCOS	17	1	16	GC_55034	1
55036	1	CCDC40	29	1	28	GC_2548	2
55037	1	PTCD3	1	0	1	GC_25885	2
55054	1	ATG16L1	1	0	1	GC_55054	1
55055	1	ZWILCH	1	0	1	GC_55055	1
55057	1	CRYBG2	1	0	1	GC_55057	1
55062	1	WIPI1	1	0	1	GC_5573	4
55065	1	SLC52A1	6	0	6	GC_55065	1
55066	1	PDPR	2	0	2	GC_55066	1
55072	1	RNF31	6	0	6	GC_55072	1
55075	1	UACA	1	0	1	GC_55075	1
55080	1	TAPBPL	3	2	1	GC_6843	2
55081	1	IFT57	5	0	5	GC_55081	1
55083	1	KIF26B	7	0	7	GC_55083	1
55084	1	SOBP	4	0	4	GC_55084	1
55094	1	GPATCH1	2	0	2	GC_55094	1
55101	1	DMAC2	1	0	1	GC_55101	1
55102	1	ATG2B	10	0	10	GC_55102	1
55107	1	ANO1	2	0	2	GC_55107	1
55109	1	AGGF1	3	0	3	GC_55109	1
55112	1	DYNC2I1	13	0	13	GC_55112	1
55119	1	PRPF38B	1	0	1	GC_55119	1
55120	1	FANCL	9	3	6	GC_7444	2
55125	1	CEP192	4	0	4	GC_55125	1
55127	1	HEATR1	4	0	4	GC_55127	1
55129	1	ANO10	12	1	11	GC_55129	1
55130	1	ODAD2	24	1	23	GC_55130	3
55131	1	RBM28	6	0	6	GC_55131	1
55135	1	WRAP53	5	0	5	GC_55135	1
55138	1	FAM90A1	3	0	3	GC_55138	1
55139	1	ANKZF1	11	0	11	GC_55139	1
55145	1	THAP1	5	4	1	GC_55145	1
55149	1	MTPAP	3	0	3	GC_55149	2
55151	1	TMEM38B	2	0	2	GC_55151	1
55152	1	DALRD3	1	0	1	GC_55152	1
55154	1	MSTO1	16	3	13	GC_55154	1
55157	1	DARS2	11	7	4	GC_55157	1
55159	1	RFWD3	4	0	4	GC_55159	1
55160	1	ARHGEF10L	2	0	2	GC_55160	1
55163	1	PNPO	12	11	1	GC_55163	1
55164	1	SHQ1	4	0	4	GC_55164	1
55165	1	CEP55	9	0	9	GC_55165	1
55172	1	DNAAF2	11	0	11	GC_55172	1
55180	1	LINS1	11	0	11	GC_55180	1
55181	1	SMG8	1	0	1	GC_55181	1
55182	1	RNF220	1	1	0	GC_55182	1
55183	1	RIF1	17	2	15	GC_4703	2
55187	1	VPS13D	26	2	24	GC_55187	1
55191	1	NADSYN1	6	2	4	GC_55191	1
55192	1	DNAJC17	3	0	3	GC_55192	1
55196	1	RESF1	2	0	2	GC_55196	1
55205	1	ZNF532	1	0	1	GC_55205	1
55206	1	SBNO1	3	0	3	GC_55206	1
55209	1	SETD5	45	2	43	GC_55209	1
55210	1	ATAD3A	7	2	5	GC_55210	1
55212	1	BBS7	5	5	0	GC_55212	1
55213	1	RCBTB1	5	1	4	GC_55213	1
55214	1	P3H2	4	1	3	GC_55214	2
55215	1	FANCI	20	1	19	GC_5428	3
55217	1	TMLHE	1	0	1	GC_55217	1
55223	1	TRIM62	1	0	1	GC_55223	3
55226	1	NAT10	3	0	3	GC_55226	1
55237	1	VRTN	1	0	1	GC_55237	1
55238	1	SLC38A7	2	0	2	GC_55238	1
55240	1	STEAP3	5	0	5	GC_55240	2
55243	1	KIRREL1	1	0	1	GC_55243	1
55244	1	SLC47A1	1	0	1	GC_55244	1
55245	1	UQCC1	1	0	1	GC_55245	1
55249	1	YY1AP1	9	0	9	GC_7818	2
55250	1	ELP2	12	2	10	GC_55250	1
55252	1	ASXL2	29	0	29	GC_55252	1
55253	1	TYW1	1	0	1	GC_55253	1
55266	1	TMEM19	2	0	2	GC_55266	1
55275	1	VPS53	6	1	5	GC_55275	3
55278	1	QRSL1	5	1	4	GC_55278	1
55280	1	CWF19L1	7	1	6	GC_55280	2
55294	1	FBXW7	4	2	2	GC_55294	1
55297	1	CCDC91	2	0	2	GC_55297	1
55315	1	SLC29A3	17	6	11	GC_55315	2
55319	1	TMA16	1	0	1	GC_55319	1
55320	1	MIS18BP1	6	0	6	GC_55320	1
55325	1	UFSP2	4	2	2	GC_55325	2
55328	1	RNLS	4	0	4	GC_55328	3
55329	1	MNS1	1	0	1	GC_55329	1
55331	1	ACER3	2	0	2	GC_55331	1
55335	1	NIPSNAP3B	2	1	1	GC_19	3
55336	1	FBXL8	2	0	2	GC_3299	2
55341	1	LSG1	2	0	2	GC_55341	1
55343	1	SLC35C1	1	0	1	GC_55343	1
55345	1	ZGRF1	1	0	1	GC_55345	1
55357	1	TBC1D2	6	0	6	GC_55357	1
55359	1	STYK1	1	0	1	GC_55359	1
55362	1	TMEM63B	3	3	0	GC_55362	2
55366	1	LGR4	1	0	1	GC_55366	1
55367	1	PIDD1	5	1	4	GC_55367	1
55388	1	MCM10	1	0	1	GC_55388	1
55422	1	ZNF331	1	0	1	GC_55422	2
55471	1	NDUFAF7	4	0	4	GC_10153	3
55503	1	TRPV6	5	1	4	GC_55503	1
55505	1	NOP10	1	0	1	GC_55505	2
55515	1	ASIC4	2	0	2	GC_10290	4
55526	1	DHTKD1	13	0	13	GC_55526	1
55536	1	CDCA7L	6	1	5	GC_8701	4
55544	1	RBM38	1	0	1	GC_55544	2
55553	1	SOX6	5	1	4	GC_55553	1
55558	1	PLXNA3	6	0	6	GC_55558	1
55561	1	CDC42BPG	1	0	1	GC_55561	1
55567	1	DNAH3	7	0	7	GC_55567	1
55572	1	FOXRED1	2	2	0	GC_55572	1
55576	1	STAB2	8	0	8	GC_51559	2
55582	1	KIF27	4	0	4	GC_55582	1
55586	1	MIOX	1	0	1	GC_55586	1
55593	1	OTUD5	1	1	0	GC_55593	1
55596	1	ZCCHC8	3	0	3	GC_55596	1
55600	1	ITLN1	1	0	1	GC_55600	1
55601	1	DDX60	2	0	2	GC_55601	1
55603	1	TENT5A	3	0	3	GC_55603	1
55605	1	KIF21A	12	2	10	GC_55605	1
55607	1	PPP1R9A	4	0	4	GC_55607	1
55610	1	VPS50	1	0	1	GC_55610	1
55612	1	FERMT1	7	0	7	GC_55612	1
55614	1	KIF16B	2	0	2	GC_55614	1
55616	1	ASAP3	1	0	1	GC_55616	1
55621	1	TRMT1	2	0	2	GC_55621	1
55624	1	POMGNT1	14	10	4	GC_10103	3
55628	1	ZNF407	14	0	14	GC_55628	2
55630	1	SLC39A4	16	5	11	GC_55630	1
55631	1	LRRC40	1	0	1	GC_55631	1
55636	1	CHD7	101	17	84	GC_55636	2
55638	1	SYBU	1	0	1	GC_55638	1
55640	1	FLVCR2	6	1	5	GC_55640	2
55644	1	OSGEP	8	7	1	GC_55644	2
55650	1	PIGV	6	4	2	GC_55650	1
55651	1	NHP2	4	0	4	GC_55651	2
55653	1	BCAS4	3	0	3	GC_55653	1
55654	1	TMEM127	9	6	3	GC_9391	3
55655	1	NLRP2	14	0	14	GC_55655	1
55656	1	INTS8	2	0	2	GC_55656	1
55658	1	RNF126	1	0	1	GC_55658	1
55661	1	DDX27	1	0	1	GC_55661	1
55666	1	NPLOC4	1	0	1	GC_55666	1
55670	1	PEX26	5	4	1	GC_55670	2
55679	1	LIMS2	2	0	2	GC_2840	2
55681	1	SCYL2	1	0	1	GC_55681	1
55684	1	RABL6	3	0	3	GC_55684	1
55687	1	TRMU	23	11	12	GC_55687	1
55689	1	YEATS2	4	0	4	GC_55689	1
55690	1	PACS1	25	1	24	GC_55690	2
55691	1	FRMD4A	1	0	1	GC_55691	1
55693	1	KDM4D	2	0	2	GC_55693	1
55697	1	VAC14	3	0	3	GC_55697	1
55699	1	IARS2	8	1	7	GC_55699	2
55700	1	MAP7D1	1	0	1	GC_55700	1
55701	1	ARHGEF40	3	0	3	GC_55701	1
55703	1	POLR3B	7	4	3	GC_5992	3
55704	1	CCDC88A	6	0	6	GC_55704	1
55714	1	TENM3	11	0	11	GC_55714	1
55715	1	DOK4	1	0	1	GC_55715	1
55717	1	WDR11	3	0	3	GC_55717	1
55720	1	TSR1	2	0	2	GC_55720	1
55728	1	N4BP2	2	0	2	GC_55728	1
55729	1	ATF7IP	5	0	5	GC_55729	1
55731	1	FAM222B	1	0	1	GC_55731	1
55733	1	HHAT	8	0	8	GC_55733	1
55737	1	VPS35	3	1	2	GC_55737	1
55739	1	NAXD	8	0	8	GC_55739	1
55740	1	ENAH	1	0	1	GC_55740	1
55746	1	NUP133	9	1	8	GC_55746	2
55748	1	CNDP2	1	0	1	GC_55748	1
55750	1	AGK	2	0	2	GC_55750	1
55753	1	OGDHL	3	0	3	GC_55753	1
55755	1	CDK5RAP2	11	0	11	GC_55755	1
55757	1	UGGT2	4	0	4	GC_55757	1
55760	1	DHX32	2	0	2	GC_55760	2
55764	1	IFT122	10	1	9	GC_55764	2
55765	1	INAVA	3	0	3	GC_55765	1
55768	1	NGLY1	11	3	8	GC_55768	1
55773	1	TBC1D23	1	0	1	GC_55773	1
55775	1	TDP1	7	1	6	GC_55775	2
55777	1	MBD5	51	0	51	GC_55777	1
55778	1	ZNF839	1	0	1	GC_55778	1
55779	1	CFAP44	9	0	9	GC_55779	3
55780	1	ERMARD	13	0	13	GC_55780	1
55784	1	MCTP2	10	0	10	GC_55784	1
55785	1	FGD6	1	0	1	GC_55785	1
55787	1	TXLNG	1	0	1	GC_55787	1
55788	1	LMBRD1	2	0	2	GC_55788	1
55790	1	CSGALNACT1	10	1	9	GC_55790	1
55795	1	PCID2	1	0	1	GC_8858	2
55799	1	CACNA2D3	3	0	3	GC_55799	2
55802	1	DCP1A	1	0	1	GC_55802	1
55806	1	HR	24	1	23	GC_55806	2
55808	1	ST6GALNAC1	1	0	1	GC_55808	1
55809	1	TRERF1	1	0	1	GC_55809	1
55811	1	ADCY10	12	0	12	GC_55811	2
55812	1	SPATA7	10	1	9	GC_55812	2
55813	1	UTP6	2	0	2	GC_55813	1
55814	1	BDP1	32	0	32	GC_55814	1
55821	1	ALLC	2	0	2	GC_55821	1
55823	1	VPS11	6	1	5	GC_55823	1
55824	1	PAG1	2	0	2	GC_55824	1
55827	1	DCAF6	2	0	2	GC_55811	2
55829	1	SELENOS	1	0	1	GC_55829	1
55830	1	GLT8D1	1	0	1	GC_55830	1
55833	1	UBAP2	2	0	2	GC_55833	1
55835	1	CPAP	12	1	11	GC_55835	2
55837	1	EAPP	1	0	1	GC_55837	1
55841	1	WWC3	7	0	7	GC_55841	1
55846	1	ITFG2	2	0	2	GC_2305	2
55857	1	KIZ	15	2	13	GC_55857	4
55863	1	TMEM126B	6	2	4	GC_55863	1
55869	1	HDAC8	14	6	8	GC_55869	1
55870	1	ASH1L	19	0	19	GC_55870	1
55872	1	PBK	1	0	1	GC_55872	2
55884	1	WSB2	1	0	1	GC_55884	1
55890	1	GPRC5C	1	0	1	GC_55890	1
55897	1	MESP1	7	0	7	GC_55897	3
55898	1	UNC45A	5	0	5	GC_55898	2
55900	1	ZNF302	3	0	3	GC_55900	1
55902	1	ACSS2	2	0	2	GC_55902	2
55904	1	KMT2E	25	0	25	GC_55904	1
55906	1	ZC4H2	9	5	4	GC_55906	1
55911	1	APOBR	1	0	1	GC_55911	1
55914	1	ERBIN	12	0	12	GC_55914	1
55917	1	CTTNBP2NL	1	0	1	GC_55917	1
55930	1	MYO5C	1	0	1	GC_55930	1
55958	1	KLHL9	3	0	3	GC_55958	1
55959	1	SULF2	3	0	3	GC_55959	2
55964	1	SEPTIN3	1	0	1	GC_55964	1
55966	1	AJAP1	2	0	2	GC_55966	1
55968	1	NSFL1C	1	0	1	GC_55968	1
55975	1	KLHL7	3	3	0	GC_55975	1
55997	1	CFC1	4	0	4	GC_55997	1
56006	1	SMG9	1	0	1	GC_56006	1
56034	1	PDGFC	1	0	1	GC_56034	1
56052	1	ALG1	19	12	7	GC_56052	2
56116	1	PCDHB@	4	0	4	GC_56116	3
56117	1	PCDHA@	1	0	1	GC_9752	10
56119	1	PCDHACT	1	0	1	GC_9752	10
56128	1	PCDHB8	2	0	2	GC_56116	3
56131	1	PCDHB4	2	0	2	GC_56116	3
56134	1	PCDHAC2	1	0	1	GC_9752	10
56135	1	PCDHAC1	1	0	1	GC_9752	10
56136	1	PCDHA13	1	0	1	GC_9752	10
56137	1	PCDHA12	1	0	1	GC_9752	10
56138	1	PCDHA11	1	0	1	GC_9752	10
56139	1	PCDHA10	1	0	1	GC_9752	10
56140	1	PCDHA8	1	0	1	GC_9752	10
56154	1	TEX15	13	0	13	GC_56154	1
56155	1	TEX14	1	0	1	GC_56155	1
56158	1	TEX12	1	1	0	GC_5805	3
56159	1	TEX11	1	0	1	GC_56159	1
56160	1	NSMCE3	5	1	4	GC_23359	2
56163	1	RNF17	7	1	6	GC_55835	2
56164	1	STK31	1	0	1	GC_56164	1
56165	1	TDRD1	1	0	1	GC_56165	1
56169	1	GSDMC	3	0	3	GC_56169	1
56171	1	DNAH7	30	0	30	GC_56171	2
56172	1	ANKH	3	0	3	GC_56172	3
56203	1	LMOD3	13	1	12	GC_56203	2
56241	1	SUSD2	2	0	2	GC_56241	1
56242	1	ZNF253	1	0	1	GC_56242	1
56243	1	KIAA1217	5	0	5	GC_56243	1
56246	1	MRAP	4	1	3	GC_9875	4
56252	1	YLPM1	1	0	1	GC_56252	1
56253	1	CRTAM	4	0	4	GC_56253	1
56259	1	CTNNBL1	1	0	1	GC_56259	1
56262	1	LRRC8A	2	0	2	GC_56262	1
56270	1	WDR45B	1	0	1	GC_56270	1
56288	1	PARD3	3	0	3	GC_56288	1
56301	1	SLC7A10	1	0	1	GC_56301	1
56302	1	TRPV5	2	0	2	GC_56302	1
56342	1	PPAN	1	0	1	GC_5032	4
56413	1	LTB4R2	1	0	1	GC_27141	3
56479	1	KCNQ5	22	3	19	GC_56479	3
56521	1	DNAJC12	2	0	2	GC_56521	1
56547	1	MMP26	2	0	2	GC_56547	2
56603	1	CYP26B1	6	1	5	GC_56603	1
56605	1	ERO1B	1	0	1	GC_56605	1
56606	1	SLC2A9	14	2	12	GC_1816	4
56616	1	DIABLO	2	0	2	GC_56616	3
56623	1	INPP5E	20	15	5	GC_56623	1
56647	1	BCCIP	1	0	1	GC_55760	2
56649	1	TMPRSS4	1	0	1	GC_56649	1
56652	1	TWNK	18	17	1	GC_56652	1
56656	1	OR2S2	1	0	1	GC_56656	1
56683	1	CFAP298	3	0	3	GC_56683	2
56704	1	JPH1	2	0	2	GC_56704	1
56731	1	SLC2A4RG	1	0	1	GC_56731	1
56776	1	FMN2	11	1	10	GC_56776	1
56848	1	SPHK2	2	0	2	GC_56848	1
56886	1	UGGT1	5	0	5	GC_56886	1
56890	1	MDM1	2	0	2	GC_56890	1
56893	1	UBQLN4	2	0	2	GC_56893	1
56896	1	DPYSL5	1	1	0	GC_56896	1
56899	1	ANKS1B	2	0	2	GC_56899	1
56902	1	PNO1	1	0	1	GC_56902	1
56914	1	OTOR	1	0	1	GC_56914	1
56915	1	EXOSC5	3	2	1	GC_56915	1
56916	1	SMARCAD1	3	0	3	GC_56916	1
56922	1	MCCC1	17	12	5	GC_56922	2
56924	1	PAK6	4	0	4	GC_701	4
56925	1	LXN	5	0	5	GC_56925	2
56945	1	MRPS22	4	1	3	GC_56945	1
56946	1	EMSY	1	0	1	GC_56946	1
56947	1	MFF	3	0	3	GC_56947	1
56955	1	MEPE	7	0	7	GC_56955	1
56975	1	FAM20C	11	1	10	GC_56975	1
56978	1	PRDM8	2	0	2	GC_56978	1
56979	1	PRDM9	2	0	2	GC_56979	1
56980	1	PRDM10	3	0	3	GC_56980	1
56983	1	POGLUT1	3	1	2	GC_56983	1
56984	1	PSMG2	4	0	4	GC_56984	1
56987	1	BBX	2	0	2	GC_56987	1
56992	1	KIF15	9	0	9	GC_56992	1
56994	1	CHPT1	1	0	1	GC_56994	1
56995	1	TULP4	1	0	1	GC_56995	1
56996	1	SLC12A9	2	0	2	GC_2050	3
56997	1	COQ8A	19	14	5	GC_56997	1
56999	1	ADAMTS9	8	0	8	GC_56999	3
57007	1	ACKR3	1	0	1	GC_57007	1
57010	1	CABP4	6	0	6	GC_57010	2
57017	1	COQ9	5	0	5	GC_57017	1
57038	1	RARS2	24	20	4	GC_57038	1
57050	1	UTP3	2	0	2	GC_57050	1
57057	1	TBX20	3	0	3	GC_57057	1
57060	1	PCBP4	1	0	1	GC_57060	1
57082	1	KNL1	20	0	20	GC_57082	1
57084	1	SLC17A6	1	0	1	GC_57084	1
57085	1	AGTRAP	1	0	1	GC_57085	1
57091	1	CASS4	2	0	2	GC_57091	1
57092	1	PCNP	1	0	1	GC_57092	1
57094	1	CPA6	4	0	4	GC_57094	2
57096	1	RPGRIP1	15	4	11	GC_57096	1
57099	1	AVEN	2	0	2	GC_1133	3
57101	1	ANO2	1	0	1	GC_57101	1
57102	1	FERRY3	1	0	1	GC_57102	1
57104	1	PNPLA2	7	1	6	GC_57104	1
57105	1	CYSLTR2	7	0	7	GC_57105	1
57107	1	PDSS2	3	0	3	GC_57107	1
57109	1	REXO4	1	0	1	GC_57109	1
57118	1	CAMK1D	1	0	1	GC_57118	1
57122	1	NUP107	6	1	5	GC_57122	1
57124	1	CD248	2	0	2	GC_57124	1
57126	1	CD177	5	0	5	GC_57126	1
57128	1	LYRM4	1	0	1	GC_10667	4
57130	1	ATP13A1	3	0	3	GC_57130	1
57134	1	MAN1C1	1	0	1	GC_57134	1
57142	1	RTN4	6	0	6	GC_57142	1
57152	1	SLURP1	1	1	0	GC_57152	1
57158	1	JPH2	8	1	7	GC_57158	1
57165	1	GJC2	3	2	1	GC_57165	1
57167	1	SALL4	9	0	9	GC_57167	1
57169	1	ZNFX1	2	0	2	GC_57169	1
57176	1	VARS2	16	1	15	GC_57176	2
57178	1	ZMIZ1	16	1	15	GC_57178	1
57187	1	THOC2	3	1	2	GC_57187	1
57188	1	ADAMTSL3	11	0	11	GC_57188	2
57190	1	SELENON	20	12	8	GC_57190	1
57192	1	MCOLN1	6	5	1	GC_57192	1
57194	1	ATP10A	12	0	12	GC_57194	1
57205	1	ATP10D	1	0	1	GC_57205	1
57210	1	SLC45A4	2	0	2	GC_57210	1
57211	1	ADGRG6	7	1	6	GC_57211	1
57214	1	CEMIP	5	0	5	GC_57214	1
57216	1	VANGL2	1	0	1	GC_57216	1
57217	1	TTC7A	14	2	12	GC_57217	3
57231	1	SNX14	3	0	3	GC_57231	1
57337	1	SENP7	4	0	4	GC_57337	1
57338	1	JPH3	4	0	4	GC_57338	1
57369	1	GJD2	1	0	1	GC_57369	1
57379	1	AICDA	9	8	1	GC_57379	1
57404	1	CYP20A1	2	0	2	GC_57404	1
57408	1	LRTM1	3	0	3	GC_55799	2
57410	1	SCYL1	8	0	8	GC_57410	1
57447	1	NDRG2	2	0	2	GC_57447	1
57448	1	BIRC6	9	0	9	GC_57448	1
57449	1	PLEKHG5	18	0	18	GC_57449	2
57453	1	DSCAML1	4	0	4	GC_57453	1
57455	1	REXO1	1	0	1	GC_57455	1
57458	1	TMCC3	1	0	1	GC_57458	1
57459	1	GATAD2B	6	1	5	GC_57459	1
57460	1	PPM1H	1	0	1	GC_57460	1
57462	1	MYORG	5	0	5	GC_57462	1
57463	1	AMIGO1	1	0	1	GC_57463	1
57465	1	TBC1D24	20	16	4	GC_57465	1
57466	1	SCAF4	3	1	2	GC_6647	3
57468	1	SLC12A5	3	1	2	GC_57468	1
57471	1	ERMN	1	0	1	GC_57471	1
57476	1	GRAMD1B	1	0	1	GC_57476	1
57477	1	SHROOM4	15	0	15	GC_57477	1
57479	1	PRR12	27	1	26	GC_57479	1
57481	1	KIAA1210	3	0	3	GC_57481	1
57489	1	ODF2L	2	0	2	GC_57489	1
57492	1	ARID1B	99	3	96	GC_57492	5
57493	1	HEG1	3	0	3	GC_57493	1
57495	1	NWD2	1	0	1	GC_57495	1
57496	1	MRTFB	1	0	1	GC_57496	2
57498	1	KIDINS220	6	0	6	GC_57498	1
57501	1	CFAP92	4	3	1	GC_28976	2
57502	1	NLGN4X	6	1	5	GC_57502	1
57505	1	AARS2	19	4	15	GC_9533	5
57506	1	MAVS	1	0	1	GC_57506	1
57509	1	MTUS1	3	0	3	GC_57509	1
57510	1	XPO5	3	0	3	GC_9533	5
57511	1	COG6	7	0	7	GC_57511	1
57512	1	GPR158	1	0	1	GC_57512	1
57514	1	ARHGAP31	23	0	23	GC_57514	1
57519	1	STARD9	20	0	20	GC_57519	1
57520	1	HECW2	31	9	22	GC_57520	1
57522	1	SRGAP1	3	0	3	GC_57522	1
57523	1	NYNRIN	3	0	3	GC_57523	1
57526	1	PCDH19	45	32	13	GC_57526	1
57530	1	CGN	5	0	5	GC_57530	1
57531	1	HACE1	1	0	1	GC_57531	1
57532	1	NUFIP2	3	0	3	GC_57532	1
57533	1	TBC1D14	1	0	1	GC_57533	1
57537	1	SORCS2	1	0	1	GC_57537	1
57538	1	ALPK3	23	0	23	GC_57538	2
57539	1	WDR35	11	1	10	GC_57539	2
57540	1	DISP3	4	0	4	GC_57540	1
57541	1	ZNF398	1	0	1	GC_57541	1
57545	1	CC2D2A	25	18	7	GC_57545	1
57549	1	IGSF9	1	0	1	GC_57549	1
57551	1	TAOK1	3	1	2	GC_57551	1
57552	1	NCEH1	1	0	1	GC_57552	2
57553	1	MICAL3	4	0	4	GC_57553	1
57555	1	NLGN2	2	0	2	GC_57555	1
57556	1	SEMA6A	3	0	3	GC_57556	1
57558	1	USP35	1	0	1	GC_9846	2
57560	1	IFT80	5	0	5	GC_57560	2
57562	1	CEP126	5	0	5	GC_57562	1
57568	1	SIPA1L2	1	0	1	GC_57568	1
57570	1	TRMT5	5	0	5	GC_57570	1
57572	1	DOCK6	24	0	24	GC_57572	2
57575	1	PCDH10	2	0	2	GC_57575	1
57580	1	PREX1	5	0	5	GC_57580	1
57582	1	KCNT1	72	26	46	GC_57582	1
57584	1	ARHGAP21	5	0	5	GC_57584	1
57587	1	CFAP97	1	0	1	GC_57587	1
57591	1	MRTFA	10	0	10	GC_57591	1
57592	1	ZNF687	5	0	5	GC_57592	1
57596	1	BEGAIN	2	0	2	GC_57596	1
57600	1	FNIP2	2	0	2	GC_57600	1
57602	1	USP36	5	0	5	GC_57602	1
57608	1	JCAD	3	0	3	GC_57608	1
57609	1	DIP2B	2	0	2	GC_57609	1
57616	1	TSHZ3	1	0	1	GC_57616	1
57617	1	VPS18	1	0	1	GC_57617	1
57619	1	SHROOM3	14	0	14	GC_57619	2
57623	1	ZFAT	4	0	4	GC_57623	2
57628	1	DPP10	2	0	2	GC_57628	1
57630	1	SH3RF1	1	0	1	GC_57630	1
57633	1	LRRN1	1	0	1	GC_57633	1
57634	1	EP400	8	0	8	GC_57634	1
57643	1	ZSWIM5	1	0	1	GC_57643	1
57644	1	MYH7B	18	0	18	GC_57644	1
57647	1	DHX37	14	2	12	GC_57647	1
57650	1	CIP2A	2	0	2	GC_57650	1
57653	1	SUGT1P4-STRA6LP-CCDC180	1	0	1	GC_57653	2
57654	1	UVSSA	2	0	2	GC_57654	1
57659	1	ZBTB4	2	0	2	GC_57659	1
57661	1	PHRF1	3	0	3	GC_57661	1
57662	1	CAMSAP3	1	0	1	GC_57662	1
57666	1	FBRSL1	1	0	1	GC_57666	1
57669	1	EPB41L5	1	0	1	GC_57669	1
57670	1	KIAA1549	27	0	27	GC_57670	1
57674	1	RNF213	70	0	70	GC_57674	3
57677	1	ZFP14	2	0	2	GC_57677	1
57678	1	GPAM	2	0	2	GC_57678	1
57679	1	ALS2	9	3	6	GC_57679	1
57680	1	CHD8	39	0	39	GC_57680	2
57683	1	ZDBF2	16	0	16	GC_57683	1
57688	1	ZSWIM6	13	1	12	GC_57688	1
57692	1	MAGEE1	1	0	1	GC_57692	1
57695	1	USP37	2	0	2	GC_57695	1
57697	1	FANCM	18	0	18	GC_57697	1
57701	1	NCKAP5L	1	0	1	GC_57701	1
57703	1	CWC22	1	0	1	GC_57703	1
57704	1	GBA2	7	2	5	GC_57704	1
57705	1	WDFY4	4	0	4	GC_57705	1
57706	1	DENND1A	1	0	1	GC_57706	1
57707	1	MEAK7	4	0	4	GC_57707	2
57709	1	SLC7A14	7	0	7	GC_57709	2
57713	1	SFMBT2	1	0	1	GC_57713	1
57715	1	SEMA4G	1	0	1	GC_57715	2
57716	1	PRX	19	0	19	GC_57716	2
57719	1	ANO8	1	0	1	GC_57719	3
57724	1	EPG5	27	2	25	GC_57724	3
57728	1	WDR19	15	6	9	GC_57728	1
57731	1	SPTBN4	13	0	13	GC_57731	2
57732	1	ZFYVE28	2	0	2	GC_57732	1
57798	1	GATAD1	8	5	3	GC_5189	6
57817	1	HAMP	1	0	1	GC_57817	1
57822	1	GRHL3	12	1	11	GC_57822	2
57823	1	SLAMF7	1	0	1	GC_57823	1
57829	1	ZP4	4	0	4	GC_57829	1
57863	1	CADM3	1	1	0	GC_57863	1
57864	1	SLC46A2	1	0	1	GC_57864	1
58189	1	WFDC1	3	0	3	GC_58189	1
58190	1	CTDSP1	1	0	1	GC_58190	1
58191	1	CXCL16	1	0	1	GC_58191	1
58484	1	NLRC4	11	3	8	GC_58484	1
58494	1	JAM2	2	0	2	GC_58494	1
58495	1	OVOL2	1	0	1	GC_58495	1
58497	1	PRUNE1	9	3	6	GC_58497	1
58499	1	ZNF462	26	0	26	GC_58499	2
58506	1	SCAF1	1	0	1	GC_58506	1
58508	1	KMT2C	122	0	122	GC_58508	3
58524	1	DMRT3	5	0	5	GC_58524	1
58531	1	PRM3	2	0	2	GC_58531	1
58985	1	IL22RA1	2	0	2	GC_58985	1
59269	1	HIVEP3	4	0	4	GC_59269	1
59271	1	EVA1C	1	0	1	GC_59271	1
59272	1	ACE2	2	0	2	GC_660	2
59277	1	NTN4	1	0	1	GC_59277	1
59335	1	PRDM12	1	0	1	GC_59335	1
59336	1	PRDM13	6	0	6	GC_59336	2
59341	1	TRPV4	36	18	18	GC_59341	1
59343	1	SENP2	2	0	2	GC_59343	1
59344	1	ALOXE3	12	4	8	GC_59344	3
59345	1	GNB4	9	2	7	GC_59345	1
59348	1	ZNF350	1	0	1	GC_59348	2
59352	1	LGR6	2	0	2	GC_59352	1
60401	1	EDA2R	3	0	3	GC_60401	1
60412	1	EXOC4	1	0	1	GC_60412	2
60468	1	BACH2	7	0	7	GC_60468	1
60482	1	SLC5A7	2	0	2	GC_60482	1
60484	1	HAPLN2	1	0	1	GC_60484	1
60488	1	MRPS35	2	0	2	GC_60488	2
60490	1	PPCDC	1	0	1	GC_60490	1
60495	1	HPSE2	5	0	5	GC_60495	1
60506	1	NYX	5	1	4	GC_60506	1
60509	1	AGBL5	6	0	6	GC_60509	1
60526	1	LDAH	1	0	1	GC_60526	1
60528	1	ELAC2	7	1	6	GC_60528	1
60529	1	ALX4	7	0	7	GC_60529	1
60558	1	GUF1	6	0	6	GC_60558	2
60561	1	RINT1	17	0	17	GC_60561	2
60672	1	MIIP	3	0	3	GC_60672	1
60675	1	PROK2	1	0	1	GC_60675	1
60676	1	PAPPA2	5	0	5	GC_60676	1
60677	1	CELF6	1	0	1	GC_60677	1
60678	1	EEFSEC	2	0	2	GC_60678	1
60681	1	FKBP10	4	2	2	GC_60681	1
60684	1	TRAPPC11	16	1	15	GC_60684	2
63035	1	BCORL1	5	0	5	GC_63035	1
63036	1	CELA2A	2	2	0	GC_63036	1
63827	1	BCAN	1	0	1	GC_63827	3
63891	1	RNF123	1	0	1	GC_29925	2
63892	1	THADA	2	0	2	GC_63892	1
63894	1	VIPAS39	2	0	2	GC_63894	1
63895	1	PIEZO2	25	6	19	GC_63895	1
63899	1	NSUN3	1	0	1	GC_63899	1
63901	1	FAM111A	17	1	16	GC_63901	1
63910	1	SLC17A9	1	0	1	GC_63910	1
63917	1	GALNT11	3	0	3	GC_63917	1
63922	1	CHTF18	4	0	4	GC_63922	1
63923	1	TNN	1	0	1	GC_63923	1
63924	1	CIDEC	4	0	4	GC_63924	1
63925	1	ZNF335	13	0	13	GC_63925	1
63929	1	XPNPEP3	1	0	1	GC_63929	1
63931	1	MRPS14	1	1	0	GC_63931	1
63950	1	DMRTA2	1	0	1	GC_63950	1
63951	1	DMRTA1	2	0	2	GC_63951	1
63976	1	PRDM16	21	0	21	GC_63976	1
63977	1	PRDM15	1	1	0	GC_63977	1
63982	1	ANO3	7	4	3	GC_63982	2
64061	1	TSPYL2	1	0	1	GC_64061	1
64062	1	RBM26	2	0	2	GC_64062	1
64072	1	CDH23	81	35	46	GC_64072	5
64078	1	SLC28A3	1	0	1	GC_64078	1
64084	1	CLSTN2	1	0	1	GC_64084	1
64087	1	MCCC2	32	31	1	GC_64087	1
64093	1	SMOC1	5	0	5	GC_64093	2
64094	1	SMOC2	2	0	2	GC_64094	1
64097	1	EPB41L4A	1	0	1	GC_64097	1
64106	1	NPFFR1	2	0	2	GC_64106	1
64114	1	TMBIM1	2	0	2	GC_25953	4
64115	1	VSIR	3	0	3	GC_64072	5
64116	1	SLC39A8	4	1	3	GC_64116	3
64127	1	NOD2	26	5	21	GC_64127	1
64131	1	XYLT1	11	1	10	GC_64131	2
64132	1	XYLT2	9	1	8	GC_64132	1
64135	1	IFIH1	37	6	31	GC_64135	1
64137	1	ABCG4	1	0	1	GC_64137	1
64146	1	PDF	1	0	1	GC_64146	3
64167	1	ERAP2	1	0	1	GC_51752	2
64170	1	CARD9	6	0	6	GC_64170	1
64172	1	OSGEPL1	1	0	1	GC_64172	2
64175	1	P3H1	9	2	7	GC_64175	1
64207	1	IRF2BPL	6	1	5	GC_64207	1
64210	1	MMS19	1	0	1	GC_64210	1
64218	1	SEMA4A	6	0	6	GC_64218	1
64219	1	PJA1	3	0	3	GC_64219	1
64220	1	STRA6	10	1	9	GC_64220	1
64221	1	ROBO3	17	4	13	GC_64221	2
64240	1	ABCG5	9	2	7	GC_51626	2
64241	1	ABCG8	10	2	8	GC_64241	1
64283	1	ARHGEF28	16	0	16	GC_64283	1
64285	1	RHBDF1	1	0	1	GC_64285	1
64318	1	NOC3L	2	0	2	GC_51196	3
64321	1	SOX17	5	1	4	GC_64321	1
64324	1	NSD1	123	30	93	GC_64324	2
64326	1	COP1	2	0	2	GC_64326	1
64327	1	LMBR1	1	0	1	GC_64327	1
64344	1	HIF3A	1	0	1	GC_64344	1
64359	1	NXN	2	0	2	GC_64359	1
64374	1	SIL1	8	0	8	GC_64374	1
64395	1	GMCL1	1	0	1	GC_64395	1
64397	1	ZNF106	1	0	1	GC_64397	1
64398	1	PALS1	1	0	1	GC_384	7
64399	1	HHIP	1	0	1	GC_64399	1
64400	1	AKTIP	1	0	1	GC_64400	1
64405	1	CDH22	1	0	1	GC_64405	1
64412	1	GZF1	6	0	6	GC_64412	1
64418	1	TMEM168	1	0	1	GC_64418	1
64419	1	MTMR14	3	0	3	GC_64419	1
64420	1	SUSD1	2	0	2	GC_64420	1
64421	1	DCLRE1C	22	10	12	GC_64421	1
64423	1	INF2	69	13	56	GC_64423	1
64428	1	CIAO3	2	0	2	GC_64428	1
64446	1	DNAI2	10	1	9	GC_64446	1
64478	1	CSMD1	15	0	15	GC_64478	3
64499	1	TPSB2	2	0	2	GC_64499	1
64581	1	CLEC7A	3	0	3	GC_64581	1
64599	1	GIGYF1	1	0	1	GC_64599	1
64601	1	VPS16	1	0	1	GC_64601	1
64648	1	SPANXD	1	0	1	GC_64648	1
64651	1	CSRNP1	1	0	1	GC_64651	1
64682	1	ANAPC1	2	0	2	GC_64682	1
64689	1	GORASP1	2	0	2	GC_64689	1
64693	1	CTAGE1	3	0	3	GC_64693	1
64699	1	TMPRSS3	25	20	5	GC_64699	1
64753	1	CCDC136	4	0	4	GC_64753	1
64755	1	RUSF1	1	0	1	GC_6524	2
64757	1	MTARC1	2	0	2	GC_64757	1
64759	1	TNS3	4	0	4	GC_64759	1
64761	1	PARP12	1	0	1	GC_64761	1
64772	1	ENGASE	1	0	1	GC_64772	1
64777	1	RMND5B	3	0	3	GC_55651	2
64778	1	FNDC3B	1	0	1	GC_64778	1
64780	1	MICAL1	7	0	7	GC_64780	1
64781	1	CERK	1	0	1	GC_64781	1
64787	1	EPS8L2	3	0	3	GC_64787	1
64788	1	LMF1	35	2	33	GC_64788	3
64789	1	EXO5	5	0	5	GC_64789	1
64793	1	CEP85	1	0	1	GC_64793	1
64801	1	ARV1	4	0	4	GC_64801	2
64802	1	NMNAT1	12	11	1	GC_64802	1
64805	1	P2RY12	5	1	4	GC_64805	2
64806	1	IL25	2	0	2	GC_64806	1
64816	1	CYP3A43	2	0	2	GC_64816	1
64837	1	KLC2	3	0	3	GC_64837	2
64840	1	PORCN	8	1	7	GC_64840	1
64849	1	SLC13A3	4	0	4	GC_64849	1
64852	1	TUT1	2	0	2	GC_64852	1
64856	1	VWA1	4	0	4	GC_64856	1
64857	1	PLEKHG2	21	0	21	GC_10683	4
64858	1	DCLRE1B	3	0	3	GC_10717	4
64864	1	RFX7	9	2	7	GC_64864	1
64866	1	CDCP1	2	0	2	GC_64866	1
64897	1	C12orf43	4	1	3	GC_6927	2
64900	1	LPIN3	2	0	2	GC_64900	1
64902	1	AGXT2	2	0	2	GC_64902	1
64919	1	BCL11B	8	1	7	GC_64919	1
64921	1	CASD1	6	2	4	GC_8910	2
64924	1	SLC30A5	1	0	1	GC_64924	1
64926	1	RASAL3	2	0	2	GC_64926	1
64976	1	MRPL40	2	0	2	GC_64976	2
65010	1	SLC26A6	2	0	2	GC_65010	1
65018	1	PINK1	8	3	5	GC_65018	3
65055	1	REEP1	11	4	7	GC_65055	1
65057	1	ACD	3	0	3	GC_65057	1
65062	1	TMEM237	2	0	2	GC_65062	1
65065	1	NBEAL1	4	0	4	GC_65065	1
65072	1	CFLAR-AS1	1	0	1	GC_8837	2
65080	1	MRPL44	3	1	2	GC_65080	2
65082	1	VPS33A	5	0	5	GC_65082	1
65109	1	UPF3B	7	0	7	GC_65109	1
65121	1	PRAMEF1	1	0	1	GC_65121	1
65122	1	PRAMEF2	4	0	4	GC_65122	2
65125	1	WNK1	31	1	30	GC_65125	1
65217	1	PCDH15	32	2	30	GC_65217	1
65220	1	NADK	2	0	2	GC_65220	1
65243	1	ZFP69B	1	0	1	GC_65243	1
65244	1	SPATS2	1	0	1	GC_65244	1
65250	1	CPLANE1	38	13	25	GC_65250	2
65260	1	COA7	2	0	2	GC_65260	1
65266	1	WNK4	30	0	30	GC_65266	2
65267	1	WNK3	4	0	4	GC_65267	1
65268	1	WNK2	3	0	3	GC_65268	1
65981	1	CAPRIN2	1	0	1	GC_65981	1
65985	1	AACS	1	0	1	GC_65985	1
65992	1	DDRGK1	3	0	3	GC_65992	1
65993	1	MRPS34	4	0	4	GC_65993	3
66036	1	MTMR9	3	0	3	GC_66036	2
78987	1	CRELD1	11	0	11	GC_78987	1
78989	1	COLEC11	5	0	5	GC_78989	1
78996	1	CYREN	1	0	1	GC_78996	2
79001	1	VKORC1	1	0	1	GC_79001	1
79009	1	DDX50	1	0	1	GC_79009	1
79017	1	GGCT	1	0	1	GC_79017	1
79026	1	AHNAK	27	0	27	GC_79026	1
79027	1	ZNF655	1	0	1	GC_79027	1
79029	1	AFG2B	4	4	0	GC_79029	1
79042	1	TSEN34	3	0	3	GC_79042	1
79048	1	SECISBP2	3	0	3	GC_10507	2
79053	1	ALG8	8	2	6	GC_79053	1
79054	1	TRPM8	3	0	3	GC_79054	1
79068	1	FTO	5	0	5	GC_79068	1
79072	1	FASTKD3	1	0	1	GC_4552	2
79074	1	C2orf49	1	0	1	GC_2274	2
79081	1	LBHD1	7	0	7	GC_79081	2
79083	1	MLPH	15	1	14	GC_79083	1
79087	1	ALG12	7	3	4	GC_9889	2
79092	1	CARD14	24	2	22	GC_6448	5
79132	1	DHX58	1	0	1	GC_79132	1
79133	1	NDUFAF5	7	6	1	GC_79133	2
79135	1	APOO	1	0	1	GC_79135	1
79140	1	CCDC28B	2	0	2	GC_79140	1
79143	1	MBOAT7	1	0	1	GC_79143	1
79147	1	FKRP	27	25	2	GC_79147	1
79152	1	FA2H	12	8	4	GC_79152	2
79158	1	GNPTAB	26	19	7	GC_79158	1
79159	1	NOL12	1	0	1	GC_79159	1
79168	1	LILRA6	1	0	1	GC_79168	1
79178	1	THTPA	10	0	10	GC_79178	2
79188	1	TMEM43	14	1	13	GC_79188	1
79228	1	THOC6	4	4	0	GC_79228	1
79258	1	MMEL1	3	0	3	GC_79258	1
79345	1	OR51B2	1	0	1	GC_79345	1
79366	1	HMGN5	3	0	3	GC_79366	1
79369	1	B3GNT4	1	0	1	GC_56616	3
79400	1	NOX5	1	0	1	GC_79400	2
79411	1	GLB1L	1	0	1	GC_79411	1
79412	1	KREMEN2	1	0	1	GC_79412	1
79415	1	CYBC1	2	0	2	GC_79415	1
79442	1	LRRC2	4	0	4	GC_79442	2
79443	1	FYCO1	28	0	28	GC_79443	1
79444	1	BIRC7	2	0	2	GC_79444	1
79572	1	ATP13A3	5	1	4	GC_79572	1
79581	1	SLC52A2	10	8	2	GC_79581	1
79582	1	SPAG16	1	0	1	GC_79582	1
79583	1	TMEM231	13	3	10	GC_79583	2
79585	1	CORO7	1	0	1	GC_51025	3
79586	1	CHPF	1	0	1	GC_79586	2
79587	1	CARS2	11	1	10	GC_79587	2
79589	1	RNF128	1	0	1	GC_79589	1
79594	1	MUL1	1	0	1	GC_79594	1
79598	1	CEP97	3	0	3	GC_79598	1
79600	1	TCTN1	6	0	6	GC_79600	2
79603	1	CERS4	1	0	1	GC_79603	1
79605	1	PGBD5	1	0	1	GC_79605	1
79608	1	RIC3	2	0	2	GC_7275	2
79621	1	RNASEH2B	7	5	2	GC_79621	1
79623	1	GALNT14	2	0	2	GC_79623	1
79628	1	SH3TC2	18	9	9	GC_79628	1
79629	1	OCEL1	2	0	2	GC_79629	1
79631	1	EFL1	14	0	14	GC_79631	1
79633	1	FAT4	55	0	55	GC_79633	1
79641	1	ROGDI	3	0	3	GC_79641	1
79643	1	CHMP6	1	0	1	GC_79643	1
79644	1	SRD5A3	1	0	1	GC_79644	2
79648	1	MCPH1	24	1	23	GC_285	3
79649	1	MAP7D3	1	0	1	GC_79649	1
79650	1	USB1	3	1	2	GC_79650	1
79651	1	RHBDF2	13	1	12	GC_79651	1
79654	1	HECTD3	1	0	1	GC_79654	1
79658	1	ARHGAP10	1	0	1	GC_79658	1
79659	1	DYNC2H1	43	24	19	GC_79659	1
79661	1	NEIL1	3	0	3	GC_79661	1
79664	1	ICE2	2	0	2	GC_79664	1
79670	1	TUT7	1	0	1	GC_79670	1
79671	1	NLRX1	1	0	1	GC_79671	1
79674	1	VEPH1	3	0	3	GC_5806	2
79683	1	ZDHHC14	1	0	1	GC_79683	1
79689	1	STEAP4	2	0	2	GC_79689	1
79690	1	GAL3ST4	3	0	3	GC_79690	1
79695	1	GALNT12	9	0	9	GC_79695	1
79697	1	RIOX1	1	0	1	GC_10965	4
79705	1	LRRK1	18	0	18	GC_79705	3
79709	1	COLGALT1	3	0	3	GC_79709	2
79711	1	IPO4	2	0	2	GC_79711	1
79712	1	GTDC1	2	0	2	GC_79712	2
79714	1	CCDC51	2	0	2	GC_79714	2
79717	1	PPCS	1	1	0	GC_79717	2
79718	1	TBL1XR1	9	9	0	GC_79718	3
79719	1	AAGAB	3	0	3	GC_79719	1
79722	1	ANKRD55	2	0	2	GC_79722	1
79726	1	WDR59	3	0	3	GC_79726	1
79728	1	PALB2	20	6	14	GC_79728	1
79731	1	NARS2	8	1	7	GC_79731	1
79733	1	E2F8	3	0	3	GC_79733	2
79734	1	KCTD17	5	1	4	GC_79734	2
79738	1	BBS10	17	13	4	GC_79738	1
79740	1	ZBBX	3	0	3	GC_79740	1
79742	1	DIPK2B	1	0	1	GC_79742	1
79744	1	ZNF419	1	0	1	GC_79744	1
79751	1	SLC25A22	3	1	2	GC_79751	1
79753	1	SNIP1	2	0	2	GC_79753	2
79755	1	ZNF750	5	0	5	GC_6904	2
79767	1	ELMO3	2	0	2	GC_1874	2
79776	1	ZFHX4	12	0	12	GC_79776	1
79778	1	MICALL2	1	0	1	GC_79778	1
79780	1	CCDC82	1	0	1	GC_79780	1
79783	1	SUGCT	1	0	1	GC_79783	1
79784	1	MYH14	29	1	28	GC_79784	1
79789	1	CLMN	7	0	7	GC_79789	1
79791	1	FBXO31	2	1	1	GC_79791	1
79792	1	GSDMD	3	0	3	GC_79792	1
79796	1	ALG9	5	1	4	GC_79796	1
79797	1	ZNF408	5	2	3	GC_79797	1
79798	1	ARMC5	8	0	8	GC_79798	2
79800	1	CARF	3	0	3	GC_79800	1
79801	1	SHCBP1	1	0	1	GC_79801	1
79802	1	HHIPL2	1	0	1	GC_79802	1
79803	1	HPS6	4	1	3	GC_79803	1
79809	1	TTC21B	12	1	11	GC_79809	2
79813	1	EHMT1	100	8	92	GC_79813	2
79814	1	AGMAT	1	0	1	GC_79814	1
79822	1	ARHGAP28	1	0	1	GC_79822	1
79827	1	CLMP	1	0	1	GC_79827	1
79828	1	METTL8	1	1	0	GC_79828	2
79831	1	KDM8	1	0	1	GC_79831	1
79839	1	CCDC102B	5	0	5	GC_54495	2
79840	1	NHEJ1	4	0	4	GC_79840	2
79841	1	AGBL2	2	0	2	GC_79841	1
79846	1	CFAP69	5	0	5	GC_79846	1
79848	1	CSPP1	12	1	11	GC_10565	2
79853	1	TM4SF20	6	0	6	GC_79853	1
79856	1	SNX22	1	1	0	GC_5479	2
79861	1	TUBAL3	1	0	1	GC_79861	1
79867	1	TCTN2	3	1	2	GC_79867	1
79868	1	ALG13	35	1	34	GC_79868	1
79875	1	THSD4	5	0	5	GC_79875	1
79876	1	UBA5	3	1	2	GC_27031	4
79882	1	ZC3H14	2	0	2	GC_79882	2
79885	1	HDAC11	1	0	1	GC_79885	1
79891	1	ZNF671	1	0	1	GC_79891	1
79895	1	ATP8B4	1	0	1	GC_79895	1
79899	1	PRR5L	2	0	2	GC_79899	1
79901	1	CYBRD1	1	0	1	GC_79901	1
79902	1	NUP85	4	0	4	GC_79902	1
79903	1	NAA60	1	0	1	GC_79903	1
79905	1	TMC7	1	0	1	GC_79905	1
79908	1	BTNL8	1	0	1	GC_79908	1
79912	1	PYROXD1	3	1	2	GC_79912	1
79922	1	MRM1	1	0	1	GC_79922	1
79925	1	SPEF2	16	0	16	GC_79925	1
79932	1	KIAA0319L	3	0	3	GC_79932	1
79934	1	COQ8B	8	3	5	GC_79934	1
79944	1	L2HGDH	10	5	5	GC_27109	2
79947	1	DHDDS	11	10	1	GC_79947	1
79955	1	PDZD7	13	2	11	GC_79955	1
79960	1	JADE1	1	0	1	GC_79960	1
79971	1	WLS	2	2	0	GC_79971	2
79974	1	CPED1	1	0	1	GC_79974	1
79977	1	GRHL2	3	0	3	GC_79977	1
79983	1	POF1B	5	0	5	GC_79983	1
79989	1	IFT56	1	1	0	GC_79989	1
79991	1	STN1	3	0	3	GC_79991	1
80000	1	GREB1L	8	0	8	GC_80000	2
80004	1	ESRP2	1	0	1	GC_80004	1
80005	1	DOCK5	3	0	3	GC_80005	1
80010	1	RMI1	1	0	1	GC_80010	1
80018	1	NAA25	1	0	1	GC_80018	1
80023	1	NRSN2	1	0	1	GC_80023	1
80025	1	PANK2	20	15	5	GC_80025	4
80036	1	TRPM3	5	4	1	GC_80036	2
80055	1	PGAP1	4	0	4	GC_80055	1
80067	1	DCAF17	2	1	1	GC_79828	2
80070	1	ADAMTS20	1	0	1	GC_80070	1
80086	1	TUBA4B	1	1	0	GC_7277	3
80097	1	MZT2B	4	0	4	GC_80097	2
80099	1	PKD1L1-AS1	7	0	7	GC_80099	2
80114	1	BICC1	9	0	9	GC_80114	1
80119	1	PIF1	5	0	5	GC_80119	1
80125	1	CCDC33	1	0	1	GC_80125	1
80127	1	BBOF1	3	0	3	GC_4329	2
80131	1	LRRC8E	2	0	2	GC_80131	1
80142	1	PTGES2	1	0	1	GC_80142	1
80144	1	FRAS1	50	1	49	GC_80144	2
80149	1	ZC3H12A	2	0	2	GC_80149	1
80150	1	ASRGL1	2	0	2	GC_80150	1
80152	1	CENPT	1	0	1	GC_80152	1
80155	1	NAA15	2	1	1	GC_80155	1
80157	1	CWH43	3	0	3	GC_80157	1
80168	1	MOGAT2	1	0	1	GC_80168	1
80169	1	CTC1	20	7	13	GC_5198	2
80173	1	IFT74	7	1	6	GC_80173	1
80179	1	MYO19	5	0	5	GC_80179	2
80184	1	CEP290	22	10	12	GC_80184	1
80185	1	TTI2	4	0	4	GC_80185	1
80196	1	RNF34	1	0	1	GC_80196	3
80198	1	MUS81	1	0	1	GC_80198	1
80199	1	FUZ	3	0	3	GC_80199	1
80201	1	HKDC1	2	1	1	GC_80201	2
80204	1	FBXO11	12	6	6	GC_2956	3
80206	1	FHOD3	15	1	14	GC_80206	1
80207	1	OPA3	3	2	1	GC_80207	2
80208	1	SPG11	21	6	15	GC_80208	1
80209	1	PROSER1	1	0	1	GC_80209	1
80210	1	ARMC9	16	1	15	GC_80210	2
80216	1	ALPK1	21	1	20	GC_80216	1
80217	1	CFAP43	5	0	5	GC_80217	1
80221	1	ACSF2	2	0	2	GC_1101	2
80222	1	TARS2	7	0	7	GC_80222	1
80223	1	RAB11FIP1	2	0	2	GC_80223	1
80224	1	NUBPL	1	1	0	GC_80224	1
80232	1	WDR26	2	1	1	GC_80232	1
80243	1	PREX2	2	0	2	GC_80243	1
80254	1	CEP63	6	0	6	GC_80254	2
80255	1	SLC35F5	1	0	1	GC_80255	1
80258	1	EFHC2	2	0	2	GC_80258	1
80270	1	HSD3B7	6	1	5	GC_80270	1
80274	1	SCUBE1	1	0	1	GC_80274	1
80298	1	MTERF2	3	0	3	GC_80298	1
80308	1	FLAD1	5	1	4	GC_80308	1
80309	1	SPHKAP	2	0	2	GC_80309	1
80310	1	PDGFD	1	0	1	GC_80310	2
80312	1	TET1	7	0	7	GC_80312	1
80313	1	LRRC27	1	0	1	GC_80313	2
80324	1	PUS1	5	1	4	GC_80324	3
80326	1	WNT10A	17	13	4	GC_80326	2
80331	1	DNAJC5	1	1	0	GC_80331	1
80332	1	ADAM33	4	0	4	GC_80332	1
80339	1	PNPLA3	6	0	6	GC_80339	1
80344	1	DCAF11	1	0	1	GC_80344	1
80347	1	COASY	6	2	4	GC_80347	1
80704	1	SLC19A3	11	6	5	GC_80704	1
80709	1	AKNA	3	0	3	GC_80709	1
80712	1	ESX1	2	0	2	GC_80712	1
80726	1	IQCN	1	0	1	GC_80726	1
80736	1	SLC44A4	9	0	9	GC_10919	3
80739	1	MPIG6B	2	0	2	GC_80739	1
80746	1	TSEN2	3	0	3	GC_80746	1
80760	1	ITIH5	1	0	1	GC_80760	1
80776	1	B9D2	3	2	1	GC_80776	1
80781	1	COL18A1	42	0	42	GC_6573	2
80816	1	ASXL3	63	0	63	GC_80816	1
80821	1	DDHD1	3	0	3	GC_80821	1
80831	1	APOL5	1	0	1	GC_80831	1
80833	1	APOL3	7	0	7	GC_80833	1
80834	1	TAS1R2	1	0	1	GC_80834	1
80835	1	TAS1R1	4	0	4	GC_80835	1
80856	1	LNPK	1	0	1	GC_80856	1
80975	1	TMPRSS5	7	0	7	GC_80975	2
81025	1	GJA9	2	0	2	GC_81025	3
81027	1	TUBB1	9	2	7	GC_81027	1
81030	1	ZBP1	2	0	2	GC_81030	1
81031	1	SLC2A10	21	10	11	GC_81031	1
81034	1	SLC25A32	2	0	2	GC_81034	1
81035	1	COLEC12	1	0	1	GC_81035	1
81050	1	OR5AC2	1	0	1	GC_81050	1
81469	1	OR2G3	2	0	2	GC_81469	2
81488	1	POLR2M	2	0	2	GC_81488	2
81494	1	CFHR5	13	0	13	GC_81494	1
81501	1	DCSTAMP	1	0	1	GC_81501	1
81545	1	FBXO38	11	0	11	GC_81545	1
81570	1	CLPB	15	2	13	GC_81570	3
81603	1	TRIM8	7	0	7	GC_81603	1
81607	1	NECTIN4	4	0	4	GC_81607	1
81609	1	SNX27	1	0	1	GC_81609	1
81615	1	TMEM163	1	1	0	GC_81615	1
81616	1	ACSBG2	1	0	1	GC_81616	2
81620	1	CDT1	13	1	12	GC_81620	2
81621	1	KAZALD1	2	0	2	GC_81621	1
81622	1	UNC93B1	8	0	8	GC_81622	1
81624	1	DIAPH3	12	0	12	GC_81624	2
81693	1	AMN	5	1	4	GC_81693	1
81704	1	DOCK8	20	1	19	GC_81704	2
81790	1	RNF170	3	2	1	GC_81790	1
81792	1	ADAMTS12	6	0	6	GC_81792	2
81793	1	TLR10	1	0	1	GC_81793	1
81794	1	ADAMTS10	16	0	16	GC_81794	1
81796	1	SLCO5A1	13	0	13	GC_81796	1
81831	1	NETO2	1	0	1	GC_81831	1
81832	1	NETO1	1	0	1	GC_81832	1
81839	1	VANGL1	4	0	4	GC_81839	1
81846	1	SBF2	6	0	6	GC_81846	4
81848	1	SPRY4	2	0	2	GC_81848	1
81857	1	MED25	5	1	4	GC_81857	1
81858	1	SHARPIN	3	0	3	GC_81858	2
81887	1	LAS1L	2	2	0	GC_81887	1
81888	1	HYI	3	0	3	GC_23334	3
81931	1	ZNF93	1	0	1	GC_81931	1
83394	1	PITPNM3	7	0	7	GC_83394	1
83416	1	FCRL5	4	0	4	GC_83416	1
83417	1	FCRL4	2	0	2	GC_83417	2
83439	1	TCF7L1	1	0	1	GC_83439	1
83449	1	PMFBP1	2	0	2	GC_83449	1
83452	1	RAB33B	1	0	1	GC_83452	1
83461	1	CDCA3	1	0	1	GC_2784	2
83473	1	KATNAL2	2	0	2	GC_83473	1
83478	1	ARHGAP24	6	0	6	GC_83478	1
83479	1	DDX59	8	1	7	GC_83479	1
83480	1	PUS3	12	2	10	GC_29118	3
83481	1	EPPK1	1	0	1	GC_83481	1
83483	1	PLVAP	5	0	5	GC_83483	1
83538	1	ODAD4	1	0	1	GC_83538	1
83541	1	FAM110A	1	0	1	GC_83541	1
83550	1	GPR101	6	0	6	GC_83550	1
83552	1	MFRP	10	4	6	GC_83552	2
83592	1	AKR1E2	3	0	3	GC_83592	1
83605	1	CCM2	5	1	4	GC_83605	2
83607	1	AMMECR1L	1	0	1	GC_83607	1
83636	1	C19orf12	6	4	2	GC_83636	1
83641	1	FAM107B	1	0	1	GC_83641	1
83660	1	TLN2	4	0	4	GC_83660	1
83666	1	PARP9	2	0	2	GC_83666	1
83667	1	SESN2	3	0	3	GC_83667	1
83692	1	CD99L2	1	0	1	GC_83692	1
83695	1	RHNO1	1	0	1	GC_83695	1
83696	1	TRAPPC9	7	0	7	GC_83696	1
83700	1	JAM3	2	0	2	GC_83700	1
83706	1	FERMT3	4	0	4	GC_83706	1
83715	1	ESPN	17	0	17	GC_83715	1
83716	1	CRISPLD2	4	0	4	GC_83716	2
83743	1	GRWD1	1	0	1	GC_83743	1
83746	1	L3MBTL2	1	0	1	GC_83746	2
83752	1	LONP2	1	1	0	GC_6477	2
83756	1	TAS1R3	3	0	3	GC_83756	1
83844	1	USP26	3	0	3	GC_83844	1
83852	1	SETDB2	2	0	2	GC_83852	2
83856	1	FSD1L	2	0	2	GC_83856	1
83858	1	ATAD3B	3	0	3	GC_83858	1
83860	1	TAF3	1	0	1	GC_83860	1
83861	1	RSPH3	15	0	15	GC_83861	1
83872	1	HMCN1	65	0	65	GC_83872	2
83874	1	TBC1D10A	1	0	1	GC_83874	1
83882	1	TSPAN10	1	0	1	GC_83882	1
83889	1	WDR87	31	0	31	GC_83889	1
83893	1	SPATA16	7	0	7	GC_83893	1
83900	1	KRTAP9-3	1	0	1	GC_83900	1
83932	1	SPRTN	2	0	2	GC_83932	1
83937	1	RASSF4	4	0	4	GC_11067	2
83938	1	LRMDA	2	0	2	GC_83938	1
83943	1	IMMP2L	1	0	1	GC_54674	2
83959	1	SLC4A11	19	15	4	GC_83959	1
83986	1	FAM234A	2	0	2	GC_83986	1
83987	1	CCDC8	12	0	12	GC_83987	1
83990	1	BRIP1	12	6	6	GC_83990	1
83992	1	CTTNBP2	1	0	1	GC_83992	1
83998	1	REG4	1	0	1	GC_83998	1
83999	1	KREMEN1	7	0	7	GC_83999	1
84033	1	OBSCN	128	0	128	GC_84033	2
84034	1	EMILIN2	5	0	5	GC_84034	1
84059	1	ADGRV1	110	5	105	GC_84059	1
84060	1	RBM48	1	0	1	GC_5189	6
84061	1	MAGT1	2	0	2	GC_84061	1
84062	1	DTNBP1	6	0	6	GC_84062	1
84063	1	KIRREL2	4	1	3	GC_4868	2
84068	1	SLC10A7	5	0	5	GC_84068	1
84069	1	PLEKHN1	4	0	4	GC_84069	2
84070	1	FAM186B	14	0	14	GC_84070	1
84072	1	HORMAD1	1	0	1	GC_84072	1
84075	1	FSCB	1	0	1	GC_84075	1
84083	1	ZRANB3	1	0	1	GC_84083	1
84100	1	ARL6	7	6	1	GC_84100	1
84101	1	USP44	2	0	2	GC_84101	1
84106	1	PRAM1	4	0	4	GC_84106	1
84107	1	ZIC4	2	0	2	GC_84107	1
84126	1	ATRIP	10	2	8	GC_11277	3
84131	1	CEP78	8	3	5	GC_84131	1
84140	1	FAM161A	6	1	5	GC_84140	1
84142	1	ABRAXAS1	8	0	8	GC_84142	1
84144	1	SYDE2	3	0	3	GC_84144	1
84146	1	ZNF644	6	0	6	GC_84146	1
84148	1	KAT8	1	1	0	GC_84148	1
84152	1	PPP1R1B	1	0	1	GC_84152	1
84153	1	RNASEH2C	1	1	0	GC_84153	1
84162	1	BLTP1	1	0	1	GC_84162	1
84168	1	ANTXR1	2	0	2	GC_84168	1
84172	1	POLR1B	2	0	2	GC_84172	1
84173	1	ELMOD3	10	0	10	GC_84173	1
84174	1	SLA2	2	0	2	GC_84174	1
84181	1	CHD6	4	0	4	GC_84181	1
84188	1	FAR1	4	3	1	GC_84188	1
84189	1	SLITRK6	4	0	4	GC_84189	1
84197	1	POMK	5	0	5	GC_84197	1
84221	1	SPATC1L	4	0	4	GC_84221	1
84223	1	DRC9	2	0	2	GC_6165	2
84224	1	NBPF3	1	0	1	GC_84224	1
84225	1	ZMYND15	1	0	1	GC_84225	1
84230	1	LRRC8C	1	0	1	GC_84230	1
84231	1	TRAF7	7	6	1	GC_84231	1
84233	1	TMEM126A	3	0	3	GC_84233	1
84239	1	ATP13A4	5	0	5	GC_84239	1
84245	1	MRI1	3	0	3	GC_84245	1
84255	1	SLC37A3	1	0	1	GC_84255	1
84256	1	FLYWCH1	1	0	1	GC_84256	1
84263	1	HSDL2	1	0	1	GC_84263	1
84268	1	RPAIN	1	0	1	GC_84268	1
84276	1	NICN1	1	1	0	GC_275	2
84277	1	DNAJC30	2	1	1	GC_84277	2
84281	2	AKAP19|C2orf88	5	0	5	GC_2660	2
84282	1	RNF135	7	0	7	GC_84282	1
84283	1	TMEM79	1	0	1	GC_23381	2
84286	1	TMEM175	2	0	2	GC_84286	1
84294	1	UTP23	2	0	2	GC_84294	1
84295	1	PHF6	4	2	2	GC_84295	1
84300	1	UQCC2	3	0	3	GC_84300	1
84313	1	VPS25	1	0	1	GC_84313	1
84316	1	NAA38	1	0	1	GC_1107	3
84317	1	VMA22	2	1	1	GC_84317	1
84320	1	ACBD6	3	0	3	GC_84320	3
84334	1	COA8	7	0	7	GC_84334	1
84340	1	GFM2	15	0	15	GC_84340	1
84342	1	COG8	9	1	8	GC_64146	3
84343	1	HPS3	9	2	7	GC_1356	2
84366	1	PRAC1	1	0	1	GC_84366	2
84417	1	ECRG4	1	0	1	GC_84417	1
84433	1	CARD11	20	4	16	GC_84433	2
84435	1	ADGRA1	1	0	1	GC_84435	1
84436	1	ZNF528	2	0	2	GC_84436	1
84441	1	MAML2	1	0	1	GC_84441	1
84444	1	DOT1L	1	0	1	GC_84444	1
84447	1	SYVN1	1	0	1	GC_84447	1
84455	1	EFCAB7	2	0	2	GC_84455	1
84461	1	NEURL4	2	0	2	GC_84461	1
84464	1	SLX4	32	0	32	GC_84464	1
84466	1	MEGF10	3	1	2	GC_84466	1
84467	1	FBN3	54	0	54	GC_84467	1
84504	1	NKX6-2	3	1	2	GC_84504	1
84515	1	MCM8	7	0	7	GC_84515	1
84522	1	JAGN1	3	0	3	GC_84522	1
84524	1	ZC3H8	2	0	2	GC_84524	2
84527	1	ZNF559	1	0	1	GC_84527	2
84529	1	CDIN1	3	0	3	GC_84529	1
84532	1	ACSS1	1	0	1	GC_84532	1
84545	1	MRPL43	1	0	1	GC_57715	2
84547	1	PGBD1	1	0	1	GC_84547	1
84570	1	COL25A1	1	0	1	GC_84570	1
84572	1	GNPTG	5	1	4	GC_84572	1
84612	1	PARD6B	1	0	1	GC_84612	1
84616	1	KRTAP4-4	1	0	1	GC_84616	1
84618	1	NT5C1A	1	0	1	GC_84618	1
84623	1	KIRREL3	3	0	3	GC_84623	2
84624	1	FNDC1	1	0	1	GC_84624	1
84627	1	ZNF469	96	0	96	GC_84627	3
84628	1	NTNG2	2	0	2	GC_84628	1
84629	1	TNRC18	2	0	2	GC_84629	1
84630	1	TTBK1	1	0	1	GC_84630	1
84632	1	AFAP1L2	6	0	6	GC_84632	2
84634	1	KISS1R	4	1	3	GC_84634	1
84643	1	KIF2B	1	0	1	GC_84643	1
84649	1	DGAT2	2	0	2	GC_84649	1
84662	1	GLIS2	6	0	6	GC_84662	1
84665	1	MYPN	20	0	20	GC_84665	1
84668	1	HYCC1	7	0	7	GC_84668	1
84674	1	CARD6	4	0	4	GC_84674	1
84676	1	TRIM63	1	0	1	GC_84676	1
84678	1	KDM2B	5	2	3	GC_80196	3
84679	1	SLC9A7	2	1	1	GC_84679	1
84680	1	ACCS	1	0	1	GC_84680	1
84687	1	PPP1R9B	1	0	1	GC_84687	1
84690	1	SPATA22	39	35	4	GC_443	2
84693	1	MCEE	3	0	3	GC_84693	1
84695	1	LOXL3	8	0	8	GC_550	4
84699	1	CREB3L3	4	0	4	GC_84699	2
84700	1	MYO18B	32	0	32	GC_84700	2
84701	1	COX4I2	2	0	2	GC_84701	1
84705	1	GTPBP3	9	0	9	GC_57719	3
84706	1	GPT2	2	0	2	GC_84706	1
84707	1	BEX2	1	0	1	GC_84707	1
84720	1	PIGO	9	2	7	GC_84720	1
84726	1	PRRC2B	3	0	3	GC_84726	1
84733	1	CBX2	5	0	5	GC_84733	1
84735	1	CNDP1	5	0	5	GC_84735	1
84767	1	TRIM51	1	0	1	GC_84767	1
84769	1	MPV17L2	1	0	1	GC_84769	1
84775	1	ZNF607	1	0	1	GC_84775	1
84803	1	GPAT3	1	0	1	GC_84803	1
84804	1	MFSD9	3	0	3	GC_84804	1
84811	1	BUD13	1	0	1	GC_84811	1
84816	1	RTN4IP1	3	1	2	GC_84816	1
84817	1	TXNDC17	1	0	1	GC_84817	1
84818	1	IL17RC	14	0	14	GC_84818	1
84823	1	LMNB2	8	1	7	GC_84823	2
84824	1	FCRLA	2	0	2	GC_84824	1
84839	1	RAX2	2	1	1	GC_84839	1
84842	1	HPDL	4	4	0	GC_84842	3
84852	1	ATP1A1-AS1	8	5	3	GC_476	2
84868	1	HAVCR2	2	0	2	GC_84868	1
84873	1	ADGRG7	2	0	2	GC_84873	1
84875	1	PARP10	3	0	3	GC_84875	1
84879	1	MFSD2A	1	0	1	GC_84879	1
84888	1	SPPL2A	6	0	6	GC_84888	2
84891	1	ZSCAN10	2	0	2	GC_84891	1
84892	1	POMGNT2	7	1	6	GC_84892	1
84898	1	PLXDC2	2	0	2	GC_84898	1
84902	1	CEP89	9	0	9	GC_84902	1
84905	1	ZNF341	9	0	9	GC_84905	2
84909	1	AOPEP	6	1	5	GC_2176	2
84914	1	ZNF587	3	0	3	GC_84914	1
84916	1	UTP4	3	0	3	GC_84916	1
84919	1	PPP1R15B	6	0	6	GC_84919	1
84920	1	ALG10	1	0	1	GC_84920	1
84930	1	MASTL	10	0	10	GC_84930	3
84939	1	PWWP3A	1	0	1	GC_84939	1
84942	1	WDR73	5	1	4	GC_84942	1
84944	1	MAEL	1	0	1	GC_84944	1
84947	1	SERAC1	8	1	7	GC_84947	1
84951	1	TNS4	1	0	1	GC_84951	1
84952	1	CGNL1	1	0	1	GC_84952	1
84959	1	UBASH3B	2	0	2	GC_84959	1
84966	1	IGSF21	2	0	2	GC_84966	1
84969	1	TOX2	1	0	1	GC_84969	1
84976	1	DISP1	14	0	14	GC_84976	1
84978	1	FRMD5	2	0	2	GC_84978	1
84989	1	JMJD1C-AS1	1	0	1	GC_84989	2
84992	1	PIGY	1	0	1	GC_84992	2
85003	1	BFSP2-AS1	2	0	2	GC_8419	2
85015	1	USP45	2	0	2	GC_85015	1
85016	1	CFAP300	2	1	1	GC_85016	1
85021	1	REPS1	2	0	2	GC_85021	1
85301	1	COL27A1	38	1	37	GC_85301	2
85320	1	ABCC11	6	0	6	GC_85320	1
85358	1	SHANK3	23	1	22	GC_85358	1
85363	1	TRIM5	3	0	3	GC_10346	3
85365	1	ALG2	5	0	5	GC_85365	1
85366	1	MYLK2	5	0	5	GC_85366	1
85378	1	TUBGCP6	27	0	27	GC_85378	1
85406	1	DNAJC14	1	0	1	GC_85406	1
85409	1	NKD2	4	0	4	GC_85409	1
85415	1	RHPN2	4	0	4	GC_85415	1
85416	1	ZIC5	1	0	1	GC_85416	1
85417	1	CCNB3	3	0	3	GC_85417	1
85438	1	CABS1	1	0	1	GC_85438	1
85440	1	DOCK7	9	0	9	GC_27329	2
85441	1	HELZ2	4	0	4	GC_85441	1
85442	1	KNDC1	2	0	2	GC_85442	1
85444	1	LRRCC1	9	0	9	GC_85444	1
85446	1	ZFHX2	10	0	10	GC_79178	2
85449	1	KIAA1755	1	0	1	GC_85449	1
85452	1	CFAP74	2	0	2	GC_85452	1
85458	1	DIXDC1	1	0	1	GC_85458	1
85459	1	CEP295	8	0	8	GC_85459	1
85460	1	ZNF518B	1	0	1	GC_85460	1
85461	1	TANC1	4	0	4	GC_85461	1
85462	1	FHDC1	4	0	4	GC_85462	1
85464	1	SSH2	2	0	2	GC_85464	1
85476	1	GFM1	22	8	14	GC_56925	2
85478	1	DRC2	9	0	9	GC_85478	1
87178	1	PNPT1	10	4	6	GC_87178	2
89765	1	RSPH1	5	0	5	GC_89765	1
89780	1	WNT3A	1	0	1	GC_89780	1
89781	1	HPS4	15	0	15	GC_89781	1
89790	1	SIGLEC10	2	0	2	GC_89790	2
89792	1	GAL3ST3	1	0	1	GC_89792	1
89795	1	NAV3	2	0	2	GC_89795	1
89796	1	NAV1	1	0	1	GC_89796	1
89849	1	ATG16L2	2	0	2	GC_9873	2
89866	1	SEC16B	5	0	5	GC_89866	2
89869	1	PLCZ1	1	0	1	GC_5288	2
89874	1	SLC25A21	5	0	5	GC_89874	1
89884	1	LHX4	3	0	3	GC_84320	3
89885	1	FATE1	1	0	1	GC_89885	1
89886	1	SLAMF9	4	0	4	GC_89886	1
89891	1	DYNC2I2	8	3	5	GC_89891	2
89910	1	UBE3B	5	1	4	GC_89910	1
89932	1	PAPLN	2	0	2	GC_89932	1
89941	1	RHOT2	1	0	1	GC_89941	1
89944	1	GLB1L2	1	0	1	GC_89944	2
89970	1	RSPRY1	1	0	1	GC_89970	1
89978	1	DPH6	1	0	1	GC_89978	1
90019	1	SYT8	2	0	2	GC_90019	1
90102	1	PHLDB2	5	0	5	GC_90102	1
90121	1	TSR2	3	0	3	GC_2245	2
90139	1	TSPAN18	1	0	1	GC_90139	1
90161	1	HS6ST2	1	0	1	GC_90161	1
90167	1	FRMD7	13	7	6	GC_90167	1
90268	1	OTULIN	6	0	6	GC_56172	3
90332	1	EXOC3L2	5	0	5	GC_90332	2
90342	1	FER1L5	1	0	1	GC_90342	1
90381	1	TICRR	3	0	3	GC_90381	3
90390	1	MED30	1	0	1	GC_90390	1
90411	1	MCFD2	1	0	1	GC_57217	3
90523	1	MLIP	1	0	1	GC_90523	1
90527	1	DUOXA1	3	0	3	GC_50506	3
90529	1	STPG1	3	0	3	GC_57822	2
90624	1	LYRM7	3	1	2	GC_90624	1
90627	1	STARD13	3	0	3	GC_90627	1
90678	1	LRSAM1	11	3	8	GC_90678	1
90853	1	SPOCD1	1	0	1	GC_90853	1
90865	1	IL33	2	0	2	GC_90865	1
90993	1	CREB3L1	8	0	8	GC_90993	1
91039	1	DPP9	4	0	4	GC_91039	2
91137	1	SLC25A46	7	1	6	GC_91137	1
91147	1	TMEM67	27	21	6	GC_91147	1
91151	1	TIGD7	1	0	1	GC_10127	2
91179	1	SCARF2	7	0	7	GC_91179	1
91252	1	SLC39A13	6	0	6	GC_91252	1
91442	1	FAAP24	2	0	2	GC_91442	1
91452	1	ACBD5	6	0	6	GC_84930	3
91461	1	PKDCC	4	1	3	GC_91461	1
91464	1	ISX	1	0	1	GC_91464	1
91543	1	RSAD2	1	0	1	GC_91543	1
91574	1	MTRFR	1	0	1	GC_91574	1
91584	1	PLXNA4	5	0	5	GC_91584	1
91607	1	SLFN11	1	0	1	GC_91607	1
91612	1	CHURC1	2	0	2	GC_91612	2
91614	1	DEPDC7	1	0	1	GC_91614	1
91624	1	NEXN	5	0	5	GC_91624	1
91647	1	ATPAF2	3	0	3	GC_91647	1
91653	1	BOC	3	0	3	GC_91653	1
91662	1	NLRP12	18	1	17	GC_91662	1
91664	1	ZNF845	1	0	1	GC_91664	1
91752	1	ZNF804A	4	0	4	GC_91752	1
91754	1	NEK9	8	0	8	GC_91754	1
91801	1	ALKBH8	2	0	2	GC_91801	1
91807	1	MYLK3	6	0	6	GC_91807	1
91828	1	EXOC3L4	2	0	2	GC_91828	1
91851	1	CHRDL1	2	0	2	GC_91851	1
91869	1	RFT1	8	3	5	GC_91869	1
91942	1	NDUFAF2	1	1	0	GC_91942	1
91947	1	ARRDC4	1	0	1	GC_91947	1
91949	1	COG7	4	1	3	GC_91949	1
91978	1	TPGS1	1	0	1	GC_91978	1
92002	1	CCNQ	3	0	3	GC_92002	2
92086	1	GGTLC1	1	0	1	GC_92086	1
92126	1	DSEL	2	0	2	GC_92126	1
92129	1	RIPPLY1	1	0	1	GC_9075	2
92140	1	MTDH	1	0	1	GC_92140	1
92154	1	MTSS2	2	1	1	GC_92154	1
92211	1	CDHR1	6	0	6	GC_92211	1
92235	1	STYXL2	1	0	1	GC_92235	1
92255	1	LMBRD2	2	1	1	GC_92255	1
92335	1	STRADA	3	0	3	GC_92335	2
92344	1	GORAB	3	0	3	GC_92344	1
92345	1	NAF1	7	0	7	GC_92345	1
92346	1	C1orf105	2	0	2	GC_5279	2
92421	1	CHMP4C	1	0	1	GC_92421	1
92482	1	BBIP1	1	0	1	GC_92482	1
92565	1	FANK1	1	0	1	GC_92565	1
92579	1	G6PC3	19	6	13	GC_92579	2
92609	1	TIMM50	4	1	3	GC_92609	1
92667	1	MGME1	6	0	6	GC_92667	2
92736	1	OTOP2	2	0	2	GC_92736	1
92737	1	DNER	1	0	1	GC_92737	1
92745	1	SLC38A5	1	0	1	GC_92745	1
92747	1	BPIFB1	3	0	3	GC_92747	1
92749	1	DRC1	13	0	13	GC_92749	1
92797	1	HELB	4	0	4	GC_92797	1
92822	1	ZNF276	25	7	18	GC_2175	5
92840	1	REEP6	4	1	3	GC_92840	2
92935	1	MARS2	4	0	4	GC_92935	1
92949	1	ADAMTSL1	1	0	1	GC_92949	1
93034	1	NT5C1B	2	0	2	GC_93034	2
93035	1	PKHD1L1	4	0	4	GC_93035	1
93107	1	KCNG4	2	0	2	GC_93107	1
93145	1	OLFM2	2	0	2	GC_93145	1
93183	1	PIGM	3	1	2	GC_93183	1
93210	1	PGAP3	9	6	3	GC_93210	1
93233	1	ODAD1	23	1	22	GC_93233	1
93323	1	HAUS8	1	0	1	GC_93323	2
93377	1	OPALIN	1	0	1	GC_93377	1
93426	1	SYCE1	3	0	3	GC_93426	1
93587	1	TRMT10A	2	1	1	GC_93587	1
93589	1	CACNA2D4	16	0	16	GC_93589	1
93627	1	TBCK	10	0	10	GC_93627	1
93649	1	MYOCD	3	0	3	GC_93649	1
93650	1	ACP4	2	1	1	GC_93650	1
93664	1	CADPS2	4	0	4	GC_93664	1
93953	1	GCNA	1	0	1	GC_93953	1
93986	1	FOXP2	4	1	3	GC_93986	1
94005	1	PIGS	5	0	5	GC_94005	1
94025	1	MUC16	31	0	31	GC_94025	2
94056	1	SYAP1	1	0	1	GC_94056	1
94122	1	SYTL5	1	0	1	GC_94122	1
94137	1	RP1L1	97	2	95	GC_94137	1
94160	1	ABCC12	2	0	2	GC_94160	1
94233	1	OPN4	1	0	1	GC_94233	1
94240	1	EPSTI1	1	0	1	GC_94240	1
95681	1	CEP41	3	0	3	GC_95681	1
96459	1	FNIP1	7	0	7	GC_96459	1
96764	1	TGS1	8	0	8	GC_96764	1
112398	1	EGLN2	2	0	2	GC_112398	2
112399	1	EGLN3	1	0	1	GC_112399	1
112476	1	PRRT2	12	3	9	GC_112476	2
112574	1	SNX18	1	0	1	GC_112574	1
112609	1	MRAP2	1	0	1	GC_112609	1
112714	1	TUBA3E	4	0	4	GC_80097	2
112744	1	IL17F	3	0	3	GC_112744	1
112752	1	IFT43	2	0	2	GC_112752	1
112770	1	GLMP	1	0	1	GC_112770	1
112802	1	KRT71	10	0	10	GC_112802	1
112812	1	FDX2	3	0	3	GC_112812	2
112817	1	HOGA1	29	26	3	GC_112817	1
112858	1	TP53RK	5	0	5	GC_112858	3
112939	1	NACC1	8	1	7	GC_112939	1
113130	1	CDCA5	2	0	2	GC_113130	1
113146	1	AHNAK2	29	0	29	GC_113146	1
113178	1	SCAMP4	3	1	2	GC_113178	2
113179	1	ADAT3	3	1	2	GC_113178	2
113189	1	CHST14	5	2	3	GC_113189	2
113201	1	GOLM2	1	0	1	GC_113201	1
113220	1	KIF12	6	1	5	GC_113220	1
113235	1	SLC46A1	3	0	3	GC_23098	2
113246	1	C12orf57	2	2	0	GC_113246	1
113277	1	TMEM106A	1	0	1	GC_113277	1
113278	1	SLC52A3	9	1	8	GC_113278	1
113451	1	AZIN2	2	0	2	GC_55223	3
113457	1	TUBA3D	1	0	1	GC_113457	2
113510	1	HELQ	2	0	2	GC_113510	2
113612	1	CYP2U1	8	4	4	GC_113612	3
113802	1	HENMT1	2	0	2	GC_113802	1
114034	1	TOE1	5	0	5	GC_4595	2
114044	1	MCM3AP-AS1	7	0	7	GC_8888	3
114132	1	SIGLEC11	5	0	5	GC_114132	1
114294	1	LACTB	2	0	2	GC_114294	2
114327	1	EFHC1	13	0	13	GC_114327	1
114336	1	CGB2	1	0	1	GC_114336	1
114548	1	NLRP3	23	17	6	GC_114548	1
114609	1	TIRAP	1	0	1	GC_114609	1
114625	1	ERMAP	1	0	1	GC_114625	1
114757	1	CYGB	2	1	1	GC_114757	2
114770	1	PGLYRP2	1	0	1	GC_114770	1
114771	1	PGLYRP3	2	0	2	GC_114771	1
114785	1	MBD6	2	0	2	GC_114785	1
114788	1	CSMD3	3	0	3	GC_114788	1
114791	1	TUBGCP5	1	0	1	GC_114791	1
114793	1	FMNL2	3	0	3	GC_114793	2
114794	1	ELFN2	2	0	2	GC_114794	1
114795	1	TMEM132B	1	0	1	GC_114795	1
114798	1	SLITRK1	1	0	1	GC_114798	1
114803	1	MYSM1	7	0	7	GC_114803	1
114804	1	RNF157	1	0	1	GC_114804	1
114815	1	SORCS1	2	0	2	GC_114815	1
114826	1	SMYD4	1	0	1	GC_114826	1
114879	1	OSBPL5	3	0	3	GC_114879	1
114902	1	C1QTNF5	10	4	6	GC_83552	2
114907	1	FBXO32	1	0	1	GC_114907	1
114928	1	GPRASP2	2	0	2	GC_114928	2
115019	1	SLC26A9	2	0	2	GC_115019	1
115111	1	SLC26A7	1	0	1	GC_115111	1
115201	1	ATG4A	1	0	1	GC_115201	1
115209	1	OMA1	6	0	6	GC_1600	2
115286	1	SLC25A26	3	0	3	GC_115286	1
115352	1	FCRL3	3	0	3	GC_115352	2
115362	1	GBP5	2	0	2	GC_115362	1
115399	1	LRRC56	54	20	34	GC_3265	2
115677	1	NOSTRIN	2	0	2	GC_115677	1
115701	1	ALPK2	1	0	1	GC_115701	1
115795	1	FANCD2OS	3	1	2	GC_2177	3
115948	1	ODAD3	8	0	8	GC_5589	3
116028	1	RMI2	1	0	1	GC_8651	2
116085	1	SLC22A12	3	3	0	GC_116085	1
116113	1	FOXP4	2	1	1	GC_116113	1
116115	1	ZNF526	1	0	1	GC_116115	1
116150	1	NUS1	2	1	1	GC_116150	1
116228	1	COX20	3	1	2	GC_116228	2
116255	1	MOGAT1	1	0	1	GC_116255	1
116285	1	ACSM1	1	0	1	GC_116285	1
116369	1	SLC26A8	3	0	3	GC_116369	1
116443	1	GRIN3A	2	0	2	GC_116443	1
116444	1	GRIN3B	4	0	4	GC_116444	1
116447	1	TOP1MT	11	0	11	GC_116447	1
116449	1	CLNK	1	0	1	GC_116449	1
116461	1	TSEN15	2	0	2	GC_116461	1
116496	1	NIBAN1	1	0	1	GC_116496	1
116519	1	APOA5	5	0	5	GC_116519	2
116835	1	HSPA12B	1	0	1	GC_116835	1
116841	1	SNAP47	1	0	1	GC_116841	1
116931	1	MED12L	8	1	7	GC_64805	2
116933	1	CLRN1-AS1	2	2	0	GC_7401	2
116969	1	ART5	1	0	1	GC_116969	1
116985	1	ARAP1	3	0	3	GC_116985	1
117144	1	CATSPER1	6	0	6	GC_117144	1
117145	1	THEM4	2	0	2	GC_117145	1
117155	1	CATSPER2	2	0	2	GC_117155	1
117159	1	DCD	1	0	1	GC_117159	1
117195	1	MRGPRX3	1	0	1	GC_117195	1
117196	1	MRGPRX4	3	0	3	GC_117196	1
117531	1	TMC1	11	9	2	GC_117531	1
117579	1	RLN3	1	0	1	GC_117579	1
117581	1	TWIST2	2	2	0	GC_117581	1
117584	1	RFFL	2	0	2	GC_5892	3
117854	1	TRIM6	1	0	1	GC_10346	3
118429	1	ANTXR2	7	2	5	GC_118429	1
118461	1	C10orf71	5	0	5	GC_118461	1
118491	1	CFAP70	1	0	1	GC_118491	1
118611	1	C10orf90	2	0	2	GC_118611	1
118788	1	PIK3AP1	7	0	7	GC_118788	1
118813	1	ZFYVE27	7	0	7	GC_118813	1
118856	1	MMP21	4	1	3	GC_118856	1
119391	1	GSTO2	1	0	1	GC_119391	1
119587	1	CPXM2	1	0	1	GC_119587	1
119749	1	OR4C46	2	0	2	GC_119749	1
120114	1	FAT3	6	0	6	GC_120114	1
120227	1	CYP2R1	2	1	1	GC_5140	2
120400	1	NXPE1	1	0	1	GC_120400	2
120406	1	NXPE2	1	0	1	GC_120400	2
120892	1	LRRK2	30	4	26	GC_120892	1
121006	1	FAM186A	2	0	2	GC_121006	1
121130	1	OR10P1	2	0	2	GC_121130	1
121214	1	SDR9C7	6	2	4	GC_121214	1
121227	1	LRIG3	2	0	2	GC_121227	1
121256	1	TMEM132D	3	0	3	GC_121256	1
121278	1	TPH2	2	0	2	GC_121278	1
121391	1	KRT74	17	0	17	GC_121391	1
121512	1	FGD4	7	0	7	GC_121512	1
121601	1	ANO4	1	0	1	GC_121601	1
122042	1	RXFP2	1	0	1	GC_122042	1
122046	1	TEX26	1	0	1	GC_122046	1
122402	1	TDRD9	1	0	1	GC_122402	1
122481	1	AK7	4	0	4	GC_122481	1
122525	1	DORIP1	1	0	1	GC_122525	2
122553	1	TRAPPC6B	1	0	1	GC_122553	1
122622	1	ADSS1	6	1	5	GC_122622	1
122706	1	PSMB11	3	0	3	GC_122706	1
122961	1	ISCA2	1	1	0	GC_122961	1
123016	1	TTC8	1	0	1	GC_123016	1
123041	1	SLC24A4	5	0	5	GC_123041	1
123263	1	MTFMT	12	2	10	GC_123263	1
123606	1	NIPA1	3	3	0	GC_123606	2
123624	1	AGBL1	1	0	1	GC_123624	1
123720	1	WHAMM	1	0	1	GC_123720	1
123745	1	PLA2G4E	3	0	3	GC_123745	1
123872	1	DNAAF1	25	0	25	GC_9013	2
123904	1	NRN1L	1	0	1	GC_123904	1
124093	1	CCDC78	17	0	17	GC_124093	1
124152	1	IQCK	1	0	1	GC_124152	2
124401	1	ANKS3	2	0	2	GC_124401	1
124446	1	TMEM219	1	0	1	GC_124446	1
124454	1	EARS2	10	5	5	GC_124454	1
124512	1	METTL23	3	0	3	GC_124512	1
124583	1	CANT1	8	6	2	GC_124583	1
124590	1	USH1G	5	1	4	GC_124590	1
124602	1	KIF19	2	0	2	GC_124602	1
124626	1	ZPBP2	2	0	2	GC_124626	1
124842	1	TMEM132E	6	0	6	GC_124842	1
124857	1	WFIKKN2	1	0	1	GC_124857	1
124872	1	B4GALNT2	2	0	2	GC_124872	1
124912	1	SPACA3	2	0	2	GC_124912	1
124925	1	SEZ6	5	0	5	GC_124925	1
124975	1	GGT6	1	0	1	GC_124975	1
124997	1	WDR81	15	1	14	GC_124997	1
125144	1	SNHG29	1	0	1	GC_125144	2
125206	1	SLC5A10	1	0	1	GC_125206	2
125336	1	LOXHD1	16	5	11	GC_125336	1
125893	1	ZNF816	2	0	2	GC_125893	2
125972	1	CALR3	4	0	4	GC_125972	1
125981	1	ACER1	1	0	1	GC_125981	1
126003	1	TRAPPC5	1	0	1	GC_126003	1
126006	1	PCP2	2	0	2	GC_6813	3
126070	1	ZNF440	1	0	1	GC_126070	1
126129	1	CPT1C	4	0	4	GC_126129	1
126133	1	ALDH16A1	1	0	1	GC_126133	1
126204	1	NLRP13	1	0	1	GC_126204	1
126205	1	NLRP8	2	0	2	GC_126205	1
126206	1	NLRP5	9	0	9	GC_126206	2
126259	1	TMIGD2	2	0	2	GC_126259	1
126326	1	GIPC3	2	2	0	GC_126326	1
126328	1	NDUFA11	3	0	3	GC_126328	1
126353	1	MISP	3	0	3	GC_126353	1
126364	1	LRRC25	1	0	1	GC_126364	1
126370	1	OR1I1	1	0	1	GC_126370	1
126382	1	NR2C2AP	1	0	1	GC_8625	2
126410	1	CYP4F22	12	7	5	GC_126410	1
126520	1	PLK5	2	0	2	GC_126520	1
126549	1	ANKLE1	4	0	4	GC_126549	1
126637	1	TCHHL1	2	0	2	GC_126637	1
126695	1	KDF1	6	0	6	GC_126695	1
126792	1	B3GALT6	9	6	3	GC_126792	1
126820	1	DNAI3	1	0	1	GC_126820	1
126859	1	AXDND1	9	9	0	GC_7827	2
127018	1	LYPLAL1	1	0	1	GC_127018	1
127255	1	LRRIQ3	2	0	2	GC_127255	1
127385	1	OR10J5	1	0	1	GC_127385	1
127534	1	GJB4	8	0	8	GC_127534	1
127602	1	DNAH14	17	0	17	GC_127602	1
127707	1	KLHDC7A	2	0	2	GC_127707	1
127829	1	ARL8A	1	0	1	GC_127829	1
128061	1	FSAF1	1	0	1	GC_8443	3
128178	1	EDARADD	2	0	2	GC_128178	1
128229	1	TSACC	1	0	1	GC_128229	1
128239	1	IQGAP3	3	0	3	GC_128239	1
128240	1	NAXE	2	0	2	GC_128240	1
128272	1	ARHGEF19	1	0	1	GC_128272	1
128367	1	OR10X1	1	0	1	GC_128367	1
128486	1	FITM2	2	0	2	GC_128486	1
128611	1	ZNF831	6	0	6	GC_128611	1
128637	1	TBC1D20	1	0	1	GC_128637	1
128674	1	PROKR2	5	2	3	GC_128674	1
128869	1	PIGU	2	0	2	GC_128869	1
128989	1	TANGO2	11	5	6	GC_128989	1
129285	1	PPP1R21	2	0	2	GC_129285	1
129446	1	XIRP2	20	0	20	GC_129446	2
129521	1	NMS	1	0	1	GC_129521	1
129531	1	MITD1	4	2	2	GC_51601	2
129563	1	DIS3L2	4	0	4	GC_129563	1
129684	1	CNTNAP5	5	0	5	GC_129684	1
129804	1	FBLN7	2	0	2	GC_84524	2
129880	1	BBS5	6	5	1	GC_129880	2
130120	1	REG3G	1	0	1	GC_130120	1
130340	1	AP1S3	4	0	4	GC_130340	1
130399	1	ACVR1C	2	0	2	GC_130399	1
130535	1	KCTD18	2	0	2	GC_130535	1
130557	1	ZNF513	1	0	1	GC_130557	1
130589	1	GALM	2	0	2	GC_130589	1
130916	1	MTERF4	2	0	2	GC_25992	2
130940	1	CCDC148	3	0	3	GC_130940	2
131096	1	KCNH8	2	0	2	GC_131096	1
131377	1	KLHL40	12	4	8	GC_131377	1
131450	1	CD200R1	1	0	1	GC_131450	1
131544	1	CRYBG3	5	0	5	GC_131544	1
131583	1	FAM43A	1	0	1	GC_131583	1
131669	1	UROC1	6	0	6	GC_131669	1
131870	1	NUDT16	1	0	1	GC_131870	1
131873	1	COL6A6	11	0	11	GC_131873	1
132014	1	IL17RE	1	0	1	GC_132014	1
132158	1	GLYCTK	7	0	7	GC_132158	1
132320	1	SCLT1	6	1	5	GC_132320	1
132671	1	SPATA18	3	0	3	GC_132671	1
132884	1	EVC2	27	1	26	GC_132884	2
132949	1	AASDH	1	0	1	GC_132949	1
133308	1	SLC9B2	1	0	1	GC_133308	1
133396	1	IL31RA	1	0	1	GC_133396	1
133584	1	EGFLAM	1	0	1	GC_133584	1
133686	1	NADK2	3	0	3	GC_133686	1
133690	1	CAPSL	1	0	1	GC_133690	1
133746	1	JMY	2	0	2	GC_133746	1
133874	1	C5orf58	1	0	1	GC_3937	2
134218	1	DNAJC21	4	0	4	GC_134218	1
134353	1	LSM11	1	0	1	GC_134353	2
134359	1	POC5	6	0	6	GC_134359	1
134430	1	WDR36	6	0	6	GC_134430	1
134549	1	SHROOM1	1	0	1	GC_134549	1
134728	1	IRAK1BP1	8	0	8	GC_55023	2
134957	1	STXBP5	1	0	1	GC_134957	1
135138	1	PACRG	2	2	0	GC_5071	3
135228	1	CD109	2	0	2	GC_135228	1
135644	1	TRIM40	1	0	1	GC_135644	1
135935	1	NOBOX	8	0	8	GC_135935	1
135948	1	OR2F2	1	0	1	GC_135948	1
136306	1	SVOPL	2	0	2	GC_136306	1
136371	1	ASB10	13	0	13	GC_136371	1
136647	1	MPLKIP	1	1	0	GC_136647	1
137492	1	VPS37A	2	0	2	GC_137492	1
137682	1	NDUFAF6	4	1	3	GC_137682	2
137814	1	NKX2-6	3	0	3	GC_137814	1
137902	1	PXDNL	9	0	9	GC_137902	1
138050	1	HGSNAT	15	9	6	GC_138050	1
138799	1	OR13C5	4	0	4	GC_138799	1
138881	1	OR1L8	1	0	1	GC_26740	3
138882	1	OR1N2	1	0	1	GC_26740	3
138948	1	DBH-AS1	1	0	1	GC_1621	2
139081	1	MAGEC3	1	0	1	GC_139081	1
139105	1	BEND2	4	0	4	GC_139105	1
139189	1	DGKK	4	0	4	GC_139189	1
139221	1	PWWP3B	2	0	2	GC_139221	1
139285	1	AMER1	45	0	45	GC_139285	1
139324	1	HDX	1	0	1	GC_139324	1
139411	1	PTCHD1	4	1	3	GC_139411	1
139425	1	DCAF8L1	1	0	1	GC_139425	1
139604	1	MAGEB16	1	0	1	GC_139604	1
139716	1	GAB3	1	0	1	GC_139716	1
139741	1	ACTRT1	2	0	2	GC_139741	1
139760	1	GPR119	2	0	2	GC_139760	1
139818	1	DOCK11	2	0	2	GC_139818	1
140453	1	MUC17	1	0	1	GC_140453	1
140456	1	ASB11	2	0	2	GC_140456	1
140469	1	MYO3B	1	0	1	GC_140469	1
140596	1	DEFB104A	1	0	1	GC_140596	1
140628	1	GATA5	6	0	6	GC_140628	1
140679	1	SLC32A1	1	0	1	GC_140679	1
140690	1	CTCFL	1	0	1	GC_140690	1
140691	1	TRIM69	2	0	2	GC_140691	1
140710	1	MTCL2	1	0	1	GC_140710	1
140711	1	TLDC2	1	0	1	GC_140711	1
140732	1	SUN5	1	1	0	GC_140732	1
140733	1	MACROD2	5	0	5	GC_23767	2
140738	1	TMEM37	1	0	1	GC_140738	1
140766	1	ADAMTS14	1	0	1	GC_140766	1
140775	1	SMCR8	1	0	1	GC_140775	1
140803	1	TRPM6	14	0	14	GC_140803	2
140823	1	ROMO1	1	0	1	GC_9054	2
140885	1	SIRPA	2	0	2	GC_140885	1
142678	1	MIB2	2	0	2	GC_142678	1
142680	1	SLC34A3	19	7	12	GC_142680	1
142683	1	ITLN2	1	0	1	GC_142683	1
142686	1	ASB14	2	0	2	GC_26060	3
142910	1	LIPJ	1	0	1	GC_55328	3
143098	1	MPP7	1	0	1	GC_143098	1
143162	1	FRMPD2	1	0	1	GC_143162	1
143458	1	LDLRAD3	3	0	3	GC_143458	1
143502	1	OR52I2	1	0	1	GC_143502	1
143630	1	UBQLNL	1	0	1	GC_143630	1
143662	1	MUC15	3	0	3	GC_63982	2
143689	1	PIWIL4	2	0	2	GC_2526	3
143903	1	LAYN	3	0	3	GC_143903	1
144100	1	PLEKHA7	1	0	1	GC_144100	2
144125	1	OR2AG1	3	0	3	GC_144125	1
144132	1	DNHD1	33	0	33	GC_144132	1
144165	1	PRICKLE1	5	1	4	GC_144165	2
144233	1	BCDIN3D	1	0	1	GC_144233	1
144406	1	CFAP251	2	0	2	GC_144406	1
144453	1	BEST3	1	0	1	GC_144453	1
144455	1	E2F7	1	0	1	GC_144455	1
144501	1	KRT80	2	0	2	GC_144501	1
144568	1	A2ML1	40	0	40	GC_144568	2
144577	1	KICS2	1	0	1	GC_144577	1
144811	1	LACC1	2	0	2	GC_144811	2
145173	1	B3GLCT	6	1	5	GC_145173	1
145226	1	RDH12	38	37	1	GC_384	7
145258	1	GSC	1	0	1	GC_145258	1
145264	1	SERPINA12	2	0	2	GC_145264	1
145376	1	PPP1R36	2	0	2	GC_145376	1
145483	1	FAM161B	1	0	1	GC_957	3
145501	1	ISM2	2	0	2	GC_145501	1
145508	1	CEP128	3	0	3	GC_7253	3
145567	1	TTC7B	1	0	1	GC_145567	1
145781	1	GCOM1	2	0	2	GC_81488	2
145873	1	MESP2	5	0	5	GC_145873	1
145957	1	NRG4	1	0	1	GC_145957	1
146057	1	TTBK2	12	0	12	GC_146057	1
146059	1	CDAN1	21	7	14	GC_146059	2
146167	1	SLC38A8	8	3	5	GC_146167	1
146183	1	OTOA	5	0	5	GC_146183	1
146206	1	CARMIL2	11	1	10	GC_146206	1
146212	1	KCTD19	1	0	1	GC_146212	1
146429	1	SLC22A31	4	0	4	GC_146429	1
146433	1	IL34	1	0	1	GC_146433	1
146547	1	PRSS36	1	0	1	GC_146547	1
146705	1	TEPSIN	2	0	2	GC_146705	2
146713	1	RBFOX3	1	0	1	GC_146713	1
146754	1	DNAH2	14	0	14	GC_146754	1
146760	1	RTN4RL1	2	0	2	GC_146760	1
146779	1	EFCAB3	2	0	2	GC_146779	1
146845	1	CFAP52	3	0	3	GC_146845	1
146857	1	SLFN13	2	0	2	GC_146857	1
146862	1	UNC45B	13	2	11	GC_146862	1
146956	1	EME1	1	0	1	GC_146956	1
147007	1	VMA12	6	1	5	GC_26073	2
147011	1	PROCA1	1	0	1	GC_147011	1
147138	1	TMC8	4	0	4	GC_11322	5
147183	1	KRT25	3	0	3	GC_147183	1
147184	1	KRT10-AS1	9	5	4	GC_3858	2
147199	1	SCGB1C1	1	0	1	GC_147199	1
147372	1	CCBE1	4	0	4	GC_147372	1
147409	1	DSG4	10	0	10	GC_1828	4
147495	1	APCDD1	2	0	2	GC_147495	1
147645	1	VSIG10L	2	0	2	GC_147645	2
147687	1	ZNF417	2	0	2	GC_147687	2
147746	1	HIPK4	2	0	2	GC_147746	1
147912	1	SIX5	8	0	8	GC_1760	3
147945	1	NLRP4	2	0	2	GC_147945	1
147948	1	ZNF582	1	0	1	GC_147948	1
147968	1	CAPN12	3	0	3	GC_147968	2
148022	1	TICAM1	4	0	4	GC_148022	1
148345	1	CIROZ	1	0	1	GC_148345	1
148398	1	SAMD11	15	0	15	GC_148398	1
148641	1	SLC35F3	1	0	1	GC_148641	1
148738	1	HJV	10	8	2	GC_148738	1
148789	1	B3GALNT2	4	1	3	GC_6905	3
148811	1	PM20D1	3	0	3	GC_148811	1
148867	1	SLC30A7	2	1	1	GC_51611	2
148979	1	GLIS1	3	0	3	GC_148979	1
149041	1	RC3H1	2	0	2	GC_149041	1
149076	1	ZNF362	1	0	1	GC_55223	3
149095	1	DCST1	2	0	2	GC_149095	1
149233	1	IL23R	7	0	7	GC_149233	1
149371	1	EXOC8	3	0	3	GC_149371	1
149461	1	CLDN19	11	4	7	GC_149461	1
149775	1	GNAS-AS1	1	0	1	GC_2778	2
149998	1	LIPI	6	0	6	GC_149998	1
150094	1	SIK1	36	0	36	GC_150094	1
150160	1	CCT8L2	1	0	1	GC_150160	1
150248	1	C22orf15	1	0	1	GC_150248	2
150280	1	HORMAD2	1	0	1	GC_150280	1
150365	1	MEI1	5	1	4	GC_150365	1
150372	1	NFAM1	3	0	3	GC_150372	1
150465	1	TTL	1	0	1	GC_150465	1
150468	1	CKAP2L	12	0	12	GC_150468	2
150572	1	SMYD1	1	0	1	GC_150572	1
150681	1	OR6B3	1	0	1	GC_150681	2
150709	1	ANKAR	6	0	6	GC_64172	2
150737	1	IFT70B	1	0	1	GC_150737	1
150946	1	GAREM2	7	5	2	GC_3030	2
151056	1	PLB1	11	0	11	GC_151056	1
151112	1	ZSWIM2	1	0	1	GC_151112	1
151126	1	ZNF385B	1	0	1	GC_151126	1
151188	1	ARL6IP6	1	0	1	GC_151188	1
151230	1	KLHL23	1	0	1	GC_151230	2
151246	1	SGO2	2	0	2	GC_151246	1
151295	1	SLC23A3	1	0	1	GC_151295	1
151306	1	GPBAR1	2	0	2	GC_151306	1
151449	1	GDF7	2	0	2	GC_151449	1
151531	1	UPP2	1	0	1	GC_151531	1
151613	1	TTC14	3	0	3	GC_151613	2
151636	1	DTX3L	1	0	1	GC_151636	1
151648	1	SGO1	3	1	2	GC_151648	2
151651	1	EFHB	1	0	1	GC_151651	1
151871	1	DPPA2	1	0	1	GC_151871	1
151887	1	CCDC80	3	0	3	GC_151887	1
152110	1	NEK10	4	1	3	GC_152110	1
152137	1	CCDC50	11	0	11	GC_152137	1
152273	1	FGD5	3	0	3	GC_152273	1
152330	1	CNTN4	6	0	6	GC_152330	2
152816	1	ODAPH	3	0	3	GC_152816	1
152831	1	KLB	7	0	7	GC_152831	1
152877	1	FAM53A	2	0	2	GC_152877	1
152926	1	PPM1K	4	0	4	GC_152926	1
153090	1	DAB2IP	3	0	3	GC_153090	2
153129	1	SLC38A9	1	0	1	GC_153129	1
153163	1	SNCAIP-AS3	5	0	5	GC_9627	2
153201	1	SLC36A2	3	0	3	GC_153201	1
153241	1	CEP120	13	1	12	GC_153241	1
153443	1	SRFBP1	8	1	7	GC_4015	2
153562	1	MARVELD2	2	0	2	GC_153562	1
154664	1	ABCA13	20	0	20	GC_154664	1
154796	1	AMOT	2	0	2	GC_154796	1
154810	1	AMOTL1	2	2	0	GC_154810	1
154860	1	FEZF1-AS1	3	0	3	GC_154860	2
154881	1	KCTD7	3	3	0	GC_154881	1
155006	1	TMEM213	1	0	1	GC_50617	3
155051	1	CRYGN	1	0	1	GC_155051	1
155184	1	SLC2A7	2	0	2	GC_155184	1
155185	1	AMZ1	1	0	1	GC_155185	1
157313	1	CDCA2	2	0	2	GC_157313	1
157376	1	FER1L6-AS2	2	0	2	GC_157376	3
157570	1	ESCO2	10	1	9	GC_55872	2
157657	1	CFAP418	3	1	2	GC_157657	3
157680	1	VPS13B	25	0	25	GC_157680	1
157724	1	SLC7A13	7	0	7	GC_157724	1
157769	1	FAM91A1	1	0	1	GC_157769	1
157777	1	MCMDC2	2	0	2	GC_157777	1
157848	1	NKX6-3	1	0	1	GC_157848	1
157855	1	KCNU1	1	0	1	GC_157855	1
157922	1	CAMSAP1	3	0	3	GC_157922	1
158038	1	LINGO2	1	0	1	GC_158038	1
158062	1	LCN6	1	0	1	GC_158062	2
158219	1	TTC39B	2	0	2	GC_158219	1
158234	1	TRMT10B	1	0	1	GC_51010	2
158293	1	FAM120AOS	1	0	1	GC_23196	2
158326	1	FREM1	29	2	27	GC_158326	1
158358	1	BRD10	1	0	1	GC_158358	1
158471	1	PRUNE2	8	0	8	GC_158471	1
158506	1	CBLL2	1	0	1	GC_5251	5
158584	1	FAAH2	1	0	1	GC_158584	1
158724	1	FAM47A	1	0	1	GC_158724	1
158866	1	ZDHHC15	2	0	2	GC_158866	1
160065	1	PATE1	1	0	1	GC_160065	1
160140	1	C11orf65	56	50	6	GC_472	2
160418	1	TMTC3	5	0	5	GC_160418	1
160518	1	DENND5B	1	1	0	GC_160518	1
160622	1	TAMALIN	2	0	2	GC_160622	1
160728	1	SLC5A8	2	0	2	GC_160728	1
160857	1	CCDC122	1	0	1	GC_144811	2
161247	1	FITM1	1	0	1	GC_161247	1
161253	1	REM2	1	0	1	GC_161253	1
161357	1	MDGA2	1	0	1	GC_161357	1
161436	1	EML5	2	0	2	GC_79882	2
161497	1	STRC	11	2	9	GC_161497	1
161582	1	DNAAF4	9	1	8	GC_9236	5
161725	1	OTUD7A	1	0	1	GC_161725	1
161742	1	SPRED1	14	4	10	GC_161742	1
161835	1	FSIP1	1	0	1	GC_161835	1
161882	1	ZFPM1	3	0	3	GC_161882	1
161931	1	ADAD2	1	0	1	GC_161931	3
162387	1	MFSD6L	4	0	4	GC_162387	1
162394	1	SLFN5	3	0	3	GC_162394	1
162417	1	NAGS	7	3	4	GC_162417	1
162514	1	TRPV3	15	2	13	GC_162514	1
162515	1	SLC16A11	1	0	1	GC_162515	1
162517	1	FBXO39	1	0	1	GC_162517	1
162540	1	SPPL2C	5	0	5	GC_162540	2
162966	1	ZNF600	8	0	8	GC_7576	2
163071	1	ZNF114	1	0	1	GC_163071	1
163175	1	LGI4	2	0	2	GC_163175	1
163183	1	SYNE4	8	0	8	GC_163183	1
163227	1	ZNF100	1	0	1	GC_163227	1
163255	1	ZNF540	1	0	1	GC_51276	3
163351	1	GBP6	3	0	3	GC_163351	1
163486	1	DENND1B	1	0	1	GC_163486	1
163589	1	TDRD5	1	0	1	GC_163589	1
163688	1	CALML6	1	0	1	GC_163688	1
163782	1	KANK4	14	0	14	GC_163782	1
163786	1	SASS6	7	0	7	GC_54482	2
164045	1	HFM1	5	0	5	GC_164045	1
164592	1	CCDC116	3	0	3	GC_164592	1
164656	1	TMPRSS6	11	2	9	GC_164656	1
165140	1	OXER1	1	0	1	GC_165140	1
165215	1	FAM171B	2	0	2	GC_165215	1
165530	1	CLEC4F	3	0	3	GC_165530	1
165631	1	PARP15	2	0	2	GC_165631	1
165721	1	DNAJB8	1	0	1	GC_165721	1
165904	1	XIRP1	16	0	16	GC_165904	1
165918	1	RNF168	8	0	8	GC_165918	1
166378	1	AFG2A	13	6	7	GC_166378	1
166379	1	BBS12	14	4	10	GC_166379	1
166647	1	ADGRA3	15	0	15	GC_166647	1
166752	1	FREM3	1	0	1	GC_166752	1
166785	1	MMAA	9	8	1	GC_166785	1
166793	1	ZBTB49	1	0	1	GC_166793	1
166824	1	RASSF6	1	0	1	GC_166824	1
166929	1	SGMS2	1	0	1	GC_113612	3
167691	1	LCA5	7	4	3	GC_167691	1
168391	1	GALNTL5	4	0	4	GC_168391	1
168400	1	DDX53	3	0	3	GC_5251	5
168507	1	PKD1L1	29	0	29	GC_80099	2
168537	1	GIMAP7	1	0	1	GC_168537	1
168667	1	BMPER	5	0	5	GC_168667	1
169044	1	COL22A1	2	0	2	GC_169044	1
169355	1	IDO2	2	0	2	GC_169355	1
169522	1	KCNV2	14	3	11	GC_169522	1
169792	1	GLIS3	14	0	14	GC_169792	1
170261	1	ZCCHC12	1	0	1	GC_170261	1
170302	1	ARX	15	8	7	GC_170302	1
170384	1	FUT11	1	0	1	GC_170384	1
170482	1	CLEC4C	2	0	2	GC_170482	2
170572	1	HTR3C	1	0	1	GC_170572	1
170575	1	GIMAP1	1	0	1	GC_170575	2
170679	1	PSORS1C1	12	0	12	GC_1041	2
170689	1	ADAMTS15	1	0	1	GC_170689	1
170690	1	ADAMTS16	1	0	1	GC_170690	1
170691	1	ADAMTS17	9	0	9	GC_170691	1
170692	1	ADAMTS18	24	0	24	GC_170692	2
170825	1	GSX2	1	0	1	GC_170825	1
171019	1	ADAMTS19	1	0	1	GC_171019	1
171023	1	ASXL1	65	0	65	GC_171023	1
171024	1	SYNPO2	2	0	2	GC_171024	1
171389	1	NLRP6	2	0	2	GC_171389	1
171483	1	FAM9B	1	0	1	GC_171483	1
171558	1	PTCRA	1	0	1	GC_171558	1
171568	1	POLR3H	1	1	0	GC_50	2
192111	1	PGAM5	3	0	3	GC_192111	1
192666	1	KRT24	3	0	3	GC_192666	1
196264	1	MPZL3	1	0	1	GC_196264	1
196374	1	KRT78	4	0	4	GC_196374	1
196385	1	DNAH10	31	0	31	GC_196385	3
196483	1	EEF2KMT	2	1	1	GC_56052	2
196513	1	DCP1B	1	0	1	GC_196513	1
196527	1	ANO6	5	0	5	GC_196527	1
196528	1	ARID2	18	0	18	GC_196528	1
196792	1	FAM24B	1	0	1	GC_196792	2
197131	1	UBR1	14	2	12	GC_197131	2
197135	1	PATL2	2	1	1	GC_197135	1
197257	1	LDHD	3	1	2	GC_197257	1
197258	1	FCSK	10	0	10	GC_197258	1
197259	1	MLKL	1	0	1	GC_197259	1
197320	1	ZNF778	3	0	3	GC_197320	1
197322	1	ACSF3	9	3	6	GC_197322	2
197335	1	WDR90	1	0	1	GC_197335	1
197342	1	EME2	6	0	6	GC_65993	3
197358	1	NLRC3	2	0	2	GC_197358	1
199221	1	DZIP1L	10	0	10	GC_199221	1
199713	1	NLRP7	11	2	9	GC_9437	2
199720	1	GGN	7	0	7	GC_199720	1
199857	1	ALG14	2	0	2	GC_199857	2
199953	1	TMEM201	3	0	3	GC_199953	1
199974	1	CYP4Z1	1	0	1	GC_199974	1
200010	1	SLC5A9	1	0	1	GC_200010	1
200014	1	CC2D1B	1	0	1	GC_200014	1
200081	1	TXLNA	1	0	1	GC_200081	1
200162	1	SPAG17	5	0	5	GC_200162	1
200205	1	IBA57	7	4	3	GC_200205	1
200315	1	APOBEC3A	1	0	1	GC_9582	2
200316	1	APOBEC3F	4	0	4	GC_200316	1
200403	1	VWA3B	9	0	9	GC_200403	1
200424	1	TET3	6	1	5	GC_200424	1
200576	1	PIKFYVE	16	0	16	GC_200576	1
200634	1	KRTCAP3	7	3	4	GC_26160	4
200765	1	TIGD1	1	0	1	GC_1146	2
200844	1	CFAP20DC	2	0	2	GC_200844	2
200879	1	LIPH	4	2	2	GC_200879	1
200894	1	ARL13B	7	3	4	GC_200894	1
201161	1	CENPV	1	0	1	GC_201161	2
201163	1	FLCN	16	6	10	GC_201163	1
201266	1	SLC39A11	2	0	2	GC_201266	2
201294	1	UNC13D	9	4	5	GC_201294	2
201516	1	ZSCAN4	1	0	1	GC_201516	1
201625	1	DNAH12	5	0	5	GC_201625	1
201973	1	PRIMPOL	1	0	1	GC_201973	1
202018	1	TAPT1	5	0	5	GC_202018	2
202309	1	GAPT	1	0	1	GC_202309	1
202333	1	CMYA5	17	0	17	GC_202333	1
203062	1	TSNARE1	1	0	1	GC_203062	1
203068	1	TUBB	8	8	0	GC_203068	1
203102	1	ADAM32	1	0	1	GC_203102	1
203190	1	LGI3	1	0	1	GC_203190	1
203228	1	C9orf72	1	0	1	GC_203228	1
203238	1	CCDC171	2	0	2	GC_203238	1
203286	1	ANKS6	8	0	8	GC_203286	2
203430	1	RTL3	1	0	1	GC_203430	1
203447	1	NRK	2	0	2	GC_203447	1
203547	1	VMA21	2	0	2	GC_203547	1
203859	1	ANO5	26	19	7	GC_203859	1
204219	1	CERS3	6	0	6	GC_204219	2
204801	1	NLRP11	3	0	3	GC_204801	1
205564	1	SENP5	2	0	2	GC_205564	1
205860	1	TRIML2	2	0	2	GC_205860	1
206358	1	SLC36A1	29	0	29	GC_2196	3
207063	1	DHRSX	1	0	1	GC_9189	2
219285	1	SAMD9L	21	1	20	GC_219285	1
219293	1	ATAD3C	2	0	2	GC_219293	1
219402	1	MTIF3	1	0	1	GC_219402	1
219432	1	OR4C6	1	0	1	GC_219432	1
219493	1	OR5AR1	1	0	1	GC_219493	1
219578	1	ZNF804B	10	0	10	GC_219578	1
219731	1	PROSER2-AS1	3	0	3	GC_219731	2
219736	1	STOX1	2	0	2	GC_219736	1
219743	1	TYSND1	1	0	1	GC_219743	2
219844	1	HYLS1	12	2	10	GC_29118	3
219854	1	TMEM218	1	1	0	GC_219854	1
219870	1	OR10G9	2	0	2	GC_219870	1
219927	1	MRPL21	1	0	1	GC_3508	3
219931	1	TPCN2	4	0	4	GC_219931	1
219972	1	MPEG1	1	0	1	GC_219972	1
219982	1	OR5A1	1	0	1	GC_219982	1
219988	1	PATL1	1	0	1	GC_219988	1
220074	1	LRTOMT	2	1	1	GC_25906	3
220108	1	FAM124A	1	0	1	GC_220108	1
220136	1	CFAP53	6	0	6	GC_220136	1
220202	1	ATOH7	1	0	1	GC_220202	1
220296	1	HEPACAM	7	3	4	GC_220296	1
220930	1	ZEB1-AS1	1	1	0	GC_6935	3
220963	1	SLC16A9	1	0	1	GC_220963	1
221035	1	REEP3	1	0	1	GC_221035	1
221037	1	JMJD1C	19	0	19	GC_84989	2
221044	1	UCMA	1	0	1	GC_221044	1
221074	1	SLC39A12	1	0	1	GC_221074	2
221188	1	ADGRG5	1	0	1	GC_221188	1
221191	1	PRSS54	1	0	1	GC_221191	1
221294	1	NT5DC1	15	2	13	GC_1300	2
221322	1	TBC1D32	9	0	9	GC_221322	2
221400	1	TDRD6	1	0	1	GC_221400	1
221421	1	RSPH9	9	0	9	GC_221421	1
221496	1	LEMD2	2	0	2	GC_221496	2
221656	1	KDM1B	1	0	1	GC_221656	1
221785	1	ZSCAN25	1	0	1	GC_1551	3
221927	1	BRAT1	25	2	23	GC_221927	1
221935	1	SDK1	1	0	1	GC_221935	1
221981	1	THSD7A	1	0	1	GC_221981	1
222183	1	SRRM3	1	0	1	GC_222183	1
222229	1	LRWD1	1	0	1	GC_222229	1
222256	1	CDHR3	1	0	1	GC_222256	1
222546	1	RFX6	9	1	8	GC_222546	2
222662	1	LHFPL5	3	2	1	GC_222662	1
222663	1	SCUBE3	1	1	0	GC_222663	1
222962	1	SLC29A4	3	0	3	GC_222962	1
223117	1	SEMA3D	2	0	2	GC_223117	1
245910	1	DEFB107A	1	0	1	GC_245910	1
245911	1	DEFB108B	1	0	1	GC_245911	2
245972	1	ATP6V0D2	1	0	1	GC_245972	1
246176	1	GAS2L2	6	0	6	GC_246176	1
246213	1	SLC17A8	2	0	2	GC_246213	1
246243	1	RNASEH1	2	1	1	GC_246243	1
246329	1	STAC3	3	1	2	GC_246329	1
246778	1	IL27	1	0	1	GC_246778	1
252969	1	NEIL2	2	0	2	GC_252969	1
253012	1	HEPACAM2	1	0	1	GC_253012	1
253017	1	TECRL	2	0	2	GC_253017	1
253143	1	PRR14L	4	0	4	GC_253143	1
253461	1	ZBTB38	2	0	2	GC_253461	1
253650	1	ANKRD18A	5	0	5	GC_253650	1
253738	1	EBF3	15	13	2	GC_253738	1
253827	1	MSRB3	3	2	1	GC_253827	1
253935	1	ANGPTL5	1	0	1	GC_253935	1
253959	1	RALGAPA1	4	0	4	GC_253959	1
253970	1	SFTA3	8	7	1	GC_7080	3
254048	1	UBN2	4	0	4	GC_254048	1
254065	1	BRWD3	16	0	16	GC_254065	1
254102	1	EHBP1L1	1	0	1	GC_254102	1
254170	1	FBXO33	1	0	1	GC_254170	1
254359	1	ZDHHC24	8	6	2	GC_582	2
254394	1	MCM9	4	0	4	GC_254394	1
254427	1	PROSER2	3	0	3	GC_219731	2
254528	1	MEIOB	4	0	4	GC_254528	1
254786	1	OR6C3	1	0	1	GC_254786	1
254827	1	NAALADL2	1	0	1	GC_254827	1
254863	1	TMEM256	1	0	1	GC_254863	3
255022	1	CALHM1	1	0	1	GC_255022	1
255101	1	CFAP65	4	0	4	GC_255101	2
255231	1	MCOLN2	3	0	3	GC_255231	1
255239	1	ANKK1	4	0	4	GC_255239	1
255520	1	ELMOD2	2	0	2	GC_255520	1
255631	1	COL24A1	4	0	4	GC_255631	1
255738	1	PCSK9	21	4	17	GC_255738	1
255758	1	DYNLT2B	1	0	1	GC_255758	1
255762	1	PDZD9	5	1	4	GC_7385	2
256006	1	ANKRD31	2	0	2	GC_256006	1
256076	1	COL6A5	5	0	5	GC_256076	1
256126	1	SYCE2	6	4	2	GC_2639	4
256148	1	OR4S1	2	0	2	GC_256148	1
256297	1	PTF1A	3	1	2	GC_256297	1
256471	1	MFSD8	11	8	3	GC_256471	1
256536	1	TCERG1L	1	0	1	GC_256536	1
256646	1	NUTM1	2	0	2	GC_55505	2
256691	1	MAMDC2	2	0	2	GC_256691	2
256764	1	WDR72	7	0	7	GC_256764	1
257194	1	NEGR1	1	0	1	GC_257194	1
259197	1	NCR3	1	0	1	GC_259197	1
259232	1	NALCN	25	21	4	GC_259232	1
259236	1	TMIE	3	2	1	GC_259236	1
259249	1	MRGPRX1	1	0	1	GC_259249	1
259266	1	ASPM	34	0	34	GC_259266	2
259289	1	TAS2R43	1	0	1	GC_5554	6
259295	1	TAS2R20	1	0	1	GC_5554	6
259307	1	IL4I1	4	0	4	GC_23636	2
261734	1	NPHP4	21	0	21	GC_261734	1
266743	1	NPAS4	2	0	2	GC_266743	1
266812	1	NAP1L5	1	0	1	GC_8916	2
266977	1	ADGRF1	1	0	1	GC_266977	1
267004	1	PGBD3	4	0	4	GC_2074	3
267012	1	DAOA	1	0	1	GC_267012	2
282616	1	IFNL2	2	0	2	GC_282616	1
282617	1	IFNL3	7	0	7	GC_282617	1
282618	1	IFNL1	1	0	1	GC_282618	1
282706	1	DAOA-AS1	1	0	1	GC_267012	2
282763	1	OR51B5	1	0	1	GC_282763	2
282808	1	RAB40AL	2	0	2	GC_282808	2
282809	1	POC1B	5	1	4	GC_1848	5
282974	1	STK32C	2	0	2	GC_80313	2
282996	1	RBM20	27	8	19	GC_282996	1
283078	1	MKX	1	0	1	GC_283078	1
283104	1	SBF2-AS1	2	0	2	GC_81846	4
283116	1	TRIM49B	1	0	1	GC_283116	1
283149	1	BCL9L	4	0	4	GC_283149	1
283209	1	PGM2L1	2	0	2	GC_283209	1
283297	1	OR10A4	2	0	2	GC_283297	1
283310	1	OTOGL	34	1	33	GC_283310	1
283337	1	ZNF740	2	0	2	GC_3695	2
283358	1	B4GALNT3	3	0	3	GC_283358	1
283375	1	SLC39A5	5	0	5	GC_283375	1
283385	1	MORN3	1	0	1	GC_283385	1
283417	1	DPY19L2	1	0	1	GC_283417	1
283420	1	CLEC9A	1	0	1	GC_283420	1
283431	1	GAS2L3	2	0	2	GC_283431	1
283440	1	ITFG2-AS1	2	0	2	GC_2288	2
283446	1	MYO1H	5	0	5	GC_283446	1
283455	1	KSR2	4	0	4	GC_283455	1
283459	1	GATC	1	0	1	GC_283459	2
283489	1	CHAMP1	17	0	17	GC_283489	1
283571	1	PROX2	3	0	3	GC_283571	1
283600	1	SLC25A47	1	0	1	GC_283600	1
283638	1	CEP170B	1	0	1	GC_283638	1
283652	1	SLC24A5	1	0	1	GC_283652	1
283659	1	PRTG	1	0	1	GC_283659	1
283677	1	REC114	1	0	1	GC_283677	1
283692	1	CPEB1-AS1	5	0	5	GC_8120	2
283694	1	OR4N4	3	0	3	GC_283694	3
283748	1	PLA2G4D	1	0	1	GC_283748	1
283888	1	IL21R-AS1	1	0	1	GC_50615	3
283987	1	HID1	2	0	2	GC_283987	1
283989	1	TSEN54	20	3	17	GC_3993	3
284004	1	HEXD	1	0	1	GC_284004	1
284021	1	MILR1	7	1	6	GC_11232	2
284058	1	KANSL1	62	0	62	GC_284058	1
284076	1	TTLL6	1	0	1	GC_284076	1
284086	1	NEK8	1	0	1	GC_284086	1
284098	1	PIGW	5	0	5	GC_80179	2
284106	1	CISD3	5	0	5	GC_7703	2
284111	1	SLC13A5	4	4	0	GC_284111	1
284119	1	CAVIN1	1	0	1	GC_284119	1
284129	1	SLC26A11	1	1	0	GC_6448	5
284131	1	ENDOV	1	0	1	GC_284131	1
284184	1	NDUFAF8	1	1	0	GC_284184	2
284194	1	LGALS9B	1	0	1	GC_284194	1
284207	1	METRNL	2	0	2	GC_284207	1
284217	1	LAMA1	45	0	45	GC_284217	2
284266	1	SIGLEC15	1	0	1	GC_57724	3
284390	1	ZNF763	1	0	1	GC_7620	2
284391	1	ZNF844	1	0	1	GC_284391	1
284403	1	WDR62	23	4	19	GC_284403	1
284433	1	OR10H5	3	0	3	GC_284433	1
284434	1	NWD1	5	0	5	GC_284434	1
284439	1	SLC25A42	2	1	1	GC_284439	1
284459	1	ZNF875	1	0	1	GC_284459	1
284521	1	OR2L13	2	0	2	GC_284521	2
284654	1	RSPO1	2	0	2	GC_284654	1
284656	1	EPHA10	2	0	2	GC_284656	1
284900	1	TTC28-AS1	1	0	1	GC_23331	2
284958	1	NT5DC4	3	0	3	GC_150468	2
285025	1	CCDC141	14	0	14	GC_285025	2
285093	1	RTP5	2	0	2	GC_285093	1
285148	1	IAH1	4	0	4	GC_6868	2
285175	1	UNC80	18	0	18	GC_285175	2
285195	1	SLC9A9	4	0	4	GC_285195	1
285203	1	EOGT	4	0	4	GC_285203	1
285220	1	EPHA6	1	0	1	GC_285220	1
285242	1	HTR3E	2	0	2	GC_285242	2
285313	1	IGSF10	26	0	26	GC_285313	1
285335	1	SLC9C1	3	0	3	GC_285335	1
285362	1	SUMF1	21	17	4	GC_285362	2
285440	1	CYP4V2	15	11	4	GC_285440	2
285441	1	F11-AS1	13	11	2	GC_2160	2
285463	1	CTBP1-AS	4	1	3	GC_1487	2
285489	1	DOK7	39	6	33	GC_285489	3
285498	1	RNF212	2	0	2	GC_285498	1
285513	1	GPRIN3	1	0	1	GC_285513	1
285527	1	FRYL	3	0	3	GC_285527	1
285590	1	SH3PXD2B	12	1	11	GC_285590	1
285600	1	KIAA0825	1	1	0	GC_285600	2
285676	1	ZNF454	9	1	8	GC_2916	2
285848	1	PNPLA1	19	10	9	GC_285848	1
285962	1	WEE2-AS1	1	0	1	GC_285962	2
285965	1	EPHA1-AS1	1	0	1	GC_2041	2
286002	1	SLC26A4-AS1	8	7	1	GC_5172	3
286077	2	FAM83H|SACK1H	11	0	11	GC_286077	1
286204	1	CRB2	24	2	22	GC_286204	1
286262	1	TPRN	9	0	9	GC_286262	1
286410	1	ATP11C	1	0	1	GC_286410	1
286464	1	CFAP47	1	0	1	GC_286464	1
286499	1	FAM133A	1	0	1	GC_286499	1
286676	1	ILDR1	10	1	9	GC_286676	1
286749	1	STON1-GTF2A1L	13	6	7	GC_3973	3
286887	1	KRT6C	9	1	8	GC_286887	1
317703	1	VN1R4	1	0	1	GC_317703	1
317719	1	KLHL10	1	0	1	GC_317719	1
317761	1	C14orf39	1	0	1	GC_4990	2
326625	1	MMAB	18	15	3	GC_4598	2
333926	1	PPM1J	1	0	1	GC_333926	1
337867	1	UBAC2	1	0	1	GC_2841	2
338094	1	FAM151A	4	0	4	GC_26027	2
338321	1	NLRP9	3	0	3	GC_338321	1
338323	1	NLRP14	8	0	8	GC_27288	2
338328	1	GPIHBP1	5	3	2	GC_338328	1
338339	1	CLEC4D	1	0	1	GC_338339	1
338442	1	HCAR2	1	0	1	GC_338442	1
338567	1	KCNK18	6	0	6	GC_338567	1
338653	1	KCNQ1-AS1	2	0	2	GC_3784	2
338707	1	B4GALNT4	1	0	1	GC_338707	1
338773	1	TMEM119	1	0	1	GC_338773	1
338821	1	SLCO1B7	1	0	1	GC_28234	3
338917	1	VSX2	5	4	1	GC_338917	1
339123	1	JMJD8	1	1	0	GC_10273	2
339175	1	METTL2A	1	0	1	GC_339175	1
339400	1	CCDST	154	0	154	GC_2312	4
339453	1	TMEM240	5	1	4	GC_339453	1
339501	1	PRSS38	3	0	3	GC_339501	1
339541	1	ARMH1	1	0	1	GC_339541	1
339751	1	MAP3K20-AS1	7	0	7	GC_51776	2
339761	1	CYP27C1	1	0	1	GC_339761	1
339768	1	ESPNL	2	0	2	GC_339768	1
339829	1	CCDC39	13	0	13	GC_151613	2
339855	1	KY	1	0	1	GC_80254	2
339977	1	LRRC66	1	0	1	GC_339977	1
340024	1	SLC6A19	8	5	3	GC_340024	1
340061	1	STING1	13	3	10	GC_340061	2
340273	1	ABCB5	2	0	2	GC_340273	1
340307	1	CTAGE6	1	0	1	GC_340307	1
340351	1	AGBL3	4	0	4	GC_78996	2
340359	1	KLHL38	2	0	2	GC_340359	1
340419	1	RSPO2	1	0	1	GC_340419	1
340441	1	POTEA	1	0	1	GC_340441	1
340512	1	LOC340512	2	0	2	GC_58499	2
340526	1	RTL5	2	0	2	GC_340526	2
340527	1	NHSL2	2	0	2	GC_340526	2
340533	1	NEXMIF	49	0	49	GC_340533	1
340547	1	VSIG1	1	0	1	GC_340547	1
340665	1	CYP26C1	2	0	2	GC_340665	2
340706	1	VWA2	7	0	7	GC_84632	2
340719	1	NANOS1	2	0	2	GC_340719	2
340895	1	MALRD1	3	0	3	GC_340895	1
340990	1	OTOG	58	1	57	GC_340990	1
341019	1	DCDC1	5	0	5	GC_341019	1
341208	1	HEPHL1	1	0	1	GC_341208	1
341640	1	FREM2	34	0	34	GC_341640	1
341676	1	NEK5	1	0	1	GC_341676	1
342035	1	GLDN	6	3	3	GC_342035	1
342184	1	FMN1	38	0	38	GC_342184	1
342346	1	C16orf96	1	0	1	GC_342346	1
342372	1	PKD1L3	2	0	2	GC_342372	1
342527	1	SMTNL2	2	0	2	GC_342527	1
342618	1	SLFN14	10	1	9	GC_342618	2
342979	1	PALM3	1	0	1	GC_342979	1
343035	1	RD3	4	0	4	GC_343035	1
343171	1	OR2W3	10	0	10	GC_343171	1
343263	1	MYBPHL	1	0	1	GC_343263	1
343413	1	FCRL6	2	0	2	GC_343413	1
343450	1	KCNT2	3	0	3	GC_343450	1
343637	1	RSPO4	1	0	1	GC_343637	1
343641	1	TGM6	38	0	38	GC_343641	1
343990	1	CRACDL	1	0	1	GC_343990	1
344018	1	FIGLA	2	0	2	GC_344018	1
344148	1	NCKAP5	6	0	6	GC_344148	1
344167	1	FOXI3	2	1	1	GC_344167	1
345193	1	LRIT3	13	0	13	GC_345193	1
345275	1	HSD17B13	4	0	4	GC_345275	1
345643	1	MCIDAS	1	0	1	GC_345643	1
345895	1	RSPH4A	10	0	10	GC_345895	1
346007	1	EYS	47	17	30	GC_23469	2
346171	1	ZFP57	6	0	6	GC_346171	1
346288	1	SEPTIN14	1	0	1	GC_346288	1
347148	1	QRFP	3	0	3	GC_347148	1
347240	1	KIF24	5	0	5	GC_347240	1
347273	1	CAVIN4	4	0	4	GC_347273	1
347344	1	ZNF81	6	0	6	GC_347344	1
347365	1	ITIH6	1	0	1	GC_347365	1
347468	1	OR13H1	1	0	1	GC_347468	1
347527	1	ARSH	4	0	4	GC_347527	1
347688	1	TUBB8	1	1	0	GC_347688	1
347689	1	SOX2-OT	4	2	2	GC_6657	3
347730	1	LRRTM1	1	0	1	GC_1496	2
347733	1	TUBB2B	12	11	1	GC_347733	1
347735	1	SERINC2	1	0	1	GC_347735	1
348158	1	ACSM2B	1	0	1	GC_348158	1
348180	1	CTU2	18	0	18	GC_9780	4
348487	1	FAM131C	1	0	1	GC_1188	3
348654	1	GEN1	16	0	16	GC_348654	1
348808	1	NPHP3-AS1	1	1	0	GC_27031	4
348932	1	SLC6A18	8	0	8	GC_348932	1
348938	1	NIPAL4	8	3	5	GC_348938	1
348980	1	HCN1	20	6	14	GC_348980	1
349149	1	GJC3	1	0	1	GC_349149	1
349160	1	LOC349160	6	0	6	GC_1129	2
349408	1	TLR8-AS1	1	0	1	GC_51311	2
350383	1	GPR142	2	0	2	GC_350383	1
352909	1	DNAAF3	10	1	9	GC_352909	3
353133	1	LCE1C	1	0	1	GC_353133	1
353134	1	LCE1D	2	0	2	GC_353134	1
353144	1	LCE3C	3	0	3	GC_353144	1
353333	1	KRTAP10-10	2	0	2	GC_54082	7
353497	1	POLN	2	0	2	GC_353497	1
353500	1	BMP8A	1	0	1	GC_353500	1
359948	1	IRF2BP2	4	0	4	GC_359948	3
360200	1	TMPRSS9	4	0	4	GC_26517	2
360205	1	PRAC2	2	0	2	GC_84366	2
373509	1	USP50	1	0	1	GC_9101	2
374286	1	FBXW10B	1	0	1	GC_374286	1
374291	1	NDUFS7	2	0	2	GC_374291	1
374308	1	PTCHD3	5	0	5	GC_374308	2
374354	1	NHLRC2	2	1	1	GC_374354	1
374393	1	FAM111B	3	1	2	GC_374393	1
374407	1	DNAJB13	3	0	3	GC_374407	1
374462	1	PTPRQ	31	0	31	GC_374462	1
374654	1	KIF7	16	0	16	GC_90381	3
374768	1	SPEM1	1	0	1	GC_374768	1
374819	1	LRRC37A3	2	0	2	GC_374819	1
374868	1	ATP9B	1	0	1	GC_374868	1
374879	1	ZNF699	1	0	1	GC_374879	1
374907	1	B3GNT8	1	0	1	GC_374907	1
374946	1	DRAXIN	1	0	1	GC_374946	1
374973	1	TEX38	1	0	1	GC_374973	1
375033	1	PEAR1	2	0	2	GC_375033	1
375056	1	MIA3	1	0	1	GC_375056	1
375298	1	CERKL	12	7	5	GC_375298	3
375318	1	AQP12A	1	0	1	GC_375318	1
375337	1	TOPAZ1	3	0	3	GC_375337	1
375341	1	C3orf62	1	0	1	GC_375341	1
375387	1	NRROS	3	0	3	GC_375387	1
375449	1	MAST4	2	0	2	GC_375449	2
375611	1	SLC26A5	3	0	3	GC_375611	1
375748	1	ERCC6L2	17	0	17	GC_375748	1
375790	1	AGRN	34	2	32	GC_375790	2
376132	1	LRRC10	6	0	6	GC_376132	1
376497	1	SLC27A1	1	0	1	GC_376497	2
377841	1	ENTPD8	1	0	1	GC_377841	1
378884	1	NHLRC1	6	5	1	GC_378884	1
386593	1	CHKB-CPT1B	1	0	1	GC_1120	2
386607	1	ZFP91-CNTF	1	0	1	GC_1270	2
386672	1	KRTAP10-4	1	0	1	GC_54082	7
386674	1	KRTAP10-6	1	0	1	GC_54082	7
386677	1	KRTAP10-1	1	0	1	GC_54082	7
387082	1	SUMO4	2	0	2	GC_23118	2
387119	1	CEP85L	3	1	2	GC_5350	2
387509	1	GPR153	2	0	2	GC_387509	1
387700	1	SLC16A12	2	0	2	GC_387700	2
387715	1	ARMS2	2	0	2	GC_387715	2
387733	1	IFITM5	9	2	7	GC_387733	1
387755	1	INSC	1	0	1	GC_387755	1
387787	1	LIPT2	5	1	4	GC_387787	3
387911	1	C1QTNF9B	2	0	2	GC_4285	3
388015	1	RTL1	7	0	7	GC_388015	1
388121	1	TIPE3	1	0	1	GC_1588	4
388341	1	LRRC75A	1	0	1	GC_125144	2
388389	1	DNAAF19	3	2	1	GC_388389	1
388531	1	RGS9BP	2	0	2	GC_388531	1
388551	1	CEACAM16	7	0	7	GC_388551	2
388552	1	BLOC1S3	7	0	7	GC_90332	2
388558	1	ZNF808	2	0	2	GC_388558	1
388564	1	TMEM238	1	0	1	GC_388564	1
388581	1	C1QTNF12	2	0	2	GC_388581	1
388591	1	RNF207	1	0	1	GC_388591	1
388650	1	DIPK1A	2	0	2	GC_6125	2
388662	1	SLC6A17	2	0	2	GC_388662	2
388697	1	HRNR	1	0	1	GC_2312	4
388698	1	FLG2	8	0	8	GC_2312	4
388753	1	COA6	4	0	4	GC_388753	2
388939	1	PCARE	20	0	20	GC_388939	1
388951	1	TSPYL6	5	0	5	GC_98	2
388962	1	BOLA3	2	2	0	GC_388962	1
389015	1	SLC9A4	1	0	1	GC_389015	1
389090	1	OR6B2	2	0	2	GC_389090	1
389207	1	GRXCR1	5	0	5	GC_389207	1
389434	1	IYD	9	4	5	GC_389434	1
389549	1	FEZF1	3	0	3	GC_154860	2
389730	1	SPATA31A6	2	0	2	GC_389730	1
389816	1	LRRC26	1	0	1	GC_389816	2
389827	1	MYMK	2	2	0	GC_389827	1
389840	1	MAP3K15	3	0	3	GC_5160	2
389874	1	ZCCHC13	1	0	1	GC_389874	1
389898	1	UBE2NL	1	0	1	GC_389898	1
390064	1	OR51I2	1	0	1	GC_282763	2
390072	1	OR52N4	2	0	2	GC_390072	1
390077	1	OR52N2	1	0	1	GC_390077	1
390078	1	OR52E6	2	0	2	GC_390078	1
390201	1	OR10V1	1	0	1	GC_390201	1
390212	1	GPR152	1	0	1	GC_57010	2
390245	1	KDM4E	2	0	2	GC_390245	1
390259	1	BSX	1	0	1	GC_390259	1
390321	1	OR6C1	1	0	1	GC_390321	1
390594	1	KBTBD13	18	1	17	GC_390594	1
391191	1	OR2AK2	2	0	2	GC_284521	2
391194	1	OR2M2	2	0	2	GC_391194	1
391195	1	OR2T33	1	0	1	GC_391195	1
392255	1	GDF6	3	0	3	GC_392255	1
392465	1	GLOD5	1	0	1	GC_392465	1
392636	1	AGMO	2	0	2	GC_392636	1
399671	1	HEATR4	5	0	5	GC_10965	4
399687	1	MYO18A	2	0	2	GC_399687	1
399939	1	TRIM49D1	1	0	1	GC_399939	1
399972	1	GSEC	2	0	2	GC_28960	2
399979	1	SNX19	5	0	5	GC_399979	1
400794	1	LRRC52-AS1	1	0	1	GC_400794	2
400916	1	CHCHD10	14	2	12	GC_150248	2
401124	1	DTHD1	10	0	10	GC_401124	1
401138	1	AMTN	1	0	1	GC_401138	1
401145	1	CCSER1	1	0	1	GC_401145	1
401251	1	SAPCD1	1	0	1	GC_4439	3
401491	1	VLDLR-AS1	1	0	1	GC_7436	3
401563	1	LINC02908	2	0	2	GC_20	3
401565	1	CIMIP2A	1	0	1	GC_401565	3
401667	1	OR51A2	1	0	1	GC_56547	2
401944	1	LDLRAD2	4	0	4	GC_3339	3
401992	1	OR2T2	2	0	2	GC_401992	1
401993	1	OR2T5	1	0	1	GC_401993	1
402381	1	SOHLH1	1	0	1	GC_402381	1
402569	1	KPNA7	2	0	2	GC_402569	1
403314	1	APOBEC4	3	0	3	GC_23179	2
405753	1	DUOXA2	3	0	3	GC_50506	3
406896	1	MIR103A2	1	1	0	GC_80025	4
407977	1	TNFSF12-TNFSF13	2	0	2	GC_8741	2
414152	1	C10orf105	7	2	5	GC_64072	5
414196	1	CELF2-AS1	2	2	0	GC_10659	2
414236	1	C10orf55	8	0	8	GC_5328	4
414245	1	DNAJC9-AS1	3	0	3	GC_51021	2
414301	1	DDI1	1	0	1	GC_80310	2
415116	1	PIM3	3	0	3	GC_415116	1
431707	1	LHX8	1	0	1	GC_431707	1
439915	1	KRTAP5-5	1	0	1	GC_439915	1
439941	1	FER1L6-AS1	1	0	1	GC_157376	3
439996	1	IFIT1B	1	0	1	GC_3433	4
440073	1	IQSEC3	1	0	1	GC_440073	1
440138	1	ALG11	8	3	5	GC_9724	2
440193	1	CCDC88C	29	0	29	GC_440193	1
440275	1	EIF2AK4	10	0	10	GC_6727	2
440435	1	GPR179	31	0	31	GC_440435	1
440567	1	UQCRHL	1	0	1	GC_440567	1
440584	1	SLC2A1-DT	1	1	0	GC_6513	2
440590	1	ZYG11A	1	0	1	GC_440590	1
440689	1	H2BC18	1	0	1	GC_2209	2
440695	1	ETV3L	1	0	1	GC_440695	1
440699	1	LRRC52	1	0	1	GC_400794	2
440822	1	PIWIL3	4	0	4	GC_440822	1
440952	1	EIF1B-AS1	1	0	1	GC_25924	2
441054	1	CFAP96	1	0	1	GC_55325	2
441094	1	NR2F1-AS1	14	13	1	GC_7025	2
441476	1	STPG3	1	0	1	GC_401565	3
441531	1	PGAM4	1	0	1	GC_538	3
441549	1	CDNF	1	0	1	GC_441549	1
441925	1	BECN2	3	0	3	GC_441925	1
442038	1	SULT1C3	2	0	2	GC_442038	1
442319	1	ZNF727	3	0	3	GC_442319	1
445815	1	PALM2AKAP2	5	0	5	GC_445815	1
448834	1	KPRP	2	0	2	GC_448834	1
474170	1	LRRC37A2	11	2	9	GC_4905	5
474344	1	GIMAP6	2	0	2	GC_474344	1
493753	1	COA5	1	0	1	GC_493753	1
493829	1	TRIM72	2	0	2	GC_493829	1
494188	1	FBXO47	1	0	1	GC_494188	1
494513	1	PJVK	4	2	2	GC_494513	1
494551	1	WEE2	1	0	1	GC_285962	2
497258	1	BDNF-AS	1	0	1	GC_627	2
541468	1	LURAP1	1	0	1	GC_10103	3
542767	1	PCOTH	4	0	4	GC_4285	3
553103	1	MIR3936HG	2	0	2	GC_6583	2
553158	1	PRR5-ARHGAP8	1	0	1	GC_23779	2
554201	1	CCDC148-AS1	1	0	1	GC_130940	2
554250	1	GDF5-AS1	9	4	5	GC_8200	2
574407	1	OBSCN-AS1	2	0	2	GC_84033	2
574537	1	UGT2A2	2	0	2	GC_10941	3
594857	1	NPS	1	0	1	GC_594857	1
619373	1	MBOAT4	1	0	1	GC_23484	2
641339	1	ZNF674	4	0	4	GC_641339	1
641371	1	ACOT1	4	0	4	GC_10965	4
642636	1	RAD21L1	1	0	1	GC_642636	1
642797	1	DNAH10OS	2	0	2	GC_196385	3
643226	1	GRXCR2	3	0	3	GC_643226	1
643314	1	KIAA0754	1	0	1	GC_23499	3
643418	1	LIPN	6	0	6	GC_643418	1
643641	1	ZNF862	1	0	1	GC_643641	1
643669	1	CCER2	1	0	1	GC_643669	1
643677	2	CCDC168|LRTM3	7	0	7	GC_643677	1
643749	1	TRAF3IP2-AS1	6	0	6	GC_10758	3
643853	1	TMPPE	2	1	1	GC_2720	3
644096	1	SDHAF1	1	0	1	GC_644096	2
644815	1	FAM83G	1	0	1	GC_125206	2
645104	1	CLRN2	1	0	1	GC_645104	1
646023	1	ADORA2A-AS1	1	0	1	GC_135	4
646480	1	FABP9	2	0	2	GC_646480	1
646960	1	PRSS56	4	0	4	GC_646960	1
647042	1	GOLGA6L10	2	0	2	GC_647042	1
647589	1	ANHX	1	0	1	GC_647589	1
650669	1	GAS6-AS1	5	0	5	GC_2621	2
653073	1	GOLGA8J	1	0	1	GC_653073	1
653361	1	NCF1	4	1	3	GC_653361	2
653509	1	SFTPA1	7	0	7	GC_653509	1
653583	1	PHLDB3	4	0	4	GC_653583	1
653784	1	MZT2A	1	0	1	GC_113457	2
654433	1	PAX8-AS1	4	2	2	GC_7849	2
654463	1	FER1L6	5	0	5	GC_157376	3
654780	1	LOC654780	1	0	1	GC_161931	3
654841	1	MFF-DT	141	123	18	GC_1285	4
678655	1	CD27-AS1	3	1	2	GC_939	3
692312	1	PPAN-P2RY11	6	0	6	GC_5032	4
723961	1	INS-IGF2	8	7	1	GC_3481	3
727832	1	GOLGA6L6	1	0	1	GC_727832	1
727851	1	RGPD8	1	0	1	GC_727851	1
727857	1	BHLHA9	1	0	1	GC_727857	1
727897	1	MUC5B	90	0	90	GC_727897	2
727936	1	GXYLT2	1	0	1	GC_727936	1
727993	1	PDYN-AS1	6	0	6	GC_5173	2
728224	1	KRTAP4-8	1	0	1	GC_728224	1
728294	1	D2HGDH	9	1	8	GC_728294	3
728458	1	OPN1MW2	1	0	1	GC_728458	1
728558	1	ENTPD1-AS1	1	0	1	GC_953	2
728621	1	CCDC30	1	1	0	GC_79717	2
728780	1	ANKDD1B	7	0	7	GC_728780	1
729085	1	GASK1A	1	0	1	GC_729085	1
729238	1	SFTPA2	5	0	5	GC_729238	1
729330	1	OC90	1	0	1	GC_729330	1
729359	1	PLIN4	1	0	1	GC_729359	1
729920	1	CRPPA	7	0	7	GC_729920	3
729978	1	NPIPB2	1	0	1	GC_608	2
730249	1	ACOD1	2	0	2	GC_730249	1
731220	1	RFX8	2	0	2	GC_731220	1
768206	1	PRCD	2	1	1	GC_114757	2
768211	1	RELL1	1	0	1	GC_768211	2
790955	1	UQCC3	7	0	7	GC_79081	2
100101267	1	POM121C	1	0	1	GC_100101267	1
100126793	1	GHRLOS	1	0	1	GC_51738	2
100128054	1	PLCE1-AS1	2	0	2	GC_51196	3
100128079	1	LOC100128079	1	0	1	GC_23247	3
100128494	1	NUMA1-AS1	4	0	4	GC_4926	4
100128560	1	MYHAS	27	2	25	GC_4620	7
100128593	1	LOC100128593	1	0	1	GC_158062	2
100128688	1	GPR50-AS1	1	0	1	GC_9248	2
100128927	1	ZBTB42	3	0	3	GC_100128927	1
100128977	1	MAPT-AS1	5	0	5	GC_162540	2
100129083	1	SIGLEC10-AS1	1	0	1	GC_89790	2
100129175	1	CFAP65-AS1	2	0	2	GC_255101	2
100129250	1	TZMP1	1	0	1	GC_10210	2
100129427	1	DDC-AS1	7	7	0	GC_1644	2
100129722	1	STPG3-AS1	1	0	1	GC_401565	3
100129836	1	COL4A2-AS2	5	0	5	GC_1284	3
100129973	1	CERNA1	1	0	1	GC_10681	2
100130311	1	C17orf107	15	14	1	GC_1145	3
100130587	1	LOC100130587	3	0	3	GC_1137	3
100130744	1	LOC100130744	1	0	1	GC_56172	3
100130771	1	EFCAB10	9	0	9	GC_60561	2
100130958	1	SYCE1L	1	0	1	GC_22879	2
100130987	1	LOC100130987	2	0	2	GC_23529	2
100131047	1	DNAH8-AS1	6	0	6	GC_1769	2
100131117	1	ZBTB20-AS1	3	1	2	GC_26137	2
100131211	1	NEMP2	1	0	1	GC_54842	2
100131691	1	MZF1-AS1	1	0	1	GC_7593	3
100131801	1	PET100	6	2	4	GC_6813	3
100131897	1	INSYN2B	1	0	1	GC_1794	2
100132116	1	ACTA2-AS1	3	3	0	GC_59	3
100132163	1	PHKA2-AS1	5	2	3	GC_5256	2
100132529	1	TAT-AS1	4	3	1	GC_6898	3
100132891	1	MSC-AS1	3	0	3	GC_8989	2
100133077	2	CACNA1B-AS2|LOC100133077	5	0	5	GC_774	2
100133991	1	MAP3K14-AS1	1	0	1	GC_9020	3
100137047	1	JMJD7	1	0	1	GC_8681	2
100144748	1	KLLN	4	0	4	GC_5728	4
100174949	1	TRIM59-IFT80	5	0	5	GC_57560	2
100188954	1	DNMBP-AS1	1	0	1	GC_23268	2
100287098	1	TONSL-AS1	5	1	4	GC_4796	2
100287722	1	AP4B1-AS1	11	0	11	GC_10717	4
100287765	1	LINC00630	2	0	2	GC_282808	2
100287837	1	ARHGEF17-AS1	1	0	1	GC_9828	2
100287896	1	LIPT2-AS1	2	1	1	GC_387787	3
100287944	1	LOC100287944	3	1	2	GC_5992	3
100288152	1	SLC9A3-AS1	4	0	4	GC_6550	2
100288866	1	NGFR-AS1	1	0	1	GC_4804	2
100289061	1	ADAMTSL4-AS2	7	0	7	GC_54507	3
100289178	1	GNG12-AS1	2	2	0	GC_79971	2
100289580	1	HSALR1	18	2	16	GC_9780	4
100291105	1	RBM38-AS1	1	0	1	GC_55544	2
100293516	1	ZNF587B	1	0	1	GC_100293516	1
100294362	1	RNF213-AS1	20	0	20	GC_57674	3
100302282	1	MIR103B2	1	1	0	GC_80025	4
100303453	1	TSNAX-DISC1	6	0	6	GC_7257	4
100313865	1	PIRC66	10	5	5	GC_1588	4
100379224	1	ZNF225-AS1	3	0	3	GC_7767	2
100379251	1	NPPA-AS1	5	0	5	GC_4878	3
100499483	1	CCDC180	1	0	1	GC_57653	2
100500905	1	MIR3661	1	0	1	GC_5515	2
100505518	1	EDNRB-AS1	1	0	1	GC_1910	2
100505549	1	ATP8B1-AS1	5	1	4	GC_5205	2
100505666	1	DCST1-AS1	2	0	2	GC_8751	3
100506025	1	CRPPA-AS1	2	0	2	GC_729920	3
100506071	1	COCH-AS1	11	6	5	GC_1690	2
100506134	1	TTC21B-AS1	3	1	2	GC_79809	2
100506235	1	LOC100506235	2	0	2	GC_2956	3
100506237	1	NKX2-1-AS1	1	0	1	GC_7080	3
100506321	1	MAX-AS1	11	1	10	GC_4149	3
100506462	1	SRD5A3-AS1	1	0	1	GC_79644	2
100506469	1	TMEM147-AS1	2	1	1	GC_10430	3
100506497	1	CPVL-AS2	1	0	1	GC_54504	2
100506544	1	L3MBTL2-AS1	1	0	1	GC_83746	2
100506658	1	OCLN	6	0	6	GC_100506658	1
100506713	1	ALOX12-AS1	4	0	4	GC_239	2
100506736	1	SLFN12L	2	0	2	GC_100506736	1
100506779	1	TSPOAP1-AS1	2	0	2	GC_9256	3
100506826	1	MYLK-AS1	1	0	1	GC_4638	2
100506866	1	TTN-AS1	157	6	151	GC_7273	20
100507034	1	PITRM1-AS1	1	0	1	GC_10531	3
100507098	1	ADAMTS9-AS2	2	0	2	GC_56999	3
100507291	1	COPB2-DT	2	0	2	GC_5947	2
100507299	1	SMC5-DT	2	0	2	GC_256691	2
100507346	1	LOC100507346	19	2	17	GC_5727	3
100507347	1	VIM-AS1	1	0	1	GC_7431	2
100507373	1	ADGRL1-AS1	2	0	2	GC_22859	2
100507401	1	LRP4-AS1	5	0	5	GC_4038	2
100507433	1	ZNF571-AS1	1	0	1	GC_51276	3
100507435	1	DLGAP2-AS1	1	0	1	GC_9228	2
100507443	1	LOC100507443	8	2	6	GC_1419	4
100507463	1	PSMB8-AS1	1	0	1	GC_6890	2
100507530	1	MCPH1-AS1	3	0	3	GC_285	3
100507551	1	PGLS-DT	1	0	1	GC_376497	2
100507557	1	EPM2A-DT	3	1	2	GC_7957	3
100507589	1	NAGPA-AS1	1	0	1	GC_51172	3
100526664	1	LY75-CD302	5	0	5	GC_4065	2
100526740	1	ATP5MF-PTCD1	2	0	2	GC_26024	2
100526760	1	ABHD14A-ACY1	2	0	2	GC_95	2
100526794	1	NT5C1B-RDH14	2	0	2	GC_93034	2
100526832	1	PHOSPHO2-KLHL23	1	0	1	GC_151230	2
100526833	1	SEPT5-GP1BB	13	10	3	GC_2812	2
100526835	1	FPGT-TNNI3K	14	1	13	GC_51086	3
100527949	1	GIMAP1-GIMAP5	1	0	1	GC_170575	2
100527950	1	GJA9-MYCBP	2	0	2	GC_81025	3
100527963	1	PMF1-BGLAP	1	0	1	GC_632	2
100527964	1	LHX4-AS1	3	0	3	GC_84320	3
100528016	1	TMX2-CTNND1	5	0	5	GC_1500	3
100528019	1	HSPB2-C11orf52	1	0	1	GC_1410	3
100528022	1	BLOC1S1-RDH5	13	10	3	GC_967	3
100528030	1	POC1B-GALNT4	2	0	2	GC_1848	5
100528032	1	KLRC4-KLRK1	1	0	1	GC_8302	2
100528062	1	ARMCX5-GPRASP2	2	0	2	GC_114928	2
100529067	1	SERF2-C15ORF63	1	0	1	GC_25764	2
100529097	1	RPL36A-HNRNPH2	254	251	3	GC_2717	3
100529144	1	CORO7-PAM16	3	0	3	GC_51025	3
100529207	1	RAD51L3-RFFL	13	1	12	GC_5892	3
100529211	1	TMEM256-PLSCR3	1	0	1	GC_254863	3
100529215	1	ZNF559-ZNF177	1	0	1	GC_84527	2
100529240	1	ZNF816-ZNF321P	2	0	2	GC_125893	2
100529261	1	CHURC1-FNTB	2	0	2	GC_91612	2
100529264	1	RAB4B-EGLN2	2	0	2	GC_112398	2
100532724	1	NPHP3-ACAD11	14	6	8	GC_27031	4
100532726	1	NDUFC2-KCTD14	1	0	1	GC_7069	2
100532732	1	MSH5-SAPCD1	2	0	2	GC_4439	3
100532742	1	PIR-FIGF	2	0	2	GC_8544	2
100533107	1	RTEL1-TNFRSF6B	23	2	21	GC_8771	3
100533179	1	UBE2F-SCLY	3	0	3	GC_51540	2
100533181	1	FXYD6-FXYD2	3	0	3	GC_486	2
100533195	1	FAM24B-CUZD1	1	0	1	GC_196792	2
100533464	1	PRH1-PRR4	5	0	5	GC_5554	6
100533467	1	BIVM-ERCC5	22	3	19	GC_2073	4
100533483	1	DNAAF4-CCPG1	11	2	9	GC_9236	5
100533975	1	SLMO2-ATP5E	1	0	1	GC_514	2
100533990	1	APOC4-APOC2	3	0	3	GC_344	2
100534593	1	STX16-NPEPL1	4	0	4	GC_8675	2
100534595	1	HNRNPUL2-BSCL2	10	4	6	GC_2785	3
100534612	1	C1QTNF3-AMACR	14	1	13	GC_23600	2
100616530	1	CFAP418-AS1	1	0	1	GC_157657	3
100652770	1	DSG2-AS1	14	0	14	GC_1829	2
100652846	1	CACNA1C-AS1	21	0	21	GC_775	2
100852407	1	CARS1-AS1	2	0	2	GC_833	2
100861507	1	FTCD-AS1	2	0	2	GC_10841	2
100861515	1	TRAPPC12-AS1	1	1	0	GC_51112	2
100861540	1	CYP3A7-CYP3A51P	1	0	1	GC_1551	3
100861548	1	PINK1-AS	7	3	4	GC_65018	3
100873065	1	PTCHD1-AS	36	31	5	GC_5251	5
100873919	1	NDP-AS1	12	11	1	GC_4693	2
100873930	1	DLG3-AS1	1	0	1	GC_1741	2
100873934	1	ETV5-AS1	1	0	1	GC_2119	2
100873935	1	MTOR-AS1	2	0	2	GC_2475	2
100873941	1	OPA1-AS1	2	0	2	GC_4976	3
100873942	1	PHEX-AS1	1	1	0	GC_5251	5
100873952	1	SZT2-AS1	1	0	1	GC_23334	3
100873965	1	MED4-AS1	1	0	1	GC_29079	2
100873973	1	GPC6-AS2	1	1	0	GC_10082	2
100873975	1	CNTN4-AS1	1	0	1	GC_152330	2
100873989	1	GRM5-AS1	1	0	1	GC_2915	3
100874006	1	TTC3-AS1	1	0	1	GC_7267	3
100874011	1	XIRP2-AS1	1	0	1	GC_129446	2
100874023	1	WDFY3-AS1	2	0	2	GC_23001	3
100874028	1	SGO1-AS1	3	1	2	GC_151648	2
100874029	1	CFAP44-AS1	1	0	1	GC_55779	3
100874048	1	DGUOK-AS1	3	3	0	GC_1716	3
100874090	1	SLC6A1-AS1	12	11	1	GC_6529	2
100874095	1	ADIPOQ-AS1	2	0	2	GC_9370	2
100874108	1	A2ML1-AS1	3	0	3	GC_144568	2
100874111	1	STEAP3-AS1	3	0	3	GC_55240	2
100874195	1	DIAPH3-AS1	1	0	1	GC_81624	2
100874203	1	COL4A2-AS1	12	1	11	GC_1284	3
100874204	1	ALDH1L1-AS1	1	0	1	GC_10840	2
100874217	1	TBL1XR1-AS1	4	4	0	GC_79718	3
100874250	1	KIRREL3-AS1	1	0	1	GC_84623	2
100874366	1	HOXC13-AS	2	0	2	GC_3229	2
100885795	1	LARS2-AS1	4	4	0	GC_23395	2
100996295	1	DNAH17-AS1	7	0	7	GC_8632	6
100996307	1	LIPE-AS1	14	0	14	GC_3991	3
100996351	1	GNA15-DT	2	0	2	GC_2769	2
100996939	1	PYURF	1	0	1	GC_84992	2
101448202	1	LOC101448202	7	2	5	GC_1289	2
101669766	1	ZNF350-AS1	1	0	1	GC_59348	2
101730217	1	SPECC1L-ADORA2A	25	1	24	GC_135	4
101926906	1	SLC16A12-AS1	1	0	1	GC_387700	2
101926933	1	PRMT5-DT	1	0	1	GC_54930	2
101926967	1	ATXN7L3-AS1	2	1	1	GC_7343	2
101927027	1	CHROMR	3	2	1	GC_8575	2
101927055	1	LOC101927055	8	0	8	GC_7273	20
101927078	2	KCNN2-AS1|LOC101927078	2	2	0	GC_3781	2
101927079	1	OR4M2-OT1	3	0	3	GC_283694	3
101927086	1	KLF9-DT	1	0	1	GC_80036	2
101927142	1	NPAS2-AS1	1	0	1	GC_4862	2
101927157	1	LOC101927157	4	3	1	GC_1259	2
101927256	1	CARD11-AS1	2	2	0	GC_84433	2
101927267	1	TROAP-AS1	2	0	2	GC_5630	2
101927275	1	NDUFV2-AS1	1	1	0	GC_4729	2
101927318	1	AQP5-AS1	8	8	0	GC_359	2
101927418	1	LOC101927418	1	0	1	GC_122525	2
101927521	1	GREB1L-AS1	1	0	1	GC_80000	2
101927525	1	COL1A2-AS1	1	1	0	GC_1278	2
101927631	1	ADNP-AS1	1	1	0	GC_8813	3
101927640	1	LAMA4-AS1	3	0	3	GC_3910	3
101927698	1	DSCAS	4	0	4	GC_1823	3
101927718	1	DSG1-AS1	21	0	21	GC_1828	4
101927751	1	ALDH1A3-AS1	4	2	2	GC_220	2
101927765	1	COA6-AS1	1	0	1	GC_388753	2
101927837	1	ATP6V0D1-DT	1	0	1	GC_181	2
101927870	1	SLC26A5-AS1	5	0	5	GC_5649	3
101927895	1	EMC1-AS1	12	0	12	GC_23065	2
101927978	1	ZFHX3-AS1	3	0	3	GC_463	2
101927990	1	TRDN-AS1	1	0	1	GC_10345	2
101928005	1	PKD2L2-DT	12	5	7	GC_9499	2
101928008	1	LOC101928008	2	0	2	GC_81846	4
101928076	1	DSP-AS1	1	0	1	GC_1832	2
101928099	1	PCAT7	1	0	1	GC_8789	2
101928103	1	SNHG31	9	2	7	GC_26154	2
101928174	1	GJD2-DT	6	6	0	GC_70	2
101928222	1	WDR35-DT	2	0	2	GC_4148	2
101928290	1	PLBD1-AS1	1	0	1	GC_2984	3
101928295	1	LOC101928295	2	0	2	GC_27120	2
101928323	1	ZBTB47-AS1	1	0	1	GC_4820	2
101928335	1	LOC101928335	1	0	1	GC_11043	2
101928346	1	KDM2B-DT	1	0	1	GC_80196	3
101928350	1	LOC101928350	2	0	2	GC_1770	3
101928371	1	EIF2AK3-AS1	2	0	2	GC_9451	2
101928376	1	IL12A-AS1	2	0	2	GC_3592	2
101928386	1	GTDC1-AS1	1	0	1	GC_79712	2
101928414	1	SLC28A2-AS1	2	0	2	GC_9153	2
101928462	1	TSHR-AS1	13	10	3	GC_7253	3
101928521	1	PDE6B-AS1	1	0	1	GC_5158	2
101928525	1	LOC101928525	4	1	3	GC_51116	2
101928554	1	SSPN-AS1	1	0	1	GC_8082	2
101928583	1	SLC7A14-AS1	5	0	5	GC_57709	2
101928784	1	RORA-AS1	2	0	2	GC_6095	2
101928861	1	LOC101928861	1	0	1	GC_60412	2
101928994	1	LOC101928994	2	1	1	GC_80201	2
101929089	1	TTC36-AS1	2	0	2	GC_4297	2
101929099	1	CD101-AS1	2	0	2	GC_9398	3
101929140	1	KBTBD6-DT	1	0	1	GC_9617	2
101929238	1	CFAP20DC-AS1	2	0	2	GC_200844	2
101929270	1	LOC101929270	5	5	0	GC_2733	2
101929290	1	LOC101929290	1	0	1	GC_66036	2
101929294	1	ADAM7-AS1	6	0	6	GC_10863	3
101929328	1	KCNMA1-AS1	4	3	1	GC_3778	2
101929387	1	LMF1-AS1	3	1	2	GC_64788	3
101929464	1	PHC2-AS1	1	0	1	GC_1912	2
101929467	1	LURAP1L-AS1	2	0	2	GC_7306	2
101929512	1	PSMD14-DT	2	0	2	GC_10010	2
101929523	1	THBS2-AS1	1	0	1	GC_7058	2
101929532	1	LOC101929532	1	0	1	GC_2641	2
101929591	1	KIZ-AS1	1	0	1	GC_55857	4
101929595	1	CYP2U1-AS1	3	1	2	GC_113612	3
101929680	1	SCN1A-AS1	30	13	17	GC_6323	4
101929688	1	UBE2R2-AS1	1	0	1	GC_5646	2
101929710	1	LOC101929710	4	0	4	GC_831	3
101929746	1	ZNF341-AS1	2	0	2	GC_84905	2
101930071	1	LOC101930071	7	0	7	GC_3991	3
101930593	1	DNAAF3-AS1	9	1	8	GC_352909	3
102060414	1	C2-AS1	1	0	1	GC_629	3
102464833	1	MIR6084	1	1	0	GC_65018	3
102465248	1	MIR6501	1	0	1	GC_6651	2
102465476	1	MIR6795	1	1	0	GC_4854	2
102465478	1	MIR6797	1	1	0	GC_6223	2
102465516	1	MIR6857	2	2	0	GC_8243	2
102465534	1	MIR6886	2	2	0	GC_3949	3
102723320	1	CERS3-AS1	2	0	2	GC_204219	2
102723356	1	ZFPM2-AS1	15	0	15	GC_23414	3
102723377	1	CDH23-AS1	2	1	1	GC_64072	5
102723458	1	HERC5-AS1	6	0	6	GC_51191	3
102723566	1	LOC102723566	28	14	14	GC_2022	2
102723591	1	PLXNB3-AS1	48	37	11	GC_215	2
102723692	1	LOC102723692	3	1	2	GC_64131	2
102723716	1	LOC102723716	2	0	2	GC_2260	2
102723833	1	USH2A-AS2	15	12	3	GC_7399	4
102724050	1	GPR84-AS1	2	0	2	GC_3678	2
102724058	1	LOC102724058	141	130	11	GC_6323	4
102724077	1	LINC01389	9	1	8	GC_2301	2
102724153	1	FLVCR2-AS1	1	0	1	GC_55640	2
102724307	1	CYP17A1-AS1	2	2	0	GC_1586	2
102724316	1	SVIL-AS1	6	0	6	GC_6840	2
102724404	1	NIPAL4-DT	4	0	4	GC_26999	3
102724406	1	SIM1-AS1	3	0	3	GC_6492	2
102724446	1	LOC102724446	2	0	2	GC_81469	2
102724449	1	SOD1-DT	10	10	0	GC_6647	3
102724508	1	EFCAB13-DT	1	1	0	GC_3690	5
102724708	1	ARFGEF1-DT	2	0	2	GC_57094	2
102725201	1	CEP250-AS1	3	0	3	GC_11190	2
103091864	1	SNHG22	5	0	5	GC_4645	2
103611155	1	PAPPA-AS2	3	0	3	GC_5069	2
103689911	1	CATIP-AS2	6	0	6	GC_25953	4
103752585	1	RORB-AS1	1	1	0	GC_6096	2
103752587	1	FOXC2-AS1	1	1	0	GC_2303	2
104169670	1	RXYLT1-AS1	1	0	1	GC_10329	2
104326055	1	APOA1-AS	3	2	1	GC_335	2
104384744	1	TET2-AS1	17	0	17	GC_54790	2
104413892	1	F10-AS1	1	0	1	GC_2159	2
104472715	1	SNHG14	9	8	1	GC_7337	2
104472848	1	IRAIN	1	0	1	GC_3480	2
104564225	1	MHRT	13	10	3	GC_4625	4
104909134	1	LINC02210-CRHR1	1	0	1	GC_1394	2
105369149	1	LOC105369149	2	0	2	GC_81846	4
105369301	1	CLDN14-AS1	2	1	1	GC_23562	2
105369332	1	STX5-DT	1	0	1	GC_54663	2
105369352	1	KLC2-AS1	1	0	1	GC_64837	2
105369438	1	PIWIL4-AS1	3	0	3	GC_2526	3
105369689	1	KCNJ8-AS1	4	1	3	GC_3764	3
105369748	1	RPAP3-DT	1	0	1	GC_8909	2
105369759	1	DHH-AS1	1	0	1	GC_50846	2
105369942	1	LINC02456	2	0	2	GC_3479	2
105370035	1	TIALD	2	0	2	GC_3242	2
105370526	1	HIF1A-AS3	2	0	2	GC_3091	2
105370752	1	TRPM1-AS1	2	1	1	GC_4308	3
105370792	1	LOC105370792	2	0	2	GC_51332	2
105370890	1	LOC105370890	3	2	1	GC_10021	3
105371026	1	LRRK1-AS1	9	0	9	GC_79705	3
105371046	1	LOC105371046	13	6	7	GC_9742	3
105371049	1	PKD1-AS1	13	7	6	GC_5310	3
105371050	1	LOC105371050	1	0	1	GC_899	2
105371074	1	USP7-AS1	1	0	1	GC_7874	2
105371115	1	IQCK-AS1	1	0	1	GC_124152	2
105371374	1	ATP2C2-AS1	5	0	5	GC_9914	3
105371453	1	BCAN-AS1	1	0	1	GC_63827	3
105371492	1	CTNS-AS1	14	11	3	GC_1497	2
105371600	1	GPA33-AS1	1	0	1	GC_10223	2
105371611	1	FMO1-AS1	3	0	3	GC_2327	2
105371722	1	MIR4733HG	9	9	0	GC_2123	7
105371856	1	LOC105371856	2	0	2	GC_26115	2
105371893	1	SLC9A3R1-AS1	1	0	1	GC_9368	2
105371925	2	LOC105371925|TEPSIN-AS1	2	0	2	GC_146705	2
105371942	1	FOXK2-AS1	2	0	2	GC_3607	2
105372127	1	TCF4-AS1	5	0	5	GC_6925	3
105372255	1	LOC105372255	1	0	1	GC_81616	2
105372273	1	DOCK6-AS1	10	0	10	GC_57572	2
105372779	1	MRAP-AS1	1	0	1	GC_9875	4
105372791	1	LOC105372791	2	0	2	GC_9992	2
105372799	1	KCNJ6-AS1	1	0	1	GC_3763	2
105372918	1	USH2A-AS1	9	8	1	GC_7399	4
105372963	1	MYO18B-AS1	1	0	1	GC_84700	2
105373021	1	CACNG2-DT	4	0	4	GC_11020	2
105373786	1	CALCRL-AS1	2	0	2	GC_7035	3
105373813	1	CAVIN2-AS1	1	0	1	GC_23671	2
105373868	1	FN1-DT	3	0	3	GC_471	7
105373885	1	ASIC4-AS1	18	0	18	GC_10290	4
105373904	1	ACSL3-AS1	1	0	1	GC_2181	2
105374258	1	HRG-AS1	1	0	1	GC_26998	2
105374363	1	GTF3C2-AS2	7	4	3	GC_8890	2
105374425	1	PHOX2B-AS1	1	0	1	GC_8929	2
105374476	1	SLC2A9-AS1	1	1	0	GC_1816	4
105374952	1	NUP153-AS1	1	0	1	GC_9972	2
105375095	1	GCLC-AS1	1	0	1	GC_2729	2
105375215	1	FKBP14-AS1	1	0	1	GC_55033	2
105375836	1	LOC105375836	1	0	1	GC_4986	2
105376032	1	LOC105376032	2	1	1	GC_5079	2
105376580	1	CSRP3-AS1	3	0	3	GC_79733	2
105377102	1	LOC105377102	1	0	1	GC_26060	3
105377105	1	FLNB-AS1	4	0	4	GC_2317	3
105377289	1	SHROOM3-AS1	13	0	13	GC_57619	2
105377785	1	LOC105377785	3	0	3	GC_64478	3
105378353	1	LOC105378353	1	0	1	GC_55315	2
105378525	1	HTRA1-AS1	2	0	2	GC_387715	2
105378663	1	RRAGC-DT	2	0	2	GC_81025	3
105378668	1	MYCL-AS1	1	0	1	GC_54802	2
105378803	1	LRRC53	2	1	1	GC_51086	3
105378897	1	SLC6A17-AS1	1	0	1	GC_388662	2
105378991	1	ERCC8-AS1	1	0	1	GC_1161	2
105379054	1	VCAN-AS1	23	0	23	GC_1462	2
105379241	1	BLK-AS1	3	0	3	GC_640	3
105447645	1	LOC105447645	1	0	1	GC_2524	2
106029240	1	LOC106029240	4	0	4	GC_51481	2
106029241	1	LOC106029241	1	0	1	GC_51480	2
106029312	1	LOC106029312	4	1	3	GC_653361	2
106050102	1	LOC106050102	62	50	12	GC_3423	3
106096416	1	LOC106096416	1	0	1	GC_3875	2
106099062	1	LOC106099062	30	27	3	GC_3043	4
106099064	1	LOC106099064	1	0	1	GC_3047	2
106099065	1	LOC106099065	1	1	0	GC_3048	2
106128904	1	GH-LCR	62	51	11	GC_2688	3
106144526	1	PLA2G4C-AS1	1	0	1	GC_8605	2
106144573	1	HBA-LCR	7	0	7	GC_8131	2
106146150	1	LOC106146150	1	0	1	GC_2157	3
106478956	1	MDC1-AS1	1	0	1	GC_9656	2
106478970	1	HTR3E-AS1	1	0	1	GC_285242	2
106501712	1	LOC106501712	14	0	14	GC_1187	2
106501713	1	LOC106501713	31	12	19	GC_1188	3
106560211	1	LOC106560211	1	0	1	GC_338	3
106627981	1	LOC106627981	67	67	0	GC_2629	2
106632268	1	APOB3'MAR	1	0	1	GC_338	3
106694316	1	LOC106694316	1	1	0	GC_4353	2
106707243	1	PRH1-TAS2R14	3	0	3	GC_5554	6
106780800	1	LOC106780800	28	23	5	GC_1589	4
106780802	1	KCNK4-CATSPERZ	8	2	6	GC_50801	2
106780803	1	LOC106780803	16	0	16	GC_1589	4
106799833	1	LOC106799833	29	25	4	GC_1584	3
106799834	1	LOC106799834	19	7	12	GC_1585	2
106804612	1	LOC106804612	18	17	1	GC_3040	2
106804613	1	LOC106804613	15	13	2	GC_3039	2
106821730	1	BUB1B-PAK6	5	0	5	GC_701	4
107075317	1	LOC107075317	2	0	2	GC_1760	3
107080638	1	TBC1D7-LOC100130357	4	0	4	GC_51256	3
107080644	1	CNPY3-GNMT	1	0	1	GC_27232	2
107126288	1	LOC107126288	2	0	2	GC_3209	2
107133510	1	LOC107133510	44	38	6	GC_3043	4
107303338	1	LOC107303338	16	3	13	GC_2177	3
107303340	1	LOC107303340	59	56	3	GC_7428	2
107303343	1	LOC107303343	7	5	2	GC_100	3
107303344	1	SETDB2-PHF11	2	0	2	GC_83852	2
107372315	1	LOC107372315	2	2	0	GC_55644	2
107457585	1	LOC107457585	2	0	2	GC_1767	4
107546745	1	LOC107546745	1	0	1	GC_4811	2
107548112	1	LOC107548112	2	1	1	GC_5972	2
107652445	1	LOC107652445	1	1	0	GC_6473	2
107832851	1	LOC107832851	2	0	2	GC_23411	2
107963955	1	LOC107963955	1	0	1	GC_613	2
107980440	1	LOC107980440	2	0	2	GC_25	2
107982234	1	LOC107982234	3	0	3	GC_7490	2
107985033	1	LOC107985033	3	0	3	GC_342618	2
107985305	1	CEACAM16-AS1	7	0	7	GC_388551	2
107985544	1	LOC107985544	1	0	1	GC_23762	2
107985578	1	NCF4-AS1	2	1	1	GC_4689	2
107986136	1	IL20RB-AS1	1	0	1	GC_4690	2
107986412	1	SLC1A3-AS1	3	0	3	GC_6507	2
107986588	1	EHMT2-AS1	2	1	1	GC_10919	3
107986809	1	ELN-AS1	3	0	3	GC_2006	2
107986822	1	LOC107986822	3	0	3	GC_5445	2
107986827	1	CZ1P-ASNS	15	13	2	GC_440	2
107988032	1	LOC107988032	7	0	7	GC_2316	2
108021846	1	LOC108021846	4	2	2	GC_6662	2
108281134	1	LOC108281134	4	0	4	GC_6658	2
108281160	1	LOC108281160	1	0	1	GC_5648	2
108281165	1	LOC108281165	1	0	1	GC_1244	3
108281177	1	LOC108281177	3	2	1	GC_6657	3
108491825	1	LOC108491825	2	0	2	GC_116519	2
108663984	1	LOC108663984	3	0	3	GC_212	2
108663987	1	LOC108663987	3	0	3	GC_4287	2
108903148	1	LOC108903148	1	0	1	GC_10133	2
109029530	1	LOC109029530	2	2	0	GC_3284	2
109611589	1	LOC109611589	1	0	1	GC_860	2
109703458	1	HTD2	1	0	1	GC_11102	2
109729173	1	TFAP2A-AS2	9	9	0	GC_7020	3
109729174	1	MIR4713HG	10	5	5	GC_1588	4
109729184	1	SLC12A5-AS1	2	0	2	GC_4318	2
109864269	1	MIR302CHG	2	0	2	GC_51574	2
110006319	1	LOC110006319	14	11	3	GC_3043	4
110091775	1	CFAP298-TCP10L	3	0	3	GC_56683	2
110121269	1	LOC110121269	2	1	1	GC_6331	2
110121283	1	LOC110121283	2	0	2	GC_1952	2
110121288	1	LOC110121288	9	0	9	GC_6336	2
110121456	1	LOC110121456	1	0	1	GC_3221	3
110121471	1	LOC110121471	1	1	0	GC_6833	2
110121486	1	LOC110121486	2	2	0	GC_11155	2
110599564	1	EEF1AKMT4	1	0	1	GC_9718	3
110599583	1	EEF1AKMT4-ECE2	2	0	2	GC_9718	3
110673972	1	LOC110673972	2	0	2	GC_1584	3
110806300	1	FLNC-AS1	12	2	10	GC_2318	3
111082987	1	CFTR-AS1	22	20	2	GC_1080	6
111099027	1	LOC111099027	2	0	2	GC_7113	3
111162621	1	LOC111162621	1	1	0	GC_8626	2
111188154	1	LOC111188154	2	0	2	GC_1436	2
111240474	1	CRYZL2P-SEC16B	5	0	5	GC_89866	2
111255642	1	LOC111255642	1	0	1	GC_8795	2
111413029	1	LOC111413029	1	1	0	GC_6898	3
111674472	1	LOC111674472	30	30	0	GC_1080	6
111674475	1	LOC111674475	9	8	1	GC_1080	6
111718493	1	LOC111718493	1	0	1	GC_57538	2
111811965	1	LOC111811965	9	9	0	GC_2123	7
111811967	1	LOC111811967	3	0	3	GC_3748	2
111822955	1	ATRIP-TREX1	10	2	8	GC_11277	3
112163529	1	LOC112163529	1	0	1	GC_283459	2
112267960	1	KCNQ5-DT	2	0	2	GC_56479	3
112268170	1	MVP-DT	12	3	9	GC_112476	2
112272600	1	LOC112272600	1	0	1	GC_4643	2
112390310	1	SYNGAP1-AS1	27	10	17	GC_8831	2
112486223	1	LOC112486223	9	6	3	GC_2175	5
112529895	1	LOC112529895	2	0	2	GC_6341	2
112533667	1	LOC112533667	1	1	0	GC_2232	2
112533671	1	LOC112533671	1	0	1	GC_3993	3
112533672	1	LOC112533672	1	0	1	GC_201294	2
112543452	1	LOC112543452	1	0	1	GC_22983	2
112577486	1	LOC112577486	2	0	2	GC_5351	2
112577517	1	LOC112577517	2	0	2	GC_26092	2
112577518	1	MUC5B-AS1	53	0	53	GC_727897	2
112694756	1	LOC112694756	1	1	0	GC_226	2
112840920	1	LOC112840920	1	0	1	GC_11132	2
112840921	1	LOC112840921	2	1	1	GC_9381	2
112840934	1	NGF-AS1	5	0	5	GC_4803	2
112935910	1	LOC112935910	1	0	1	GC_57552	2
112997540	1	LOC112997540	3	0	3	GC_27235	2
112997542	1	LOC112997542	2	0	2	GC_113510	2
113174982	1	LOC113174982	2	0	2	GC_51567	2
113218481	1	MIR9718	1	1	0	GC_6495	2
113664106	1	LOC113664106	3	3	0	GC_1080	6
113687175	1	LOC113687175	1	1	0	GC_7036	2
113788277	1	LOC113788277	2	0	2	GC_11212	2
113788297	1	LOC113788297	2	1	1	GC_137682	2
113839516	1	LOC113839516	5	3	2	GC_1759	4
113839559	1	LOC113839559	1	0	1	GC_140803	2
113875008	1	LOC113875008	1	0	1	GC_4952	2
113939944	1	LOC113939944	10	10	0	GC_2200	4
113939967	1	LOC113939967	2	0	2	GC_5032	4
114108587	1	ATF7-NPFF	1	0	1	GC_8620	2
114803468	1	LOC114803468	2	0	2	GC_23499	3
114803475	1	LOC114803475	1	1	0	GC_5468	2
114803478	1	LOC114803478	3	0	3	GC_10758	3
114827827	1	LOC114827827	5	0	5	GC_4878	3
114827832	1	LOC114827832	1	0	1	GC_9378	2
114827850	1	LOC114827850	2	2	0	GC_4633	2
114827851	1	LOC114827851	4	0	4	GC_4624	3
115072896	1	SLCO1B3-SLCO1B7	9	0	9	GC_28234	3
115271120	1	LDLR-AS1	10	9	1	GC_3949	3
115308161	1	LOC115308161	9	0	9	GC_57492	5
116435281	1	EGILA	2	0	2	GC_283	3
116435297	1	RCCD1-AS1	1	0	1	GC_55898	2
116804918	1	TBCEL-TECTA	21	6	15	GC_7007	3
117125588	1	LOC117125588	2	0	2	GC_1777	2
117125591	1	LOC117125591	2	2	0	GC_10661	4
117125592	1	LOC117125592	2	0	2	GC_10661	4
117125594	1	LOC117125594	6	6	0	GC_2639	4
117134604	1	LOC117134604	1	0	1	GC_7113	3
118142757	1	GUCA1ANB-GUCA1A	15	14	1	GC_2978	3
118597844	1	TP53RK-DT	1	0	1	GC_112858	3
118827807	1	VSIG10L-AS1	1	0	1	GC_147645	2
119266102	1	LOC119266102	1	1	0	GC_3460	2
119369037	1	LOC119369037	1	0	1	GC_2997	2
120356740	1	TOMT	2	1	1	GC_25906	3
120766137	1	HRURF	1	1	0	GC_55806	2
120766138	1	SNRPA1-DT	1	0	1	GC_5046	2
120766147	1	PDE3A-AS1	4	0	4	GC_5139	3
120893116	1	LOC120893116	2	0	2	GC_8659	3
121232372	1	ITGA2-AS1	2	0	2	GC_3672	3
121233924	1	TACR3-AS1	2	1	1	GC_6870	2
121268921	1	LOC121268921	2	0	2	GC_1508	2
121331340	1	LOC121331340	1	0	1	GC_19	3
121392929	1	LOC121392929	1	0	1	GC_26005	2
121530597	1	LOC121530597	1	0	1	GC_23184	2
121627832	1	LOC121627832	1	0	1	GC_6925	3
121627860	1	LOC121627860	1	0	1	GC_93323	2
121627952	1	LOC121627952	1	0	1	GC_9620	2
121740638	1	LOC121740638	9	9	0	GC_7020	3
121740717	1	LOC121740717	2	0	2	GC_5591	3
121815974	1	LOC121815974	3	3	0	GC_4942	2
121853074	1	GBX2-AS1	1	0	1	GC_2637	2
122094844	1	LOC122094844	1	0	1	GC_3953	2
122152296	1	LOC122152296	4	2	2	GC_7399	4
122152368	1	CHUK-DT	2	0	2	GC_55280	2
122319435	1	XNDC1N-ZNF705EP-ALG1L9P	1	0	1	GC_245911	2
122787137	1	LOC122787137	1	0	1	GC_8291	2
122861286	1	LOC122861286	1	0	1	GC_285175	2
122861289	1	LOC122861289	2	0	2	GC_471	7
122861306	1	LOC122861306	1	0	1	GC_80210	2
122889014	1	LOC122889014	4	0	4	GC_2859	2
123038185	1	LOC123038185	2	0	2	GC_6578	2
123522803	1	LOC123522803	1	0	1	GC_340061	2
123706516	1	HNRNPK-AS1	3	3	0	GC_3190	2
123706531	1	GUCY2C-AS1	2	0	2	GC_2984	3
123706536	1	SPTBN1-AS2	2	0	2	GC_6711	2
123864065	1	LOC123864065	1	0	1	GC_3908	2
123956210	1	LOC123956210	11	9	2	GC_5172	3
123956241	1	LOC123956241	1	0	1	GC_50617	3
123956257	1	LOC123956257	1	1	0	GC_1180	2
123956272	1	LOC123956272	1	0	1	GC_58508	3
123987602	1	ST6GALNAC4-ST6GALNAC6-AK1	2	0	2	GC_203	2
124310614	1	LOC124310614	2	0	2	GC_203286	2
124310636	1	LOC124310636	1	0	1	GC_153090	2
124403924	1	LOC124403924	1	0	1	GC_374308	2
124416894	1	LOC124416894	1	0	1	GC_5662	2
124416925	1	LOC124416925	1	0	1	GC_3167	2
124418421	1	LOC124418421	2	0	2	GC_6786	2
124489758	1	LOC124489758	1	0	1	GC_5871	2
124625920	1	LOC124625920	2	0	2	GC_5139	3
124629423	1	LOC124629423	2	0	2	GC_8092	2
124900513	1	PDK1-AS1	7	0	7	GC_3655	2
124900664	1	SLC2A9-AS3	3	1	2	GC_1816	4
124903538	1	ARNT2-AS1	1	0	1	GC_9915	2
124905014	1	RUNX1-AS1	30	30	0	GC_861	2
124906210	1	BRRIAR	1	1	0	GC_3708	3
124958010	1	LOC124958010	1	0	1	GC_328	2
125146351	1	LOC125146351	2	0	2	GC_5346	2
125146393	1	LOC125146393	1	0	1	GC_51172	3
125177393	1	LOC125177393	1	0	1	GC_197322	2
125177523	1	LOC125177523	1	0	1	GC_1213	2
125242785	1	FDX2-ZGLP1	3	0	3	GC_112812	2
125312417	1	LOC125312417	2	0	2	GC_92335	2
125316790	1	LOC125316790	1	0	1	GC_9382	4
125316803	1	POLGARF	6	4	2	GC_5428	3
125371455	1	LOC125371455	1	0	1	GC_84699	2
125371495	1	LOC125371495	1	1	0	GC_51079	2
125384545	1	LOC125384545	1	0	1	GC_51157	3
125418060	1	LOC125418060	1	0	1	GC_9875	4
125418073	1	LOC125418073	2	0	2	GC_7267	3
125446261	1	LOC125446261	6	6	0	GC_23209	2
125467744	1	ADAM15-EFNA4	2	0	2	GC_8751	3
126088093	1	LOC126088093	3	0	3	GC_283694	3
126568844	1	BCAN-AS2	1	0	1	GC_63827	3
126568849	1	PRADX	1	0	1	GC_1509	2
126653370	1	LOC126653370	1	0	1	GC_2114	2
126653398	1	LOC126653398	1	1	0	GC_54082	7
126805586	1	LOC126805586	2	0	2	GC_9731	2
126805598	1	LOC126805598	1	0	1	GC_57449	2
126805603	1	LOC126805603	3	0	3	GC_23261	2
126805604	1	LOC126805604	3	0	3	GC_8863	2
126805612	1	LOC126805612	6	1	5	GC_5293	2
126805622	1	LOC126805622	3	0	3	GC_65122	2
126805655	1	LOC126805655	1	0	1	GC_3339	3
126805658	1	LOC126805658	1	0	1	GC_1870	2
126805661	1	LOC126805661	2	0	2	GC_2517	2
126805670	1	LOC126805670	3	0	3	GC_8289	3
126805680	1	LOC126805680	1	0	1	GC_9698	2
126805704	1	LOC126805704	2	0	2	GC_79753	2
126805771	1	LOC126805771	1	0	1	GC_8915	2
126805793	1	LOC126805793	7	7	0	GC_24	3
126805794	1	LOC126805794	4	3	1	GC_24	3
126805828	1	LOC126805828	1	0	1	GC_1117	2
126805841	1	LOC126805841	2	0	2	GC_9398	3
126805854	1	LOC126805854	1	0	1	GC_2330	4
126805877	1	LOC126805877	4	4	0	GC_4000	3
126805881	1	LOC126805881	1	0	1	GC_83417	2
126805916	1	LOC126805916	5	2	3	GC_2328	2
126805954	1	LOC126805954	1	0	1	GC_7175	2
126805984	1	LOC126805984	1	0	1	GC_4194	2
126806039	1	LOC126806039	3	3	0	GC_375	2
126806044	1	LOC126806044	1	0	1	GC_7257	4
126806060	1	LOC126806060	1	0	1	GC_6905	3
126806068	1	LOC126806068	7	6	1	GC_6262	2
126806171	1	LOC126806171	2	0	2	GC_790	3
126806172	1	LOC126806172	1	0	1	GC_790	3
126806173	1	LOC126806173	1	0	1	GC_26160	4
126806174	1	LOC126806174	2	0	2	GC_26160	4
126806192	1	LOC126806192	2	0	2	GC_10153	3
126806210	1	LOC126806210	1	0	1	GC_2034	2
126806211	1	LOC126806211	2	0	2	GC_57217	3
126806252	1	LOC126806252	1	0	1	GC_7840	2
126806253	1	LOC126806253	2	2	0	GC_10617	2
126806353	1	LOC126806353	2	0	2	GC_3938	2
126806374	1	LOC126806374	1	0	1	GC_114793	2
126806390	1	LOC126806390	3	0	3	GC_29994	2
126806400	1	LOC126806400	4	4	0	GC_8647	2
126806420	1	LOC126806420	3	0	3	GC_7273	20
126806421	1	LOC126806421	3	0	3	GC_7273	20
126806422	1	LOC126806422	4	0	4	GC_7273	20
126806423	1	LOC126806423	1	0	1	GC_7273	20
126806424	1	LOC126806424	3	0	3	GC_7273	20
126806425	1	LOC126806425	3	0	3	GC_7273	20
126806426	1	LOC126806426	1	0	1	GC_7273	20
126806427	1	LOC126806427	5	0	5	GC_7273	20
126806428	1	LOC126806428	3	0	3	GC_7273	20
126806429	1	LOC126806429	3	0	3	GC_7273	20
126806430	1	LOC126806430	1	0	1	GC_7273	20
126806431	1	LOC126806431	2	0	2	GC_7273	20
126806432	1	LOC126806432	8	0	8	GC_7273	20
126806433	1	LOC126806433	1	0	1	GC_7273	20
126806446	1	LOC126806446	3	3	0	GC_1281	2
126806457	1	LOC126806457	1	0	1	GC_56171	2
126806462	1	LOC126806462	5	2	3	GC_23314	2
126806468	1	LOC126806468	1	0	1	GC_316	2
126806497	1	LOC126806497	2	0	2	GC_471	7
126806498	1	LOC126806498	1	0	1	GC_471	7
126806499	1	LOC126806499	1	0	1	GC_471	7
126806516	1	LOC126806516	2	0	2	GC_79840	2
126806529	1	LOC126806529	1	0	1	GC_5077	2
126806552	1	LOC126806552	2	0	2	GC_251	2
126806582	1	LOC126806582	1	0	1	GC_150681	2
126806590	1	LOC126806590	5	5	0	GC_3708	3
126806614	1	LOC126806614	1	0	1	GC_51244	2
126806630	1	LOC126806630	3	3	0	GC_7068	2
126806652	1	LOC126806652	1	0	1	GC_11280	2
126806658	1	LOC126806658	1	1	0	GC_1499	2
126806673	1	LOC126806673	2	0	2	GC_79442	2
126806676	1	LOC126806676	2	0	2	GC_79714	2
126806689	1	LOC126806689	3	0	3	GC_54756	2
126806704	1	LOC126806704	1	0	1	GC_56999	3
126806710	1	LOC126806710	3	0	3	GC_56203	2
126806714	1	LOC126806714	2	2	0	GC_27086	2
126806727	1	LOC126806727	2	0	2	GC_6092	2
126806810	1	LOC126806810	1	0	1	GC_55764	2
126806878	1	LOC126806878	3	3	0	GC_79718	3
126806897	1	LOC126806897	1	0	1	GC_3273	2
126806913	1	LOC126806913	2	2	0	GC_4976	3
126806932	1	LOC126806932	1	1	0	GC_5130	2
126806940	1	LOC126806940	1	0	1	GC_2580	2
126806951	1	LOC126806951	5	1	4	GC_285489	3
126806961	1	LOC126806961	3	0	3	GC_132884	2
126807011	1	LOC126807011	2	1	1	GC_3516	2
126807034	1	LOC126807034	1	0	1	GC_23216	2
126807054	1	LOC126807054	1	0	1	GC_5156	2
126807088	1	LOC126807088	1	0	1	GC_80144	2
126807101	1	LOC126807101	1	0	1	GC_23001	3
126807122	1	LOC126807122	1	0	1	GC_125	2
126807125	1	LOC126807125	1	0	1	GC_64116	3
126807134	1	LOC126807134	3	0	3	GC_1950	2
126807136	1	LOC126807136	5	0	5	GC_287	3
126807137	1	LOC126807137	8	0	8	GC_287	3
126807238	1	LOC126807238	3	0	3	GC_60684	2
126807246	1	LOC126807246	1	0	1	GC_27295	2
126807253	1	LOC126807253	3	0	3	GC_2195	5
126807254	1	LOC126807254	5	0	5	GC_2195	5
126807255	1	LOC126807255	8	0	8	GC_2195	5
126807318	1	LOC126807318	1	0	1	GC_1767	4
126807322	1	LOC126807322	1	0	1	GC_7204	3
126807323	1	LOC126807323	4	0	4	GC_7204	3
126807349	1	LOC126807349	2	0	2	GC_81792	2
126807371	1	LOC126807371	1	0	1	GC_1601	2
126807453	1	LOC126807453	1	1	0	GC_285600	2
126807501	1	LOC126807501	4	0	4	GC_2201	2
126807569	1	LOC126807569	1	0	1	GC_26999	3
126807619	1	LOC126807619	1	1	0	GC_64324	2
126859565	1	LOC126859565	4	3	1	GC_10667	4
126859592	1	LOC126859592	1	0	1	GC_51256	3
126859646	1	LOC126859646	3	0	3	GC_57176	2
126859651	1	LOC126859651	1	0	1	GC_7407	2
126859653	1	LOC126859653	1	0	1	GC_6499	2
126859690	1	LOC126859690	8	7	1	GC_5314	2
126859766	1	LOC126859766	1	0	1	GC_3910	3
126859807	1	LOC126859807	1	0	1	GC_7128	2
126859837	1	LOC126859837	2	0	2	GC_2099	3
126859871	1	LOC126859871	2	0	2	GC_5071	3
126859913	1	LOC126859913	2	0	2	GC_28514	2
126859961	1	LOC126859961	5	0	5	GC_8701	4
126859962	1	LOC126859962	1	0	1	GC_8701	4
126860075	1	LOC126860075	1	1	0	GC_5447	2
126860121	1	LOC126860121	1	0	1	GC_8295	2
126860124	1	LOC126860124	6	2	4	GC_2050	3
126860126	1	LOC126860126	1	0	1	GC_1523	2
126860130	1	LOC126860130	2	0	2	GC_5649	3
126860224	1	LOC126860224	1	0	1	GC_4846	2
126860260	1	LOC126860260	1	0	1	GC_54892	2
126860285	1	LOC126860285	1	0	1	GC_64478	3
126860303	1	LOC126860303	1	0	1	GC_640	3
126860305	1	LOC126860305	1	0	1	GC_10395	2
126860330	1	LOC126860330	1	1	0	GC_4747	2
126860346	1	LOC126860346	1	0	1	GC_3084	2
126860392	1	LOC126860392	9	0	9	GC_6101	2
126860403	1	LOC126860403	4	1	3	GC_55636	2
126860438	1	LOC126860438	1	0	1	GC_4683	2
126860469	1	LOC126860469	9	0	9	GC_23414	3
126860498	1	LOC126860498	1	0	1	GC_9897	2
126860545	1	LOC126860545	1	1	0	GC_27161	2
126860552	1	LOC126860552	2	0	2	GC_81704	2
126860554	1	LOC126860554	1	0	1	GC_23189	2
126860578	1	LOC126860578	3	0	3	GC_5789	2
126860585	1	LOC126860585	3	0	3	GC_54796	2
126860700	1	LOC126860700	1	0	1	GC_9568	2
126860736	1	LOC126860736	4	0	4	GC_85301	2
126860741	1	LOC126860741	2	0	2	GC_3371	2
126860753	1	LOC126860753	1	0	1	GC_2934	2
126860772	1	LOC126860772	2	1	1	GC_89891	2
126860777	1	LOC126860777	4	0	4	GC_10319	2
126860782	1	LOC126860782	1	0	1	GC_23064	2
126860802	1	LOC126860802	3	0	3	GC_10771	2
126860872	1	LOC126860872	1	0	1	GC_221074	2
126860875	1	LOC126860875	1	0	1	GC_10529	2
126860891	1	LOC126860891	1	0	1	GC_55130	3
126860933	1	LOC126860933	3	1	2	GC_2074	3
126860960	1	LOC126860960	3	0	3	GC_5328	4
126860970	1	LOC126860970	1	1	0	GC_11128	2
126861012	1	LOC126861012	4	0	4	GC_1244	3
126861109	1	LOC126861109	1	0	1	GC_10522	2
126861110	1	LOC126861110	2	2	0	GC_6888	2
126861140	1	LOC126861140	1	1	0	GC_9646	2
126861150	1	LOC126861150	1	0	1	GC_144100	2
126861242	1	LOC126861242	3	3	0	GC_4723	2
126861244	1	LOC126861244	2	2	0	GC_1374	2
126861245	1	LOC126861245	2	2	0	GC_3508	3
126861257	1	LOC126861257	1	0	1	GC_4926	4
126861258	1	LOC126861258	1	1	0	GC_81570	3
126861316	1	LOC126861316	1	0	1	GC_4317	2
126861318	1	LOC126861318	3	2	1	GC_4322	2
126861339	1	LOC126861339	4	4	0	GC_6392	2
126861343	1	LOC126861343	2	0	2	GC_80975	2
126861346	1	LOC126861346	1	0	1	GC_23705	2
126861358	1	LOC126861358	1	0	1	GC_917	2
126861360	1	LOC126861360	1	1	0	GC_1798	2
126861365	1	LOC126861365	1	0	1	GC_7007	3
126861368	1	LOC126861368	1	0	1	GC_6653	3
126861410	1	LOC126861410	1	0	1	GC_5927	2
126861452	1	LOC126861452	2	2	0	GC_2120	2
126861520	1	LOC126861520	6	0	6	GC_8085	2
126861525	1	LOC126861525	7	7	0	GC_3852	3
126861526	1	LOC126861526	6	4	2	GC_3852	3
126861535	1	LOC126861535	1	0	1	GC_3679	2
126861615	1	LOC126861615	28	28	0	GC_429	3
126861637	1	LOC126861637	2	2	0	GC_488	2
126861664	1	LOC126861664	1	1	0	GC_1967	2
126861667	1	LOC126861667	1	0	1	GC_196385	3
126861720	1	LOC126861720	1	0	1	GC_2321	3
126861731	1	LOC126861731	1	0	1	GC_10129	2
126861752	1	LOC126861752	1	0	1	GC_8600	3
126861801	1	LOC126861801	1	0	1	GC_9882	2
126861822	1	LOC126861822	1	0	1	GC_23348	2
126861834	1	LOC126861834	3	3	0	GC_2073	4
126861856	1	LOC126861856	1	0	1	GC_1282	2
126861883	1	LOC126861883	1	0	1	GC_29986	2
126861888	1	LOC126861888	3	0	3	GC_57680	2
126861896	1	LOC126861896	3	0	3	GC_4624	3
126861897	1	LOC126861897	8	7	1	GC_4625	4
126861898	1	LOC126861898	40	39	1	GC_4625	4
126861902	1	LOC126861902	1	0	1	GC_1215	2
126861936	1	LOC126861936	2	0	2	GC_51199	3
126861980	1	LOC126861980	1	0	1	GC_64093	2
126862019	1	LOC126862019	3	0	3	GC_55775	2
126862021	1	LOC126862021	3	3	0	GC_801	2
126862047	1	LOC126862047	1	0	1	GC_2009	2
126862066	1	LOC126862066	1	0	1	GC_9578	2
126862088	1	LOC126862088	1	0	1	GC_4308	3
126862115	1	LOC126862115	3	2	1	GC_825	3
126862123	1	LOC126862123	1	1	0	GC_6557	2
126862124	1	LOC126862124	12	12	0	GC_2200	4
126862173	1	LOC126862173	3	2	1	GC_10021	3
126862183	1	LOC126862183	2	0	2	GC_49855	2
126862187	1	LOC126862187	2	0	2	GC_5923	2
126862216	1	LOC126862216	1	0	1	GC_90381	3
126862217	1	LOC126862217	1	0	1	GC_290	2
126862255	1	LOC126862255	1	0	1	GC_79705	3
126862260	1	LOC126862260	1	0	1	GC_9742	3
126862264	1	LOC126862264	10	6	4	GC_4210	2
126862279	1	LOC126862279	8	0	8	GC_54715	2
126862297	1	LOC126862297	1	0	1	GC_57496	2
126862323	1	LOC126862323	3	0	3	GC_23247	3
126862331	1	LOC126862331	1	0	1	GC_3684	2
126862361	1	LOC126862361	5	5	0	GC_6559	2
126862363	1	LOC126862363	3	0	3	GC_2806	2
126862382	1	LOC126862382	1	1	0	GC_27183	2
126862390	1	LOC126862390	2	1	1	GC_1723	2
126862391	1	LOC126862391	2	0	2	GC_9785	2
126862407	1	LOC126862407	1	0	1	GC_170692	2
126862422	1	LOC126862422	2	0	2	GC_23417	3
126862424	1	LOC126862424	1	0	1	GC_161931	3
126862427	1	LOC126862427	3	0	3	GC_9914	3
126862428	1	LOC126862428	1	0	1	GC_57707	2
126862429	1	LOC126862429	2	0	2	GC_83716	2
126862447	1	LOC126862447	4	1	3	GC_2588	5
126862456	1	LOC126862456	1	0	1	GC_55275	3
126862457	1	LOC126862457	2	0	2	GC_55275	3
126862468	1	LOC126862468	1	0	1	GC_246	2
126862479	1	LOC126862479	1	0	1	GC_37	5
126862484	1	LOC126862484	5	0	5	GC_1107	3
126862485	1	LOC126862485	4	0	4	GC_59344	3
126862493	1	LOC126862493	3	0	3	GC_4620	7
126862496	1	LOC126862496	1	0	1	GC_4620	7
126862500	1	LOC126862500	2	0	2	GC_4620	7
126862505	1	LOC126862505	2	0	2	GC_1770	3
126862549	1	LOC126862549	3	2	1	GC_6928	2
126862568	1	LOC126862568	2	0	2	GC_65266	2
126862571	1	LOC126862571	36	0	36	GC_672	2
126862575	1	LOC126862575	1	0	1	GC_9020	3
126862578	1	LOC126862578	2	0	2	GC_4905	5
126862586	1	LOC126862586	14	14	0	GC_1277	2
126862603	1	LOC126862603	1	1	0	GC_6426	2
126862633	1	LOC126862633	1	0	1	GC_201266	2
126862634	1	LOC126862634	2	0	2	GC_9382	4
126862653	1	LOC126862653	1	0	1	GC_8632	6
126862654	1	LOC126862654	3	0	3	GC_8632	6
126862656	1	LOC126862656	2	0	2	GC_8632	6
126862662	1	LOC126862662	1	0	1	GC_6448	5
126862663	1	LOC126862663	1	0	1	GC_57674	3
126862685	1	LOC126862685	3	0	3	GC_284217	2
126862707	1	LOC126862707	2	0	2	GC_3909	2
126862720	1	LOC126862720	7	0	7	GC_1828	4
126862737	1	LOC126862737	1	0	1	GC_57724	3
126862738	1	LOC126862738	1	0	1	GC_498	2
126862798	1	LOC126862798	3	0	3	GC_55628	2
126862841	1	LOC126862841	2	0	2	GC_91039	2
126862848	1	LOC126862848	2	0	2	GC_94025	2
126862859	1	LOC126862859	1	0	1	GC_30000	2
126862860	1	LOC126862860	6	4	2	GC_2639	4
126862864	1	LOC126862864	3	3	0	GC_773	2
126862876	1	LOC126862876	1	0	1	GC_23031	2
126862877	1	LOC126862877	1	0	1	GC_5143	2
126862898	1	LOC126862898	1	0	1	GC_25850	2
126862902	1	LOC126862902	2	0	2	GC_6261	2
126862930	1	LOC126862930	1	0	1	GC_55422	2
126862935	1	LOC126862935	5	0	5	GC_126206	2
126862983	1	LOC126862983	2	0	2	GC_92667	2
126862987	1	LOC126862987	1	0	1	GC_10483	2
126863014	1	LOC126863014	1	0	1	GC_1789	2
126863064	1	LOC126863064	1	0	1	GC_6790	2
126863084	1	LOC126863084	2	0	2	GC_1299	2
126863087	1	LOC126863087	1	0	1	GC_1137	3
126863137	1	LOC126863137	2	0	2	GC_4627	2
126863144	1	LOC126863144	1	0	1	GC_11078	3
126863145	1	LOC126863145	2	0	2	GC_11078	3
126863158	1	LOC126863158	3	0	3	GC_2033	2
126863184	1	LOC126863184	1	0	1	GC_23654	2
126863198	1	LOC126863198	1	0	1	GC_8228	2
126863207	1	LOC126863207	2	0	2	GC_4281	2
126863239	1	LOC126863239	6	0	6	GC_54880	2
126863253	1	LOC126863253	1	0	1	GC_7317	2
126863256	1	LOC126863256	8	4	4	GC_11152	2
126863257	1	LOC126863257	1	1	0	GC_778	2
126863258	1	LOC126863258	3	2	1	GC_1184	2
126863262	1	LOC126863262	1	0	1	GC_10075	2
126863268	1	LOC126863268	1	0	1	GC_11326	2
126863274	1	LOC126863274	2	1	1	GC_3561	2
126863275	1	LOC126863275	4	2	2	GC_9968	2
127407129	1	LOC127407129	2	0	2	GC_222546	2
127739546	1	KYAT1-SPOUT1	4	1	3	GC_883	4
127748585	1	SLC35D2-HSD17B3	17	15	2	GC_3293	2
127814294	1	NDST2-ZSWIM8-AS1	1	0	1	GC_8509	2
127882475	1	IFNAR2-IL10RB	10	0	10	GC_3455	3
127898559	1	SPICE1-CFAP44	9	0	9	GC_55779	3
127898564	1	LOC127898564	2	0	2	GC_9254	2
128092249	1	LOC128092249	1	0	1	GC_5116	2
128706665	1	LOC128706665	1	0	1	GC_8195	3
128706666	1	LOC128706666	1	0	1	GC_8195	3
128772254	1	LOC128772254	8	5	3	GC_1545	2
128772255	1	LOC128772255	2	0	2	GC_841	2
128772390	1	LOC128772390	1	0	1	GC_23250	2
128966623	1	LOC128966623	1	1	0	GC_3187	2
129388446	1	LOC129388446	1	0	1	GC_23095	2
129388665	1	LOC129388665	2	0	2	GC_83872	2
129389056	1	LOC129389056	1	0	1	GC_2803	2
129389218	1	LOC129389218	1	0	1	GC_10941	3
129389274	1	LOC129389274	2	0	2	GC_65250	2
129389388	1	LOC129389388	1	0	1	GC_51520	2
129389544	1	LOC129389544	2	0	2	GC_667	2
129390394	1	LOC129390394	1	0	1	GC_170482	2
129390683	1	LOC129390683	1	1	0	GC_9990	2
129390948	1	LOC129390948	1	0	1	GC_2194	2
129391064	1	LOC129391064	2	2	0	GC_4125	2
129391150	1	LOC129391150	1	0	1	GC_3420	2
129391306	1	LOC129391306	1	0	1	GC_1121	2
129929030	1	LOC129929030	1	0	1	GC_5591	3
129929066	1	LOC129929066	2	0	2	GC_84069	2
129929078	1	LOC129929078	1	0	1	GC_375790	2
129929114	1	LOC129929114	1	0	1	GC_1855	2
129929462	1	LOC129929462	1	0	1	GC_7799	2
129929550	1	LOC129929550	1	0	1	GC_8659	3
129929773	1	LOC129929773	2	2	0	GC_26119	2
129929837	1	LOC129929837	3	0	3	GC_8289	3
129930068	1	LOC129930068	1	1	0	GC_204	2
129930172	1	LOC129930172	1	0	1	GC_3633	2
129930253	1	LOC129930253	1	0	1	GC_10269	2
129930261	1	LOC129930261	1	0	1	GC_1298	2
129930439	1	LOC129930439	1	1	0	GC_84842	3
129930440	1	LOC129930440	1	1	0	GC_84842	3
129930446	1	LOC129930446	2	2	0	GC_25974	2
129930561	1	LOC129930561	1	1	0	GC_1376	2
129930668	1	LOC129930668	1	1	0	GC_5236	2
129930680	1	LOC129930680	1	0	1	GC_3716	2
129930930	1	LOC129930930	2	1	1	GC_2672	2
129930989	1	LOC129930989	1	0	1	GC_199857	2
129930998	1	LOC129930998	1	1	0	GC_1806	2
129931108	1	LOC129931108	1	1	0	GC_2773	2
129931109	1	LOC129931109	1	0	1	GC_271	2
129931354	1	LOC129931354	1	0	1	GC_2330	4
129931410	1	LOC129931410	1	0	1	GC_54507	3
129931597	1	LOC129931597	11	11	0	GC_4000	3
129931648	1	LOC129931648	1	1	0	GC_3645	3
129931761	1	LOC129931761	1	0	1	GC_4720	2
129932155	1	LOC129932155	1	0	1	GC_259266	2
129932405	1	LOC129932405	1	0	1	GC_4179	2
129932486	1	LOC129932486	1	0	1	GC_28982	2
129932529	1	LOC129932529	2	0	2	GC_55699	2
129932634	1	LOC129932634	1	1	0	GC_3020	2
129932672	1	LOC129932672	1	0	1	GC_3707	2
129932732	1	LOC129932732	1	0	1	GC_55746	2
129932761	1	LOC129932761	3	0	3	GC_64801	2
129932767	1	LOC129932767	1	0	1	GC_8443	3
129932811	1	LOC129932811	1	0	1	GC_359948	3
129932812	1	LOC129932812	2	0	2	GC_359948	3
129932912	1	LOC129932912	1	1	0	GC_116228	2
129933155	1	LOC129933155	2	2	0	GC_51594	2
129933186	1	LOC129933186	1	0	1	GC_57539	2
129933535	1	LOC129933535	1	0	1	GC_6654	2
129933770	1	LOC129933770	1	0	1	GC_87178	2
129934069	1	LOC129934069	1	1	0	GC_6697	2
129934096	1	LOC129934096	3	3	0	GC_1716	3
129934128	1	LOC129934128	2	0	2	GC_7841	2
129934236	1	LOC129934236	1	0	1	GC_8869	2
129934277	1	LOC129934277	1	0	1	GC_22934	2
129934333	1	LOC129934333	7	6	1	GC_9391	3
129935068	1	LOC129935068	2	2	0	GC_129880	2
129935172	1	LOC129935172	1	0	1	GC_8540	2
129935183	1	LOC129935183	4	0	4	GC_7273	20
129935184	1	LOC129935184	1	0	1	GC_7273	20
129935185	1	LOC129935185	1	0	1	GC_7273	20
129935191	1	LOC129935191	2	0	2	GC_285025	2
129935214	1	LOC129935214	2	1	1	GC_375298	3
129935215	1	LOC129935215	2	2	0	GC_375298	3
129935461	1	LOC129935461	2	0	2	GC_1493	2
129935594	1	LOC129935594	2	2	0	GC_25953	4
129935625	1	LOC129935625	1	1	0	GC_80326	2
129935658	1	LOC129935658	1	0	1	GC_79586	2
129935704	1	LOC129935704	1	0	1	GC_65080	2
129935730	1	LOC129935730	5	3	2	GC_1285	4
129935998	1	LOC129935998	1	0	1	GC_23178	3
129936029	1	LOC129936029	1	0	1	GC_1841	2
129936031	1	LOC129936031	1	0	1	GC_728294	3
129936032	1	LOC129936032	1	0	1	GC_728294	3
129936056	1	LOC129936056	2	0	2	GC_285362	2
129936244	1	LOC129936244	2	1	1	GC_7508	2
129936375	1	LOC129936375	1	0	1	GC_7155	2
129936390	1	LOC129936390	1	0	1	GC_8320	2
129936434	1	LOC129936434	2	1	1	GC_2720	3
129936436	1	LOC129936436	1	1	0	GC_10491	2
129936904	1	LOC129936904	1	0	1	GC_776	2
129936935	1	LOC129936935	1	0	1	GC_2317	3
129936949	1	LOC129936949	1	0	1	GC_5162	2
129937121	1	LOC129937121	1	0	1	GC_1371	2
129937212	1	LOC129937212	1	0	1	GC_22989	2
129937339	1	LOC129937339	1	0	1	GC_4710	2
129937686	1	LOC129937686	1	0	1	GC_5922	2
129938008	1	LOC129938008	1	1	0	GC_56922	2
129938149	1	LOC129938149	1	0	1	GC_55214	2
129992118	1	LOC129992118	7	0	7	GC_285489	3
129992120	1	LOC129992120	1	0	1	GC_4043	2
129992137	1	LOC129992137	5	0	5	GC_4487	2
129992144	1	LOC129992144	2	2	0	GC_2121	2
129992296	1	LOC129992296	1	0	1	GC_202018	2
129992304	1	LOC129992304	4	4	0	GC_5860	2
129992398	1	LOC129992398	1	0	1	GC_768211	2
129992541	1	LOC129992541	1	0	1	GC_60558	2
129992585	1	LOC129992585	4	4	0	GC_6443	2
129992625	1	LOC129992625	2	0	2	GC_6731	2
129992813	1	LOC129992813	2	0	2	GC_5311	2
129992876	1	LOC129992876	1	1	0	GC_64116	3
129993225	1	LOC129993225	1	0	1	GC_5188	2
129993526	1	LOC129993526	1	0	1	GC_285440	2
129993881	1	LOC129993881	2	2	0	GC_4338	2
129993918	1	LOC129993918	3	0	3	GC_4214	2
129993961	1	LOC129993961	1	0	1	GC_3796	2
129993997	1	LOC129993997	1	0	1	GC_375449	2
129994126	1	LOC129994126	13	12	1	GC_411	2
129994460	1	LOC129994460	1	0	1	GC_3295	2
129994526	1	LOC129994526	1	0	1	GC_6558	2
129994763	1	LOC129994763	1	0	1	GC_51237	2
129994826	1	LOC129994826	1	1	0	GC_5813	2
129994848	1	LOC129994848	1	0	1	GC_3035	2
129994918	1	LOC129994918	1	0	1	GC_2908	2
129994985	1	LOC129994985	1	1	0	GC_6949	2
129995010	1	LOC129995010	1	0	1	GC_11346	2
129995144	1	LOC129995144	1	1	0	GC_54974	2
129995145	1	LOC129995145	1	0	1	GC_134353	2
129995601	1	LOC129995601	2	2	0	GC_2296	2
129995672	1	LOC129995672	1	0	1	GC_10667	4
129995966	1	LOC129995966	1	0	1	GC_6659	2
129995978	1	LOC129995978	6	1	5	GC_2822	3
129996027	1	LOC129996027	1	1	0	GC_8367	2
129996186	1	LOC129996186	1	0	1	GC_221496	2
129996517	1	LOC129996517	2	0	2	GC_9533	5
129996523	1	LOC129996523	1	0	1	GC_54676	2
129996711	1	LOC129996711	1	0	1	GC_56479	3
129996727	1	LOC129996727	3	2	1	GC_26503	2
129996783	1	LOC129996783	1	0	1	GC_23036	2
129996857	1	LOC129996857	1	0	1	GC_29078	2
129996881	1	LOC129996881	2	0	2	GC_59336	2
129997307	1	LOC129997307	1	0	1	GC_10370	2
129997381	1	LOC129997381	3	1	2	GC_7957	3
129997523	1	LOC129997523	2	0	2	GC_57492	5
129997524	1	LOC129997524	1	0	1	GC_57492	5
129997525	1	LOC129997525	2	0	2	GC_57492	5
129998005	1	LOC129998005	3	0	3	GC_729920	3
129998021	1	LOC129998021	5	5	0	GC_7291	2
129998292	1	LOC129998292	2	0	2	GC_8621	2
129998342	1	LOC129998342	1	0	1	GC_5224	3
129998395	1	LOC129998395	1	1	0	GC_83605	2
129998402	1	LOC129998402	1	0	1	GC_107	2
129998502	1	LOC129998502	2	0	2	GC_51142	2
129998603	1	LOC129998603	2	1	1	GC_84277	2
129998676	1	LOC129998676	1	0	1	GC_3092	2
129998728	1	LOC129998728	1	0	1	GC_27445	2
129998756	1	LOC129998756	1	1	0	GC_5244	2
129998760	1	LOC129998760	1	0	1	GC_53616	2
129998788	1	LOC129998788	1	0	1	GC_1595	3
129998793	1	LOC129998793	2	0	2	GC_5189	6
129998796	1	LOC129998796	4	4	0	GC_5189	6
129998797	1	LOC129998797	1	0	1	GC_5189	6
129998933	1	LOC129998933	1	0	1	GC_29992	2
129999056	1	LOC129999056	1	0	1	GC_9512	2
129999273	1	LOC129999273	1	0	1	GC_2318	3
129999303	1	LOC129999303	1	0	1	GC_6608	2
129999675	1	LOC129999675	1	0	1	GC_58508	3
129999735	1	LOC129999735	1	0	1	GC_3110	2
129999940	1	LOC129999940	1	1	0	GC_427	2
129999955	1	LOC129999955	2	0	2	GC_526	2
129999976	1	LOC129999976	1	1	0	GC_649	2
130000170	1	LOC130000170	3	0	3	GC_2936	2
130000523	1	LOC130000523	1	0	1	GC_1392	2
130000622	1	LOC130000622	1	1	0	GC_54332	2
130000784	1	LOC130000784	1	0	1	GC_157657	3
130000832	1	LOC130000832	1	0	1	GC_6674	2
130000896	1	LOC130000896	1	0	1	GC_50484	2
130001012	1	LOC130001012	1	0	1	GC_6873	2
130001237	1	LOC130001237	1	0	1	GC_57623	2
130001338	1	LOC130001338	1	0	1	GC_5339	2
130001367	1	LOC130001367	1	0	1	GC_81858	2
130001411	1	LOC130001411	1	0	1	GC_9401	2
130001468	1	LOC130001468	1	0	1	GC_7436	3
130001628	1	LOC130001628	1	0	1	GC_23586	2
130001681	1	LOC130001681	1	0	1	GC_10280	2
130001683	1	LOC130001683	8	8	0	GC_2592	2
130001862	1	LOC130001862	1	1	0	GC_2395	2
130002059	1	LOC130002059	2	0	2	GC_549	2
130002133	1	LOC130002133	7	0	7	GC_5727	3
130002651	1	LOC130002651	1	1	0	GC_6812	2
130002663	1	LOC130002663	1	0	1	GC_2356	2
130002699	1	LOC130002699	2	0	2	GC_1759	4
130002704	1	LOC130002704	1	0	1	GC_51117	2
130002772	1	LOC130002772	1	0	1	GC_1861	2
130002900	1	LOC130002900	1	0	1	GC_6834	3
130003020	1	LOC130003020	2	0	2	GC_4851	2
130003047	1	LOC130003047	2	0	2	GC_29085	2
130003079	1	LOC130003079	1	0	1	GC_11253	2
130003088	1	LOC130003088	1	0	1	GC_389816	2
130003148	1	LOC130003148	3	0	3	GC_79813	2
130003177	1	LOC130003177	4	0	4	GC_10531	3
130003454	1	LOC130003454	4	0	4	GC_9200	2
130003554	1	LOC130003554	1	0	1	GC_22852	2
130003557	1	LOC130003557	1	0	1	GC_84930	3
130003598	1	LOC130003598	1	0	1	GC_55149	2
130003630	1	LOC130003630	1	1	0	GC_6935	3
130003959	1	LOC130003959	1	0	1	GC_26128	2
130003996	1	LOC130003996	1	0	1	GC_219743	2
130004008	1	LOC130004008	1	0	1	GC_1979	2
130004038	1	LOC130004038	1	0	1	GC_64072	5
130004104	1	LOC130004104	1	0	1	GC_5328	4
130004144	1	LOC130004144	1	1	0	GC_6229	2
130004184	1	LOC130004184	1	0	1	GC_311	2
130004254	1	LOC130004254	1	0	1	GC_2746	4
130004255	1	LOC130004255	1	0	1	GC_2746	4
130004273	1	LOC130004273	1	0	1	GC_5728	4
130004283	1	LOC130004283	1	0	1	GC_55328	3
130004371	1	LOC130004371	1	0	1	GC_340665	2
130004408	1	LOC130004408	6	3	3	GC_26123	2
130004563	1	LOC130004563	3	0	3	GC_6468	2
130004598	1	LOC130004598	1	0	1	GC_4791	2
130004657	1	LOC130004657	1	0	1	GC_9446	2
130004821	1	LOC130004821	1	0	1	GC_340719	2
130005023	1	LOC130005023	3	2	1	GC_1892	2
130005199	1	LOC130005199	1	0	1	GC_23378	2
130005268	1	LOC130005268	1	0	1	GC_23258	2
130005368	1	LOC130005368	4	4	0	GC_22800	2
130005404	1	LOC130005404	1	0	1	GC_11234	2
130005443	1	LOC130005443	1	0	1	GC_2188	3
130005444	1	LOC130005444	1	0	1	GC_2188	3
130005547	1	LOC130005547	1	0	1	GC_8050	4
130005549	1	LOC130005549	2	0	2	GC_8050	4
130005671	1	LOC130005671	1	0	1	GC_53	3
130005685	1	LOC130005685	3	0	3	GC_23279	2
130005904	1	LOC130005904	1	0	1	GC_1351	2
130006030	1	LOC130006030	1	0	1	GC_4054	2
130006036	1	LOC130006036	1	0	1	GC_10534	2
130006094	1	LOC130006094	1	0	1	GC_10992	2
130006099	1	LOC130006099	1	0	1	GC_55690	2
130006336	1	LOC130006336	2	0	2	GC_81570	3
130006411	1	LOC130006411	1	0	1	GC_387787	3
130006577	1	LOC130006577	1	0	1	GC_2915	3
130006596	1	LOC130006596	3	0	3	GC_9440	2
130006599	1	LOC130006599	1	0	1	GC_24145	2
130006765	1	LOC130006765	5	5	0	GC_5805	3
130006884	1	LOC130006884	1	0	1	GC_10525	2
130006953	1	LOC130006953	1	0	1	GC_6653	3
130007006	1	LOC130007006	2	0	2	GC_64221	2
130007128	1	LOC130007128	1	0	1	GC_89944	2
130007243	1	LOC130007243	1	0	1	GC_939	3
130007608	1	LOC130007608	1	0	1	GC_60488	2
130007700	1	LOC130007700	1	1	0	GC_144165	2
130007763	1	LOC130007763	1	0	1	GC_10411	2
130007973	1	LOC130007973	1	1	0	GC_8086	2
130008688	1	LOC130008688	1	0	1	GC_23479	2
130008714	1	LOC130008714	1	0	1	GC_32	2
130008755	1	LOC130008755	1	0	1	GC_79600	2
130009040	1	LOC130009040	1	0	1	GC_56616	3
130009115	1	LOC130009115	1	0	1	GC_2967	2
130009157	1	LOC130009157	1	0	1	GC_949	2
130009240	1	LOC130009240	1	0	1	GC_80324	3
130009266	1	LOC130009266	1	0	1	GC_5426	3
130009448	1	LOC130009448	1	0	1	GC_2322	2
130009460	1	LOC130009460	1	0	1	GC_2321	3
130009539	1	LOC130009539	1	0	1	GC_9365	2
130009574	1	LOC130009574	2	0	2	GC_5994	2
130009662	1	LOC130009662	2	0	2	GC_8600	3
130009747	1	LOC130009747	1	0	1	GC_8803	2
130009752	1	LOC130009752	1	0	1	GC_9445	2
130009954	1	LOC130009954	1	0	1	GC_23483	2
130010127	1	LOC130010127	2	0	2	GC_79587	2
130055324	1	LOC130055324	2	2	0	GC_9056	2
130055403	1	LOC130055403	1	0	1	GC_26277	2
130055420	1	LOC130055420	1	0	1	GC_27141	3
130055602	1	LOC130055602	1	0	1	GC_51199	3
130055692	1	LOC130055692	1	1	0	GC_2643	2
130055736	1	LOC130055736	1	0	1	GC_51339	2
130055850	1	LOC130055850	1	1	0	GC_4149	3
130056217	1	LOC130056217	5	5	0	GC_2581	2
130056226	1	LOC130056226	2	1	1	GC_55812	2
130056502	1	LOC130056502	1	1	0	GC_1778	2
130056709	1	LOC130056709	1	1	0	GC_123606	2
130056830	1	LOC130056830	1	0	1	GC_701	4
130056851	1	LOC130056851	2	0	2	GC_113189	2
130056921	1	LOC130056921	1	1	0	GC_825	3
130056931	1	LOC130056931	3	0	3	GC_146059	2
130056936	1	LOC130056936	1	0	1	GC_197131	2
130057019	1	LOC130057019	1	0	1	GC_2200	4
130057047	1	LOC130057047	1	0	1	GC_84888	2
130057081	1	LOC130057081	1	0	1	GC_10017	2
130057105	1	LOC130057105	1	0	1	GC_9236	5
130057223	1	LOC130057223	2	0	2	GC_114294	2
130057352	1	LOC130057352	5	5	0	GC_4088	2
130057457	1	LOC130057457	2	0	2	GC_4649	2
130057573	1	LOC130057573	1	0	1	GC_9377	2
130057844	1	LOC130057844	1	0	1	GC_11214	2
130057888	1	LOC130057888	3	0	3	GC_55897	3
130057889	1	LOC130057889	4	0	4	GC_55897	3
130058068	1	LOC130058068	1	0	1	GC_22856	2
130058141	1	LOC130058141	2	0	2	GC_64788	3
130058181	1	LOC130058181	1	0	1	GC_4832	2
130058186	1	LOC130058186	2	0	2	GC_65993	3
130058352	1	LOC130058352	1	0	1	GC_1773	3
130058585	1	LOC130058585	1	0	1	GC_23049	2
130058587	1	LOC130058587	1	0	1	GC_10229	2
130058713	1	LOC130058713	1	0	1	GC_50615	3
130058906	1	LOC130058906	2	0	2	GC_79798	2
130059156	1	LOC130059156	1	0	1	GC_7084	2
130059304	1	LOC130059304	2	0	2	GC_64146	3
130059394	1	LOC130059394	4	4	0	GC_79152	2
130059440	1	LOC130059440	2	0	2	GC_79583	2
130059495	1	LOC130059495	2	1	1	GC_2653	2
130059554	1	LOC130059554	3	2	1	GC_23417	3
130059718	1	LOC130059718	2	0	2	GC_84627	3
130059719	1	LOC130059719	2	0	2	GC_84627	3
130059740	1	LOC130059740	1	0	1	GC_4597	2
130059751	1	LOC130059751	1	0	1	GC_9780	4
130059759	1	LOC130059759	1	0	1	GC_81620	2
130059760	1	LOC130059760	1	1	0	GC_353	2
130059762	1	LOC130059762	2	2	0	GC_2588	5
130059794	1	LOC130059794	1	0	1	GC_1013	2
130059818	1	LOC130059818	4	4	0	GC_6687	2
130059837	1	LOC130059837	3	3	0	GC_2175	5
130059874	1	LOC130059874	1	0	1	GC_29	2
130059891	1	LOC130059891	2	0	2	GC_5176	2
130060041	1	LOC130060041	2	1	1	GC_1145	3
130060113	1	LOC130060113	2	0	2	GC_37	5
130060142	1	LOC130060142	1	0	1	GC_254863	3
130060198	1	LOC130060198	1	1	0	GC_59344	3
130060319	1	LOC130060319	1	0	1	GC_201161	2
130060418	1	LOC130060418	1	1	0	GC_51168	2
130060427	1	LOC130060427	1	0	1	GC_7156	2
130060555	1	LOC130060555	1	0	1	GC_9094	2
130060655	1	LOC130060655	1	0	1	GC_2123	7
130060903	1	LOC130060903	8	8	0	GC_4669	2
130060959	1	LOC130060959	1	1	0	GC_92579	2
130060983	1	LOC130060983	1	1	0	GC_3674	2
130060994	1	LOC130060994	2	2	0	GC_2670	2
130061043	1	LOC130061043	4	4	0	GC_3690	5
130061044	1	LOC130061044	2	2	0	GC_3690	5
130061045	1	LOC130061045	3	3	0	GC_3690	5
130061271	1	LOC130061271	1	1	0	GC_54903	2
130061277	1	LOC130061277	1	0	1	GC_9256	3
130061409	1	LOC130061409	1	0	1	GC_6603	2
130061496	1	LOC130061496	1	0	1	GC_2186	2
130061576	1	LOC130061576	1	0	1	GC_9382	4
130061786	1	LOC130061786	3	0	3	GC_11322	5
130061792	1	LOC130061792	1	0	1	GC_11322	5
130061795	1	LOC130061795	1	0	1	GC_11322	5
130061900	1	LOC130061900	5	5	0	GC_6448	5
130061928	1	LOC130061928	1	1	0	GC_284184	2
130061940	1	LOC130061940	1	1	0	GC_71	2
130062319	1	LOC130062319	1	0	1	GC_6875	2
130062568	1	LOC130062568	1	0	1	GC_23327	2
130062607	1	LOC130062607	2	0	2	GC_3998	2
130062899	1	LOC130062899	1	0	1	GC_6794	2
130062903	1	LOC130062903	1	0	1	GC_513	2
130062945	1	LOC130062945	9	7	2	GC_2593	2
130062957	1	LOC130062957	1	0	1	GC_10297	2
130062962	1	LOC130062962	1	1	0	GC_92840	2
130063066	1	LOC130063066	1	0	1	GC_84823	2
130063295	1	LOC130063295	2	1	1	GC_10382	2
130063344	1	LOC130063344	1	0	1	GC_2015	2
130063529	1	LOC130063529	1	0	1	GC_1785	2
130063575	1	LOC130063575	1	0	1	GC_5589	3
130063673	1	LOC130063673	2	0	2	GC_10661	4
130063929	1	LOC130063929	1	0	1	GC_57719	3
130063952	1	LOC130063952	1	0	1	GC_79709	2
130063979	1	LOC130063979	2	0	2	GC_5296	2
130064118	1	LOC130064118	1	0	1	GC_7386	2
130064190	1	LOC130064190	1	1	0	GC_10054	2
130064281	1	LOC130064281	1	0	1	GC_644096	2
130064372	1	LOC130064372	1	0	1	GC_147968	2
130064387	1	LOC130064387	1	0	1	GC_54938	2
130064417	1	LOC130064417	3	0	3	GC_10683	4
130064419	1	LOC130064419	2	1	1	GC_10683	4
130064454	1	LOC130064454	1	0	1	GC_57716	2
130064467	1	LOC130064467	1	0	1	GC_57731	2
130064595	1	LOC130064595	2	2	0	GC_23474	2
130064656	1	LOC130064656	1	0	1	GC_10452	2
130064709	1	LOC130064709	1	1	0	GC_80207	2
130064857	1	LOC130064857	1	1	0	GC_2906	2
130064892	1	LOC130064892	1	1	0	GC_2512	2
130065090	1	LOC130065090	2	0	2	GC_352909	3
130065204	1	LOC130065204	1	0	1	GC_147687	2
130065245	1	LOC130065245	1	0	1	GC_7593	3
130065322	1	LOC130065322	1	0	1	GC_3704	2
130065331	1	LOC130065331	1	0	1	GC_8455	2
130065345	1	LOC130065345	4	0	4	GC_80025	4
130065433	1	LOC130065433	2	2	0	GC_79133	2
130065507	1	LOC130065507	2	2	0	GC_55857	4
130065509	1	LOC130065509	1	0	1	GC_55857	4
130065546	1	LOC130065546	1	0	1	GC_1471	3
130065547	1	LOC130065547	2	0	2	GC_1471	3
130065739	1	LOC130065739	1	0	1	GC_55902	2
130065964	1	LOC130065964	1	1	0	GC_10406	2
130065998	1	LOC130065998	1	0	1	GC_112858	3
130066021	1	LOC130066021	1	0	1	GC_55959	2
130066166	1	LOC130066166	1	1	0	GC_8813	3
130066305	1	LOC130066305	1	0	1	GC_3911	2
130066591	1	LOC130066591	1	0	1	GC_54102	2
130066643	1	LOC130066643	1	0	1	GC_51227	2
130066813	1	LOC130066813	1	0	1	GC_326	2
130066894	1	LOC130066894	1	0	1	GC_23765	2
130066940	1	LOC130066940	2	2	0	GC_55670	2
130066955	1	LOC130066955	1	0	1	GC_64976	2
130066960	1	LOC130066960	1	0	1	GC_10587	2
130067340	1	LOC130067340	1	0	1	GC_79734	2
130067862	1	LOC130067862	5	2	3	GC_1890	5
130067864	1	LOC130067864	1	1	0	GC_1890	5
130068098	1	LOC130068098	1	0	1	GC_6103	2
130068183	1	LOC130068183	1	0	1	GC_7403	2
130068202	1	LOC130068202	2	2	0	GC_6102	2
130068208	1	LOC130068208	1	0	1	GC_8241	3
130068449	1	LOC130068449	1	0	1	GC_22	2
130068496	1	LOC130068496	1	0	1	GC_695	2
130068621	1	LOC130068621	1	0	1	GC_4694	2
130068679	1	LOC130068679	1	0	1	GC_9131	3
130068746	1	LOC130068746	1	0	1	GC_10479	2
130068781	1	LOC130068781	3	1	2	GC_3423	3
130068825	1	LOC130068825	1	0	1	GC_92002	2
130068842	1	LOC130068842	2	0	2	GC_3054	2
130068854	1	LOC130068854	5	4	1	GC_4204	2
130068869	1	LOC130068869	1	1	0	GC_1774	3
130068876	1	LOC130068876	1	0	1	GC_8270	2
132088835	1	LOC132088835	1	0	1	GC_23178	3
132089193	1	LOC132089193	2	0	2	GC_2196	3
132089326	1	LOC132089326	1	0	1	GC_221322	2
132089394	1	LOC132089394	1	1	0	GC_55362	2
132089773	1	LOC132089773	2	0	2	GC_55130	3
132090059	1	LOC132090059	2	1	1	GC_80324	3
132090352	1	LOC132090352	2	0	2	GC_57188	2
132090450	1	LOC132090450	1	1	0	GC_2175	5
132090595	1	LOC132090595	1	0	1	GC_1917	2
132090718	1	LOC132090718	2	0	2	GC_2195	5
133039968	1	POC1B-DUSP6	8	1	7	GC_1848	5
133039973	1	LYPLA1-TCEA1	1	0	1	GC_10434	2
133834869	1	MLDHR	1	0	1	GC_5728	4
134826889	1	SPESP1-NOX5	1	0	1	GC_79400	2
138842258	1	LALTOP	10	6	4	GC_7173	2
138842265	1	DMP1-AS1	42	2	40	GC_1758	3
139225793	1	LNCROPM	4	0	4	GC_25923	2
139281654	1	CDH2-AS1	2	0	2	GC_1000	2
139355198	1	LRRC32-AS1	1	0	1	GC_2615	2
139355228	1	DNAH5-AS1	18	0	18	GC_1767	4
139355230	1	FCRL3-AS1	2	0	2	GC_115352	2
139355233	1	CHD4-AS1	4	1	3	GC_1108	2
140577507	1	CFTR-AS2	48	48	0	GC_1080	6
140577509	1	FOLR1-AS1	2	1	1	GC_2348	2
147380392	1	LOC147380392	1	0	1	GC_51082	2
